English,Español,Where
Music,Música,scripts/autoload/AudioManager.gd:129
SFX,Efectos,scripts/autoload/AudioManager.gd:147
Voice,Voz,scripts/autoload/AudioManager.gd:151
A %s blocks the way (%d HP).,Un %s bloquea el paso (%d PV).,scripts/autoload/Combat.gd:51
%d foes block the way: %s.,%d enemigos bloquean el paso: %s.,scripts/autoload/Combat.gd:56
An opening volley lands for %d!,¡Una andanada inicial causa %d!,scripts/autoload/Combat.gd:71
%s: %s (shielded),%s: %s (con escudo),scripts/autoload/Combat.gd:82
"The party's Resolve is broken: foes strike first, and the heroes fight without Momentum.",El Temple del grupo está quebrado: los enemigos atacan primero y los héroes luchan sin Ímpetu.,scripts/autoload/Combat.gd:95
The party is wavering: foes strike first.,El grupo vacila: los enemigos atacan primero.,scripts/autoload/Combat.gd:97
"A %s tags along, hoping to survive the crossing.","Un %s se une, con la esperanza de sobrevivir a la travesía.",scripts/autoload/Combat.gd:113
Comes with a subclass,Incluye una subclase,scripts/autoload/Combat.gd:171
Not learned yet,Aún no aprendido,scripts/autoload/Combat.gd:173
%s row only,Solo fila %s,scripts/autoload/Combat.gd:176
Needs %d Momentum,Requiere %d de Ímpetu,scripts/autoload/Combat.gd:179
Warded — dodge won't help this round.,Con barrera: esquivar no servirá esta ronda.,scripts/autoload/Combat.gd:211
Enraged — retaliation is empowered this round.,Enfurecido: su represalia es más fuerte esta ronda.,scripts/autoload/Combat.gd:214
Regenerating — it will heal after this exchange.,Regenerándose: se curará tras este intercambio.,scripts/autoload/Combat.gd:216
Frenzied — its blows already hit harder.,Frenético: sus golpes ya pegan más fuerte.,scripts/autoload/Combat.gd:218
%s is close to %d%% health: %s.,%s está cerca del %d%% de salud: %s.,scripts/autoload/Combat.gd:225
"At half health, ","A media salud, ",scripts/autoload/Combat.gd:225
At half health ,A media salud ,scripts/autoload/Combat.gd:225
A heavy blow is coming — consider Defending.,Se acerca un golpe fuerte: considera Defender.,scripts/autoload/Combat.gd:246
Damage is stacking — every attack counts more now.,El daño se acumula: cada ataque cuenta más ahora.,scripts/autoload/Combat.gd:248
%s shakes off the stun.,%s se sacude el aturdimiento.,scripts/autoload/Combat.gd:430
The Gambler's Gold shines bright — damage is doubled this round!,¡El Oro del Jugador brilla: el daño se duplica esta ronda!,scripts/autoload/Combat.gd:525
The Gambler's Gold shows its dark face — damage is halved this round.,El Oro del Jugador muestra su cara oscura: el daño se reduce a la mitad esta ronda.,scripts/autoload/Combat.gd:528
%s's armor turns aside %d.,La armadura de %s desvía %d.,scripts/autoload/Combat.gd:752
%s's ward absorbs %d damage.,La barrera de %s absorbe %d de daño.,scripts/autoload/Combat.gd:759
%s strikes %s for %d.,%s golpea a %s por %d.,scripts/autoload/Combat.gd:761
%s's surface reflects %d damage back at %s.,La superficie de %s devuelve %d de daño a %s.,scripts/autoload/Combat.gd:766
%s uses %s!,¡%s usa %s!,scripts/autoload/Combat.gd:2498
%s is stunned!,¡%s queda aturdido!,scripts/autoload/Combat.gd:1082
%s's wind-up is broken!,¡La carga de %s se rompe!,scripts/autoload/Combat.gd:843
%s shrugs off the stun: a boss only loses a wind-up.,%s ignora el aturdimiento: un jefe solo pierde una carga.,scripts/autoload/Combat.gd:845
Every foe turns on %s.,Todos los enemigos se vuelven contra %s.,scripts/autoload/Combat.gd:849
%s is healed for %d.,%s se cura %d.,scripts/autoload/Combat.gd:874
A sanctuary shelters the party.,Un santuario protege al grupo.,scripts/autoload/Combat.gd:881
Smoke fills the field — the party is hard to hit.,El humo llena el campo: es difícil golpear al grupo.,scripts/autoload/Combat.gd:884
%s moves to the %s row.,%s pasa a la fila %s.,scripts/autoload/Combat.gd:928
%s gives %s a Healing Tonic: +%d HP.,%s le da a %s un Tónico Curativo: +%d PV.,scripts/autoload/Combat.gd:941
%s gives %s an Iron Tonic: a %d ward.,%s le da a %s un Tónico de Hierro: barrera de %d.,scripts/autoload/Combat.gd:946
%s drinks a Focus Tonic: +%d Momentum.,%s bebe un Tónico de Enfoque: +%d de Ímpetu.,scripts/autoload/Combat.gd:949
%s moves to guard %s.,%s se mueve para proteger a %s.,scripts/autoload/Combat.gd:958
%s calls on %s: %s!,%s invoca a %s: ¡%s!,scripts/autoload/Combat.gd:984
%s uses %s%s!,¡%s usa %s%s!,scripts/autoload/Combat.gd:986
The party mends.,El grupo se recupera.,scripts/autoload/Combat.gd:994
The enemies' strength is sapped.,La fuerza de los enemigos se debilita.,scripts/autoload/Combat.gd:998
A burst lands on %s for %d!,¡Una ráfaga alcanza a %s por %d!,scripts/autoload/Combat.gd:1006
A wave of damage sweeps every foe.,Una oleada de daño arrasa a todos los enemigos.,scripts/autoload/Combat.gd:1012
A finishing blow strikes %s for %d!,¡Un golpe final alcanza a %s por %d!,scripts/autoload/Combat.gd:1019
%s is shielded for %d.,%s recibe un escudo de %d.,scripts/autoload/Combat.gd:1023
+7 Momentum.,+7 de Ímpetu.,scripts/autoload/Combat.gd:1026
The party moves lighter on its feet.,El grupo se mueve con más ligereza.,scripts/autoload/Combat.gd:1029
Every attack counts for more now.,Cada ataque cuenta más ahora.,scripts/autoload/Combat.gd:1032
The party stands ready to strike back.,El grupo está listo para contraatacar.,scripts/autoload/Combat.gd:1035
The party braces against disaster.,El grupo se prepara ante el desastre.,scripts/autoload/Combat.gd:1038
%s sacrifices %d HP for a burst on %s for %d!,¡%s sacrifica %d PV para lanzar una ráfaga a %s por %d!,scripts/autoload/Combat.gd:1046
"%s is crippled, dealing far less damage.",%s queda lisiado y causa mucho menos daño.,scripts/autoload/Combat.gd:1051
The whole party is shielded.,Todo el grupo recibe un escudo.,scripts/autoload/Combat.gd:1056
Every wounded foe is finished off.,Todos los enemigos heridos son rematados.,scripts/autoload/Combat.gd:1064
%s is staggered — its wind-up breaks!,¡%s se tambalea y su carga se rompe!,scripts/autoload/Combat.gd:1080
%s is frozen solid!,¡%s queda congelado!,scripts/autoload/Combat.gd:1089
%s is finished off!,¡%s es rematado!,scripts/autoload/Combat.gd:1093
%s's defences shatter.,Las defensas de %s se hacen añicos.,scripts/autoload/Combat.gd:1101
%s is marked.,%s queda marcado.,scripts/autoload/Combat.gd:1104
Every foe is set ablaze.,Todos los enemigos arden en llamas.,scripts/autoload/Combat.gd:1113
Lightning leaps between the foes.,Un rayo salta entre los enemigos.,scripts/autoload/Combat.gd:1124
Every ward and plate is torn away.,Todas las barreras y placas son arrancadas.,scripts/autoload/Combat.gd:1131
%s stands ready to answer every blow.,%s está listo para responder a cada golpe.,scripts/autoload/Combat.gd:1134
%s plants their feet — every foe turns on them.,%s se planta firme: todos los enemigos van a por él.,scripts/autoload/Combat.gd:1140
%s will not fall this round.,%s no caerá esta ronda.,scripts/autoload/Combat.gd:1143
%s is raised back to their feet!,¡%s vuelve a ponerse en pie!,scripts/autoload/Combat.gd:1151
%s is mended.,%s se recupera.,scripts/autoload/Combat.gd:1158
A cleansing light washes over the party.,Una luz purificadora baña al grupo.,scripts/autoload/Combat.gd:1164
The front row locks shields.,La fila delantera cierra los escudos.,scripts/autoload/Combat.gd:1170
The party slips out of reach.,El grupo se pone fuera de alcance.,scripts/autoload/Combat.gd:1173
A snare is set.,Se tiende una trampa.,scripts/autoload/Combat.gd:1176
Every wound the party deals now feeds it.,Cada herida que causa el grupo ahora lo alimenta.,scripts/autoload/Combat.gd:1179
"%s pays in blood: +3 Momentum, and the party hits harder.",%s paga con sangre: +3 de Ímpetu y el grupo golpea más fuerte.,scripts/autoload/Combat.gd:1184
"%s drains %d from %s, healing %d!",¡%s drena %d de %s y se cura %d!,scripts/autoload/Combat.gd:1192
%s is mended and shielded.,%s se recupera y recibe un escudo.,scripts/autoload/Combat.gd:1203
%s is frozen in time by the Stopped Clock.,%s queda congelado en el tiempo por el Reloj Detenido.,scripts/autoload/Combat.gd:1261
The %s strikes %s for %d!,¡El %s golpea a %s por %d!,scripts/autoload/Combat.gd:1267
%s doesn't survive the fight.,%s no sobrevive al combate.,scripts/autoload/Combat.gd:1269
%s is stunned and loses its action.,%s queda aturdido y pierde su acción.,scripts/autoload/Combat.gd:1279
%s gathers its strength — a heavy blow is coming!,%s reúne fuerzas: ¡se acerca un golpe fuerte!,scripts/autoload/Combat.gd:1284
%s wards %s for %d.,%s da a %s una barrera de %d.,scripts/autoload/Combat.gd:1305
%s mends %s for %d.,%s cura a %s por %d.,scripts/autoload/Combat.gd:1310
%s roars — every foe hits harder!,%s ruge: ¡todos los enemigos golpean más fuerte!,scripts/autoload/Combat.gd:1318
%s curses %s: %d%% less damage for %d rounds.,%s maldice a %s: %d%% menos de daño durante %d rondas.,scripts/autoload/Combat.gd:1325
%s sweeps the whole party!,¡%s barre a todo el grupo!,scripts/autoload/Combat.gd:1328
%s reaps the whole party!,¡%s siega a todo el grupo!,scripts/autoload/Combat.gd:1334
%s drinks in the harvest (+%d).,%s se nutre de la cosecha (+%d).,scripts/autoload/Combat.gd:1346
%s calls the Drowning Tide!,¡%s invoca la Marea Ahogadora!,scripts/autoload/Combat.gd:1350
%s sets the party ablaze!,¡%s prende fuego al grupo!,scripts/autoload/Combat.gd:1359
%s sunders the front line!,¡%s destroza la primera línea!,scripts/autoload/Combat.gd:1370
%s brands %s: they take %d%% more damage for %d rounds.,%s marca a %s: recibe un %d%% más de daño durante %d rondas.,scripts/autoload/Combat.gd:1381
"%s springs the snare: %d damage, and its attack is lost!","%s activa la trampa: %d de daño, ¡y pierde su ataque!",scripts/autoload/Combat.gd:1406
%s takes the blow meant for %s!,¡%s recibe el golpe dirigido a %s!,scripts/autoload/Combat.gd:1427
%s saw it coming and slips the blow!,¡%s lo vio venir y esquiva el golpe!,scripts/autoload/Combat.gd:1464
%s evades %s's retaliation!,¡%s evade la represalia de %s!,scripts/autoload/Combat.gd:1467
%s's shield absorbs %d damage.,El escudo de %s absorbe %d de daño.,scripts/autoload/Combat.gd:1486
Last Stand! %s clings to life with %d HP.,¡Última Resistencia! %s se aferra a la vida con %d PV.,scripts/autoload/Combat.gd:1496
The %s hits %s for %d.,El %s golpea a %s por %d.,scripts/autoload/Combat.gd:1499
%s is stunned by the blow!,¡%s queda aturdido por el golpe!,scripts/autoload/Combat.gd:1506
%s is set ablaze!,¡%s arde en llamas!,scripts/autoload/Combat.gd:1512
%s is chilled — they'll act late next round.,%s queda helado: actuará tarde la próxima ronda.,scripts/autoload/Combat.gd:1515
%s is poisoned!,¡%s está envenenado!,scripts/autoload/Combat.gd:1518
%s drains %d HP from the blow.,%s drena %d PV con el golpe.,scripts/autoload/Combat.gd:1522
%s is knocked out!,¡%s queda fuera de combate!,scripts/autoload/Combat.gd:1524
"%s ripostes, striking %s for %d!",¡%s contraataca y golpea a %s por %d!,scripts/autoload/Combat.gd:1530
Down one of its company first,Abate antes a uno de sus acompañantes,scripts/autoload/Combat.gd:1574
The fight names which one when it starts.,El combate indica cuál al empezar.,scripts/autoload/Combat.gd:1574
"If it fights alone, another Feat takes its place.","Si lucha solo, otra Hazaña ocupa su lugar.",scripts/autoload/Combat.gd:1576
Underpowered: party power %d vs %d recommended,Débil: poder del grupo %d frente a %d recomendado,scripts/autoload/Combat.gd:1665
%d heavy blow%s landed undefended (%d damage),%d embate%s sin defender (%d de daño),scripts/autoload/Combat.gd:1669
Burn and poison did %d damage (%d%% of the total),Quemadura y veneno causaron %d de daño (%d%% del total),scripts/autoload/Combat.gd:1674
Your foes healed %d HP,Tus enemigos curaron %d PV,scripts/autoload/Combat.gd:1681
The party started the fight at %d%% HP,El grupo empezó el combate con el %d%% de PV,scripts/autoload/Combat.gd:1685
No Abilities were used,No se usó ninguna Habilidad,scripts/autoload/Combat.gd:1688
%s fell in the front row,%s cayó en la fila delantera,scripts/autoload/Combat.gd:1692
No healer in a long fight,Sin sanador en un combate largo,scripts/autoload/Combat.gd:1695
%s regenerates %d HP.,%s regenera %d PV.,scripts/autoload/Combat.gd:1717
%s burns for %d.,%s arde por %d.,scripts/autoload/Combat.gd:1727
%s suffers %d poison damage.,%s sufre %d de daño por veneno.,scripts/autoload/Combat.gd:1760
The party mends its wounds.,El grupo cura sus heridas.,scripts/autoload/Combat.gd:1781
The %s falls!,¡El %s cae!,scripts/autoload/Combat.gd:1794
All foes defeated!,¡Todos los enemigos derrotados!,scripts/autoload/Combat.gd:1794
The Phoenix Feather flares — the party rises from the ashes!,La Pluma de Fénix arde: ¡el grupo renace de las cenizas!,scripts/autoload/Combat.gd:1806
Rally! The guild's order rings out: the party moves first and hits 30% harder this round.,¡Reagrupación! Resuena la orden del gremio: el grupo actúa primero y golpea un 30% más fuerte esta ronda.,scripts/autoload/Combat.gd:1830
%s is stunned and loses the turn.,%s queda aturdido y pierde el turno.,scripts/autoload/Combat.gd:1863
The party withdraws from the fight.,El grupo se retira del combate.,scripts/autoload/Combat.gd:1915
Your party is overwhelmed...,Tu grupo ha sido arrollado...,scripts/autoload/Combat.gd:1924
%s is left with a lasting scar: %s.,%s queda con una cicatriz duradera: %s.,scripts/autoload/Combat.gd:1939
Ward Weave,Tejido de Barrera,scripts/autoload/Combat.gd:2134
Prophecy: %s saw %s's blow before it began.,Profecía: %s vio el golpe de %s antes de que empezara.,scripts/autoload/Combat.gd:2157
Prophecy,Profecía,scripts/autoload/Combat.gd:2158
Lightning strikes %s for %d.,Un rayo alcanza a %s por %d.,scripts/autoload/Combat.gd:2162
%s lets the held shot fly!,¡%s suelta el disparo contenido!,scripts/autoload/Combat.gd:2177
%s steps in %s's snare (%d) and will act last.,%s pisa la trampa de %s (%d) y actuará último.,scripts/autoload/Combat.gd:2196
Killing Ground! Every snared foe takes 30% more damage.,¡Campo de Muerte! Cada enemigo atrapado recibe un 30% más de daño.,scripts/autoload/Combat.gd:2209
Killing Ground,Campo de Muerte,scripts/autoload/Combat.gd:2210
%s's blow cleaves through every foe!,¡El golpe de %s atraviesa a todos los enemigos!,scripts/autoload/Combat.gd:2304
%s finds Perfect Form: they act twice next round!,%s alcanza la Forma Perfecta: ¡actúa dos veces la próxima ronda!,scripts/autoload/Combat.gd:2324
Perfect Form,Forma Perfecta,scripts/autoload/Combat.gd:2325
%s's called shot breaks %s's wind-up!,¡El disparo anunciado de %s rompe la carga de %s!,scripts/autoload/Combat.gd:2331
%s breaks %s's wind-up!,¡%s rompe la carga de %s!,scripts/autoload/Combat.gd:2366
The Quiet Coin: +%d Resolve.,La Moneda Silenciosa: +%d de Temple.,scripts/autoload/Combat.gd:2402
Deathmark! %s strikes again.,¡Marca Mortal! %s vuelve a golpear.,scripts/autoload/Combat.gd:2412
Deathmark,Marca Mortal,scripts/autoload/Combat.gd:2413
The fire spreads from the fallen foe.,El fuego se propaga desde el enemigo caído.,scripts/autoload/Combat.gd:2420
Judgment! Holy light strikes every foe and mends the party.,¡Juicio! La luz sagrada golpea a todos los enemigos y cura al grupo.,scripts/autoload/Combat.gd:2440
Judgment,Juicio,scripts/autoload/Combat.gd:2441
Inferno! Every foe is left burning.,¡Infierno! Todos los enemigos quedan ardiendo.,scripts/autoload/Combat.gd:2484
Inferno,Infierno,scripts/autoload/Combat.gd:2485
%s's heat detonates!,¡El calor de %s detona!,scripts/autoload/Combat.gd:2487
Detonate!,¡Detonar!,scripts/autoload/Combat.gd:2488
%s holds their breath.,%s contiene la respiración.,scripts/autoload/Combat.gd:2526
%s twists %s's fate.,%s tuerce el destino de %s.,scripts/autoload/Combat.gd:2553
%s is consecrated: no harm this round.,%s queda consagrado: ningún daño esta ronda.,scripts/autoload/Combat.gd:2573
%s's smite finishes %s.,El castigo de %s remata a %s.,scripts/autoload/Combat.gd:2583
Foresight: the party saw %s's blow coming and it comes to nothing.,Previsión: el grupo vio venir el golpe de %s y queda en nada.,scripts/autoload/Combat.gd:2683
Foresight,Previsión,scripts/autoload/Combat.gd:2685
%s takes %d of the blow meant for %s.,%s recibe %d del golpe dirigido a %s.,scripts/autoload/Combat.gd:2709
Last Wall! %s throws themself in front of %s.,¡Último Muro! %s se lanza delante de %s.,scripts/autoload/Combat.gd:2736
Last Wall,Último Muro,scripts/autoload/Combat.gd:2737
%s dodges and jabs back for %d.,%s esquiva y responde con un golpe de %d.,scripts/autoload/Combat.gd:2753
%s is untouchable!,¡%s es intocable!,scripts/autoload/Combat.gd:2765
Untouchable,Intocable,scripts/autoload/Combat.gd:2766
%s counters %s for %d.,%s contraataca a %s por %d.,scripts/autoload/Combat.gd:2778
%s vanishes!,¡%s se desvanece!,scripts/autoload/Combat.gd:2786
Vanish,Desvanecerse,scripts/autoload/Combat.gd:2787
Red Mist! %s's attacks hit every foe.,¡Niebla Roja! Los ataques de %s alcanzan a todos los enemigos.,scripts/autoload/Combat.gd:2799
Red Mist,Niebla Roja,scripts/autoload/Combat.gd:2800
Second Wind! %s gets back up swinging.,¡Segundo Aliento! %s se levanta golpeando.,scripts/autoload/Combat.gd:2805
Second Wind,Segundo Aliento,scripts/autoload/Combat.gd:2806
Hallowed Ground! Damage to the party is halved.,¡Tierra Sagrada! El daño al grupo se reduce a la mitad.,scripts/autoload/Combat.gd:2818
Hallowed Ground,Tierra Sagrada,scripts/autoload/Combat.gd:2819
Miracle! %s rises again.,¡Milagro! %s se levanta de nuevo.,scripts/autoload/Combat.gd:2826
Miracle,Milagro,scripts/autoload/Combat.gd:2827
The Grim Conjurer pulls %s back from the dark.,El Conjurador Sombrío rescata a %s de la oscuridad.,scripts/autoload/Combat.gd:2835
Resonance: %s ×%d,Resonancia: %s ×%d,scripts/autoload/Combat.gd:2959
The ward reflects %d back at %s.,La barrera devuelve %d a %s.,scripts/autoload/Combat.gd:2981
Mirror Ward! Every ward reflects damage for 2 rounds.,¡Barrera Espejo! Cada barrera refleja daño durante 2 rondas.,scripts/autoload/Combat.gd:2990
Mirror Ward,Barrera Espejo,scripts/autoload/Combat.gd:2991
%s's wind-up shatters on the ward.,La carga de %s se rompe contra la barrera.,scripts/autoload/Combat.gd:2997
Save restored,Partida restaurada,scripts/autoload/GameState.gd:170
"Your last save was damaged, so the one just before it was loaded.","Tu última partida guardada estaba dañada, así que se cargó la anterior.",scripts/autoload/GameState.gd:171
Heroes have attributes now,Los héroes ahora tienen atributos,scripts/autoload/GameState.gd:189
"Might, Agility and Focus — each hero has points from their past levels to spend (Roster > Hero).","Fuerza, Agilidad y Enfoque: cada héroe tiene puntos de sus niveles anteriores para gastar (Plantilla > Héroe).",scripts/autoload/GameState.gd:190
Heroes have Paths now,Los héroes ahora tienen Sendas,scripts/autoload/GameState.gd:201
"Every rank is levels 1-10 now; evolve at 10. Subclasses are trained at the Training Yard at Ranks D, B and S, and your heroes keep the ones they have. Skill points were refunded to spend again.","Cada rango abarca ahora los niveles 1-10; evoluciona en el 10. Las subclases se entrenan en el Patio de Entrenamiento en los Rangos D, B y S, y tus héroes conservan las que ya tienen. Se devolvieron los puntos de habilidad para gastarlos de nuevo.",scripts/autoload/GameState.gd:202
Guild Management rebuilt,Gestión del gremio renovada,scripts/autoload/GameState.gd:249
Upgrades are fewer and much stronger now. %d Essence spent on the old tree were refunded.,Ahora hay menos mejoras y son mucho más fuertes. Se devolvió la Esencia gastada en el árbol antiguo (%d).,scripts/autoload/GameState.gd:250
Champions have changed,Los campeones han cambiado,scripts/autoload/GameState.gd:320
"Champions are no longer hired: they're freed by the story and rescued in the Endless Rift, and oversee your rift runs. Champions you hired stay on as heroes.","Los campeones ya no se contratan: la historia los libera, se rescatan en la Grieta Infinita y supervisan tus incursiones. Los campeones que contrataste se quedan como héroes.",scripts/autoload/GameState.gd:321
The Endless Rift has changed,La Grieta Infinita ha cambiado,scripts/autoload/GameState.gd:381
Your Endless run was closed: it's a real-time survival run now (Rift Hall).,Tu incursión Infinita se cerró: ahora es de supervivencia en tiempo real (Sala de Grietas).,scripts/autoload/GameState.gd:382
Only inside a rift,Solo dentro de una grieta,scripts/autoload/GameState.gd:489
The Tower is a trial: no orders,La Torre es una prueba: sin órdenes,scripts/autoload/GameState.gd:491
Not unlocked,No desbloqueado,scripts/autoload/GameState.gd:493
No orders left this rift,No quedan órdenes en esta grieta,scripts/autoload/GameState.gd:495
Not during a fight,No durante un combate,scripts/autoload/GameState.gd:501
Everyone is at full HP,Todos tienen los PV al máximo,scripts/autoload/GameState.gd:503
Only during a fight,Solo durante un combate,scripts/autoload/GameState.gd:506
Only when choosing a fight's loot,Solo al elegir el botín de un combate,scripts/autoload/GameState.gd:510
Only when choosing a path,Solo al elegir un camino,scripts/autoload/GameState.gd:513
Not built yet,Aún no construido,scripts/autoload/combat/CombatEffects.gd:37
+%d hero slots,+%d espacios de héroe,scripts/autoload/combat/CombatEffects.gd:39
-%d%% recovery time · %d bed%s,-%d%% tiempo de recuperación · %d cama%s,scripts/autoload/combat/CombatEffects.gd:40
+%d%% party damage and max HP,+%d%% daño y PV máx. del grupo,scripts/autoload/combat/CombatEffects.gd:41
+%d%% Essence from fights,+%d%% Esencia de combates,scripts/autoload/combat/CombatEffects.gd:42
-%d%% hazard damage · +%d%% Essence for sealing,-%d%% daño de peligros · +%d%% Esencia al sellar,scripts/autoload/combat/CombatEffects.gd:43
-%d%% shop prices · -%d%% auction fees · +%d%% Rift Cache chance,-%d%% precios de tienda · -%d%% comisión de subasta · +%d%% prob. de Alijo de Grieta,scripts/autoload/combat/CombatEffects.gd:44
%d recruit offers,%d ofertas de reclutas,scripts/autoload/combat/CombatEffects.gd:45
%d starting relic choices · %d relic slots,%d opciones de reliquia inicial · %d espacios de reliquia,scripts/autoload/combat/CombatEffects.gd:48
+%d%% element-set bonuses,+%d%% bonificaciones de conjunto elemental,scripts/autoload/combat/CombatEffects.gd:49
+%d%% tower damage,+%d%% daño de torres,scripts/autoload/combat/CombatEffects.gd:50
-%d%% tower costs,-%d%% coste de torres,scripts/autoload/combat/CombatEffects.gd:51
+%d integrity · +%d starting supplies,+%d integridad · +%d suministros iniciales,scripts/autoload/combat/CombatEffects.gd:52
posted heroes +%d%% max HP,héroes apostados +%d%% PV máx.,scripts/autoload/combat/CombatEffects.gd:53
%s's %s finds the killing blow!,¡%s: su %s asesta el golpe de gracia!,scripts/autoload/combat/CombatEffects.gd:294
%s drains %d HP from the strike.,%s drena %d PV con el ataque.,scripts/autoload/combat/CombatEffects.gd:299
+%d HP,+%d PV,scripts/autoload/combat/CombatEffects.gd:300
The %s shields %s for %d.,El %s da a %s un escudo de %d.,scripts/autoload/combat/CombatEffects.gd:304
Shield +%d,Escudo +%d,scripts/autoload/combat/CombatEffects.gd:305
"%s counters, striking %s for %d!",¡%s contraataca y golpea a %s por %d!,scripts/autoload/combat/CombatEffects.gd:311
The %s hums — +1 Momentum!,El %s vibra: ¡+1 de Ímpetu!,scripts/autoload/combat/CombatEffects.gd:316
%s's %s — they act again!,%s y su %s: ¡actúa otra vez!,scripts/autoload/combat/CombatEffects.gd:324
%s steps in front of the blow meant for %s!,¡%s se interpone ante el golpe dirigido a %s!,scripts/autoload/combat/CombatEffects.gd:330
%s's %s blunts %s's strength.,%s: su %s mengua la fuerza de %s.,scripts/autoload/combat/CombatEffects.gd:335
The %s mends the party.,El %s cura al grupo.,scripts/autoload/combat/CombatEffects.gd:341
The %s strikes every foe for %d!,¡El %s golpea a todos los enemigos por %d!,scripts/autoload/combat/CombatEffects.gd:348
The %s shields the party.,El %s da un escudo al grupo.,scripts/autoload/combat/CombatEffects.gd:355
Up to %s as HP drops,Hasta %s según bajan los PV,scripts/autoload/combat/CombatEffects.gd:377
%s per Speed above 10,%s por punto de Velocidad sobre 10,scripts/autoload/combat/CombatEffects.gd:378
finish foes left below %s HP,remata a enemigos con menos de %s PV,scripts/autoload/combat/CombatEffects.gd:382
heal for %s of damage dealt,cura un %s del daño causado,scripts/autoload/combat/CombatEffects.gd:383
shield the lowest-HP ally for %s of their max HP,da al aliado con menos PV un escudo del %s de sus PV máx.,scripts/autoload/combat/CombatEffects.gd:384
%s chance to counter-attack,%s de prob. de contraatacar,scripts/autoload/combat/CombatEffects.gd:385
%s chance to gain 1 Momentum,%s de prob. de ganar 1 de Ímpetu,scripts/autoload/combat/CombatEffects.gd:386
act again (once per round),actúa otra vez (una vez por ronda),scripts/autoload/combat/CombatEffects.gd:387
%s chance your healthiest hero takes the hit for an ally below half HP,%s de prob. de que tu héroe más sano reciba el golpe por un aliado con menos de la mitad de PV,scripts/autoload/combat/CombatEffects.gd:388
%s chance this hero takes the hit for an ally below half HP,%s de prob. de que este héroe reciba el golpe por un aliado con menos de la mitad de PV,scripts/autoload/combat/CombatEffects.gd:388
cut the attacker's damage by %s,reduce el daño del atacante un %s,scripts/autoload/combat/CombatEffects.gd:389
mend every ally for %s of their max HP,cura a cada aliado un %s de sus PV máx.,scripts/autoload/combat/CombatEffects.gd:390
strike every foe for %s of the party's damage,golpea a todos los enemigos con un %s del daño del grupo,scripts/autoload/combat/CombatEffects.gd:391
shield every ally for %s of their max HP,da a cada aliado un escudo del %s de sus PV máx.,scripts/autoload/combat/CombatEffects.gd:392
in round 1,en la ronda 1,scripts/autoload/combat/CombatEffects.gd:407
in the first %d rounds,en las primeras %d rondas,scripts/autoload/combat/CombatEffects.gd:407
from round %d on,desde la ronda %d,scripts/autoload/combat/CombatEffects.gd:408
while above %s HP,con más de %s PV,scripts/autoload/combat/CombatEffects.gd:409
while below %s HP,con menos de %s PV,scripts/autoload/combat/CombatEffects.gd:410
against bosses,contra jefes,scripts/autoload/combat/CombatEffects.gd:411
outside boss fights,fuera de combates contra jefes,scripts/autoload/combat/CombatEffects.gd:411
in the %s row,en la fila %s,scripts/autoload/combat/CombatEffects.gd:412
vs foes below %s HP,contra enemigos con menos de %s PV,scripts/autoload/combat/CombatEffects.gd:413
while an ally is below %s HP,si un aliado tiene menos de %s PV,scripts/autoload/combat/CombatEffects.gd:414
when acting first in the round,al actuar primero en la ronda,scripts/autoload/combat/CombatEffects.gd:415
when acting last in the round,al actuar último en la ronda,scripts/autoload/combat/CombatEffects.gd:416
Mends %s HP/round,Cura %s PV/ronda,scripts/autoload/combat/CombatGen.gd:136
+%s dodge chance,+%s prob. de esquivar,scripts/autoload/combat/CombatGen.gd:137
+%s dmg/round (stacking),+%s daño/ronda (acumulable),scripts/autoload/combat/CombatGen.gd:138
-%s hazard severity,-%s gravedad de peligros,scripts/autoload/combat/CombatGen.gd:139
+%s first-strike damage,+%s daño del primer golpe,scripts/autoload/combat/CombatGen.gd:140
+%s odds toward Rare/Epic loot,+%s prob. de botín Raro/Épico,scripts/autoload/combat/CombatGen.gd:141
Relic ward: survive a wipe at %d%% HP,Barrera de reliquia: sobrevive a una derrota total con %d%% de PV,scripts/autoload/combat/CombatGen.gd:142
+%d%% opening volley vs Bosses,+%d%% andanada inicial contra Jefes,scripts/autoload/combat/CombatGen.gd:143
+%d%% chance to counter when evading or hit hard,+%d%% prob. de contraatacar al esquivar o recibir un golpe fuerte,scripts/autoload/combat/CombatGen.gd:144
+%d%% chance to gain 1 Momentum when evading or hit hard,+%d%% prob. de ganar 1 de Ímpetu al esquivar o recibir un golpe fuerte,scripts/autoload/combat/CombatGen.gd:145
"On a kill, shield the weakest ally for %d%% of max HP","Al matar, da al aliado más débil un escudo del %d%% de sus PV máx.",scripts/autoload/combat/CombatGen.gd:146
Skill: %s,Habilidad: %s,scripts/autoload/combat/CombatStats.gd:64
Combo: %s,Combo: %s,scripts/autoload/combat/CombatStats.gd:71
Keystone drawback: %s,Desventaja clave: %s,scripts/autoload/combat/CombatStats.gd:77
Innate (%s),Innato (%s),scripts/autoload/combat/CombatStats.gd:82
Morale: %s,Moral: %s,scripts/autoload/combat/CombatStats.gd:99
Quirk: %s,Rasgo: %s,scripts/autoload/combat/CombatStats.gd:101
%s%s%% damage,%s%s%% daño,scripts/autoload/combat/CombatStats.gd:213
%s%s%% HP,%s%s%% PV,scripts/autoload/combat/CombatStats.gd:214
%s%s%% first-strike damage,%s%s%% daño del primer golpe,scripts/autoload/combat/CombatStats.gd:215
%s%s%% damage per round (stacking),%s%s%% daño por ronda (acumulable),scripts/autoload/combat/CombatStats.gd:216
Mends %s%% of the party's HP pool each round,Cura un %s%% de los PV totales del grupo cada ronda,scripts/autoload/combat/CombatStats.gd:217
-%s%% party mending per round,-%s%% curación del grupo por ronda,scripts/autoload/combat/CombatStats.gd:217
%s%s%% hazard severity,%s%s%% gravedad de peligros,scripts/autoload/combat/CombatStats.gd:218
%s%% chance to block a retaliation,%s%% prob. de bloquear una represalia,scripts/autoload/combat/CombatStats.gd:219
-%s%% chance to block a retaliation,-%s%% prob. de bloquear una represalia,scripts/autoload/combat/CombatStats.gd:219
%s%s%% turn speed,%s%s%% velocidad de turno,scripts/autoload/combat/CombatStats.gd:220
%s%s%% ability power,%s%s%% poder de habilidades,scripts/autoload/combat/CombatStats.gd:221
"Once per rift, survive a wipe at %s%% HP","Una vez por grieta, sobrevive a una derrota total con %s%% de PV",scripts/autoload/combat/CombatStats.gd:222
-%s%% HP on a survived wipe,-%s%% PV al sobrevivir a una derrota total,scripts/autoload/combat/CombatStats.gd:222
Opens every Boss fight with a free strike,Abre cada combate contra Jefe con un golpe gratis,scripts/autoload/combat/CombatStats.gd:223
Wounded Survivor,Superviviente Herido,scripts/autoload/game_data/GameDataArt.gd:57
Lost Scout,Explorador Perdido,scripts/autoload/game_data/GameDataArt.gd:57
Stranded Merchant,Mercader Varado,scripts/autoload/game_data/GameDataArt.gd:57
Frightened Pilgrim,Peregrino Asustado,scripts/autoload/game_data/GameDataArt.gd:57
Inventory,Inventario,scripts/autoload/game_data/GameDataArt.gd:69
Opens once you find your first item or relic,Se abre al encontrar tu primer objeto o reliquia,scripts/autoload/game_data/GameDataArt.gd:69
Loot you find is kept here — equip items on the Roster's Hero tab.,El botín que encuentras se guarda aquí: equipa objetos en la pestaña Héroe de la Plantilla.,scripts/autoload/game_data/GameDataArt.gd:69
Medical Bay,Enfermería,scripts/autoload/game_data/GameDataArt.gd:70
Opens after your first rift run,Se abre tras tu primera incursión en una grieta,scripts/autoload/game_data/GameDataArt.gd:70
Wounded and downed heroes recover faster in a bed.,Los héroes heridos y caídos se recuperan más rápido en una cama.,scripts/autoload/game_data/GameDataArt.gd:70
Bestiary,Bestiario,scripts/autoload/game_data/GameDataArt.gd:71
Opens after your first fight,Se abre tras tu primer combate,scripts/autoload/game_data/GameDataArt.gd:71
Every foe you meet is recorded here.,Cada enemigo que encuentras queda registrado aquí.,scripts/autoload/game_data/GameDataArt.gd:71
Quests,Misiones,scripts/autoload/game_data/GameDataArt.gd:72
Opens after you seal your first rift,Se abre al sellar tu primera grieta,scripts/autoload/game_data/GameDataArt.gd:72
"Take on quests for Gold, Essence and Renown.","Acepta misiones a cambio de Oro, Esencia y Renombre.",scripts/autoload/game_data/GameDataArt.gd:72
Management,Gestión,scripts/autoload/game_data/GameDataArt.gd:73
Opens after you seal 2 rifts,Se abre al sellar 2 grietas,scripts/autoload/game_data/GameDataArt.gd:73
"Spend Essence (and Gold, for Defenses) on lasting guild upgrades.","Gasta Esencia (y Oro, para Defensas) en mejoras permanentes del gremio.",scripts/autoload/game_data/GameDataArt.gd:73
Crafting,Artesanía,scripts/autoload/game_data/GameDataArt.gd:74
Opens after you seal 5 rifts,Se abre al sellar 5 grietas,scripts/autoload/game_data/GameDataArt.gd:74
Combine 3 spare items or relics into a better one.,Combina 3 objetos o reliquias sobrantes en uno mejor.,scripts/autoload/game_data/GameDataArt.gd:74
Daily twist,Giro diario,scripts/autoload/game_data/GameDataArt.gd:75
Opens after you seal 7 rifts,Se abre al sellar 7 grietas,scripts/autoload/game_data/GameDataArt.gd:75
"Once a day a ladder rift can carry a twist: a special rule and a starting boon, for extra Essence. Tick it in the Rift Hall.","Una vez al día, una grieta de la escalera puede llevar un giro: una regla especial y una bendición inicial, a cambio de Esencia extra. Márcalo en la Sala de Grietas.",scripts/autoload/game_data/GameDataArt.gd:75
Rival moves,Jugadas del rival,scripts/autoload/game_data/GameDataArt.gd:76
Opens after you seal 3 rifts,Se abre al sellar 3 grietas,scripts/autoload/game_data/GameDataArt.gd:76
"Once a week the rival guild may court a hero, dare you, or go after a contract. Answer before payday.","Una vez por semana, el gremio rival puede tentar a un héroe, desafiarte o ir tras un contrato. Responde antes del día de paga.",scripts/autoload/game_data/GameDataArt.gd:76
Tower of Trials,Torre de las Pruebas,scripts/autoload/game_data/GameDataArt.gd:77
Opens when you complete Act I,Se abre al completar el Acto I,scripts/autoload/game_data/GameDataArt.gd:77
"100 fixed floors in the Rift Hall. Each floor is always the same fight, and pays the first time you clear it.",100 pisos fijos en la Sala de Grietas. Cada piso es siempre el mismo combate y paga la primera vez que lo superas.,scripts/autoload/game_data/GameDataArt.gd:77
Champions,Campeones,scripts/autoload/game_data/GameDataArt.gd:78
Opens when you free your first champion (the end of Act I),Se abre al liberar a tu primer campeón (al final del Acto I),scripts/autoload/game_data/GameDataArt.gd:78
A champion oversees your rift runs: their Boon for the party and their Call. Choose one and level them up under Roster > Champions.,Un campeón supervisa tus incursiones: su Bendición para el grupo y su Llamada. Elige uno y súbelo de nivel en Plantilla > Campeones.,scripts/autoload/game_data/GameDataArt.gd:78
English,English,scripts/autoload/game_data/GameDataArt.gd:160
Türkçe (beta),Türkçe (beta),scripts/autoload/game_data/GameDataArt.gd:160
Español (beta),,scripts/autoload/game_data/GameDataArt.gd:160
zh_CN,,scripts/autoload/game_data/GameDataArt.gd:160
简体中文 (beta),,scripts/autoload/game_data/GameDataArt.gd:160
"Deeper rifts and a busier guild. Resolve: a party sets out with 8 and loses some with every floor, elite, risky hazard and fled fight; campfires, shrines and some events give it back. At 3 or less foes strike first; at 0 the heroes also lose their Momentum. Sealing a Rank D or higher rift offers one of 30 Path relics, each bending a Path's rule (or Essence instead). The camp has 15 new events and heroes 20 new requests, twice a week, that leave quirks, bonds and titles; heroes earn titles for their deeds and can be renamed on their page. A new guild picks its difficulty: Story, Standard, or a Hardship once a guild has reached Act IV. Hovering a fight command shows the damage it would deal, and Settings > Controls moves the fight keys. About 40 new sounds. The game speaks Spanish, and Simplified Chinese on desktop (both beta). A sealed daily twist has a score you can post to the day's board.","Grietas más profundas y un gremio más vivo. Temple: un grupo sale con 8 y pierde algo con cada piso, élite, peligro arriesgado y combate del que huye; las hogueras, los santuarios y algunos sucesos lo devuelven. Con 3 o menos, los enemigos atacan primero; con 0, los héroes también pierden su Ímpetu. Sellar una grieta de Rango D o superior ofrece una de 30 reliquias de Senda, cada una cambia la regla de una Senda (o Esencia en su lugar). El campamento tiene 15 sucesos nuevos y los héroes 20 peticiones nuevas, dos veces por semana, que dejan rasgos, vínculos y títulos; los héroes ganan títulos por sus hazañas y se pueden renombrar desde su página. Un gremio nuevo elige su dificultad: Historia, Estándar o una Penuria cuando un gremio ha llegado al Acto IV. Pasar el cursor sobre una orden de combate muestra el daño que haría, y Ajustes > Controles cambia las teclas de combate. Unos 40 sonidos nuevos. El juego habla español y, en escritorio, chino simplificado (ambos en beta). Un desafío diario sellado tiene una puntuación que puedes publicar en el tablero del día.",scripts/autoload/game_data/GameDataArt.gd:163
"A simpler, deeper guild. Rifts are maps now: lanes that cross (3 at the low ranks, up to 5 at the top), so you plan a route, with a campfire before every boss and new stops along the way (an anvil that tempers a piece for free, a Path's shrine, a trainer's echo); from Rank S the far floors stay unseen unless a Trapper or a Stalker scouts. The camp lives: on about a third of days a merchant, a visiting hero, a wandering recruit or a dilemma turns up, and threats like fire, fever, bandits and storms are foretold the evening before, so you can pay, send a hero, or take the loss. Breaches are held in a breach rift (fights back to back, no camp between them) instead of the tower defense, and the Defenses research is now Wardcraft, which softens them. The real-time Endless Rift is resting for now: its gate leads down the Descent. A saved Descent also remembers its depth now.","Un gremio más simple y más profundo. Las grietas ahora son mapas: sendas que se cruzan (3 en los rangos bajos, hasta 5 en los altos), así que planeas una ruta, con una hoguera antes de cada jefe y nuevas paradas por el camino (un yunque que templa una pieza gratis, el santuario de una Senda, el eco de un instructor); desde el Rango S los pisos lejanos quedan ocultos salvo que un Trampero o un Acechador exploren. El campamento cobra vida: en un tercio de los días aparece un mercader, un héroe de visita, un recluta errante o un dilema, y amenazas como incendios, fiebre, bandidos y tormentas se anuncian la noche anterior, para que pagues, envíes a un héroe o asumas la pérdida. Las brechas se contienen en una grieta de brecha (combates seguidos, sin campamento entre ellos) en lugar de la defensa de torres, y la investigación de Defensas ahora es Arte de la Guardia, que las suaviza. La Grieta Infinita en tiempo real descansa por ahora: su puerta lleva al Descenso. Un Descenso guardado ahora también recuerda su profundidad.",scripts/autoload/game_data/GameDataArt.gd:164
"Attack and skill animations no longer snap back to the stance after the blow: heroes and foes now play the motion back out, so every swing, shot and cast finishes.","Las animaciones de ataque y habilidad ya no vuelven de golpe a la postura tras el impacto: héroes y enemigos ahora completan el movimiento, así que cada tajo, disparo y conjuro termina.",scripts/autoload/game_data/GameDataArt.gd:165
"Attacks hit harder on screen: warriors and rogues wind up before they dash in and the blow lands with a jolt; rangers draw and the arrow leaves the bow on the release; mages and clerics gather light in the hand before the bolt flies. New attack animations: the base Ranger, Mage and Cleric, seven rangers who now raise and draw their bows, the Ashen Templar and the Hearth-Warden.","Los ataques pegan más fuerte en pantalla: guerreros y pícaros se preparan antes de lanzarse y el golpe llega con una sacudida; los exploradores tensan y la flecha sale del arco al soltarla; magos y clérigos reúnen luz en la mano antes de lanzar el proyectil. Nuevas animaciones de ataque: el Explorador, el Mago y el Clérigo base, siete exploradores que ahora alzan y tensan sus arcos, el Templario Ceniciento y el Guardián del Hogar.",scripts/autoload/game_data/GameDataArt.gd:166
"Raising Abilities (Faster Than the Wounds, One More Round) raise a fallen ally once a fight now, at 35% and 30% HP; after that they heal. Mercy's Overflow no longer counts the party's mend, and its tree's mend nodes are lower. The Marksman's Signature is now called Held Breath, so it isn't confused with the ranger's Overwatch row bonus.","Las Habilidades que reviven (Más Rápido que las Heridas, Una Ronda Más) ahora levantan a un aliado caído una vez por combate, con el 35% y el 30% de PV; después curan. El Rebose de Misericordia ya no cuenta la curación del grupo, y los nodos de curación de su árbol son menores. La Firma del Tirador ahora se llama Aliento Contenido, para no confundirla con la bonificación de fila Vigilancia del explorador.",scripts/autoload/game_data/GameDataArt.gd:167
"A hero's page has a Path tab now: their Path's three stages side by side, the Twist, and the rank and XP bar with Evolve and training. The Skills tab is shorter, so the skill tree starts higher up. Base-class heroes animate in fights. Tuning: Called Shot hits harder, snares bite harder, Benediction heals 10% (was 15%) and Overflow turns half the overhealing into a ward.","La página de un héroe ahora tiene una pestaña Senda: las tres etapas de su Senda una junto a otra, el Giro y la barra de rango y EXP con Evolucionar y entrenamiento. La pestaña Habilidades es más corta, así que el árbol empieza más arriba. Los héroes de clase base se animan en combate. Ajustes: Disparo anunciado pega más fuerte, las trampas muerden más, Bendición cura un 10% (antes 15%) y Rebose convierte la mitad de la sobrecuración en barrera.",scripts/autoload/game_data/GameDataArt.gd:168
"Paths: heroes are hired as base classes and grow into one of 15 Paths (3 per role). Every rank is levels 1-10 now, and evolving at 10 starts the next rank at level 1 with +20% XP for two runs; raised heroes end up a little stronger than hired ones, hired ones bring more skill points. At Ranks D, B and S a hero trains at the Training Yard: stage 1 brings the Path's rule (a Bloodrager hits harder the more hurt they are, a Marksman lines up a steady shot), stage 2 a Technique in place of the role's second skill, stage 3 a once-a-fight Signature moment or the role's Legend. Every subclass bends its Path with its own Twist. New subclasses unlock with acts, Tower floors and deeds (Codex › Paths), and a new guild can carry them over with Laurels. Heroes sharing an element now Resonate in a party. Your heroes keep their subclasses; their skill points were refunded to spend again.","Sendas: los héroes se contratan con su clase base y crecen hacia una de 15 Sendas (3 por rol). Cada rango abarca ahora los niveles 1-10, y evolucionar en el 10 empieza el siguiente rango en el nivel 1 con +20% de EXP durante dos incursiones; los héroes formados acaban un poco más fuertes que los contratados, y los contratados traen más puntos de habilidad. En los Rangos D, B y S un héroe entrena en el Patio de Entrenamiento: la etapa 1 trae la regla de la Senda (un Furioso golpea más fuerte cuanto más herido está, un Tirador prepara un disparo firme), la etapa 2 una Técnica en lugar de la segunda habilidad del rol, la etapa 3 un momento de Firma una vez por combate o la Leyenda del rol. Cada subclase moldea su Senda con su propio Giro. Las nuevas subclases se desbloquean con actos, pisos de la Torre y hazañas (Códice › Sendas), y un nuevo gremio puede heredarlas con Laureles. Los héroes que comparten elemento ahora entran en Resonancia en un grupo. Tus héroes conservan sus subclases; se devolvieron sus puntos de habilidad para gastarlos de nuevo.",scripts/autoload/game_data/GameDataArt.gd:169
"Before each fight the room now shows your party's health and the foes waiting there (the same ones you'll fight), so Engage or Retreat is an informed choice.","Antes de cada combate, la sala ahora muestra la salud de tu grupo y los enemigos que esperan (los mismos contra los que lucharás), para que Atacar o Retirarse sea una decisión informada.",scripts/autoload/game_data/GameDataArt.gd:170
"When Essence piles up, the Grow line now also names a relic level on the Relic Altar or a Guild Management level that strengthens the party (Arcane Lab, Relic Vault, Wardstones).","Cuando se acumula Esencia, la línea Crecer ahora también sugiere un nivel de reliquia en el Altar de Reliquias o un nivel de Gestión del gremio que fortalezca al grupo (Laboratorio Arcano, Cámara de Reliquias, Piedras de Guarda).",scripts/autoload/game_data/GameDataArt.gd:171
"The Guild status board's Grow line now speaks up whenever Gold or Essence is piling up, not only when the guild is stuck: it names a Forge temper, a hall wing, an evolution or a stronger recruit you can afford.","La línea Crecer del tablero de estado del gremio ahora avisa siempre que se acumula Oro o Esencia, no solo cuando el gremio está atascado: sugiere un templado en la Forja, un ala del salón, una evolución o un recluta más fuerte que puedas pagar.",scripts/autoload/game_data/GameDataArt.gd:172
"Recommended power now tells the truth: at Recommended a party seals a rift about 2 times in 3. Rank E and up, and especially the act finales, used to read Even when the odds were 1 in 5 to 1 in 2, so the numbers are higher now (fights themselves are unchanged).","El poder recomendado ahora dice la verdad: con el Recomendado, un grupo sella una grieta unas 2 de cada 3 veces. Desde el Rango E, y sobre todo en los finales de acto, antes marcaba Igualado cuando las probabilidades eran de 1 en 5 a 1 en 2, así que ahora las cifras son más altas (los combates no cambian).",scripts/autoload/game_data/GameDataArt.gd:173
"Gold buys power now. The Forge tempers any item for Gold (up to 5 times, +6% to its stats each), from the item's pop-up or the gear slot a hero wears it in. Hall Works rebuild your guild hall wing by wing once Act I is done: War Room, Chapel, Smithy, Library, Healers' Wing and Reliquary, each a lasting bonus for the whole guild (Guild Hall > Hall Works). Your first party starts with your three heroes already in it.","El Oro ahora compra poder. La Forja templa cualquier objeto a cambio de Oro (hasta 5 veces, +6% a sus atributos cada vez), desde la ventana del objeto o la ranura de equipo donde lo lleva un héroe. Las Obras del Salón reconstruyen el salón de tu gremio ala por ala tras el Acto I: Sala de Guerra, Capilla, Herrería, Biblioteca, Ala de Sanadores y Relicario, cada una con una bonificación permanente para todo el gremio (Salón del Gremio > Obras del Salón). Tu primer grupo empieza ya con tus tres héroes.",scripts/autoload/game_data/GameDataArt.gd:174
The credits now have a Founding Testers section: play this test build and send your feedback to have your name there. A long guild name no longer pushes the top bar off the screen.,Los créditos ahora tienen una sección de Probadores Fundadores: juega esta versión de prueba y envía tu opinión para que tu nombre aparezca ahí. Un nombre de gremio largo ya no saca la barra superior de la pantalla.,scripts/autoload/game_data/GameDataArt.gd:175
"The opening's eight pictures are redrawn in the crisp new style, from the Accord's hall to the villagers waiting for a guild.","Las ocho imágenes de la introducción se han redibujado en el nuevo estilo nítido, desde el salón del Acuerdo hasta los aldeanos que esperan a un gremio.",scripts/autoload/game_data/GameDataArt.gd:176
"The title screen, the Rift Hall, the Roster, Items, Management, Medical Bay and Crafting backdrops, the rift shop and every hazard are redrawn in the crisp new style. Spoken lines now dip the music while they play, and the opening's narration is never interrupted by the camp's music or a story card.","La pantalla de título, los fondos de la Sala de Grietas, la Plantilla, Objetos, Gestión, Enfermería y Artesanía, la tienda de la grieta y cada peligro se han redibujado en el nuevo estilo nítido. Las frases habladas ahora bajan la música mientras suenan, y la narración de la introducción ya no la interrumpe la música del campamento ni una carta de historia.",scripts/autoload/game_data/GameDataArt.gd:177
"A hero can now be dismissed from their own page in the Roster, as well as from the payroll on the Ledger.","Ahora puedes despedir a un héroe desde su propia página de la Plantilla, además de desde la nómina del Libro de cuentas.",scripts/autoload/game_data/GameDataArt.gd:178
"Music: every region now has its own theme. The Shattered Vale, the Drowned Marches, the Ashen Wastes, the Glass Coast and the Inverted City each play theirs for the whole rift run, and the Endless Rift and the Descent play the Accord Hall's.","Música: cada región tiene ahora su propio tema. El Valle Destrozado, las Marismas Ahogadas, los Páramos de Ceniza, la Costa de Cristal y la Ciudad Invertida suenan con el suyo durante toda la incursión, y la Grieta Infinita y el Descenso usan el del Salón del Acuerdo.",scripts/autoload/game_data/GameDataArt.gd:179
"End day: a campfire button in the top bar ends the day from any camp screen, without a run. Hover it to see what tomorrow brings: payday and whether you can pay, who finishes training, who is back on their feet, and a rift about to break.","Terminar día: un botón de hoguera en la barra superior termina el día desde cualquier pantalla del campamento, sin incursión. Pasa el cursor para ver qué trae mañana: el día de paga y si puedes pagar, quién termina el entrenamiento, quién vuelve a estar en pie y qué grieta está a punto de desbordarse.",scripts/autoload/game_data/GameDataArt.gd:180
"The Training Yard: send heroes to train Might, Agility or Focus for 1, 2 or 3 days. Each day gives +1 attribute point, longer courses also give XP (up to your best hero's level), and you can watch them drill in the camp's courtyard. Trainees sit out runs; the yard has 2 stations and grows to 4 with the Drill Yard. It replaces buying points with Gold.","El Patio de Entrenamiento: envía héroes a entrenar Fuerza, Agilidad o Enfoque durante 1, 2 o 3 días. Cada día da +1 punto de atributo, los cursos más largos también dan EXP (hasta el nivel de tu mejor héroe) y puedes verlos entrenar en el patio del campamento. Quienes entrenan no van a incursiones; el patio tiene 2 puestos y crece a 4 con el Campo de Instrucción. Sustituye a la compra de puntos con Oro.",scripts/autoload/game_data/GameDataArt.gd:181
"A new look: every fight now has a crisp, detailed backdrop drawn to match the heroes and foes, and the camp has become the ruins of an old Accord guild hall that your guild rebuilds as it grows, from scaffolding to a restored hall. Long sealing reports no longer stretch the screen.","Un aspecto nuevo: cada combate tiene ahora un fondo nítido y detallado dibujado a juego con héroes y enemigos, y el campamento se ha convertido en las ruinas de un antiguo salón de gremio del Acuerdo que tu gremio reconstruye a medida que crece, de los andamios a un salón restaurado. Los informes de sellado largos ya no estiran la pantalla.",scripts/autoload/game_data/GameDataArt.gd:182
"The haul: what a rift run earns is only safe once the party is home. If the party falls, half of it is lost; fleeing a fight drops a quarter; sealing the rift or leaving between floors keeps it all. The run bar shows the haul, and at a boss's door you see what's at stake and can still retreat. A guild's first three seals are spared.","El botín: lo que gana una incursión solo está a salvo cuando el grupo vuelve a casa. Si el grupo cae, se pierde la mitad; huir de un combate pierde una cuarta parte; sellar la grieta o salir entre pisos lo conserva todo. La barra de incursión muestra el botín, y ante la puerta de un jefe ves lo que está en juego y aún puedes retirarte. Los tres primeros sellados de un gremio están exentos.",scripts/autoload/game_data/GameDataArt.gd:183
"Pixel-perfect fights: heroes and foes are now drawn at a whole number of screen pixels per art pixel at any window size, so no pixel comes out wider than its neighbours. Heroes use their full art canvas like the foes, so they no longer change size when they attack, and Morrow and the First Signatory fight in their own portraits.","Combates con píxeles perfectos: héroes y enemigos ahora se dibujan con un número entero de píxeles de pantalla por píxel de arte en cualquier tamaño de ventana, así que ningún píxel sale más ancho que sus vecinos. Los héroes usan todo su lienzo como los enemigos, así que ya no cambian de tamaño al atacar, y Morrow y el Primer Firmante luchan con sus propios retratos.",scripts/autoload/game_data/GameDataArt.gd:184
"Playtest build. The Feedback report now notes when you reached each milestone (founding, first seal, first payday, each act), still only on your screen until you paste it. The Grow goal only suggests hiring or drilling once a guild is really stuck, the founding options' toggle draws properly, and narrow desktop windows no longer ask you to turn your phone.","Versión de prueba. El informe de Opiniones ahora anota cuándo alcanzaste cada hito (fundación, primer sellado, primer día de paga, cada acto), y sigue solo en tu pantalla hasta que lo pegues. El objetivo Crecer solo sugiere contratar o entrenar cuando un gremio está realmente atascado, el interruptor de las opciones de fundación se dibuja bien y las ventanas de escritorio estrechas ya no te piden girar el teléfono.",scripts/autoload/game_data/GameDataArt.gd:185
"The guild status board now opens on three goals: the story's next step, the best way to grow stronger, and one thing worth doing on the side. New item icons for every weapon, armour and legendary, the Pearl Colossus and the Ember Whelp redrawn, and a smaller download: the game loads about a fifth faster.","El tablero de estado del gremio ahora abre con tres objetivos: el siguiente paso de la historia, la mejor forma de hacerte más fuerte y algo que merece la pena hacer aparte. Nuevos iconos para cada arma, armadura y legendario, el Coloso de Perla y la Cría de Ascuas redibujados, y una descarga más pequeña: el juego carga una quinta parte más rápido.",scripts/autoload/game_data/GameDataArt.gd:186
"Fights hit harder: every blow flashes and lands with a short pause, attacks wind up before they strike, and each way of fighting has its own effect: a cleave for warriors, a twin cut for rogues, an arrow strike, a holy strike, a burst for each mage element, and claws, spells or acid from foes. Cards have pixel corners, and icons stay crisp.","Los combates pegan más fuerte: cada golpe destella y llega con una breve pausa, los ataques se cargan antes de impactar y cada forma de luchar tiene su propio efecto: un tajo para guerreros, un corte doble para pícaros, un flechazo, un golpe sagrado, una ráfaga para cada elemento del mago y garras, hechizos o ácido de los enemigos. Las cartas tienen esquinas pixeladas y los iconos se mantienen nítidos.",scripts/autoload/game_data/GameDataArt.gd:187
"Foes face the right way: in Riftbreak they no longer walk backwards down the road, and Korrath, Captain Morrow, the Spire Oracle, the Rooftop Harrier and the Tideglass Moth turn toward your heroes. Founding a guild is calmer: name and crest up front, everything else under Founding options. Loot is mostly gear now (8 in 10 drops in Act I, 7 in 10 after), so fewer spare relics pile up.","Los enemigos miran hacia el lado correcto: en el Desborde ya no caminan de espaldas por el camino, y Korrath, el Capitán Morrow, el Oráculo de la Aguja, el Hostigador de los Tejados y la Polilla de Cristal de Marea se giran hacia tus héroes. Fundar un gremio es más tranquilo: nombre y blasón primero, todo lo demás en Opciones de fundación. El botín ahora es casi todo equipo (8 de cada 10 en el Acto I, 7 de cada 10 después), así que se acumulan menos reliquias sobrantes.",scripts/autoload/game_data/GameDataArt.gd:188
"Skip the opening and the narrator still reads the Night of Breaking to you, Hesper's version too for a guild founded on the old oath.","Si te saltas la introducción, el narrador aún te lee la Noche de la Ruptura, y también la versión de Hesper para un gremio fundado bajo el antiguo juramento.",scripts/autoload/game_data/GameDataArt.gd:189
"The Vale has voices: the narrator reads the story cards, Wen, Dobbs and Hesper talk at the pay table, and the rival leaders read out their letters, Brannoch his memory. Settings has a Voice volume and an on/off switch, and Listen plays a scene again. English only for now.","El Valle tiene voces: el narrador lee las cartas de historia, Wen, Dobbs y Hesper hablan en la mesa de pagos, y los líderes rivales leen sus cartas, Brannoch su recuerdo. Ajustes tiene un volumen de Voz y un interruptor, y Escuchar reproduce una escena de nuevo. Por ahora solo en inglés.",scripts/autoload/game_data/GameDataArt.gd:190
"Four foes redrawn to match the rest of the Vale: the Mire Sniper, the Voidling Sprite, the Choir Sprite and the Falling Sky itself, each with new attacks and walks. The Glass Coast and Inverted City grounds are calmer, so heroes stand out on them.","Cuatro enemigos redibujados a juego con el resto del Valle: el Francotirador del Fango, el Duende del Vacío, el Duende del Coro y el mismísimo Cielo que Cae, cada uno con nuevos ataques y andares. Los suelos de la Costa de Cristal y la Ciudad Invertida son más sobrios, para que los héroes destaquen.",scripts/autoload/game_data/GameDataArt.gd:191
"Every hero now has new art: the clerics in white and gold and the rogues in dark violet join the warriors, rangers and mages, each with a new portrait, new attack, hit and skill animations and a new Endless Rift walk. Champions swing, flinch and cast as themselves instead of turning into a plain warrior mid-fight. Every skill has its own icon, the Tower's and the Endless Rift's legendary relics have theirs, the Glass Coast and the Inverted City have their own ground, the Open Hollow has a picture, and two heroes of the same kind keep their role's colour.","Todos los héroes tienen arte nuevo: los clérigos en blanco y oro y los pícaros en violeta oscuro se suman a guerreros, exploradores y magos, cada uno con retrato nuevo, nuevas animaciones de ataque, impacto y habilidad y un nuevo andar en la Grieta Infinita. Los campeones atacan, se estremecen y lanzan conjuros como ellos mismos en lugar de convertirse en un simple guerrero a mitad del combate. Cada habilidad tiene su propio icono, las reliquias legendarias de la Torre y de la Grieta Infinita tienen los suyos, la Costa de Cristal y la Ciudad Invertida tienen su propio suelo, el Hueco Abierto tiene una imagen y dos héroes del mismo tipo conservan el color de su rol.",scripts/autoload/game_data/GameDataArt.gd:192
"New portraits for every warrior, ranger and mage, in their role colours: red tabards on the warriors, green cloaks on the rangers, blue robes on the mages. Each has new attack, hit and skill animations and a new walk in the Endless Rift. Clerics and rogues are next.","Nuevos retratos para cada guerrero, explorador y mago, con los colores de su rol: tabardos rojos para los guerreros, capas verdes para los exploradores, túnicas azules para los magos. Cada uno tiene nuevas animaciones de ataque, impacto y habilidad y un nuevo andar en la Grieta Infinita. Clérigos y pícaros son los siguientes.",scripts/autoload/game_data/GameDataArt.gd:193
"The story has pictures: every act, the big choices and every ending now open on an illustration, from the rift splitting the Vale to the last door between the worlds.","La historia tiene imágenes: cada acto, las grandes decisiones y cada final ahora abren con una ilustración, desde la grieta que parte el Valle hasta la última puerta entre los mundos.",scripts/autoload/game_data/GameDataArt.gd:194
"The Terms, Act IV's finale, has its own shape at last: the Grandmaster's, written in green ink. The rival guilds' leaders have their own portraits, Morrow included, and Wen, Dobbs and Hesper have faces at the pay table.","Los Términos, el final del Acto IV, tienen por fin su propia forma: la de la Gran Maestre, escrita en tinta verde. Los líderes de los gremios rivales tienen sus propios retratos, Morrow incluido, y Wen, Dobbs y Hesper tienen rostro en la mesa de pagos.",scripts/autoload/game_data/GameDataArt.gd:195
"New art for the Sky Beneath: all 30 foes of the Glass Coast and the Inverted City, with their own attacks and walks, and six new battle backgrounds. Hesper and Vaelith have their own portraits as champions, with a walk and a signature move in the Endless Rift; Morrow and the First Signatory have theirs when they join your guild; and the seven Accord halls have pictures on the Keepers of the Vale tab.","Arte nuevo para el Cielo de Abajo: los 30 enemigos de la Costa de Cristal y la Ciudad Invertida, con sus propios ataques y andares, y seis nuevos fondos de batalla. Hesper y Vaelith tienen sus propios retratos como campeones, con un andar y un movimiento característico en la Grieta Infinita; Morrow y el Primer Firmante tienen los suyos al unirse a tu gremio; y los siete salones del Acuerdo tienen imágenes en la pestaña Guardianes del Valle.",scripts/autoload/game_data/GameDataArt.gd:196
"When a guild is stuck on an act's objectives because its heroes are too weak, the Act panel now says what would help after a week, not only once the finale is open. And Act III's wardens stop hiding: while Korrath or Drevok is still to be beaten, a rift in his region always ends with him.","Cuando un gremio se atasca en los objetivos de un acto porque sus héroes son demasiado débiles, el panel de Acto ahora dice qué ayudaría tras una semana, no solo cuando el final está abierto. Y los guardianes del Acto III dejan de esconderse: mientras falte vencer a Korrath o a Drevok, una grieta de su región siempre termina con él.",scripts/autoload/game_data/GameDataArt.gd:197
"A new choice at the Drowned Spire: carry out the Accord's archive or save Hollin, the village down the hill. Every guild meets it, and both sides come back later. Choices you already make come back too: the crossings you let through and Brannoch's door change Book II's ending, keeping quiet or holding the Royal Charter changes Book II, and Vaelith, Ezra's lantern, Mother Ilse and Morrow each turn up again. Holding the Charter, the Crown pays double for turning crossings back.","Una nueva decisión en la Aguja Ahogada: sacar el archivo del Acuerdo o salvar a Hollin, la aldea al pie de la colina. Todos los gremios la afrontan, y ambas opciones vuelven más adelante. Las decisiones que ya tomas también vuelven: los cruces que dejas pasar y la puerta de Brannoch cambian el final del Libro II, callar o tener la Carta Real cambia el Libro II, y Vaelith, el farol de Ezra, Madre Ilse y Morrow reaparecen. Con la Carta, la Corona paga el doble por rechazar cruces.",scripts/autoload/game_data/GameDataArt.gd:198
"When a finale is out of reach, the Act panel now says what would help, with costs: evolve this hero, hire that recruit, build the Drill Yard, level your champion. A finished guild can endow the next one with its spare Gold, and a lost tide costs half as much. The Vale remembers more: heirs of remembered heroes, Accord-Sworn and Tide-Hardened recruits after a past guild's ending, one Bestiary across guilds, banner colours earned in the Hall, rivals with a grudge, and the Hall's records.","Cuando un final está fuera de alcance, el panel de Acto ahora dice qué ayudaría, con costes: evoluciona a este héroe, contrata a ese recluta, construye el Campo de Instrucción, sube de nivel a tu campeón. Un gremio terminado puede legar su Oro sobrante al siguiente, y una marea perdida cuesta la mitad. El Valle recuerda más: herederos de héroes recordados, reclutas Jurados del Acuerdo y Curtidos por la Marea tras el final de un gremio anterior, un único Bestiario entre gremios, colores de estandarte ganados en el Salón, rivales con rencor y los registros del Salón.",scripts/autoload/game_data/GameDataArt.gd:199
"Feats: every elite, boss, pillar and finale sets one optional objective that suits the fight: break a wind-up, win by round 4, bank 8 Momentum, down a named foe first, two at once, or stay on your feet. Done by hand, it pays 40% more Gold and Essence, and an elite offers a fourth boon. Also: a past guild's choices only open the story web's gates for later guilds, not for itself.","Hazañas: cada élite, jefe, pilar y final fija un objetivo opcional acorde al combate: romper una carga, ganar antes de la ronda 4, acumular 8 de Ímpetu, abatir primero a un enemigo concreto, dos a la vez, o seguir en pie. Si lo logras a mano, paga un 40% más de Oro y Esencia, y una élite ofrece una cuarta bendición. Además: las decisiones de un gremio anterior solo abren las puertas de la red de historia a gremios posteriores, no a sí mismo.",scripts/autoload/game_data/GameDataArt.gd:200
"The Unwritten Accord, part three: the Far Side and the Witnesses. Whose Terms they really were, what knocked on the Night of Breaking, and who signed first. Kael Ashborn and the Hollow's own people tell their versions. New choices for guilds that know enough: let the Choir sing, leave Brannoch at his door or free him, and a sixth crossing. And for a player who has learned it all, an epilogue that changes the Vale for every guild after.","El Acuerdo No Escrito, tercera parte: el Otro Lado y los Testigos. De quién eran en realidad los Términos, qué llamó a la puerta en la Noche de la Ruptura y quién firmó primero. Kael Ashborn y la propia gente del Hueco cuentan sus versiones. Nuevas decisiones para gremios que saben lo suficiente: dejar cantar al Coro, dejar a Brannoch en su puerta o liberarlo, y un sexto cruce. Y para quien lo haya descubierto todo, un epílogo que cambia el Valle para todos los gremios posteriores.",scripts/autoload/game_data/GameDataArt.gd:201
"The Unwritten Accord, part two: the Key and the Lantern. Who opens the rifts, who pays for it, and what Essence really is. Mother Ilse, Captain Morrow and Ser Aldric tell their own versions in their letters. New choices for guilds that know enough: buy Morrow, buy the Crown's hearing, keep or break the key, pour your echoes into Ezra's lantern. And two charters a truth opens: Vaelith's Rangers and the Ninth Lamp.","El Acuerdo No Escrito, segunda parte: la Llave y el Farol. Quién abre las grietas, quién lo paga y qué es en realidad la Esencia. Madre Ilse, el Capitán Morrow y Ser Aldric cuentan sus propias versiones en sus cartas. Nuevas decisiones para gremios que saben lo suficiente: comprar a Morrow, comprar la audiencia de la Corona, guardar o romper la llave, verter tus ecos en el farol de Ezra. Y dos cartas que abre una verdad: los Exploradores de Vaelith y la Novena Lámpara.",scripts/autoload/game_data/GameDataArt.gd:202
"The Unwritten Accord, part one: the Vale's story now spreads across your guilds. Fragments turn up in rifts, on relics, in rival letters and at the pay table, and every later guild keeps them. Any two of a truth's fragments make it known (Library > Codex > Truths), and witnesses' claims are struck through or confirmed as you learn. Some truths open choices a first guild never gets.","El Acuerdo No Escrito, primera parte: la historia del Valle ahora se extiende a lo largo de tus gremios. Aparecen fragmentos en grietas, en reliquias, en cartas rivales y en la mesa de pagos, y todos los gremios posteriores los conservan. Dos fragmentos cualesquiera de una verdad la revelan (Biblioteca > Códice > Verdades), y las afirmaciones de los testigos se tachan o se confirman a medida que aprendes. Algunas verdades abren decisiones que un primer gremio nunca tiene.",scripts/autoload/game_data/GameDataArt.gd:203
"Text that matches the game: the Mercenary and Temple charters say how much more or less Gold they start with, the Break ending describes its weekly tides, the Warded boss and some Awakened Abilities say what they really do, and the Laurels count lists every source.","Textos fieles al juego: las cartas Mercenaria y del Templo dicen cuánto Oro de más o de menos tienen al empezar, el final de la Ruptura describe sus mareas semanales, el jefe con barrera y algunas Habilidades Despertadas dicen lo que hacen de verdad, y el recuento de Laureles enumera cada fuente.",scripts/autoload/game_data/GameDataArt.gd:204
"The Accord Hall's finale grows less with every lost champion you free (2% each, was 5%), and when a finale is beyond your best party, the Act panel says how far, and what raises your power.","El final del Salón del Acuerdo crece menos con cada campeón perdido que liberas (2% cada uno, antes 5%), y cuando un final supera a tu mejor grupo, el panel de Acto dice por cuánto y qué aumenta tu poder.",scripts/autoload/game_data/GameDataArt.gd:205
"The Sky Beneath, continued: the real-time Endless Rift can now be run on the Glass Coast and in the Inverted City once you reach them, Hollow-born heroes look like they came from the far side, and the Hall of Guilds remembers whether a guild kept the doors open.","El Cielo de Abajo, continuación: la Grieta Infinita en tiempo real ahora puede jugarse en la Costa de Cristal y en la Ciudad Invertida cuando llegues a ellas, los héroes nacidos del Hueco parecen venidos del otro lado, y el Salón de los Gremios recuerda si un gremio mantuvo las puertas abiertas.",scripts/autoload/game_data/GameDataArt.gd:206
"Book II, the Sky Beneath: after the Accord's ending (any of the three), a reply turns up on the ledger's last page, and two more acts open under the Accord Hall. Act V, the Glass Coast; Act VI, the Inverted City. 30 new foes, crossings to answer, a gate to hold, and one more choice at the end. (The new regions use recoloured art for now; their own art is coming.)","Libro II, el Cielo de Abajo: tras el final del Acuerdo (cualquiera de los tres), aparece una respuesta en la última página del libro de cuentas, y se abren dos actos más bajo el Salón del Acuerdo. Acto V, la Costa de Cristal; Acto VI, la Ciudad Invertida. 30 enemigos nuevos, cruces a los que responder, una puerta que defender y una decisión más al final. (Por ahora las nuevas regiones usan arte recoloreado; su propio arte está en camino).",scripts/autoload/game_data/GameDataArt.gd:207
"New systems now arrive more gradually: the rival's moves at the third sealed rift, Crafting at the fifth, and the Daily twist at the seventh, after Act I's finale.","Los nuevos sistemas ahora llegan de forma más gradual: las jugadas del rival con la tercera grieta sellada, la Artesanía con la quinta y el Giro diario con la séptima, tras el final del Acto I.",scripts/autoload/game_data/GameDataArt.gd:208
"The Grandmaster's ledger no longer hides behind bad luck: after three sealed rifts without a page (while one is waiting in the current act), the next one finds it.","El libro de cuentas de la Gran Maestre ya no se esconde tras la mala suerte: tras tres grietas selladas sin una página (habiendo una pendiente en el acto actual), la siguiente la encuentra.",scripts/autoload/game_data/GameDataArt.gd:209
"For playtesters: the founding screen can skip Act I, so you start with it done and can try the middle game straight away (champions, Riftbreaks, the rival's moves).","Para probadores: la pantalla de fundación puede saltarse el Acto I, así que empiezas con él hecho y puedes probar la mitad del juego directamente (campeones, Desbordes, jugadas del rival).",scripts/autoload/game_data/GameDataArt.gd:210
"There is more to Hesper's story than she has told you. Each guild that finishes Act III hears a little more of it, and those who hear all of it, from guilds that have both kept and broken the Accord, may find a third way to end it.","La historia de Hesper tiene más de lo que te ha contado. Cada gremio que termina el Acto III oye un poco más, y quienes la oyen entera, desde gremios que han mantenido y roto el Acuerdo, quizá encuentren una tercera forma de terminarla.",scripts/autoload/game_data/GameDataArt.gd:211
"The Vale this year: after your first guild, each new one is founded in a different year. Two of eight year modifiers (a dry year, restless rifts, the Hollow stirring in one region, a hard winter...) each change the campaign one way for better and one for worse, and the rival has a temperament: hiring, boasting or undercutting. Roll the year again for 2 Laurels; Guild > Records shows it.","El Valle este año: tras tu primer gremio, cada nuevo gremio se funda en un año distinto. Dos de ocho modificadores de año (un año seco, grietas inquietas, el Hueco agitándose en una región, un invierno duro...) cambian la campaña, uno para bien y otro para mal, y el rival tiene un temperamento: contratador, fanfarrón o rebajador. Vuelve a tirar el año por 2 Laureles; Gremio > Registros lo muestra.",scripts/autoload/game_data/GameDataArt.gd:212
"The Descent: a new way into the Endless Rift, turn-based, with your heroes. Go down depth after depth, each harder and better paid; every second depth ends at a pillar where a lost champion waits. Climb out any time and keep everything. Pillars also turn up on Rank B and higher rifts, and the real-time Endless Rift is still there for your champions. Act IV now asks you to free a lost champion by any of the three.","El Descenso: una nueva forma de entrar en la Grieta Infinita, por turnos y con tus héroes. Baja profundidad tras profundidad, cada una más difícil y mejor pagada; cada segunda profundidad termina en un pilar donde espera un campeón perdido. Sal cuando quieras y quédate con todo. También aparecen pilares en grietas de Rango B o superior, y la Grieta Infinita en tiempo real sigue ahí para tus campeones. El Acto IV ahora te pide liberar a un campeón perdido por cualquiera de las tres vías.",scripts/autoload/game_data/GameDataArt.gd:213
"Two new founding gifts for your next guild (Laurels): Veteran start begins with Act I already done, with the heroes, gear and Gold a guild has by then; Old contacts puts two Rank C recruits on the first board.","Dos nuevos dones de fundación para tu próximo gremio (Laureles): Inicio veterano empieza con el Acto I ya hecho, con los héroes, el equipo y el Oro que un gremio tiene para entonces; Viejos contactos pone dos reclutas de Rango C en el primer tablón.",scripts/autoload/game_data/GameDataArt.gd:214
"Tidewalls: a guild that broke the Accord can raise walls against the Open Hollow (Guild > Management). Each makes every tide 6% weaker against the guild, and costs more than the last; Gold and Essence finally have somewhere to go in that postgame.",Diques: un gremio que rompió el Acuerdo puede alzar muros contra el Hueco Abierto (Gremio > Gestión). Cada uno debilita un 6% todas las mareas contra el gremio y cuesta más que el anterior; el Oro y la Esencia por fin tienen en qué gastarse en ese posjuego.,scripts/autoload/game_data/GameDataArt.gd:215
"Postgame tuning: the old Accord halls cost about half as much (all seven: 45,000 Gold and 40,000 Essence). Tides of the Open Hollow now really break every week, with three days' warning, and grow 15% stronger only with each tide you hold: losing one doesn't make the next harder.","Ajustes del posjuego: los antiguos salones del Acuerdo cuestan aproximadamente la mitad (los siete: 45.000 de Oro y 40.000 de Esencia). Las mareas del Hueco Abierto ahora rompen de verdad cada semana, con tres días de aviso, y solo se hacen un 15% más fuertes por cada marea que resistes: perder una no hace más difícil la siguiente.",scripts/autoload/game_data/GameDataArt.gd:216
"Hesper, Wen and Dobbs remember your past guilds: on a quiet payday the talk at the pay table can turn to one of them, and to the heroes it left behind.","Hesper, Wen y Dobbs recuerdan tus gremios anteriores: en un día de paga tranquilo, la charla en la mesa de pagos puede girar hacia uno de ellos y hacia los héroes que dejó atrás.",scripts/autoload/game_data/GameDataArt.gd:217
"Your past guilds' banners now hang in camp, either side of the Guild Hall. Hover one for its record; click it for the Hall of Guilds.","Los estandartes de tus gremios anteriores cuelgan ahora en el campamento, a ambos lados del Salón del Gremio. Pasa el cursor sobre uno para ver su historial; haz clic para ir al Salón de los Gremios.",scripts/autoload/game_data/GameDataArt.gd:218
"After your first guild: found the next one under a charter (Mercenary Company, Temple Order, the Lantern's Smugglers, Last of the Accord) and swear oaths for more Laurels. And the ending now sets the postgame: Keepers of the Vale restore the old Accord halls; a guild that broke the Accord holds back a tide of the Open Hollow every week. The Chronicle lists what a guild can still finish.","Tras tu primer gremio: funda el siguiente bajo una carta (Compañía Mercenaria, Orden del Templo, los Contrabandistas del Farol, Últimos del Acuerdo) y haz juramentos para ganar más Laureles. Y el final ahora define el posjuego: los Guardianes del Valle restauran los antiguos salones del Acuerdo; un gremio que rompió el Acuerdo contiene cada semana una marea del Hueco Abierto. La Crónica enumera lo que un gremio aún puede terminar.",scripts/autoload/game_data/GameDataArt.gd:219
"Legacy: when your guild chooses the Accord's ending (or retires, from Act III on, under Guild > Records), it joins the Hall of Guilds. Up to two of its heroes come back as champions in your later guilds, waiting to be freed in the Endless Rift, and it leaves Laurels to spend on gifts when you found the next one.","Legado: cuando tu gremio elige el final del Acuerdo (o se retira, desde el Acto III, en Gremio > Registros), entra en el Salón de los Gremios. Hasta dos de sus héroes vuelven como campeones en tus gremios posteriores, esperando ser liberados en la Grieta Infinita, y deja Laureles para gastar en dones al fundar el siguiente.",scripts/autoload/game_data/GameDataArt.gd:220
"Captain Morrow is a real fight now: tougher than other bosses of his rank, and he whistles up his sellswords twice, at two-thirds and again at one-third health.","El Capitán Morrow es ahora un combate de verdad: más duro que otros jefes de su rango, y llama a sus mercenarios dos veces, a dos tercios y de nuevo a un tercio de salud.",scripts/autoload/game_data/GameDataArt.gd:221
"Party Assembly is simpler: your party stands on four slots facing the foes. Press + on a slot to pick a hero, or drag one from the roster onto it (onto someone to swap). Each hero has a small F/B switch for the Front or Back row.","Formar grupo es más sencillo: tu grupo ocupa cuatro puestos frente a los enemigos. Pulsa + en un puesto para elegir un héroe, o arrastra uno desde la plantilla (sobre otro para intercambiarlos). Cada héroe tiene un pequeño interruptor D/T para la fila Delantera o Trasera.",scripts/autoload/game_data/GameDataArt.gd:222
"The boon after an elite is now a pop-up too: one card per boon in its family's colours, with the set it would complete, Take (or keys 1-3) and Skip.","La bendición tras una élite ahora también es una ventana: una carta por bendición con los colores de su familia, el conjunto que completaría, Tomar (o teclas 1-3) y Omitir.",scripts/autoload/game_data/GameDataArt.gd:223
"After a won fight, choosing your reward is now its own pop-up: the loot as cards with every stat on its own line, who it suits, and a Take button (or keys 1-3).","Tras ganar un combate, elegir la recompensa tiene ahora su propia ventana: el botín como cartas con cada atributo en su línea, a quién le conviene y un botón Tomar (o teclas 1-3).",scripts/autoload/game_data/GameDataArt.gd:224
"Move a guild between devices: Settings > Backup > Send to another device gives a short code and a QR code. Scan it with your phone, or choose Receive a guild on the title screen and type the code. A code works once, for 15 minutes.","Mueve un gremio entre dispositivos: Ajustes > Copia de seguridad > Enviar a otro dispositivo da un código corto y un código QR. Escanéalo con tu teléfono, o elige Recibir un gremio en la pantalla de título y escribe el código. Un código funciona una vez, durante 15 minutos.",scripts/autoload/game_data/GameDataArt.gd:225
"Easier to read: the game's text is now set in Lato, wider and clearer at 1080p and below, and the opening's captions sit on a dark plate in a sturdier book face. Back on Settings works again after pressing the gear a second time.","Más fácil de leer: el texto del juego ahora usa Lato, más ancha y clara a 1080p o menos, y los subtítulos de la introducción van sobre una placa oscura con una tipografía de libro más robusta. Volver en Ajustes funciona de nuevo tras pulsar el engranaje por segunda vez.",scripts/autoload/game_data/GameDataArt.gd:226
"The Hollow Crown Company strikes back: expose them and from Act III their sellswords ambush your rifts, and Captain Morrow waits at the bottom of a Rank C+ rift with the key he opens rifts with. A kept echo can now touch a hero who recognises what's in it (Echo-Touched); the third echo brings Ezra the Pale, and the campaign's end says what the Vale remembers. A hero's fiftieth rift gets a line in the Chronicle.","La Compañía de la Corona Hueca contraataca: desenmascárala y, desde el Acto III, sus mercenarios emboscan tus grietas, y el Capitán Morrow espera al fondo de una grieta de Rango C+ con la llave con la que abre grietas. Un eco guardado ahora puede tocar a un héroe que reconoce lo que contiene (Tocado por el Eco); el tercer eco trae a Ezra el Pálido, y el final de la campaña dice lo que el Valle recuerda. La quincuagésima grieta de un héroe merece una línea en la Crónica.",scripts/autoload/game_data/GameDataArt.gd:227
"New sound effects throughout (free CC0 sounds, picked by ear). The Charter War comes to a head: as Act III opens, Mother Ilse brings proof the Hollow Crown Company opens rifts for profit. Expose them or keep quiet; when Act III ends, the Crown grants its Royal Charter to the guild with the most Renown. Wen now writes a line for every hero on the Memorial, and a scene when a bond reaches its peak.","Nuevos efectos de sonido en todo el juego (sonidos CC0 gratuitos, elegidos de oído). La Guerra de las Cartas llega a su punto álgido: al abrirse el Acto III, Madre Ilse trae pruebas de que la Compañía de la Corona Hueca abre grietas para lucrarse. Desenmascárala o calla; cuando termina el Acto III, la Corona otorga su Carta Real al gremio con más Renombre. Wen ahora escribe una línea para cada héroe en el Memorial, y una escena cuando un vínculo llega a su cumbre.",scripts/autoload/game_data/GameDataArt.gd:228
"The opening is narrated now, over its own music, with two new scenes: the Accord sealing a rift, and the villagers waiting for a guild. Watch it again from Settings or the Chronicle.","La introducción ahora está narrada, con su propia música y dos escenas nuevas: el Acuerdo sellando una grieta y los aldeanos esperando a un gremio. Vuelve a verla desde Ajustes o la Crónica.",scripts/autoload/game_data/GameDataArt.gd:229
"An opening cinematic: the Night of Breaking, how the old guilds of the Accord vanished, ending on your own guild. It plays when you found a guild; watch it again from Settings or Library > Codex > Chronicle.","Una cinemática inicial: la Noche de la Ruptura, cómo desaparecieron los antiguos gremios del Acuerdo, terminando con tu propio gremio. Se reproduce al fundar un gremio; vuelve a verla desde Ajustes o Biblioteca > Códice > Crónica.",scripts/autoload/game_data/GameDataArt.gd:230
"From Act II a sealed rift sometimes leaves an echo: Essence that holds something the Hollow took from someone. Give it back to the village, or keep it. Stranger, gentler things now turn up in rifts too. And when a hero first reaches Rank B, the guild marks their new calling with a scene of its own.","Desde el Acto II, una grieta sellada a veces deja un eco: Esencia que guarda algo que el Hueco le quitó a alguien. Devuélvelo a la aldea o quédatelo. Ahora también aparecen en las grietas cosas más extrañas y más amables. Y cuando un héroe alcanza por primera vez el Rango B, el gremio celebra su nueva vocación con una escena propia.",scripts/autoload/game_data/GameDataArt.gd:231
"Act IV: the Accord Hall. After Sythrane, the posts are tiring, and the Terms of the old bargain wait at the bottom of the Endless Rift (stronger for every post you've emptied). Beat them and choose how the story ends: renew the Accord, or break it. Guilds that already finished Act III can start it now.","Acto IV: el Salón del Acuerdo. Tras Sythrane, los puestos flaquean, y los Términos del antiguo pacto esperan al fondo de la Grieta Infinita (más fuertes por cada puesto que hayas vaciado). Véncelos y elige cómo termina la historia: renovar el Acuerdo o romperlo. Los gremios que ya terminaron el Acto III pueden empezarlo ahora.",scripts/autoload/game_data/GameDataArt.gd:232
"The guild has people now. Wen the Chronicler, Dobbs the Quartermaster and Old Hesper, the last of an Accord guild, talk at the pay table every payday (see the Ledger). The rival's leader signs every move with a letter of their own, and the Crown has promised a Royal Charter to the best guild. Freeing a champion in the Endless Rift leaves a post empty: the next Riftbreak comes sooner.","El gremio ahora tiene gente. Wen la Cronista, Dobbs el Intendente y la vieja Hesper, la última de un gremio del Acuerdo, hablan en la mesa de pagos cada día de paga (ver el Libro de cuentas). El líder rival firma cada jugada con una carta propia, y la Corona ha prometido una Carta Real al mejor gremio. Liberar a un campeón en la Grieta Infinita deja un puesto vacío: el siguiente Desborde llega antes.",scripts/autoload/game_data/GameDataArt.gd:233
"The story has a past now: the Broken Accord. Why the old guilds vanished on the Night of Breaking, what the champions remember of it, and pages of the Grandmaster's ledger to find in sealed rifts. Read it all in Library > Codex > Chronicle.","La historia ahora tiene un pasado: el Acuerdo Roto. Por qué desaparecieron los antiguos gremios en la Noche de la Ruptura, qué recuerdan de ella los campeones y páginas del libro de cuentas de la Gran Maestre que encontrar en grietas selladas. Léelo todo en Biblioteca > Códice > Crónica.",scripts/autoload/game_data/GameDataArt.gd:234
"Recruiting is a board now: new faces arrive every day and wait a few days before moving on, payday fills it, and the rival may sign your best offer first. Each card shows the recruit's attributes and born quirk. Rerolls double in price until payday. Party screens have three saved loadouts: save a party with its rows, load it in one click.","Reclutar ahora es un tablón: llegan caras nuevas cada día y esperan unos días antes de marcharse, el día de paga lo llena y el rival puede fichar antes tu mejor oferta. Cada carta muestra los atributos del recluta y su rasgo innato. Las renovaciones duplican su precio hasta el día de paga. Las pantallas de grupo tienen tres formaciones guardadas: guarda un grupo con sus filas y cárgalo con un clic.",scripts/autoload/game_data/GameDataArt.gd:235
"The Guild Ledger runs the payroll now: put a hero on half pay to save Gold (it costs morale) or give a bonus to keep them Inspired, see the vault against payday at a glance, and who would go unpaid. Skills aimed at one foe ask which: click the foe. Any save can be deleted from Load Game.","El Libro de cuentas del gremio ahora lleva la nómina: pon a un héroe a media paga para ahorrar Oro (cuesta moral) o dale una prima para mantenerlo Inspirado, compara de un vistazo la cámara con el día de paga y quién se quedaría sin cobrar. Las habilidades dirigidas a un enemigo preguntan a cuál: haz clic en él. Cualquier partida puede borrarse desde Cargar partida.",scripts/autoload/game_data/GameDataArt.gd:236
"A lighter interface: cards and buttons lose their outlines (an edge now means something needs you), the main tabs moved into the header, lists and ledgers sit on a calm background, the hero page says each number once, and notices stack less. Key numbers on fight buttons are a setting now (Settings > Key hints).","Una interfaz más ligera: cartas y botones pierden sus contornos (un borde ahora significa que algo te necesita), las pestañas principales pasan a la cabecera, listas y libros de cuentas van sobre un fondo sobrio, la página del héroe dice cada número una vez y los avisos se apilan menos. Los números de tecla en los botones de combate ahora son un ajuste (Ajustes > Atajos de teclado).",scripts/autoload/game_data/GameDataArt.gd:237
"Act finales are real climaxes: each is built on the rank you sealed to reach it, a step harder (they had fallen below it, and a quarter of finale fights ended in the first round). The Recommended power on the party screen follows. Champion cards line up in an even grid.","Los finales de acto son auténticos clímax: cada uno se basa en el rango que sellaste para llegar a él, un paso más difícil (habían quedado por debajo, y una cuarta parte de los combates finales terminaban en la primera ronda). El poder Recomendado de la pantalla de grupo se ajusta en consecuencia. Las cartas de campeón se alinean en una cuadrícula uniforme.",scripts/autoload/game_data/GameDataArt.gd:238
"Inventory and Guild Management open straight on their contents: the room's art is a slim strip with its sections as buttons, and each opens where you left it.","El Inventario y la Gestión del gremio abren directamente en su contenido: el arte de la sala es una franja estrecha con sus secciones como botones, y cada una abre donde la dejaste.",scripts/autoload/game_data/GameDataArt.gd:239
"Cleaner screens on a laptop: shops, treasure, events and hazards no longer sit under the path map (it shows while you choose a path), Victory puts the rewards beside the results, the quest board fits every note, pre-fight art is shorter, and notices moved to the bottom right.","Pantallas más limpias en un portátil: tiendas, tesoros, sucesos y peligros ya no quedan bajo el mapa de caminos (se muestra mientras eliges camino), Victoria pone las recompensas junto a los resultados, el tablón de misiones muestra todas las notas, el arte previo al combate es más corto y los avisos pasan a la esquina inferior derecha.",scripts/autoload/game_data/GameDataArt.gd:240
"Recruits: commission a hero of the role you want (3 rerolls' Gold), and each offer shows power, HP and wage. Hazards now hurt in line with the rift's rank and always pay about a fight's worth, with a chance of double. Agility gives +1.5% dodge a point (was 0.8%).","Reclutas: encarga un héroe del rol que quieras (el Oro de 3 renovaciones), y cada oferta muestra poder, PV y sueldo. Los peligros ahora hieren según el rango de la grieta y siempre pagan lo que un combate, con posibilidad de doble. La Agilidad da +1,5% de esquiva por punto (antes 0,8%).",scripts/autoload/game_data/GameDataArt.gd:241
"From player feedback: click a foe to target it (click again to attack). Auto lasts one fight. Quick fight also opens for a Favored party and says why when it can't. Every Ability shows its numbers. Shield Bash can't stun the same foe two rounds running. Fixed Legendary relics no longer take Essence for levels (refunded). Items say which slot they take. The party screen remembers your last party and rows. Clearer Medical Bay, rewards, run summary and skill tree.","Según las opiniones de jugadores: haz clic en un enemigo para apuntarlo (otra vez para atacar). Auto dura un combate. Combate rápido también se abre para un grupo Favorito y dice por qué cuando no puede. Cada Habilidad muestra sus números. Golpe de Escudo no puede aturdir al mismo enemigo dos rondas seguidas. Las reliquias Legendarias fijas ya no cuestan Esencia por nivel (reembolsada). Los objetos indican qué ranura ocupan. La pantalla de grupo recuerda tu último grupo y sus filas. Enfermería, recompensas, resumen de incursión y árbol de habilidades más claros.",scripts/autoload/game_data/GameDataArt.gd:242
"The bonus for winning by hand (+30% Gold and Essence, no one down) now pays on elites, bosses and every fight on a rank you haven't sealed: the fights where playing by hand matters.","La bonificación por ganar a mano (+30% de Oro y Esencia, sin nadie caído) ahora se paga en élites, jefes y cada combate de un rango que no has sellado: los combates donde jugar a mano importa.",scripts/autoload/game_data/GameDataArt.gd:243
"Fights: Quick fight now opens on a rank once you've sealed it, so a new rank and the act finales are fought where you can see them. Auto pauses when a hero is about to fall. The bonus for winning by hand shows before every fight.","Combates: Combate rápido ahora se abre en un rango una vez sellado, así que un rango nuevo y los finales de acto se luchan donde puedes verlos. Auto se pausa cuando un héroe está a punto de caer. La bonificación por ganar a mano se muestra antes de cada combate.",scripts/autoload/game_data/GameDataArt.gd:244
"Balance: from Rank E up, monsters hit harder and last longer, so a party at Recommended power now seals about 3 rifts in 5 and Deadly means it. Hero wages are 50% higher, so a big roster has to earn its keep.","Equilibrio: desde el Rango E, los monstruos golpean más fuerte y aguantan más, así que un grupo con el poder Recomendado ahora sella unas 3 grietas de cada 5 y Mortal va en serio. Los sueldos de los héroes son un 50% más altos, así que una plantilla grande tiene que ganarse el pan.",scripts/autoload/game_data/GameDataArt.gd:245
"A new guild meets its systems one at a time: Quests after your first seal, Management after the second, then Crafting, the daily twist and the rival's moves after the third. A broke guild with fewer than 3 heroes now gets free volunteers at payday.","Un gremio nuevo conoce sus sistemas de uno en uno: Misiones tras tu primer sellado, Gestión tras el segundo y luego Artesanía, el giro diario y las jugadas del rival tras el tercero. Un gremio sin fondos con menos de 3 héroes ahora recibe voluntarios gratis el día de paga.",scripts/autoload/game_data/GameDataArt.gd:246
"Phones: no keyboard hints where there's no keyboard, and a larger turn-your-phone prompt.","Teléfonos: sin atajos de teclado donde no hay teclado, y un aviso más grande para girar el teléfono.",scripts/autoload/game_data/GameDataArt.gd:247
"Phones: hold your phone sideways and the game now fits, with larger text and buttons and the whole fight on one screen. Press and hold anything to read what it does. A fight won by hand with no one down now pays +30% Essence as well as Gold.","Teléfonos: pon el teléfono de lado y el juego ahora encaja, con texto y botones más grandes y todo el combate en una pantalla. Mantén pulsado cualquier elemento para leer qué hace. Un combate ganado a mano sin nadie caído ahora paga +30% de Esencia además de Oro.",scripts/autoload/game_data/GameDataArt.gd:248
"A guild now holds 6 heroes from the start (a party is 4), so there's a bench to choose from. Act I and Act II have new goals. The Feedback report now includes how long you've played and how your fights and runs went.","Un gremio ahora admite 6 héroes desde el principio (un grupo es de 4), así que hay banquillo donde elegir. El Acto I y el Acto II tienen objetivos nuevos. El informe de Opiniones ahora incluye cuánto tiempo has jugado y cómo fueron tus combates e incursiones.",scripts/autoload/game_data/GameDataArt.gd:249
"Fixes from a full play-through: a foe that has wound up keeps its red warning until the blow lands, the first fight's lessons come in order, the rival's contract grab can't point at a contract that's gone, rift bosses belong to their region (no Act III boss in the Vale), and the rival keeps pace in the Renown race. New: Add strongest on the party screen.","Correcciones tras una partida completa: un enemigo que ha cargado mantiene su aviso rojo hasta que impacta el golpe, las lecciones del primer combate llegan en orden, la captura de contrato del rival no puede apuntar a un contrato que ya no existe, los jefes de grieta pertenecen a su región (ningún jefe del Acto III en el Valle) y el rival mantiene el ritmo en la carrera de Renombre. Nuevo: Añadir los más fuertes en la pantalla de grupo.",scripts/autoload/game_data/GameDataArt.gd:250
"New foes and stories: six new monsters, two per region (Blight Hound, Lantern Wight, Tide Caller, Mudscale Brute, Cinder Hound, Obsidian Sentinel) in six new designed fights, and 21 new rift events, some found only in one region. Upgrading a facility, hiring a hero, levelling a champion or buying from a shop now lands with a banner and a burst of sparks.","Nuevos enemigos e historias: seis monstruos nuevos, dos por región (Sabueso de la Plaga, Espectro del Farol, Invocador de Mareas, Bruto Escamafango, Sabueso de Ceniza, Centinela de Obsidiana) en seis nuevos combates diseñados, y 21 nuevos sucesos de grieta, algunos exclusivos de una región. Mejorar una instalación, contratar a un héroe, subir de nivel a un campeón o comprar en una tienda ahora viene con un estandarte y una lluvia de chispas.",scripts/autoload/game_data/GameDataArt.gd:251
"The rival acts: once a week it may court one of your heroes, dare you to seal a rift by payday, or go for a posted contract, and you decide how to answer. Hero requests and the rival's moves pop up as cards when you're home. The Ledger opens on a week board: every day to payday and what falls on it.","El rival actúa: una vez por semana puede tentar a uno de tus héroes, desafiarte a sellar una grieta antes del día de paga o ir a por un contrato publicado, y tú decides cómo responder. Las peticiones de los héroes y las jugadas del rival aparecen como cartas cuando estás en casa. El Libro de cuentas abre en un tablero semanal: cada día hasta el día de paga y lo que cae en él.",scripts/autoload/game_data/GameDataArt.gd:252
"Fewer, clearer modes: the Daily Rift is now a daily twist on the Rift Ladder (tick it and your next ladder rift, any rank, carries the day's rule and boon for bonus Essence). Echoes are gone: the Endless Rift pays Essence, and Essence levels champions (old Echoes were converted). Renown is the one race with the rival: the monthly contest counts Renown gained, and the Renown tile turns green when you lead.","Menos modos y más claros: la Grieta Diaria es ahora un giro diario en la Escalera de Grietas (márcalo y tu siguiente grieta de la escalera, de cualquier rango, lleva la regla y la bendición del día a cambio de Esencia extra). Los Ecos desaparecen: la Grieta Infinita paga Esencia, y la Esencia sube de nivel a los campeones (los Ecos antiguos se convirtieron). El Renombre es la única carrera con el rival: el concurso mensual cuenta el Renombre ganado, y la casilla de Renombre se pone verde cuando vas en cabeza.",scripts/autoload/game_data/GameDataArt.gd:253
"New loot: items roll fewer, bigger stats (two per item type), and Rare and Epic items carry a named effect such as Ambush, Thunderclap, Riposte or Renewal. Picking gear shows the Power change. Your current items are unchanged.","Botín nuevo: los objetos tienen menos atributos pero más grandes (dos por tipo de objeto), y los Raros y Épicos llevan un efecto con nombre como Emboscada, Trueno, Réplica o Renovación. Al elegir equipo se muestra el cambio de Poder. Tus objetos actuales no cambian.",scripts/autoload/game_data/GameDataArt.gd:254
"Phase 1 of the design pass: fights fit on screen without scrolling, notices sit in the top-right corner (two at a time, click to dismiss, never over a fight), new guilds start with three heroes, one tip at a time, and a tidier Rift Hall and Ledger.","Fase 1 de la revisión de diseño: los combates caben en pantalla sin desplazarse, los avisos van en la esquina superior derecha (dos a la vez, clic para descartar, nunca sobre un combate), los gremios nuevos empiezan con tres héroes, un consejo cada vez, y una Sala de Grietas y un Libro de cuentas más ordenados.",scripts/autoload/game_data/GameDataArt.gd:255
"Hero pages are tidier: the header is a row of chips, clicking a slot opens a pop-up of item cards (gains in green, losses in red), and the passive and build notes moved to the Skills tab.","Las páginas de héroe están más ordenadas: la cabecera es una fila de fichas, al hacer clic en una ranura se abre una ventana con cartas de objetos (mejoras en verde, pérdidas en rojo), y las notas de pasiva y de build pasan a la pestaña Habilidades.",scripts/autoload/game_data/GameDataArt.gd:256
"Hero pages between fights: click a hero in the rift's top bar (or Hero pages) for the same page as the Roster — gear, attribute and skill points, with tabs for the whole party. It replaces the old Gear Up panel.","Páginas de héroe entre combates: haz clic en un héroe en la barra superior de la grieta (o en Páginas de héroe) para ver la misma página que en la Plantilla: equipo, puntos de atributo y de habilidad, con pestañas para todo el grupo. Sustituye al antiguo panel Equiparse.",scripts/autoload/game_data/GameDataArt.gd:257
"Riftbreak defenses have painted roads, the Defenses research stands on the war-room map, and a lost defense never touches the Gold set aside for payday. Champions' signature mods are spread evenly: each of the 12 on four champions.","Las defensas de Desborde tienen caminos pintados, la investigación de Defensas aparece en el mapa de la sala de guerra y una defensa perdida nunca toca el Oro reservado para el día de paga. Las modificaciones características de los campeones se reparten por igual: cada una de las 12 en cuatro campeones.",scripts/autoload/game_data/GameDataArt.gd:258
"Riftbreaks: from Act II a rift swells now and then, with a countdown in days. Seal a rift of its rank in time to close it, or it breaks and your guild defends: build towers on the road, post your idle heroes and steer a champion. Losing costs Gold, Essence and a damaged building. New Defenses research in Guild > Manage, paid in Gold.","Desbordes: desde el Acto II, de vez en cuando una grieta se hincha, con una cuenta atrás en días. Sella a tiempo una grieta de su rango para cerrarla, o se desborda y tu gremio defiende: construye torres en el camino, aposta a tus héroes ociosos y dirige a un campeón. Perder cuesta Oro, Esencia y un edificio dañado. Nueva investigación de Defensas en Gremio > Gestionar, pagada en Oro.",scripts/autoload/game_data/GameDataArt.gd:259
"Endless Rift level-ups are built around your champions now: each champion's signature move has two mods of its own (Aftershock, Kindled, Leech, Bulwark and more). From level 10, fuse two champions: their signatures fire together, 25% harder, and share their mods.","Las subidas de nivel de la Grieta Infinita ahora giran en torno a tus campeones: el movimiento característico de cada campeón tiene dos modificaciones propias (Sacudida, Prendido, Sanguijuela, Baluarte y más). Desde el nivel 10, fusiona dos campeones: sus movimientos se disparan juntos, un 25% más fuertes, y comparten modificaciones.",scripts/autoload/game_data/GameDataArt.gd:260
"Endless Rift: gentler when it first opens, and it grows stronger with every champion you free and every act you pass (the party screen shows its strength).","Grieta Infinita: más suave cuando se abre, y se hace más fuerte con cada campeón que liberas y cada acto que superas (la pantalla de grupo muestra su fuerza).",scripts/autoload/game_data/GameDataArt.gd:261
Endless Rift: every champion now walks with their own animation and plays a signature move when their Call fires.,Grieta Infinita: cada campeón ahora camina con su propia animación y ejecuta un movimiento característico cuando se activa su Llamada.,scripts/autoload/game_data/GameDataArt.gd:262
"Champions, reworked: 24 named champions with their own art, and each new guild meets a different 12. Three are freed by the story, nine are lost in the Endless Rift (stand in their light to free them). One oversees your rift runs with a Boon and a Call; Echoes level them up.","Campeones renovados: 24 campeones con nombre y arte propio, y cada gremio nuevo conoce a 12 distintos. Tres los libera la historia, nueve están perdidos en la Grieta Infinita (ponte en su luz para liberarlos). Uno supervisa tus incursiones con una Bendición y una Llamada; los Ecos los suben de nivel.",scripts/autoload/game_data/GameDataArt.gd:263
"The Endless Rift is now the champions' rift: only champions go in, each with a signature move. It pays Echoes and a little gold, and costs the guild a day.","La Grieta Infinita es ahora la grieta de los campeones: solo entran campeones, cada uno con un movimiento característico. Paga Ecos y algo de oro, y le cuesta un día al gremio.",scripts/autoload/game_data/GameDataArt.gd:264
"Türkçe (beta): Settings or the title screen. Menus, fights, tips, names and descriptions are all in Turkish.","Türkçe (beta): en Ajustes o en la pantalla de título. Menús, combates, consejos, nombres y descripciones, todo en turco.",scripts/autoload/game_data/GameDataArt.gd:265
"Settings > Hearing aid: captions for sounds that tell you something (a boss arriving, a heavy blow, a hero going down, a wind-up), and the screen's edges pulse on the biggest moments.","Ajustes > Ayuda auditiva: subtítulos para los sonidos que te dicen algo (un jefe que llega, un golpe fuerte, un héroe que cae, una carga), y los bordes de la pantalla laten en los momentos más importantes.",scripts/autoload/game_data/GameDataArt.gd:266
"Two heroes of the same subclass no longer look like twins: the second wears different colours, everywhere they appear.","Dos héroes de la misma subclase ya no parecen gemelos: el segundo viste otros colores, allá donde aparezca.",scripts/autoload/game_data/GameDataArt.gd:267
"Endless Rift: fixed the field going grey after a stutter; the ground has grass, reeds, cracks and embers; the party stands out in the middle; banners no longer pile up.","Grieta Infinita: corregido el campo que se volvía gris tras un tirón; el suelo tiene hierba, juncos, grietas y brasas; el grupo destaca en el centro; los carteles ya no se amontonan.",scripts/autoload/game_data/GameDataArt.gd:268
"New look: the title, camp and Rift Hall fill the screen, with flickering torches, breathing portals, stars and fireflies; screens fade between each other and a rift opens as you step in.","Aspecto nuevo: el título, el campamento y la Sala de Grietas llenan la pantalla, con antorchas parpadeantes, portales que respiran, estrellas y luciérnagas; las pantallas se funden entre sí y una grieta se abre al entrar.",scripts/autoload/game_data/GameDataArt.gd:269
"Endless Rift: waves every minute, elite packs with chests, archers, a Rift Warden at 20:00 to beat, evolutions, rift relics, terrain and braziers.","Grieta Infinita: oleadas cada minuto, manadas de élite con cofres, arqueros, un Guardián de la Grieta que vencer a los 20:00, evoluciones, reliquias de grieta, terreno y braseros.",scripts/autoload/game_data/GameDataArt.gd:270
Fights: the main actions fit one row (More holds the rest); hover to preview Momentum; winning by hand with no one down pays +30% Gold.,Combates: las acciones principales caben en una fila (Más guarda el resto); pasa el cursor para prever el Ímpetu; ganar a mano sin nadie caído paga +30% de Oro.,scripts/autoload/game_data/GameDataArt.gd:271
"Guild: a This-week strip in camp, hero requests to answer, a rival with a face and a monthly contest.","Gremio: una franja Esta semana en el campamento, peticiones de héroes que responder, un rival con rostro y un concurso mensual.",scripts/autoload/game_data/GameDataArt.gd:272
"New music, larger text, and rank rules shown in the rift.","Música nueva, texto más grande y reglas de rango visibles en la grieta.",scripts/autoload/game_data/GameDataArt.gd:273
1280×800 (Default),1280×800 (Predeterminado),scripts/autoload/game_data/GameDataArt.gd:391
Ballista,Balista,scripts/autoload/game_data/GameDataBreach.gd:77
Long-range bolts at the foe furthest along the road,Virotes de largo alcance contra el enemigo más avanzado en el camino,scripts/autoload/game_data/GameDataBreach.gd:77
Fire Brazier,Brasero de Fuego,scripts/autoload/game_data/GameDataBreach.gd:79
Hurls fire that splashes and burns,Lanza fuego que salpica y quema,scripts/autoload/game_data/GameDataBreach.gd:79
Frost Totem,Tótem de Escarcha,scripts/autoload/game_data/GameDataBreach.gd:81
Chills every foe in reach: they walk slower,Hiela a todos los enemigos a su alcance: caminan más lento,scripts/autoload/game_data/GameDataBreach.gd:81
Ward Stone,Piedra de Guarda,scripts/autoload/game_data/GameDataBreach.gd:83
Heroes in reach take less damage,Los héroes a su alcance reciben menos daño,scripts/autoload/game_data/GameDataBreach.gd:83
Wayside Chapel,Capilla del Camino,scripts/autoload/game_data/GameDataBreach.gd:85
Heroes in reach mend every second,Los héroes a su alcance se curan cada segundo,scripts/autoload/game_data/GameDataBreach.gd:85
Brannoch,Brannoch,scripts/autoload/game_data/GameDataChampions.gd:40
the Unbroken,el Inquebrantable,locale/extra_msgids.txt
"The knight who asked for the deepest post, under a city nobody on our side has seen, and held its door with his shoulder for twenty years. The chains are still on his wrists; he says they help him remember why.","El caballero que pidió el puesto más profundo, bajo una ciudad que nadie de nuestro lado ha visto, y sostuvo su puerta con el hombro durante veinte años. Aún lleva las cadenas en las muñecas; dice que le ayudan a recordar por qué.",scripts/autoload/game_data/GameDataChampions.gd:41
Unbroken Line,Línea Inquebrantable,scripts/autoload/game_data/GameDataChampions.gd:42
Last Stand,Última Resistencia,scripts/autoload/game_data/GameDataChampions.gd:43
shields every ally for 35% of their max HP,da a cada aliado un escudo del 35% de sus PV máx.,scripts/autoload/game_data/GameDataChampions.gd:43
Grell,Grell,scripts/autoload/game_data/GameDataChampions.gd:45
Ironjaw,Mandíbula de Hierro,locale/extra_msgids.txt
Lost his jaw to a rift-beast and had a better one forged. He has not stopped talking since.,Perdió la mandíbula ante una bestia de grieta y se forjó una mejor. No ha dejado de hablar desde entonces.,scripts/autoload/game_data/GameDataChampions.gd:46
Iron Resolve,Temple de Hierro,scripts/autoload/game_data/GameDataChampions.gd:47
War Cry,Grito de Guerra,scripts/autoload/game_data/GameDataChampions.gd:48
the whole party hits 25% harder for the rest of the fight,todo el grupo golpea un 25% más fuerte el resto del combate,scripts/autoload/game_data/GameDataChampions.gd:48
Mordrake,Mordrake,scripts/autoload/game_data/GameDataChampions.gd:50
the Deathless,el Inmortal,locale/extra_msgids.txt
He died in the Endless Rift once. It didn't take.,Murió una vez en la Grieta Infinita. No funcionó.,scripts/autoload/game_data/GameDataChampions.gd:51
Grim Momentum,Ímpetu Sombrío,scripts/autoload/game_data/GameDataChampions.gd:52
Deathless,Inmortal,scripts/autoload/game_data/GameDataChampions.gd:53
braces the party against a wipe for the rest of the fight,protege al grupo de una derrota total el resto del combate,scripts/autoload/game_data/GameDataChampions.gd:53
Sigrun,Sigrun,scripts/autoload/game_data/GameDataChampions.gd:55
Shieldmaiden,Doncella Escudera,locale/extra_msgids.txt
Her village sank into a rift in a single night. She walked in after it and has been walking ever since.,Su aldea se hundió en una grieta en una sola noche. Entró tras ella y no ha dejado de caminar desde entonces.,scripts/autoload/game_data/GameDataChampions.gd:56
Shieldwall,Muro de Escudos,scripts/autoload/game_data/GameDataChampions.gd:57
Shield Wall,Pared de Escudos,scripts/autoload/game_data/GameDataChampions.gd:58
wards the front row for 50% of their max HP,pone a la fila delantera una barrera del 50% de sus PV máx.,scripts/autoload/game_data/GameDataChampions.gd:58
Kael,Kael,scripts/autoload/game_data/GameDataChampions.gd:60
the Oathsworn,el Juramentado,locale/extra_msgids.txt
Swore to guard a rift-gate until relieved. Nobody came. He is very glad to see you.,Juró custodiar una puerta de grieta hasta que lo relevaran. No vino nadie. Se alegra mucho de verte.,scripts/autoload/game_data/GameDataChampions.gd:61
Vanguard Oath,Juramento de Vanguardia,scripts/autoload/game_data/GameDataChampions.gd:62
Spear Wall,Muro de Lanzas,scripts/autoload/game_data/GameDataChampions.gd:63
a sweep of the spear hits every foe,un barrido de lanza golpea a todos los enemigos,scripts/autoload/game_data/GameDataChampions.gd:63
Kaya,Kaya,scripts/autoload/game_data/GameDataChampions.gd:66
Swiftwind,Viento Veloz,locale/extra_msgids.txt
"She outran a rift-storm once. Now she can't stop running, so she brings the storm with her.","Una vez dejó atrás una tormenta de grieta. Ahora no puede dejar de correr, así que se lleva la tormenta consigo.",scripts/autoload/game_data/GameDataChampions.gd:67
Tailwind,Viento a Favor,scripts/autoload/game_data/GameDataChampions.gd:68
Arrow Storm,Tormenta de Flechas,scripts/autoload/game_data/GameDataChampions.gd:69
"arrows ride the wind, jumping between foes",las flechas cabalgan el viento y saltan entre enemigos,scripts/autoload/game_data/GameDataChampions.gd:69
Hesk,Hesk,scripts/autoload/game_data/GameDataChampions.gd:71
the Beastcaller,el Llamabestias,locale/extra_msgids.txt
"Raised by rift-wolves. Speaks their language better than ours, and prefers their company.",Criado por lobos de grieta. Habla su idioma mejor que el nuestro y prefiere su compañía.,scripts/autoload/game_data/GameDataChampions.gd:72
Pack Hunter,Cazador de Manada,scripts/autoload/game_data/GameDataChampions.gd:73
Pounce,Abalanzarse,scripts/autoload/game_data/GameDataChampions.gd:74
"the pack falls on the weakest foe, harder the more it's hurt","la manada cae sobre el enemigo más débil, con más fuerza cuanto más herido esté",scripts/autoload/game_data/GameDataChampions.gd:74
Lyra,Lyra,scripts/autoload/game_data/GameDataChampions.gd:76
Thornwood,Bosque de Espinas,locale/extra_msgids.txt
The last warden of a forest the rifts swallowed. The forest is still in there; so is she.,La última guardiana de un bosque que se tragaron las grietas. El bosque sigue ahí dentro; ella también.,scripts/autoload/game_data/GameDataChampions.gd:77
Leaf on the Wind,Hoja al Viento,scripts/autoload/game_data/GameDataChampions.gd:78
Thorn Snare,Trampa de Espinas,scripts/autoload/game_data/GameDataChampions.gd:79
"thorns bind the target: it loses its next two actions (a boss, one)","las espinas atan al objetivo: pierde sus dos próximas acciones (un jefe, una)",scripts/autoload/game_data/GameDataChampions.gd:79
Bram,Bram,scripts/autoload/game_data/GameDataChampions.gd:81
the Trapper,el Trampero,locale/extra_msgids.txt
Forty years of setting snares for things that come out of rifts. Some of them are still in his cellar.,Cuarenta años poniendo trampas a las cosas que salen de las grietas. Algunas siguen en su sótano.,scripts/autoload/game_data/GameDataChampions.gd:82
Trail Wisdom,Sabiduría del Rastro,scripts/autoload/game_data/GameDataChampions.gd:83
Deadfall,Trampa Mortal,scripts/autoload/game_data/GameDataChampions.gd:84
springs every trap at once on the wounded foes,activa todas las trampas a la vez sobre los enemigos heridos,scripts/autoload/game_data/GameDataChampions.gd:84
Ossian,Ossian,scripts/autoload/game_data/GameDataChampions.gd:86
Greyfeather,Plumagrís,locale/extra_msgids.txt
Has never missed a shot. He will tell you this before you ask.,Nunca ha fallado un disparo. Te lo dirá antes de que preguntes.,scripts/autoload/game_data/GameDataChampions.gd:87
First Shot,Primer Disparo,scripts/autoload/game_data/GameDataChampions.gd:88
Killshot,Tiro de Gracia,scripts/autoload/game_data/GameDataChampions.gd:89
"one perfect arrow at the weakest foe, deadlier the more it's hurt","una flecha perfecta al enemigo más débil, más letal cuanto más herido esté",scripts/autoload/game_data/GameDataChampions.gd:89
Vesh,Vesh,scripts/autoload/game_data/GameDataChampions.gd:92
the Ashborn,el Nacido de Ceniza,locale/extra_msgids.txt
"Once the herald of an ash-queen, until he read what he was heralding. The embers under his skin never cooled.","Fue heraldo de una reina de ceniza, hasta que leyó lo que anunciaba. Las brasas bajo su piel nunca se enfriaron.",scripts/autoload/game_data/GameDataChampions.gd:93
Cinder Tongue,Lengua de Ceniza,scripts/autoload/game_data/GameDataChampions.gd:94
Crownfall,Caída de la Corona,scripts/autoload/game_data/GameDataChampions.gd:95
a rain of burning ash engulfs every foe,una lluvia de ceniza ardiente envuelve a todos los enemigos,scripts/autoload/game_data/GameDataChampions.gd:95
Auriel,Auriel,scripts/autoload/game_data/GameDataChampions.gd:97
the Starwright,la Forjaestrellas,locale/extra_msgids.txt
"Mapped every star, then noticed new ones leaking out of the rifts. She has been following them since.",Cartografió todas las estrellas y luego vio otras nuevas brotando de las grietas. Las sigue desde entonces.,scripts/autoload/game_data/GameDataChampions.gd:98
Star Chart,Carta Estelar,scripts/autoload/game_data/GameDataChampions.gd:99
Meteor,Meteoro,scripts/autoload/game_data/GameDataChampions.gd:100
calls down a falling star on every foe,hace caer una estrella sobre todos los enemigos,scripts/autoload/game_data/GameDataChampions.gd:100
Morwen,Morwen,scripts/autoload/game_data/GameDataChampions.gd:102
of the Frost,de la Escarcha,locale/extra_msgids.txt
Froze a rift solid to save a town. The town is fine. She has been cold for a hundred years.,Congeló una grieta para salvar un pueblo. El pueblo está bien. Ella lleva cien años con frío.,scripts/autoload/game_data/GameDataChampions.gd:103
Rime Ward,Barrera de Escarcha,scripts/autoload/game_data/GameDataChampions.gd:104
Deep Freeze,Congelación Profunda,scripts/autoload/game_data/GameDataChampions.gd:105
"freezes the target solid: it loses its next two actions (a boss, one)","congela al objetivo: pierde sus dos próximas acciones (un jefe, una)",scripts/autoload/game_data/GameDataChampions.gd:105
Tamsin,Tamsin,scripts/autoload/game_data/GameDataChampions.gd:107
Sparkwright,Forjachispas,locale/extra_msgids.txt
Built a machine to close rifts. It opened one instead. She is working on version two.,"Construyó una máquina para cerrar grietas. En vez de eso, abrió una. Está trabajando en la versión dos.",scripts/autoload/game_data/GameDataChampions.gd:108
Overclock,Sobrecarga,scripts/autoload/game_data/GameDataChampions.gd:109
Chain Lightning,Rayo en Cadena,scripts/autoload/game_data/GameDataChampions.gd:110
lightning arcs from foe to foe,el rayo salta de enemigo en enemigo,scripts/autoload/game_data/GameDataChampions.gd:110
Ezra,Ezra,scripts/autoload/game_data/GameDataChampions.gd:112
the Pale,el Pálido,locale/extra_msgids.txt
"Studies what the rifts take from people. Keeps some of it in the lantern, for safekeeping. He insists.","Estudia lo que las grietas le quitan a la gente. Guarda parte en el farol, por seguridad. Insiste.",scripts/autoload/game_data/GameDataChampions.gd:113
Soul Tithe,Diezmo de Almas,scripts/autoload/game_data/GameDataChampions.gd:114
Harvest,Cosecha,scripts/autoload/game_data/GameDataChampions.gd:115
"drains the weakest foe, healing the caster for a share of it",drena al enemigo más débil y cura al lanzador con una parte,scripts/autoload/game_data/GameDataChampions.gd:115
Imre,Imre,scripts/autoload/game_data/GameDataChampions.gd:118
of the Tides,de las Mareas,locale/extra_msgids.txt
Kept alive at the bottom of a drowned spire as a lantern for something that hated the dark. She still carries the light.,La mantuvieron con vida en el fondo de una aguja ahogada como farol para algo que odiaba la oscuridad. Aún lleva la luz.,scripts/autoload/game_data/GameDataChampions.gd:119
Tidal Grace,Gracia de la Marea,scripts/autoload/game_data/GameDataChampions.gd:120
Low Tide,Bajamar,scripts/autoload/game_data/GameDataChampions.gd:121
"heals the party 55% and washes away burn, poison, chill, stun and curses","cura al grupo un 55% y elimina quemaduras, veneno, frío, aturdimiento y maldiciones",scripts/autoload/game_data/GameDataChampions.gd:121
Odo,Odo,scripts/autoload/game_data/GameDataChampions.gd:123
the Lamplighter,el Farolero,locale/extra_msgids.txt
Lit the lamps of a city that fell into a rift. He kept lighting them. Eventually the lamps led him out.,"Encendía los faroles de una ciudad que cayó en una grieta. Siguió encendiéndolos. Al final, los faroles lo sacaron de allí.",scripts/autoload/game_data/GameDataChampions.gd:124
Lamp in the Dark,Farol en la Oscuridad,scripts/autoload/game_data/GameDataChampions.gd:125
Light the Way,Ilumina el Camino,scripts/autoload/game_data/GameDataChampions.gd:126
raises a fallen ally at 60% HP (or heals the most hurt),levanta a un aliado caído con el 60% de PV (o cura al más herido),scripts/autoload/game_data/GameDataChampions.gd:126
Seraphine,Seraphine,scripts/autoload/game_data/GameDataChampions.gd:128
Dawnbringer,Portadora del Alba,locale/extra_msgids.txt
Walked into the dark between rifts to find the sunrise. Came back with it.,Se adentró en la oscuridad entre las grietas para encontrar el amanecer. Volvió con él.,scripts/autoload/game_data/GameDataChampions.gd:129
Dawn's Blessing,Bendición del Alba,scripts/autoload/game_data/GameDataChampions.gd:130
Sunrise,Amanecer,scripts/autoload/game_data/GameDataChampions.gd:131
heals the whole party for 65% of their max HP,cura a todo el grupo un 65% de sus PV máx.,scripts/autoload/game_data/GameDataChampions.gd:131
Hobb,Hobb,scripts/autoload/game_data/GameDataChampions.gd:133
the Friar,el Fraile,locale/extra_msgids.txt
Opened a tavern at the edge of a rift. Business was terrible. Blessings were excellent.,"Abrió una taberna al borde de una grieta. El negocio fue un desastre. Las bendiciones, excelentes.",scripts/autoload/game_data/GameDataChampions.gd:134
Liquid Courage,Valor Líquido,scripts/autoload/game_data/GameDataChampions.gd:135
Round's On Me,Esta Ronda la Pago Yo,scripts/autoload/game_data/GameDataChampions.gd:136
heals the whole party for 50% of their max HP,cura a todo el grupo un 50% de sus PV máx.,scripts/autoload/game_data/GameDataChampions.gd:136
Veyla,Veyla,scripts/autoload/game_data/GameDataChampions.gd:138
the Penitent,la Penitente,locale/extra_msgids.txt
Wears the mask so the rift can't see her face. It has been looking for her a long time.,Lleva la máscara para que la grieta no le vea la cara. Lleva mucho tiempo buscándola.,scripts/autoload/game_data/GameDataChampions.gd:139
Incense Veil,Velo de Incienso,scripts/autoload/game_data/GameDataChampions.gd:140
Censer Smoke,Humo de Incensario,scripts/autoload/game_data/GameDataChampions.gd:141
thick smoke: +30% dodge for the rest of the fight,humo denso: +30% de esquiva el resto del combate,scripts/autoload/game_data/GameDataChampions.gd:141
Selune,Selune,scripts/autoload/game_data/GameDataChampions.gd:144
of the Hollow Moon,de la Luna Hueca,locale/extra_msgids.txt
An assassin who took one contract too many: on the moon. It didn't go well for either of them.,Una asesina que aceptó un contrato de más: contra la luna. No les fue bien a ninguna de las dos.,scripts/autoload/game_data/GameDataChampions.gd:145
New Moon,Luna Nueva,scripts/autoload/game_data/GameDataChampions.gd:146
Eclipse,Eclipse,scripts/autoload/game_data/GameDataChampions.gd:147
"darkness falls, and every wounded foe with it","cae la oscuridad, y con ella todos los enemigos heridos",scripts/autoload/game_data/GameDataChampions.gd:147
Pip,Pip,scripts/autoload/game_data/GameDataChampions.gd:149
Quickfingers,Dedos Rápidos,locale/extra_msgids.txt
Stole a key from a rift-lord's belt. The key opened the rift. Pip would like to give it back.,Robó una llave del cinturón de un señor de grieta. La llave abrió la grieta. A Pip le gustaría devolverla.,scripts/autoload/game_data/GameDataChampions.gd:150
Slippery,Escurridizo,scripts/autoload/game_data/GameDataChampions.gd:151
Smoke and Mirrors,Humo y Espejos,scripts/autoload/game_data/GameDataChampions.gd:152
+35% dodge for the rest of the fight,+35% de esquiva el resto del combate,scripts/autoload/game_data/GameDataChampions.gd:152
Raske,Raske,scripts/autoload/game_data/GameDataChampions.gd:154
the Red,el Rojo,locale/extra_msgids.txt
Captained a ship that sailed off the edge of the world and into a rift. Kept the coat.,Capitaneó un barco que navegó más allá del borde del mundo y entró en una grieta. Se quedó con el abrigo.,scripts/autoload/game_data/GameDataChampions.gd:155
Blood in the Water,Sangre en el Agua,scripts/autoload/game_data/GameDataChampions.gd:156
Whirlwind,Torbellino,scripts/autoload/game_data/GameDataChampions.gd:157
a spinning storm of cutlasses hits every foe,una tormenta giratoria de alfanjes golpea a todos los enemigos,scripts/autoload/game_data/GameDataChampions.gd:157
Corvin,Corvin,scripts/autoload/game_data/GameDataChampions.gd:159
Ashwhisper,Susurro de Ceniza,locale/extra_msgids.txt
Brews poisons from what bleeds out of rifts. Swears most of them are medicine.,Destila venenos de lo que sangra de las grietas. Jura que casi todos son medicina.,scripts/autoload/game_data/GameDataChampions.gd:160
Slow Venom,Veneno Lento,scripts/autoload/game_data/GameDataChampions.gd:161
Plague Cloud,Nube de Peste,scripts/autoload/game_data/GameDataChampions.gd:162
a toxic cloud that eats at every foe for three rounds,una nube tóxica que corroe a todos los enemigos durante tres rondas,scripts/autoload/game_data/GameDataChampions.gd:162
Vaelith,Vaelith,scripts/autoload/game_data/GameDataChampions.gd:174
Who Left Her Post,Que Abandonó su Puesto,scripts/autoload/game_data/GameDataChampions.gd:174
"An Accord ranger who walked off her post on the Night of Breaking, toward the noise. She has been holding a door open ever since.","Una exploradora del Acuerdo que abandonó su puesto en la Noche de la Ruptura, hacia el ruido. Desde entonces mantiene una puerta abierta.",scripts/autoload/game_data/GameDataChampions.gd:175
Listening,Escuchando,scripts/autoload/game_data/GameDataChampions.gd:176
Hold the Door,Sostén la Puerta,scripts/autoload/game_data/GameDataChampions.gd:177
"she steps in front of the target: it loses its next two actions (a boss, one)","se planta ante el objetivo: pierde sus dos próximas acciones (un jefe, una)",scripts/autoload/game_data/GameDataChampions.gd:177
I counted the voices behind my door every night for a year. Then I stopped counting and opened it.,Conté las voces tras mi puerta cada noche durante un año. Luego dejé de contar y la abrí.,scripts/autoload/game_data/GameDataChampions.gd:179
%s of %s,%s de %s,scripts/autoload/game_data/GameDataChampions.gd:191
{name} {title},{name} {title},scripts/autoload/game_data/GameDataChampions.gd:193
"There was a girl on the other side of my door. I told her to wait, that I'd come back for her. I'd like to know if she did.","Había una niña al otro lado de mi puerta. Le dije que esperara, que volvería a por ella. Me gustaría saber si esperó.",scripts/autoload/game_data/GameDataChampions.gd:212
We drew lots for the posts. I drew a deep one. I remember thinking that was lucky.,Echamos a suertes los puestos. Me tocó uno profundo. Recuerdo que pensé que era suerte.,scripts/autoload/game_data/GameDataChampions.gd:213
"When the light closed over me it didn't hurt. It felt like being told to wait, very firmly.","Cuando la luz se cerró sobre mí, no dolió. Fue como si me ordenaran esperar, con mucha firmeza.",scripts/autoload/game_data/GameDataChampions.gd:214
My whole shield-company walked into the light together. I came out alone. Ask the others if they're still holding.,Toda mi compañía de escudos entró junta en la luz. Salí sola. Pregunta a los demás si siguen resistiendo.,scripts/autoload/game_data/GameDataChampions.gd:215
The order was: hold until relieved. The Grandmaster said she would come back for us herself. She didn't. Why didn't she?,La orden era: resistir hasta el relevo. La Gran Maestre dijo que volvería a por nosotros en persona. No volvió. ¿Por qué no volvió?,scripts/autoload/game_data/GameDataChampions.gd:216
"I ran messages between the posts that night. The last one I carried was from the Grandmaster, and it was sealed with ash.","Esa noche llevé mensajes entre los puestos. El último que llevé era de la Gran Maestre, y estaba sellado con ceniza.",scripts/autoload/game_data/GameDataChampions.gd:217
The wolves knew before we did. They howled at the Hall for three days before the Night. Nobody listens to wolves.,Los lobos lo supieron antes que nosotros. Aullaron al Salón durante tres días antes de la Noche. Nadie escucha a los lobos.,scripts/autoload/game_data/GameDataChampions.gd:218
Some of us didn't go into the light willingly. The Grandmaster said there wasn't time to ask.,Algunos no entramos en la luz por voluntad propia. La Gran Maestre dijo que no había tiempo para preguntar.,scripts/autoload/game_data/GameDataChampions.gd:219
"I set a snare at my post, out of habit. Caught a voice. It kept saying: the price, the price.","Puse una trampa en mi puesto, por costumbre. Atrapé una voz. No dejaba de decir: el precio, el precio.",scripts/autoload/game_data/GameDataChampions.gd:220
"I had the Grandmaster in my sights that night, on her way out. I've never missed. I didn't take the shot. I'd like to know if that was right.","Esa noche tuve a la Gran Maestre en la mira, cuando se marchaba. Nunca he fallado. No disparé. Me gustaría saber si hice bien.",scripts/autoload/game_data/GameDataChampions.gd:221
I read her proclamations aloud in the ash for years before I read one closely. It began: the Accord is dissolved.,Leí en voz alta sus proclamas en la ceniza durante años antes de leer una con atención. Empezaba así: el Acuerdo queda disuelto.,scripts/autoload/game_data/GameDataChampions.gd:222
"The new stars leaking from the rifts are the posts, going out one by one. I have counted forty dark since the Night.","Las estrellas nuevas que brotan de las grietas son los puestos, que se apagan uno a uno. He contado cuarenta apagados desde la Noche.",scripts/autoload/game_data/GameDataChampions.gd:223
"Freezing my rift was my own idea, not the Accord's. I think that's why the Hollow never got its hooks into me.","Congelar mi grieta fue idea mía, no del Acuerdo. Creo que por eso el Hueco nunca logró clavarme sus garfios.",scripts/autoload/game_data/GameDataChampions.gd:224
The Accord's engineers built the bargain like a lock. I've seen the plans. Every lock has a key.,Los ingenieros del Acuerdo construyeron el pacto como una cerradura. He visto los planos. Toda cerradura tiene una llave.,scripts/autoload/game_data/GameDataChampions.gd:225
Each of us gave the Hollow something to seal the deal. I gave my colour. You can probably tell.,Cada uno le dio algo al Hueco para sellar el trato. Yo le di mi color. Seguramente se nota.,scripts/autoload/game_data/GameDataChampions.gd:226
I was kept lit to read the archive by. I read all of it. The bargain has a clause about what happens when a post is abandoned.,Me mantuvieron encendida para leer el archivo a mi luz. Lo leí entero. El pacto tiene una cláusula sobre qué pasa cuando se abandona un puesto.,scripts/autoload/game_data/GameDataChampions.gd:227
"The lamps of my city were Accord lamps, meant to lead the guilds home. The city fell before anyone came back.","Los faroles de mi ciudad eran faroles del Acuerdo, hechos para guiar a los gremios a casa. La ciudad cayó antes de que nadie volviera.",scripts/autoload/game_data/GameDataChampions.gd:228
The Grandmaster said there would be no sunrise until the price was paid. She was wrong. I went and found it.,La Gran Maestre dijo que no habría amanecer hasta que se pagara el precio. Se equivocaba. Fui y lo encontré.,scripts/autoload/game_data/GameDataChampions.gd:229
Half the Accord drank at my tavern the night before. The Grandmaster paid for every round. I thought it was generous. It was a goodbye.,Medio Acuerdo bebió en mi taberna la noche anterior. La Gran Maestre pagó todas las rondas. Me pareció generoso. Era una despedida.,scripts/autoload/game_data/GameDataChampions.gd:230
I signed the bargain as a witness. The mask is so the Hollow can't match my face to my name on it.,Firmé el pacto como testigo. La máscara es para que el Hueco no pueda unir mi cara a mi nombre en él.,scripts/autoload/game_data/GameDataChampions.gd:231
My last contract came from inside the Accord: remove a ranger who had left her post. I didn't. Vaelith owes me one.,Mi último contrato vino de dentro del Acuerdo: eliminar a una exploradora que había abandonado su puesto. No lo hice. Vaelith me debe una.,scripts/autoload/game_data/GameDataChampions.gd:232
"The key I stole opened a rift, yes. It was the Grandmaster's key. I'm told that matters.","La llave que robé abrió una grieta, sí. Era la llave de la Gran Maestre. Me dicen que eso importa.",scripts/autoload/game_data/GameDataChampions.gd:233
We were to ferry the last guild to its post across the Marches. The water rose too fast. I kept the coat. I kept the list of names too.,Teníamos que llevar al último gremio a su puesto cruzando las Marismas. El agua subió demasiado rápido. Me quedé con el abrigo. También con la lista de nombres.,scripts/autoload/game_data/GameDataChampions.gd:234
"The Accord's healers poisoned nobody, whatever the songs say. They gave the posts something to sleep. I still have the recipe.","Los sanadores del Acuerdo no envenenaron a nadie, digan lo que digan las canciones. Dieron a los puestos algo para dormir. Aún tengo la receta.",scripts/autoload/game_data/GameDataChampions.gd:235
%s beat us once. They're gone. You're not.,%s nos venció una vez. Ya no está. Tú sí.,scripts/autoload/game_data/GameDataChampions.gd:261
"We remember %s. We'll remember you too, for a shorter while.","Recordamos a %s. A ti también te recordaremos, aunque menos tiempo.",scripts/autoload/game_data/GameDataChampions.gd:262
The Royal Charter hung in %s's hall. It'll hang in ours this time.,La Carta Real colgó en el salón de %s. Esta vez colgará en el nuestro.,scripts/autoload/game_data/GameDataChampions.gd:263
"%s haven't forgotten %s, who beat them to the Royal Charter. They'll race you harder, and beating them again is worth %d Laurels.","%s no han olvidado a %s, que les ganó la Carta Real. Competirán contigo con más ganas, y vencerlos de nuevo vale %d Laureles.",scripts/autoload/game_data/GameDataChampions.gd:265
The crest's own,El del blasón,scripts/autoload/game_data/GameDataChampions.gd:269
Keepers' gold,Oro de los Guardianes,scripts/autoload/game_data/GameDataChampions.gd:270
Renew the Accord,Renueva el Acuerdo,scripts/autoload/game_data/GameDataChampions.gd:270
Hollow green,Verde del Hueco,scripts/autoload/game_data/GameDataChampions.gd:271
Break the Accord,Rompe el Acuerdo,scripts/autoload/game_data/GameDataChampions.gd:271
Turns white,Se vuelve blanco,scripts/autoload/game_data/GameDataChampions.gd:272
Rewrite the Terms,Reescribe los Términos,scripts/autoload/game_data/GameDataChampions.gd:272
Sea-glass,Vidrio marino,scripts/autoload/game_data/GameDataChampions.gd:273
Keep both worlds open,Mantén abiertos ambos mundos,scripts/autoload/game_data/GameDataChampions.gd:273
Oath crimson,Carmesí del juramento,scripts/autoload/game_data/GameDataChampions.gd:274
Keep three oaths in one guild,Cumple tres juramentos en un gremio,scripts/autoload/game_data/GameDataChampions.gd:274
Grandmaster violet,Violeta de la Gran Maestre,scripts/autoload/game_data/GameDataChampions.gd:275
Restore the Grandmaster's Hall,Restaura el Salón de la Gran Maestre,scripts/autoload/game_data/GameDataChampions.gd:275
Tide blue,Azul marea,scripts/autoload/game_data/GameDataChampions.gd:276
Hold five tides,Resiste cinco mareas,scripts/autoload/game_data/GameDataChampions.gd:276
Lamplight,Luz de farol,scripts/autoload/game_data/GameDataChampions.gd:277
Learn ten truths,Descubre diez verdades,scripts/autoload/game_data/GameDataChampions.gd:277
300 more Gold,300 de Oro más,scripts/autoload/game_data/GameDataChampions.gd:285
"A fourth hero, Rank D","Un cuarto héroe, Rango D",scripts/autoload/game_data/GameDataChampions.gd:286
A rare relic,Una reliquia rara,scripts/autoload/game_data/GameDataChampions.gd:287
The Barracks one level up,El Cuartel un nivel más alto,scripts/autoload/game_data/GameDataChampions.gd:288
Old contacts: two Rank C recruits waiting,Viejos contactos: dos reclutas de Rango C esperando,scripts/autoload/game_data/GameDataChampions.gd:289
Veteran start: Act I already done,Inicio veterano: el Acto I ya completado,scripts/autoload/game_data/GameDataChampions.gd:290
The Clerk's Copy: two ledger pages already found,La Copia del Escribano: dos páginas del libro de cuentas ya encontradas,scripts/autoload/game_data/GameDataChampions.gd:291
Pip's Key: choose your rifts' region until Act III is done,La Llave de Pip: elige la región de tus grietas hasta completar el Acto III,scripts/autoload/game_data/GameDataChampions.gd:292
"Once Rank %s with %s: %d rifts sealed, %d foes felled.","Antaño Rango %s con %s: %d grietas selladas, %d enemigos abatidos.",scripts/autoload/game_data/GameDataChampions.gd:304
"Took the forty-first post for %s, and held it.","Ocupó el puesto cuadragésimo primero por %s, y lo mantuvo.",scripts/autoload/game_data/GameDataChampions.gd:305
Different crest on the banner. Same work. I sealed %d rifts with %s; I can manage a few more.,Otro blasón en el estandarte. El mismo trabajo. Sellé %d grietas con %s; puedo con unas cuantas más.,scripts/autoload/game_data/GameDataChampions.gd:307
"Tell Hesper I kept count. %d rifts with %s, and every one of them stayed shut.","Dile a Hesper que llevé la cuenta. %d grietas con %s, y todas siguieron cerradas.",scripts/autoload/game_data/GameDataChampions.gd:308
"The light was very quiet. I kept thinking about payday at %s, of all things. %d rifts, and I still miss the pay table.","La luz era muy silenciosa. No dejaba de pensar en el día de paga en %s, nada menos. %d grietas, y aún echo de menos la mesa de pagos.",scripts/autoload/game_data/GameDataChampions.gd:309
Every year someone from %s climbed down to tell me how the harvest went. I'd like to hear it up close for once.,Cada año alguien de %s bajaba a contarme cómo había ido la cosecha. Me gustaría oírlo de cerca por una vez.,scripts/autoload/game_data/GameDataChampions.gd:311
Warrior,Guerrero,scripts/autoload/game_data/GameDataHeroes.gd:4
Ranger,Explorador,scripts/autoload/game_data/GameDataHeroes.gd:5
Mage,Mago,scripts/autoload/game_data/GameDataHeroes.gd:6
Cleric,Clérigo,scripts/autoload/game_data/GameDataHeroes.gd:7
Rogue,Pícaro,scripts/autoload/game_data/GameDataHeroes.gd:8
Common,Común,scripts/autoload/game_data/GameDataHeroes.gd:18
Rare,Raro,scripts/autoload/game_data/GameDataHeroes.gd:19
Epic,Épico,scripts/autoload/game_data/GameDataHeroes.gd:20
Legendary,Legendario,scripts/autoload/game_data/GameDataHeroes.gd:25
Ember,Ascua,scripts/autoload/game_data/GameDataHeroes.gd:129
Frost,Escarcha,scripts/autoload/game_data/GameDataHeroes.gd:129
Verdant,Verdor,scripts/autoload/game_data/GameDataHeroes.gd:129
Umbral,Umbral,scripts/autoload/game_data/GameDataHeroes.gd:129
Arcane,Arcano,scripts/autoload/game_data/GameDataHeroes.gd:129
Mends 2% HP/round,Cura 2% PV/ronda,scripts/autoload/game_data/GameDataHeroes.gd:134
+5% dodge chance,+5% prob. de esquivar,scripts/autoload/game_data/GameDataHeroes.gd:135
+1.5% dmg/round (stacking),"+1,5% daño/ronda (acumulable)",scripts/autoload/game_data/GameDataHeroes.gd:136
-6% hazard severity,-6% gravedad de peligros,scripts/autoload/game_data/GameDataHeroes.gd:137
+6% first-strike damage,+6% daño del primer golpe,scripts/autoload/game_data/GameDataHeroes.gd:138
Relic ward: survive a wipe at 8% HP,Barrera de reliquia: sobrevive a una derrota total con 8% de PV,scripts/autoload/game_data/GameDataHeroes.gd:139
+30% opening volley vs Bosses,+30% andanada inicial contra Jefes,scripts/autoload/game_data/GameDataHeroes.gd:140
+6% odds toward Rare/Epic loot,+6% prob. de botín Raro/Épico,scripts/autoload/game_data/GameDataHeroes.gd:141
+15% chance to counter-attack when evading or taking a heavy hit,+15% prob. de contraatacar al esquivar o recibir un golpe fuerte,scripts/autoload/game_data/GameDataHeroes.gd:142
+25% chance to gain 1 Momentum when evading or hit hard,+25% prob. de ganar 1 de Ímpetu al esquivar o recibir un golpe fuerte,scripts/autoload/game_data/GameDataHeroes.gd:143
"On a kill, shields the lowest-HP ally for 20% of their max HP","Al matar, da al aliado con menos PV un escudo del 20% de sus PV máx.",scripts/autoload/game_data/GameDataHeroes.gd:144
of Renewal,de Renovación,scripts/autoload/game_data/GameDataHeroes.gd:149
of the Wind,del Viento,scripts/autoload/game_data/GameDataHeroes.gd:149
of the Pyre,de la Pira,scripts/autoload/game_data/GameDataHeroes.gd:149
of Warding,de Guarda,scripts/autoload/game_data/GameDataHeroes.gd:149
of First Light,del Alba,scripts/autoload/game_data/GameDataHeroes.gd:150
of the Last Stand,de la Última Resistencia,scripts/autoload/game_data/GameDataHeroes.gd:150
of the Warhorn,del Cuerno de Guerra,scripts/autoload/game_data/GameDataHeroes.gd:150
of Fortune,de la Fortuna,scripts/autoload/game_data/GameDataHeroes.gd:151
of Thorns,de Espinas,scripts/autoload/game_data/GameDataHeroes.gd:151
of Haste,de Presteza,scripts/autoload/game_data/GameDataHeroes.gd:151
of the Bulwark,del Baluarte,scripts/autoload/game_data/GameDataHeroes.gd:151
The rift closes behind you.,La grieta se cierra a tu espalda.,scripts/autoload/game_data/GameDataHeroes.gd:188
Another door shuts.,Otra puerta se cierra.,scripts/autoload/game_data/GameDataHeroes.gd:188
The tear in the world seals over.,El desgarro del mundo se cierra.,scripts/autoload/game_data/GameDataHeroes.gd:188
Quiet returns to the floor you just cleared.,La calma vuelve al piso que acabas de despejar.,scripts/autoload/game_data/GameDataHeroes.gd:188
The world holds a little longer.,El mundo aguanta un poco más.,scripts/autoload/game_data/GameDataHeroes.gd:189
Nobody will thank you for it.,Nadie te lo agradecerá.,scripts/autoload/game_data/GameDataHeroes.gd:189
It won't stay closed forever.,No seguirá cerrada para siempre.,scripts/autoload/game_data/GameDataHeroes.gd:189
One less wound in the Rift's hide.,Una herida menos en la piel de la Grieta.,scripts/autoload/game_data/GameDataHeroes.gd:189
You were in and out before the rift even noticed.,Entraste y saliste antes de que la grieta se diera cuenta.,scripts/autoload/game_data/GameDataHeroes.gd:192
Clean work.,Trabajo limpio.,scripts/autoload/game_data/GameDataHeroes.gd:192
"No wasted swings, no wasted time.",Ni un golpe ni un segundo desperdiciados.,scripts/autoload/game_data/GameDataHeroes.gd:192
The Rift barely had a chance to answer.,La Grieta apenas tuvo ocasión de responder.,scripts/autoload/game_data/GameDataHeroes.gd:192
The Rift barely had time to react.,La Grieta apenas tuvo tiempo de reaccionar.,scripts/autoload/game_data/GameDataHeroes.gd:193
Efficiency the guild will remember.,Una eficiencia que el gremio recordará.,scripts/autoload/game_data/GameDataHeroes.gd:193
Some fights end before they really begin.,Algunos combates terminan antes de empezar de verdad.,scripts/autoload/game_data/GameDataHeroes.gd:193
Not every victory needs to be hard-won.,No toda victoria tiene que costar.,scripts/autoload/game_data/GameDataHeroes.gd:193
It fought like it knew what was coming.,Luchó como si supiera lo que se le venía.,scripts/autoload/game_data/GameDataHeroes.gd:196
The rift's champion falls.,El campeón de la grieta cae.,scripts/autoload/game_data/GameDataHeroes.gd:196
"Whatever it was guarding, it isn't guarding anymore.","Lo que fuera que custodiaba, ya no lo custodia.",scripts/autoload/game_data/GameDataHeroes.gd:196
The floor goes quiet where it used to stand.,El piso queda en silencio donde antes se alzaba.,scripts/autoload/game_data/GameDataHeroes.gd:196
Didn't matter.,No importó.,scripts/autoload/game_data/GameDataHeroes.gd:197
The rift itself feels smaller for it.,La propia grieta parece más pequeña por ello.,scripts/autoload/game_data/GameDataHeroes.gd:197
The guild adds one more name to the list.,El gremio añade un nombre más a la lista.,scripts/autoload/game_data/GameDataHeroes.gd:197
Some things don't come back from a fight like that.,Hay cosas que no vuelven de un combate así.,scripts/autoload/game_data/GameDataHeroes.gd:197
"Stronger than the rest, and still not strong enough.","Más fuerte que el resto, y aun así no lo bastante.",scripts/autoload/game_data/GameDataHeroes.gd:200
It made you work for it.,Te hizo sudar.,scripts/autoload/game_data/GameDataHeroes.gd:200
A cut above the usual — until it wasn't.,"Por encima de lo habitual, hasta que dejó de estarlo.",scripts/autoload/game_data/GameDataHeroes.gd:200
The Rift saves its better monsters for later. This one came early.,La Grieta guarda sus mejores monstruos para después. Este llegó pronto.,scripts/autoload/game_data/GameDataHeroes.gd:200
That's the difference between elite and dead.,Esa es la diferencia entre élite y muerto.,scripts/autoload/game_data/GameDataHeroes.gd:201
Worth the extra scars.,Valió las cicatrices de más.,scripts/autoload/game_data/GameDataHeroes.gd:201
The rest of the floor felt easier after that.,El resto del piso pareció más fácil después.,scripts/autoload/game_data/GameDataHeroes.gd:201
It won't be the last one like it.,No será el último de su clase.,scripts/autoload/game_data/GameDataHeroes.gd:201
Something in them has shifted.,Algo ha cambiado en su interior.,scripts/autoload/game_data/GameDataHeroes.gd:204
The rift changes people.,La grieta cambia a la gente.,scripts/autoload/game_data/GameDataHeroes.gd:204
They walked out different than they walked in.,Salió distinto de como entró.,scripts/autoload/game_data/GameDataHeroes.gd:204
"Whatever they were before, it isn't enough anymore.",Lo que fuera antes ya no basta.,scripts/autoload/game_data/GameDataHeroes.gd:204
"This time, for the better.","Esta vez, para bien.",scripts/autoload/game_data/GameDataHeroes.gd:205
"Growth has a cost, and they just paid it.","Crecer tiene un precio, y acaba de pagarlo.",scripts/autoload/game_data/GameDataHeroes.gd:205
The guild takes notice.,El gremio toma nota.,scripts/autoload/game_data/GameDataHeroes.gd:205
Not every change happens by choice — but this one did.,"No todo cambio se elige, pero este sí.",scripts/autoload/game_data/GameDataHeroes.gd:205
Something in the wreckage doesn't belong to this floor at all.,Algo entre los restos no pertenece en absoluto a este piso.,scripts/autoload/game_data/GameDataHeroes.gd:208
The rift doesn't usually give things like this away.,La grieta no suele regalar cosas así.,scripts/autoload/game_data/GameDataHeroes.gd:208
"Buried under the ordinary, something extraordinary.","Enterrado bajo lo corriente, algo extraordinario.",scripts/autoload/game_data/GameDataHeroes.gd:208
Not every rift hides a find like this.,No toda grieta esconde un hallazgo así.,scripts/autoload/game_data/GameDataHeroes.gd:208
"Luck, or the Rift wanted rid of it.","Suerte, o la Grieta quería deshacerse de ello.",scripts/autoload/game_data/GameDataHeroes.gd:209
The guild will be talking about this one.,El gremio hablará de esto.,scripts/autoload/game_data/GameDataHeroes.gd:209
Worth every wound it took to find it.,Valió cada herida que costó encontrarlo.,scripts/autoload/game_data/GameDataHeroes.gd:209
Some things are worth the risk of coming back for.,Hay cosas por las que vale la pena el riesgo de volver.,scripts/autoload/game_data/GameDataHeroes.gd:209
"A name, a crest, and nothing else yet.","Un nombre, un blasón y nada más todavía.",scripts/autoload/game_data/GameDataHeroes.gd:212
Every guild starts as an empty ledger.,Todo gremio empieza como un libro de cuentas vacío.,scripts/autoload/game_data/GameDataHeroes.gd:212
The banner goes up before anyone's earned it.,El estandarte se alza antes de que nadie se lo haya ganado.,scripts/autoload/game_data/GameDataHeroes.gd:212
No history yet. Just intent.,Aún sin historia. Solo intención.,scripts/autoload/game_data/GameDataHeroes.gd:212
That's how it always starts.,Así es como siempre empieza.,scripts/autoload/game_data/GameDataHeroes.gd:213
"The Rift doesn't care how you began, only how you end.","A la Grieta no le importa cómo empezaste, solo cómo terminas.",scripts/autoload/game_data/GameDataHeroes.gd:213
Everything after this gets written the hard way.,Todo lo que venga después se escribirá por las malas.,scripts/autoload/game_data/GameDataHeroes.gd:213
"Whatever comes next, it starts here.","Venga lo que venga, empieza aquí.",scripts/autoload/game_data/GameDataHeroes.gd:213
The rift left its mark.,La grieta dejó su marca.,scripts/autoload/game_data/GameDataHeroes.gd:216
Some wounds don't close all the way.,Algunas heridas no cierran del todo.,scripts/autoload/game_data/GameDataHeroes.gd:216
Not every scar shows on the skin.,No toda cicatriz se ve en la piel.,scripts/autoload/game_data/GameDataHeroes.gd:216
The fight is over. The fear isn't.,El combate ha terminado. El miedo no.,scripts/autoload/game_data/GameDataHeroes.gd:216
Quiet about how it happened.,Callado sobre cómo ocurrió.,scripts/autoload/game_data/GameDataHeroes.gd:217
A price paid for coming back at all.,"El precio de haber vuelto, sin más.",scripts/autoload/game_data/GameDataHeroes.gd:217
The rift takes more than HP sometimes.,A veces la grieta se lleva más que PV.,scripts/autoload/game_data/GameDataHeroes.gd:217
Not every cost gets fully repaid.,No todo coste se recupera del todo.,scripts/autoload/game_data/GameDataHeroes.gd:217
The Rift Hall's third gate finally answers.,La tercera puerta de la Sala de Grietas por fin responde.,scripts/autoload/game_data/GameDataHeroes.gd:220
"With Vaelith's Breach sealed, the chains on the old gateway snap loose.","Con la Brecha de Vaelith sellada, las cadenas del viejo portal se sueltan.",scripts/autoload/game_data/GameDataHeroes.gd:220
The rubble in the doorway stops mattering.,Los escombros del umbral dejan de importar.,scripts/autoload/game_data/GameDataHeroes.gd:220
"Something the guild wasn't ready for, until now it is.","Algo para lo que el gremio no estaba listo, hasta ahora.",scripts/autoload/game_data/GameDataHeroes.gd:220
It was always waiting.,Siempre estuvo esperando.,scripts/autoload/game_data/GameDataHeroes.gd:221
"Whatever's behind it, the guild has earned the right to find out.","Haya lo que haya detrás, el gremio se ha ganado el derecho a descubrirlo.",scripts/autoload/game_data/GameDataHeroes.gd:221
Not every gate opens with a key. Some just need proof.,No toda puerta se abre con una llave. Algunas solo necesitan pruebas.,scripts/autoload/game_data/GameDataHeroes.gd:221
The easy floors are behind you now.,Los pisos fáciles ya quedaron atrás.,scripts/autoload/game_data/GameDataHeroes.gd:221
Word spreads.,Se corre la voz.,scripts/autoload/game_data/GameDataHeroes.gd:224
Other guilds have started asking who you are.,Otros gremios han empezado a preguntar quién eres.,scripts/autoload/game_data/GameDataHeroes.gd:224
The name on the banner starts to mean something.,El nombre del estandarte empieza a significar algo.,scripts/autoload/game_data/GameDataHeroes.gd:224
Renown is its own kind of currency.,El renombre es una moneda en sí mismo.,scripts/autoload/game_data/GameDataHeroes.gd:224
The guild's name means something now.,El nombre del gremio ya significa algo.,scripts/autoload/game_data/GameDataHeroes.gd:225
Not everyone gets to hear it and stay calm.,No todos pueden oírlo y quedarse tranquilos.,scripts/autoload/game_data/GameDataHeroes.gd:225
"Whatever you're building, people have noticed.","Sea lo que sea lo que construyes, la gente lo ha notado.",scripts/autoload/game_data/GameDataHeroes.gd:225
Growth like this doesn't go unnoticed for long.,Un crecimiento así no pasa desapercibido mucho tiempo.,scripts/autoload/game_data/GameDataHeroes.gd:225
Weapon,Arma,scripts/autoload/game_data/GameDataHeroes.gd:236
Armor,Armadura,scripts/autoload/game_data/GameDataHeroes.gd:236
Focus,Enfoque,scripts/autoload/game_data/GameDataHeroes.gd:236
Blade,Filo,scripts/autoload/game_data/GameDataHeroes.gd:246
Bow,Arco,scripts/autoload/game_data/GameDataHeroes.gd:246
Staff,Bastón,scripts/autoload/game_data/GameDataHeroes.gd:246
Mace,Mazo,scripts/autoload/game_data/GameDataHeroes.gd:246
Dagger,Puñal,scripts/autoload/game_data/GameDataHeroes.gd:246
Axe,Hacha,scripts/autoload/game_data/GameDataHeroes.gd:246
Spear,Lanzón,scripts/autoload/game_data/GameDataHeroes.gd:246
Wand,Cetro,scripts/autoload/game_data/GameDataHeroes.gd:246
Plate,Peto,scripts/autoload/game_data/GameDataHeroes.gd:247
Guard,Proteger,scripts/autoload/game_data/GameDataHeroes.gd:247
Bracer,Brazal,scripts/autoload/game_data/GameDataHeroes.gd:247
Greaves,Grebas,scripts/autoload/game_data/GameDataHeroes.gd:247
Mail,Cota,scripts/autoload/game_data/GameDataHeroes.gd:247
Robe,Manto,scripts/autoload/game_data/GameDataHeroes.gd:247
Helm,Yelmo,scripts/autoload/game_data/GameDataHeroes.gd:247
Ring,Anillo,scripts/autoload/game_data/GameDataHeroes.gd:248
Amulet,Amuleto,scripts/autoload/game_data/GameDataHeroes.gd:248
Charm,Dije,locale/extra_msgids.txt
Band,Aro,scripts/autoload/game_data/GameDataHeroes.gd:248
Talisman,Talismán,scripts/autoload/game_data/GameDataHeroes.gd:248
Tome,Tomo,scripts/autoload/game_data/GameDataHeroes.gd:248
Orb,Orbe,scripts/autoload/game_data/GameDataHeroes.gd:248
Brutal,Brutal,scripts/autoload/game_data/GameDataHeroes.gd:273
Savage,Salvaje,scripts/autoload/game_data/GameDataHeroes.gd:273
Ambushing,Acechante,scripts/autoload/game_data/GameDataHeroes.gd:274
Sudden,Fulminante,scripts/autoload/game_data/GameDataHeroes.gd:274
Relentless,Implacable,scripts/autoload/game_data/GameDataHeroes.gd:275
Rising,Creciente,scripts/autoload/game_data/GameDataHeroes.gd:275
Stalwart,Firme,scripts/autoload/game_data/GameDataHeroes.gd:276
Hardy,Resistente,scripts/autoload/game_data/GameDataHeroes.gd:276
Warded,Con barrera,scripts/autoload/game_data/GameDataHeroes.gd:277
Bulwark,Baluarte,scripts/autoload/game_data/GameDataHeroes.gd:277
Mending,Sanador,scripts/autoload/game_data/GameDataHeroes.gd:278
Restorative,Reparador,scripts/autoload/game_data/GameDataHeroes.gd:278
Evasive,Evasivo,scripts/autoload/game_data/GameDataHeroes.gd:279
Nimble,Ágil,scripts/autoload/game_data/GameDataHeroes.gd:279
Swift,Veloz,scripts/autoload/game_data/GameDataHeroes.gd:280
Fleet,Raudo,scripts/autoload/game_data/GameDataHeroes.gd:280
of Ruin,de la Ruina,scripts/autoload/game_data/GameDataHeroes.gd:283
of Slaughter,de la Matanza,scripts/autoload/game_data/GameDataHeroes.gd:283
of First Blood,de la Primera Sangre,scripts/autoload/game_data/GameDataHeroes.gd:284
of the Ambush,de la Emboscada,scripts/autoload/game_data/GameDataHeroes.gd:284
of Escalation,de la Escalada,scripts/autoload/game_data/GameDataHeroes.gd:285
of the Storm,de la Tormenta,scripts/autoload/game_data/GameDataHeroes.gd:285
of Vitality,de Vitalidad,scripts/autoload/game_data/GameDataHeroes.gd:286
of Fortitude,de Fortaleza,scripts/autoload/game_data/GameDataHeroes.gd:286
of Mending,de Curación,scripts/autoload/game_data/GameDataHeroes.gd:288
of Evasion,de Evasión,scripts/autoload/game_data/GameDataHeroes.gd:289
of Shadows,de las Sombras,scripts/autoload/game_data/GameDataHeroes.gd:289
First-strike,Primer golpe,scripts/autoload/game_data/GameDataHeroes.gd:298
bonus damage on the party's opening round of every fight,daño extra en la ronda inicial del grupo en cada combate,scripts/autoload/game_data/GameDataHeroes.gd:298
per round \\(stacking\\)|escalat\\w*,por ronda \\(acumulable\\)|acumulable|escalad\\w*,scripts/autoload/game_data/GameDataHeroes.gd:299
Escalation,Escalada,scripts/autoload/game_data/GameDataHeroes.gd:299
damage that keeps growing every round the fight goes on,daño que no deja de crecer cada ronda que dura el combate,scripts/autoload/game_data/GameDataHeroes.gd:299
hazard severity|hazard guard,gravedad de peligros|protección contra peligros,scripts/autoload/game_data/GameDataHeroes.gd:300
Hazard guard,Protección contra peligros,scripts/autoload/game_data/GameDataHeroes.gd:300
"cuts the damage rift hazards (traps, fog, lava) deal to the party","reduce el daño que los peligros de la grieta (trampas, niebla, lava) causan al grupo",scripts/autoload/game_data/GameDataHeroes.gd:300
block a retaliation|dodge,bloquear una represalia|esquiv\\w*,scripts/autoload/game_data/GameDataHeroes.gd:301
Dodge,Esquiva,scripts/autoload/game_data/GameDataHeroes.gd:301
chance to avoid a monster's attack completely,probabilidad de evitar por completo el ataque de un monstruo,scripts/autoload/game_data/GameDataHeroes.gd:301
mends?|mending,curas?|curan|curación,scripts/autoload/game_data/GameDataHeroes.gd:302
Mend,Curación,scripts/autoload/game_data/GameDataHeroes.gd:302
the party heals a share of its HP at the end of every round,el grupo recupera una parte de sus PV al final de cada ronda,scripts/autoload/game_data/GameDataHeroes.gd:302
survive a wipe|wipe guard,sobrevive a una derrota total|protección contra derrota,scripts/autoload/game_data/GameDataHeroes.gd:303
Wipe guard,Protección contra derrota,scripts/autoload/game_data/GameDataHeroes.gd:303
"once per rift, the last hero standing survives a killing blow","una vez por grieta, el último héroe en pie sobrevive a un golpe mortal",scripts/autoload/game_data/GameDataHeroes.gd:303
take the hit|intercept,reciba el golpe|recibe el golpe|intercept\\w*,scripts/autoload/game_data/GameDataHeroes.gd:304
Intercept,Interceptar,scripts/autoload/game_data/GameDataHeroes.gd:304
step in front of an attack aimed at a wounded ally,interponerse ante un ataque dirigido a un aliado herido,scripts/autoload/game_data/GameDataHeroes.gd:304
counter-attack|counters?,contraata\\w*|contragolpes?,scripts/autoload/game_data/GameDataHeroes.gd:305
Counter,Contraataque,scripts/autoload/game_data/GameDataHeroes.gd:305
strike back at the attacker after dodging or taking a heavy hit,devolver el golpe al atacante tras esquivar o recibir un golpe fuerte,scripts/autoload/game_data/GameDataHeroes.gd:305
finish foes|execute,remata\\w*|ejecu\\w*,scripts/autoload/game_data/GameDataHeroes.gd:306
Execute,Rematar,scripts/autoload/game_data/GameDataHeroes.gd:306
instantly defeats a foe your hit leaves below the threshold,derrota al instante a un enemigo que tu golpe deja por debajo del umbral,scripts/autoload/game_data/GameDataHeroes.gd:306
act again,actúa otra vez|actuar otra vez,scripts/autoload/game_data/GameDataHeroes.gd:307
Extra turn,Turno extra,scripts/autoload/game_data/GameDataHeroes.gd:307
"the hero immediately takes another turn, once per round","el héroe juega otro turno al instante, una vez por ronda",scripts/autoload/game_data/GameDataHeroes.gd:307
shields?,escudos?,scripts/autoload/game_data/GameDataHeroes.gd:308
Shield,Escudo,scripts/autoload/game_data/GameDataHeroes.gd:308
absorbs incoming damage before HP is lost,absorbe el daño recibido antes de perder PV,scripts/autoload/game_data/GameDataHeroes.gd:308
acting first|acting last,actuar primero|actuar último,scripts/autoload/game_data/GameDataHeroes.gd:309
Turn order,Orden de turno,scripts/autoload/game_data/GameDataHeroes.gd:309
everyone acts in Speed order each round; first/last means this round's order,todos actúan por orden de Velocidad cada ronda; primero/último se refiere al orden de esta ronda,scripts/autoload/game_data/GameDataHeroes.gd:309
turn speed|speed,velocidad de turno|velocidad,scripts/autoload/game_data/GameDataHeroes.gd:310
Speed,Velocidad,scripts/autoload/game_data/GameDataHeroes.gd:310
"sets turn order each round, faster acts earlier",fija el orden de turno cada ronda; quien es más rápido actúa antes,scripts/autoload/game_data/GameDataHeroes.gd:310
front row|back row,fila delantera|fila trasera,scripts/autoload/game_data/GameDataHeroes.gd:311
Formation,Formación,scripts/autoload/game_data/GameDataHeroes.gd:311
the front row draws about 3x as many monster attacks as the back row,la fila delantera atrae unas 3 veces más ataques de monstruos que la trasera,scripts/autoload/game_data/GameDataHeroes.gd:311
Opener,Apertura,scripts/autoload/game_data/GameDataHeroes.gd:312
"win fast: first-strike, speed and round-one bursts","gana rápido: primer golpe, velocidad y ráfagas en la primera ronda",scripts/autoload/game_data/GameDataHeroes.gd:312
Attrition,Desgaste,scripts/autoload/game_data/GameDataHeroes.gd:313
win long fights: bonuses that grow with every round,gana combates largos: bonificaciones que crecen cada ronda,scripts/autoload/game_data/GameDataHeroes.gd:313
Guardian,Custodio,scripts/autoload/game_data/GameDataHeroes.gd:314
"keep the party standing: HP, hazard/wipe guard, intercepts","mantén al grupo en pie: PV, protección contra peligros/derrota, intercepciones",scripts/autoload/game_data/GameDataHeroes.gd:314
Evasion,Evasión,scripts/autoload/game_data/GameDataHeroes.gd:315
avoid hits: dodge and punishing counters,evita golpes: esquiva y contraataques punitivos,scripts/autoload/game_data/GameDataHeroes.gd:315
Sustain,Aguante,scripts/autoload/game_data/GameDataHeroes.gd:316
"outlast: mending, lifesteal and shields","resiste más: curación, robo de vida y escudos",scripts/autoload/game_data/GameDataHeroes.gd:316
Executioner,Verdugo,scripts/autoload/game_data/GameDataHeroes.gd:317
"finish things: raw damage, executes, boss killing","remata: daño puro, ejecuciones, matar jefes",scripts/autoload/game_data/GameDataHeroes.gd:317
(*UCP)(?i)(,,scripts/autoload/game_data/GameDataHeroes.gd:339
(*UCP)(?i)\\b(,(*UCP)(?i)\\b(,scripts/autoload/game_data/GameDataHeroes.gd:339
Killer's Eye,Ojo de Asesino,scripts/autoload/game_data/GameDataHeroes.gd:367
Bloodrush,Ímpetu de Sangre,scripts/autoload/game_data/GameDataHeroes.gd:368
Headhunter,Cazacabezas,scripts/autoload/game_data/GameDataHeroes.gd:369
Stand Firm,Mantente Firme,scripts/autoload/game_data/GameDataHeroes.gd:372
Protector,Protector,scripts/autoload/game_data/GameDataHeroes.gd:373
Unbowed,Indoblegable,scripts/autoload/game_data/GameDataHeroes.gd:374
Quick Draw,Desenfundado Rápido,scripts/autoload/game_data/GameDataHeroes.gd:377
Ambusher,Emboscador,scripts/autoload/game_data/GameDataHeroes.gd:378
Opening Salvo,Salva Inicial,scripts/autoload/game_data/GameDataHeroes.gd:379
Long Fight,Combate Largo,scripts/autoload/game_data/GameDataHeroes.gd:383
Wear Them Down,Desgástalos,scripts/autoload/game_data/GameDataHeroes.gd:384
Field Medic,Médico de Campo,scripts/autoload/game_data/GameDataHeroes.gd:387
Siphon,Sifón,scripts/autoload/game_data/GameDataHeroes.gd:388
Rallying Word,Palabra de Ánimo,scripts/autoload/game_data/GameDataHeroes.gd:389
Wary,Precavido,scripts/autoload/game_data/GameDataHeroes.gd:392
Brace,Prepararse,scripts/autoload/game_data/GameDataHeroes.gd:393
Covering Stance,Postura de Cobertura,scripts/autoload/game_data/GameDataHeroes.gd:394
Riposte,Réplica,scripts/autoload/game_data/GameDataHeroes.gd:398
Back-Row Shadow,Sombra de la Retaguardia,scripts/autoload/game_data/GameDataHeroes.gd:399
Last Bastion,Último Bastión,scripts/autoload/game_data/GameDataHeroes.gd:402
Oathkeeper,Guardajuramentos,scripts/autoload/game_data/GameDataHeroes.gd:403
Rally,Reagrupación,scripts/autoload/game_data/GameDataHeroes.gd:404
Giant's Bane,Perdición de Gigantes,scripts/autoload/game_data/GameDataHeroes.gd:407
Crushing Blow,Golpe Aplastante,scripts/autoload/game_data/GameDataHeroes.gd:408
Apex,Cúspide,scripts/autoload/game_data/GameDataHeroes.gd:409
Vanguard,Vanguardia,scripts/autoload/game_data/GameDataHeroes.gd:418
Flanker,Flanqueador,scripts/autoload/game_data/GameDataHeroes.gd:420
Overwatch,Vigilancia,scripts/autoload/game_data/GameDataHeroes.gd:422
Safe Distance,Distancia Segura,scripts/autoload/game_data/GameDataHeroes.gd:424
Sanctuary Line,Línea Santuario,scripts/autoload/game_data/GameDataHeroes.gd:426
Might,Fuerza,scripts/autoload/game_data/GameDataHeroes.gd:510
Agility,Agilidad,scripts/autoload/game_data/GameDataHeroes.gd:510
+2% damage and +1.5% HP per point above 5,"+2% de daño y +1,5% de PV por punto sobre 5",scripts/autoload/game_data/GameDataHeroes.gd:520
"+2% speed, +1.5% dodge and +2% first-strike per point above 5","+2% de velocidad, +1,5% de esquiva y +2% de primer golpe por punto sobre 5",scripts/autoload/game_data/GameDataHeroes.gd:521
+4% ability power and +0.2% mend per point above 5,"+4% de poder de habilidades y +0,2% de curación por punto sobre 5",scripts/autoload/game_data/GameDataHeroes.gd:522
Healing Tonic,Tónico Curativo,scripts/autoload/game_data/GameDataHeroes.gd:557
"Heals an ally 35% of max HP and cleanses burn, poison, chill, stun and curses.","Cura a un aliado un 35% de sus PV máx. y elimina quemaduras, veneno, frío, aturdimiento y maldiciones.",scripts/autoload/game_data/GameDataHeroes.gd:558
Iron Tonic,Tónico de Hierro,scripts/autoload/game_data/GameDataHeroes.gd:559
Wards an ally for 30% of their max HP.,Da a un aliado una barrera del 30% de sus PV máx.,scripts/autoload/game_data/GameDataHeroes.gd:560
Focus Tonic,Tónico de Enfoque,scripts/autoload/game_data/GameDataHeroes.gd:561
+3 Momentum for the party.,+3 de Ímpetu para el grupo.,scripts/autoload/game_data/GameDataHeroes.gd:562
Ambush,Emboscada,scripts/autoload/game_data/GameDataHeroes.gd:635
of the Headsman,del Verdugo,scripts/autoload/game_data/GameDataHeroes.gd:636
Bloodthirst,Sed de Sangre,scripts/autoload/game_data/GameDataHeroes.gd:637
of Thirst,de la Sed,scripts/autoload/game_data/GameDataHeroes.gd:637
Surge,Oleada,scripts/autoload/game_data/GameDataHeroes.gd:638
of the Surge,de la Oleada,scripts/autoload/game_data/GameDataHeroes.gd:638
Thunderclap,Trueno,scripts/autoload/game_data/GameDataHeroes.gd:639
of Thunder,del Trueno,scripts/autoload/game_data/GameDataHeroes.gd:639
of the Long Fight,del Combate Largo,scripts/autoload/game_data/GameDataHeroes.gd:640
Onslaught,Embestida,scripts/autoload/game_data/GameDataHeroes.gd:641
of Onslaught,de la Embestida,scripts/autoload/game_data/GameDataHeroes.gd:641
of Riposte,de la Réplica,scripts/autoload/game_data/GameDataHeroes.gd:644
Shield-Bearer,Portaescudos,scripts/autoload/game_data/GameDataHeroes.gd:645
of the Shield-Bearer,del Portaescudos,scripts/autoload/game_data/GameDataHeroes.gd:645
Blunting,Embotamiento,scripts/autoload/game_data/GameDataHeroes.gd:646
of Blunting,del Embotamiento,scripts/autoload/game_data/GameDataHeroes.gd:646
Aegis,Égida,scripts/autoload/game_data/GameDataHeroes.gd:648
of the Aegis,de la Égida,scripts/autoload/game_data/GameDataHeroes.gd:648
Renewal,Renovación,scripts/autoload/game_data/GameDataHeroes.gd:651
Grace,Gracia,scripts/autoload/game_data/GameDataHeroes.gd:652
of Grace,de la Gracia,scripts/autoload/game_data/GameDataHeroes.gd:652
Blur,Difuminado,scripts/autoload/game_data/GameDataHeroes.gd:653
of the Blur,del Difuminado,scripts/autoload/game_data/GameDataHeroes.gd:653
Giant-Slayer,Matagigantes,scripts/autoload/game_data/GameDataHeroes.gd:654
of Giants,de los Gigantes,scripts/autoload/game_data/GameDataHeroes.gd:654
of Focus,del Enfoque,scripts/autoload/game_data/GameDataHeroes.gd:655
"Fresh off the recruiting table, with a borrowed sword and big plans.","Recién salido de la mesa de reclutamiento, con una espada prestada y grandes planes.",scripts/autoload/game_data/GameDataHeroes.gd:725
"Good with a bow, better with a trail, untested in a rift.","Bueno con el arco, mejor con un rastro, sin probar en una grieta.",scripts/autoload/game_data/GameDataHeroes.gd:726
"Knows enough spells to be dangerous, mostly to foes.","Sabe los hechizos justos para ser peligroso, sobre todo para los enemigos.",scripts/autoload/game_data/GameDataHeroes.gd:727
"Carries a prayer book and a bag of bandages, in that order.","Lleva un libro de oraciones y una bolsa de vendas, en ese orden.",scripts/autoload/game_data/GameDataHeroes.gd:728
Light on their feet and lighter-fingered; nobody asks too closely.,Ligero de pies y más aún de manos; nadie pregunta demasiado.,scripts/autoload/game_data/GameDataHeroes.gd:729
Squire,Escudero,scripts/autoload/game_data/GameDataHeroes.gd:771
A guild recruit swinging a borrowed blade.,Un recluta del gremio que blande una espada prestada.,scripts/autoload/game_data/GameDataHeroes.gd:771
Footman,Infante,scripts/autoload/game_data/GameDataHeroes.gd:772
"Slow, sturdy, and hard to put down.","Lento, robusto y difícil de tumbar.",scripts/autoload/game_data/GameDataHeroes.gd:772
Duelist,Duelista,scripts/autoload/game_data/GameDataHeroes.gd:773
Wins the exchange before it starts.,Gana el intercambio antes de que empiece.,scripts/autoload/game_data/GameDataHeroes.gd:773
A wall with opinions.,Un muro con opiniones.,scripts/autoload/game_data/GameDataHeroes.gd:774
Berserker,Berserker,scripts/autoload/game_data/GameDataHeroes.gd:775
Considers armor a personal insult.,Considera la armadura un insulto personal.,scripts/autoload/game_data/GameDataHeroes.gd:775
Iron-Guard,Guardia de Hierro,scripts/autoload/game_data/GameDataHeroes.gd:776
"Rift-forged plate, dented and unbothered.","Placas forjadas en la grieta, abolladas e impasibles.",scripts/autoload/game_data/GameDataHeroes.gd:776
Bloodletter,Sangrador,scripts/autoload/game_data/GameDataHeroes.gd:777
Trades wounds and wins the trade.,Intercambia heridas y sale ganando.,scripts/autoload/game_data/GameDataHeroes.gd:777
Runeblade,Hoja Rúnica,scripts/autoload/game_data/GameDataHeroes.gd:778
Every strike is already inscribed.,Cada golpe ya está inscrito.,scripts/autoload/game_data/GameDataHeroes.gd:778
Ashen Templar,Templario Ceniciento,scripts/autoload/game_data/GameDataHeroes.gd:779
Has died before. Didn't care for it.,Ya ha muerto antes. No le gustó.,scripts/autoload/game_data/GameDataHeroes.gd:779
Rift Sovereign,Soberano de la Grieta,scripts/autoload/game_data/GameDataHeroes.gd:780
The Rift answers to almost nothing. Almost.,La Grieta no responde ante casi nada. Casi.,scripts/autoload/game_data/GameDataHeroes.gd:780
Fieldmender,Sanador de Campo,scripts/autoload/game_data/GameDataHeroes.gd:783
Patches the party between swings.,Remienda al grupo entre golpe y golpe.,scripts/autoload/game_data/GameDataHeroes.gd:783
Featherguard,Guardapluma,scripts/autoload/game_data/GameDataHeroes.gd:784
"Heavy armor, light feet.","Armadura pesada, pies ligeros.",scripts/autoload/game_data/GameDataHeroes.gd:784
Trailblazer,Pionero,scripts/autoload/game_data/GameDataHeroes.gd:785
"First through the door, first to swing.","El primero en cruzar la puerta, el primero en golpear.",scripts/autoload/game_data/GameDataHeroes.gd:785
Frostguard,Guardia de Escarcha,scripts/autoload/game_data/GameDataHeroes.gd:786
The cold never bothered the plate much.,Al frío nunca le importó mucho la armadura.,scripts/autoload/game_data/GameDataHeroes.gd:786
Warbrand,Marca de Guerra,scripts/autoload/game_data/GameDataHeroes.gd:787
"Gets angrier, not slower.","Se enfada más, no se vuelve más lento.",scripts/autoload/game_data/GameDataHeroes.gd:787
Aegis-Bearer,Portador de la Égida,scripts/autoload/game_data/GameDataHeroes.gd:788
"The last thing standing, on principle.","Lo último en pie, por principio.",scripts/autoload/game_data/GameDataHeroes.gd:788
Stormguard,Guardia de la Tormenta,scripts/autoload/game_data/GameDataHeroes.gd:789
Meets the charge before it lands.,Recibe la carga antes de que llegue.,scripts/autoload/game_data/GameDataHeroes.gd:789
Rift-Breaker,Rompegrietas,scripts/autoload/game_data/GameDataHeroes.gd:790
Puts the first crack in anything.,Abre la primera fisura en cualquier cosa.,scripts/autoload/game_data/GameDataHeroes.gd:790
Trapper,Trampero,scripts/autoload/game_data/GameDataHeroes.gd:792
Sets more snares than the Rift can spring.,Pone más trampas de las que la Grieta puede activar.,scripts/autoload/game_data/GameDataHeroes.gd:792
Slinger,Hondero,scripts/autoload/game_data/GameDataHeroes.gd:793
Improvises a weapon out of whatever's at hand.,Improvisa un arma con lo que tenga a mano.,scripts/autoload/game_data/GameDataHeroes.gd:793
Pathfinder,Rastreador,scripts/autoload/game_data/GameDataHeroes.gd:794
Already knows where the floor gives way.,Ya sabe dónde cede el suelo.,scripts/autoload/game_data/GameDataHeroes.gd:794
Longshot,Tiro Largo,scripts/autoload/game_data/GameDataHeroes.gd:795
One arrow. Rarely needs a second.,Una flecha. Rara vez necesita otra.,scripts/autoload/game_data/GameDataHeroes.gd:795
Blade-Dancer,Danzaespadas,scripts/autoload/game_data/GameDataHeroes.gd:796
The opening strike is the whole performance.,El golpe inicial es toda la función.,scripts/autoload/game_data/GameDataHeroes.gd:796
Warden,Guardián,locale/extra_msgids.txt
Has walked through worse hallways than this.,Ha recorrido pasillos peores que este.,scripts/autoload/game_data/GameDataHeroes.gd:797
Stormtracker,Rastreatormentas,scripts/autoload/game_data/GameDataHeroes.gd:798
Follows the lightning instead of waiting for thunder.,Sigue al rayo en vez de esperar al trueno.,scripts/autoload/game_data/GameDataHeroes.gd:798
Rift-Ranger,Explorador de Grietas,scripts/autoload/game_data/GameDataHeroes.gd:799
Reads a hallway before it reads back.,Lee un pasillo antes de que el pasillo lo lea a él.,scripts/autoload/game_data/GameDataHeroes.gd:799
Deadfall Hunter,Cazador de Trampas,scripts/autoload/game_data/GameDataHeroes.gd:800
Sets the trap the Rift walks into instead.,Pone la trampa en la que cae la propia Grieta.,scripts/autoload/game_data/GameDataHeroes.gd:800
Voidwalker,Caminante del Vacío,scripts/autoload/game_data/GameDataHeroes.gd:801
Half-stepped out of the fight before it began.,Medio fuera del combate antes de que empezara.,scripts/autoload/game_data/GameDataHeroes.gd:801
Shadowtracker,Rastreasombras,scripts/autoload/game_data/GameDataHeroes.gd:804
Tracks by scent when the light gives out.,Rastrea por el olor cuando falla la luz.,scripts/autoload/game_data/GameDataHeroes.gd:804
Fieldscout,Batidor,scripts/autoload/game_data/GameDataHeroes.gd:805
Knows exactly where to put an arrow.,Sabe exactamente dónde poner una flecha.,scripts/autoload/game_data/GameDataHeroes.gd:805
Nightwarden,Guardián Nocturno,scripts/autoload/game_data/GameDataHeroes.gd:806
Watches the dark so the party doesn't have to.,Vigila la oscuridad para que el grupo no tenga que hacerlo.,scripts/autoload/game_data/GameDataHeroes.gd:806
Sapling-Keeper,Guardabrotes,scripts/autoload/game_data/GameDataHeroes.gd:807
Field dressings from whatever's growing nearby.,Vendajes de campo con lo que crezca cerca.,scripts/autoload/game_data/GameDataHeroes.gd:807
Duskstalker,Acechador del Ocaso,scripts/autoload/game_data/GameDataHeroes.gd:808
Gone before the echo catches up.,Se ha ido antes de que llegue el eco.,scripts/autoload/game_data/GameDataHeroes.gd:808
Gale Marksman,Tirador del Vendaval,scripts/autoload/game_data/GameDataHeroes.gd:809
The wind carries the first shot true.,El viento lleva certero el primer disparo.,scripts/autoload/game_data/GameDataHeroes.gd:809
Rift-Piercer,Perforagrietas,scripts/autoload/game_data/GameDataHeroes.gd:810
Finds the one seam every ward has.,Encuentra la única costura que tiene toda barrera.,scripts/autoload/game_data/GameDataHeroes.gd:810
Wintertide Archer,Arquero Invernal,scripts/autoload/game_data/GameDataHeroes.gd:811
Colder with every arrow loosed.,Más frío con cada flecha disparada.,scripts/autoload/game_data/GameDataHeroes.gd:811
Rift-Eclipsed Warden,Guardiana Eclipsada,scripts/autoload/game_data/GameDataHeroes.gd:812
Every shadow in the Rift owes her an arrow.,Cada sombra de la Grieta le debe una flecha.,scripts/autoload/game_data/GameDataHeroes.gd:812
Apprentice,Aprendiz,scripts/autoload/game_data/GameDataHeroes.gd:814
Still learning to hold a spark steady.,Aún aprende a sostener una chispa.,scripts/autoload/game_data/GameDataHeroes.gd:814
Cinderling,Cenizo,scripts/autoload/game_data/GameDataHeroes.gd:815
"Sparks first, thinks second.","Primero chispea, luego piensa.",scripts/autoload/game_data/GameDataHeroes.gd:815
Fledgling Seer,Vidente Novato,scripts/autoload/game_data/GameDataHeroes.gd:816
Sees the trap a half-second before it triggers.,Ve la trampa medio segundo antes de que salte.,scripts/autoload/game_data/GameDataHeroes.gd:816
Cinder-Adept,Adepto de Ceniza,scripts/autoload/game_data/GameDataHeroes.gd:817
Every spell warms up the next.,Cada hechizo calienta el siguiente.,scripts/autoload/game_data/GameDataHeroes.gd:817
Frost Scholar,Erudito de Escarcha,scripts/autoload/game_data/GameDataHeroes.gd:818
Studies the Rift's cold so it can't study back.,Estudia el frío de la Grieta para que no lo estudie a él.,scripts/autoload/game_data/GameDataHeroes.gd:818
Wardweaver,Tejebarreras,scripts/autoload/game_data/GameDataHeroes.gd:819
Weaves a ward faster than the Rift can break it.,Teje una barrera más rápido de lo que la Grieta puede romperla.,scripts/autoload/game_data/GameDataHeroes.gd:819
Stormcaller,Invocatormentas,scripts/autoload/game_data/GameDataHeroes.gd:820
Calls down more with every passing second.,Invoca más con cada segundo que pasa.,scripts/autoload/game_data/GameDataHeroes.gd:820
Pyromancer,Piromante,scripts/autoload/game_data/GameDataHeroes.gd:821
The Rift itself seems to lean away.,Hasta la Grieta parece apartarse.,scripts/autoload/game_data/GameDataHeroes.gd:821
Archon of Storms,Arconte de las Tormentas,scripts/autoload/game_data/GameDataHeroes.gd:822
Opens every Warden's door with thunder.,Abre la puerta de cada Guardián con un trueno.,scripts/autoload/game_data/GameDataHeroes.gd:822
The Unbound,El Desatado,scripts/autoload/game_data/GameDataHeroes.gd:823
No name holds it. No floor stops it.,Ningún nombre lo retiene. Ningún piso lo detiene.,scripts/autoload/game_data/GameDataHeroes.gd:823
Thornweaver,Tejespinas,scripts/autoload/game_data/GameDataHeroes.gd:826
Grows a ward out of nothing but will.,Hace crecer una barrera solo con su voluntad.,scripts/autoload/game_data/GameDataHeroes.gd:826
Shade-Adept,Adepto de la Sombra,scripts/autoload/game_data/GameDataHeroes.gd:827
The first spell is always the quiet one.,El primer hechizo siempre es el silencioso.,scripts/autoload/game_data/GameDataHeroes.gd:827
Stoneward Mystic,Místico Guardapiedra,scripts/autoload/game_data/GameDataHeroes.gd:828
Turns skin to something closer to bark.,Convierte la piel en algo más parecido a la corteza.,scripts/autoload/game_data/GameDataHeroes.gd:828
Grim Conjurer,Conjurador Sombrío,scripts/autoload/game_data/GameDataHeroes.gd:829
Bargains with the dark for one more round.,Negocia con la oscuridad una ronda más.,scripts/autoload/game_data/GameDataHeroes.gd:829
Verdant Oracle,Oráculo Verde,scripts/autoload/game_data/GameDataHeroes.gd:830
Reads the future in root and leaf.,Lee el futuro en raíces y hojas.,scripts/autoload/game_data/GameDataHeroes.gd:830
Duskglass Seer,Vidente del Cristal Crepuscular,scripts/autoload/game_data/GameDataHeroes.gd:831
Sees the strike land before it's thrown.,Ve el golpe impactar antes de que se lance.,scripts/autoload/game_data/GameDataHeroes.gd:831
Ashbound Theorist,Teórico de Ceniza,scripts/autoload/game_data/GameDataHeroes.gd:832
Every equation ends in fire.,Toda ecuación termina en fuego.,scripts/autoload/game_data/GameDataHeroes.gd:832
Rift-Warden Magus,Mago Guardián de Grietas,scripts/autoload/game_data/GameDataHeroes.gd:833
Wards the floor before the Rift finishes forming it.,Protege el piso antes de que la Grieta termine de formarlo.,scripts/autoload/game_data/GameDataHeroes.gd:833
Peddler,Buhonero,scripts/autoload/game_data/GameDataHeroes.gd:835
Sells bandages. Uses them too.,Vende vendas. También las usa.,scripts/autoload/game_data/GameDataHeroes.gd:835
Acolyte,Acólito,scripts/autoload/game_data/GameDataHeroes.gd:836
"Prays quietly, heals quietly.","Reza en silencio, cura en silencio.",scripts/autoload/game_data/GameDataHeroes.gd:836
Herbalist,Herbolario,scripts/autoload/game_data/GameDataHeroes.gd:837
Carries a field kit for every wound.,Lleva un botiquín para cada herida.,scripts/autoload/game_data/GameDataHeroes.gd:837
Lay Brother,Hermano Lego,scripts/autoload/game_data/GameDataHeroes.gd:838
Swings a censer like it owes him money.,Blande un incensario como si le debiera dinero.,scripts/autoload/game_data/GameDataHeroes.gd:838
Battle Chaplain,Capellán de Batalla,scripts/autoload/game_data/GameDataHeroes.gd:839
Prays loudly enough to keep the party moving.,Reza lo bastante alto para que el grupo no se detenga.,scripts/autoload/game_data/GameDataHeroes.gd:839
Zealot,Fanático,scripts/autoload/game_data/GameDataHeroes.gd:840
"Faith, mostly. A blade, occasionally.","Fe, sobre todo. Una espada, de vez en cuando.",scripts/autoload/game_data/GameDataHeroes.gd:840
Rift-Medic,Médico de Grietas,scripts/autoload/game_data/GameDataHeroes.gd:841
Faster hands than the Rift has wounds to give.,Manos más rápidas que las heridas que da la Grieta.,scripts/autoload/game_data/GameDataHeroes.gd:841
Dawnkeeper,Guardián del Alba,scripts/autoload/game_data/GameDataHeroes.gd:842
Carries first light into the deepest floor.,Lleva la primera luz al piso más profundo.,scripts/autoload/game_data/GameDataHeroes.gd:842
Sanctified Shield,Escudo Santificado,scripts/autoload/game_data/GameDataHeroes.gd:843
Swears the party will not fall today.,Jura que el grupo no caerá hoy.,scripts/autoload/game_data/GameDataHeroes.gd:843
Alchemist,Alquimista,scripts/autoload/game_data/GameDataHeroes.gd:844
Brews faster than the Rift can wound.,Destila más rápido de lo que la Grieta hiere.,scripts/autoload/game_data/GameDataHeroes.gd:844
Emberblessed Acolyte,Acólito Bendecido por las Ascuas,scripts/autoload/game_data/GameDataHeroes.gd:847
"Prays with a lit candle, not a cold one.","Reza con una vela encendida, no con una fría.",scripts/autoload/game_data/GameDataHeroes.gd:847
Frostward Sister,Hermana Guardaescarcha,scripts/autoload/game_data/GameDataHeroes.gd:848
Keeps the chill out of everyone but herself.,Aleja el frío de todos menos de sí misma.,scripts/autoload/game_data/GameDataHeroes.gd:848
Vanguard Chaplain,Capellán de Vanguardia,scripts/autoload/game_data/GameDataHeroes.gd:849
Blesses the blade before it's needed.,Bendice la espada antes de que haga falta.,scripts/autoload/game_data/GameDataHeroes.gd:849
Hearth-Warden,Guardián del Hogar,scripts/autoload/game_data/GameDataHeroes.gd:850
A fire that doesn't go out in the cold.,Un fuego que no se apaga con el frío.,scripts/autoload/game_data/GameDataHeroes.gd:850
Ember Confessor,Confesor de Ascuas,scripts/autoload/game_data/GameDataHeroes.gd:851
"Absolves the Rift of its sins, briefly.","Absuelve a la Grieta de sus pecados, brevemente.",scripts/autoload/game_data/GameDataHeroes.gd:851
Frost Anchorite,Anacoreta de Escarcha,scripts/autoload/game_data/GameDataHeroes.gd:852
"Fasts, prays, and somehow still heals faster.","Ayuna, reza y, de algún modo, aún cura más rápido.",scripts/autoload/game_data/GameDataHeroes.gd:852
Radiant Vanguard,Vanguardia Radiante,scripts/autoload/game_data/GameDataHeroes.gd:853
"Leads with light, not caution.","Guía con luz, no con cautela.",scripts/autoload/game_data/GameDataHeroes.gd:853
Sainted Ember,Ascua Santa,scripts/autoload/game_data/GameDataHeroes.gd:854
The Rift's worst still flinches from her first word.,Lo peor de la Grieta aún se estremece ante su primera palabra.,scripts/autoload/game_data/GameDataHeroes.gd:854
Last-Light Martyr,Mártir de la Última Luz,scripts/autoload/game_data/GameDataHeroes.gd:855
The party has never seen the floor she stood between them and.,El grupo nunca ha visto el piso del que ella lo protegió.,scripts/autoload/game_data/GameDataHeroes.gd:855
Scavenger,Carroñero,scripts/autoload/game_data/GameDataHeroes.gd:857
Knows which puddles not to step in.,Sabe qué charcos no pisar.,scripts/autoload/game_data/GameDataHeroes.gd:857
Runaway,Fugitivo,scripts/autoload/game_data/GameDataHeroes.gd:858
Has never once stood and fought fair.,Jamás se ha quedado a pelear limpio.,scripts/autoload/game_data/GameDataHeroes.gd:858
Cutpurse,Cortabolsas,scripts/autoload/game_data/GameDataHeroes.gd:859
Leaves with more than they came with.,Se va con más de lo que traía.,scripts/autoload/game_data/GameDataHeroes.gd:859
Skirmisher,Hostigador,scripts/autoload/game_data/GameDataHeroes.gd:860
Never where the last swing landed.,Nunca donde cayó el último golpe.,scripts/autoload/game_data/GameDataHeroes.gd:860
Footpad,Salteador,scripts/autoload/game_data/GameDataHeroes.gd:861
Nobody's ever heard them arrive.,Nadie lo ha oído llegar jamás.,scripts/autoload/game_data/GameDataHeroes.gd:861
Shadowfoot,Pie de Sombra,scripts/autoload/game_data/GameDataHeroes.gd:862
The Rift barely notices it was there.,La Grieta apenas nota que estuvo allí.,scripts/autoload/game_data/GameDataHeroes.gd:862
Fleetblade,Hoja Veloz,scripts/autoload/game_data/GameDataHeroes.gd:863
Gets faster the longer no one catches them.,Se vuelve más rápido cuanto más tiempo pasa sin que lo atrapen.,scripts/autoload/game_data/GameDataHeroes.gd:863
Nightblade,Hoja Nocturna,scripts/autoload/game_data/GameDataHeroes.gd:864
Strikes from the dark and returns to it.,Golpea desde la oscuridad y vuelve a ella.,scripts/autoload/game_data/GameDataHeroes.gd:864
Wraithstep,Paso Espectral,scripts/autoload/game_data/GameDataHeroes.gd:865
Leaves two footprints and no explanation.,Deja dos huellas y ninguna explicación.,scripts/autoload/game_data/GameDataHeroes.gd:865
Duskrunner,Corredor del Ocaso,scripts/autoload/game_data/GameDataHeroes.gd:866
Moves like the space between two heartbeats.,Se mueve como el espacio entre dos latidos.,scripts/autoload/game_data/GameDataHeroes.gd:866
Herbrunner,Corredor de Hierbas,scripts/autoload/game_data/GameDataHeroes.gd:869
Knows every plant the Rift hasn't poisoned yet.,Conoce cada planta que la Grieta aún no ha envenenado.,scripts/autoload/game_data/GameDataHeroes.gd:869
Arcane Pilferer,Ratero Arcano,scripts/autoload/game_data/GameDataHeroes.gd:870
Steals more than coin from a warded vault.,Roba más que monedas de una cámara protegida.,scripts/autoload/game_data/GameDataHeroes.gd:870
Ironhide Footpad,Salteador Pielférrea,scripts/autoload/game_data/GameDataHeroes.gd:871
Tougher than a rogue has any right to be.,Más duro de lo que un pícaro tiene derecho a ser.,scripts/autoload/game_data/GameDataHeroes.gd:871
Glyphhand,Manoglifo,scripts/autoload/game_data/GameDataHeroes.gd:872
Reads a ward's seams like a lockpick reads a door.,Lee las costuras de una barrera como una ganzúa lee una puerta.,scripts/autoload/game_data/GameDataHeroes.gd:872
Bramblefoot,Pie de Zarza,scripts/autoload/game_data/GameDataHeroes.gd:873
The undergrowth hides more than it seems to.,La maleza esconde más de lo que parece.,scripts/autoload/game_data/GameDataHeroes.gd:873
Rift-Slipper,Escurregrietas,scripts/autoload/game_data/GameDataHeroes.gd:874
Steps half out of reality when it matters.,Sale a medias de la realidad cuando importa.,scripts/autoload/game_data/GameDataHeroes.gd:874
Wraithblade Adept,Adepto de la Hoja Espectral,scripts/autoload/game_data/GameDataHeroes.gd:875
"Every strike thinner than the last, and faster.","Cada golpe más fino que el anterior, y más rápido.",scripts/autoload/game_data/GameDataHeroes.gd:875
The Unseen Hand,La Mano Invisible,scripts/autoload/game_data/GameDataHeroes.gd:876
Already struck before the boss noticed it arrive.,Ya ha golpeado antes de que el jefe note su llegada.,scripts/autoload/game_data/GameDataHeroes.gd:876
The Final Cut,El Corte Final,scripts/autoload/game_data/GameDataHeroes.gd:877
Nothing has landed a hit since the Rift learned her name.,Nada la ha tocado desde que la Grieta aprendió su nombre.,scripts/autoload/game_data/GameDataHeroes.gd:877
Bloodthirst Fang,Colmillo Sanguinario,scripts/autoload/game_data/GameDataItems.gd:18
Heals the wielder for 25% of the damage they deal each round they attack. -15% hazard severity guard.,Cura a su portador un 25% del daño que causa cada ronda que ataca. -15% protección contra peligros.,scripts/autoload/game_data/GameDataItems.gd:22
Widow's Edge,Filo de la Viuda,scripts/autoload/game_data/GameDataItems.gd:23
Instantly finishes a foe this hero's attack would drop below 15% HP. -10% damage otherwise.,Remata al instante a un enemigo que el ataque de este héroe dejaría por debajo del 15% de PV. -10% de daño en otro caso.,scripts/autoload/game_data/GameDataItems.gd:27
Last Stand Plate,Peto de la Última Resistencia,scripts/autoload/game_data/GameDataItems.gd:28
"The lower this hero's HP, up to +30% dodge chance near death. -10% dodge chance at full HP.","Cuanto menos PV tenga este héroe, hasta +30% de prob. de esquivar al borde de la muerte. -10% de prob. de esquivar con PV al máximo.",scripts/autoload/game_data/GameDataItems.gd:32
Oathbound Talisman,Talismán Juramentado,scripts/autoload/game_data/GameDataItems.gd:33
"Whenever the party mends, also shields the lowest-HP ally for 15% of their max HP. -15% damage. Cleric only.","Cada vez que el grupo se cura, también da al aliado con menos PV un escudo del 15% de sus PV máx. -15% de daño. Solo clérigo.",scripts/autoload/game_data/GameDataItems.gd:37
Reaper's Due,Deuda del Segador,scripts/autoload/game_data/GameDataItems.gd:40
"On a kill, this hero immediately acts again (once per round). -10% HP.","Al matar, este héroe actúa de nuevo al instante (una vez por ronda). -10% de PV.",scripts/autoload/game_data/GameDataItems.gd:44
Quickening Band,Aro de Presteza,scripts/autoload/game_data/GameDataItems.gd:45
+2% damage for every point of Speed above 10. -8% HP.,+2% de daño por cada punto de Velocidad sobre 10. -8% de PV.,scripts/autoload/game_data/GameDataItems.gd:49
Millstone Maul,Mazo de Molino,scripts/autoload/game_data/GameDataItems.gd:50
+50% damage when this hero is the last in the round to act. -40% Speed.,+50% de daño cuando este héroe es el último en actuar en la ronda. -40% de Velocidad.,scripts/autoload/game_data/GameDataItems.gd:54
Hourglass of First Light,Reloj de Arena del Alba,scripts/autoload/game_data/GameDataItems.gd:55
+40% damage when this hero acts first in the round. -8% HP.,+40% de daño cuando este héroe actúa primero en la ronda. -8% de PV.,scripts/autoload/game_data/GameDataItems.gd:59
Warden's Oath,Juramento del Guardián,scripts/autoload/game_data/GameDataItems.gd:60
60% chance to step in front of a blow aimed at an ally below half HP. -10% dodge chance.,60% de prob. de interponerse ante un golpe dirigido a un aliado con menos de la mitad de PV. -10% de prob. de esquivar.,scripts/autoload/game_data/GameDataItems.gd:64
Ember of the Last Hour,Ascua de la Última Hora,scripts/autoload/game_data/GameDataItems.gd:65
+45% damage while this hero is below 35% HP. -10% HP.,+45% de daño mientras este héroe tenga menos del 35% de PV. -10% de PV.,scripts/autoload/game_data/GameDataItems.gd:69
Chronoblade,Cronohoja,scripts/autoload/game_data/GameDataItems.gd:70
60% chance to cool every Ability by 1 round when this hero dodges or takes a heavy hit. -8% damage.,60% de prob. de reducir en 1 ronda la espera de cada Habilidad cuando este héroe esquiva o recibe un golpe fuerte. -8% de daño.,scripts/autoload/game_data/GameDataItems.gd:74
Bossbane Spear,Lanza Matajefes,scripts/autoload/game_data/GameDataItems.gd:75
+40% damage in Boss fights. -10% first-strike damage.,+40% de daño en combates contra Jefes. -10% de daño del primer golpe.,scripts/autoload/game_data/GameDataItems.gd:79
The Gambler's Gold,El Oro del Jugador,scripts/autoload/game_data/GameDataItems.gd:89
"Each round: 50% chance the party's damage is doubled, 50% chance it's halved.","Cada ronda: 50% de prob. de que el daño del grupo se duplique, 50% de que se reduzca a la mitad.",scripts/autoload/game_data/GameDataItems.gd:93
Ashes of the Fallen,Cenizas de los Caídos,scripts/autoload/game_data/GameDataItems.gd:94
-10% hazard severity guard,-10% protección contra peligros,scripts/autoload/game_data/GameDataItems.gd:96
"+damage the more wounded the party collectively is, up to +30% at the brink of death. -10% hazard severity guard.","+daño cuanto más herido esté el grupo en conjunto, hasta +30% al borde de la muerte. -10% protección contra peligros.",scripts/autoload/game_data/GameDataItems.gd:98
Sable Standard,Estandarte de Sable,scripts/autoload/game_data/GameDataItems.gd:99
"+25% team damage, but only while every living hero shares the same role.","+25% de daño del equipo, pero solo mientras todos los héroes vivos compartan el mismo rol.",scripts/autoload/game_data/GameDataItems.gd:103
Twin Embers,Ascuas Gemelas,scripts/autoload/game_data/GameDataItems.gd:104
"+2% dmg/round (stacking) on its own. Paired with Ashes of the Fallen, that relic's desperation bonus doubles.","+2% daño/ronda (acumulable) por sí sola. Junto a Cenizas de los Caídos, la bonificación por desesperación de esa reliquia se duplica.",scripts/autoload/game_data/GameDataItems.gd:109
Phoenix Feather,Pluma de Fénix,scripts/autoload/game_data/GameDataItems.gd:110
"Once per rift, when the whole party falls, everyone rises again at 30% HP.","Una vez por grieta, cuando cae todo el grupo, todos se levantan con el 30% de PV.",scripts/autoload/game_data/GameDataItems.gd:112
Warden's Seal,Sello del Guardián,scripts/autoload/game_data/GameDataItems.gd:113
-20% hazard severity.,-20% gravedad de peligros.,scripts/autoload/game_data/GameDataItems.gd:116
Crown of Oaths,Corona de Juramentos,scripts/autoload/game_data/GameDataItems.gd:117
The Champion's Call can be used twice per rift.,La Llamada del Campeón puede usarse dos veces por grieta.,scripts/autoload/game_data/GameDataItems.gd:119
Bloodpact Dagger,Puñal del Pacto de Sangre,scripts/autoload/game_data/GameDataItems.gd:120
"+35% team damage, but the party never mends between rounds.","+35% de daño del equipo, pero el grupo nunca se cura entre rondas.",scripts/autoload/game_data/GameDataItems.gd:122
Quartermaster's Ledger,Libro del Intendente,scripts/autoload/game_data/GameDataItems.gd:123
Quests pay 50% more Gold and Essence. +5% odds toward Rare/Epic loot.,Las misiones pagan un 50% más de Oro y Esencia. +5% prob. de botín Raro/Épico.,scripts/autoload/game_data/GameDataItems.gd:126
Lantern of the Lost,Farol de los Perdidos,scripts/autoload/game_data/GameDataItems.gd:127
Carrying a downed hero out of a rift costs no day. Mends 2% HP/round.,Sacar a un héroe caído de una grieta no cuesta ningún día. Cura 2% PV/ronda.,scripts/autoload/game_data/GameDataItems.gd:130
The Stopped Clock,El Reloj Detenido,scripts/autoload/game_data/GameDataItems.gd:131
-15% first-strike damage,-15% daño del primer golpe,scripts/autoload/game_data/GameDataItems.gd:132
Foes can't act in the first round of a fight. -15% first-strike damage.,Los enemigos no pueden actuar en la primera ronda de un combate. -15% de daño del primer golpe.,scripts/autoload/game_data/GameDataItems.gd:133
Mirror Shard,Esquirla de Espejo,scripts/autoload/game_data/GameDataItems.gd:134
Copies every special of your best other equipped relic.,Copia todos los efectos especiales de tu mejor otra reliquia equipada.,scripts/autoload/game_data/GameDataItems.gd:136
Stormcaller Idol,Ídolo Invocatormentas,scripts/autoload/game_data/GameDataItems.gd:137
"Every third round, lightning strikes every foe for 60% of the party's damage.","Cada tres rondas, un rayo golpea a todos los enemigos con el 60% del daño del grupo.",scripts/autoload/game_data/GameDataItems.gd:140
Prism Heart,Corazón de Prisma,scripts/autoload/game_data/GameDataItems.gd:141
+5% team damage for each different element among your standing heroes.,+5% de daño del equipo por cada elemento distinto entre tus héroes en pie.,scripts/autoload/game_data/GameDataItems.gd:143
Bulwark Chain,Cadena del Baluarte,scripts/autoload/game_data/GameDataItems.gd:176
Guardian takes 40% of the blows aimed at the back row (was 25%).,El Custodio recibe el 40% de los golpes dirigidos a la fila trasera (antes 25%).,scripts/autoload/game_data/GameDataItems.gd:177
Oathplate Rivets,Remaches de Placa Jurada,scripts/autoload/game_data/GameDataItems.gd:178
"When the Guardian takes a share of a blow: +1 Momentum, once a round.","Cuando el Custodio recibe parte de un golpe: +1 de Ímpetu, una vez por ronda.",scripts/autoload/game_data/GameDataItems.gd:179
Red Tooth Torc,Torques del Diente Rojo,scripts/autoload/game_data/GameDataItems.gd:180
Bloodrage climbs to +60% damage (was +40%).,Furia Sangrienta sube hasta +60% de daño (antes +40%).,scripts/autoload/game_data/GameDataItems.gd:181
Grudge Knot,Nudo del Rencor,scripts/autoload/game_data/GameDataItems.gd:182
"Below 30% HP, a Bloodrage hero's hits ignore armour and wards.","Con menos del 30% de PV, los golpes de un héroe de Furia Sangrienta ignoran armadura y barreras.",scripts/autoload/game_data/GameDataItems.gd:183
Whetstone of Habit,Piedra de Afilar de la Costumbre,scripts/autoload/game_data/GameDataItems.gd:184
Combo stacks two higher.,El Combo acumula dos más.,scripts/autoload/game_data/GameDataItems.gd:185
Duelist's Ribbon,Cinta del Duelista,scripts/autoload/game_data/GameDataItems.gd:186
"At 4 Combo, hits on the same foe ignore armour and wards.","Con Combo 4, los golpes al mismo enemigo ignoran armadura y barreras.",scripts/autoload/game_data/GameDataItems.gd:187
Owl-Feather Fletching,Emplumado de Búho,scripts/autoload/game_data/GameDataItems.gd:188
Steady Aim shrugs off the first hit each fight.,Pulso firme ignora el primer golpe de cada combate.,scripts/autoload/game_data/GameDataItems.gd:189
Long Sightline,Línea de Visión Larga,scripts/autoload/game_data/GameDataItems.gd:190
Steady Aim gives +55% from the back row (was +35%).,Pulso firme da +55% desde la fila trasera (antes +35%).,scripts/autoload/game_data/GameDataItems.gd:191
Bramble Coil,Rollo de Zarzas,scripts/autoload/game_data/GameDataItems.gd:192
In round 1 the snares take two foes.,"En la ronda 1, las trampas atrapan a dos enemigos.",scripts/autoload/game_data/GameDataItems.gd:193
Tripwire Bells,Cascabeles de Alambre,scripts/autoload/game_data/GameDataItems.gd:194
Snared foes take 15% more damage from everyone.,Los enemigos atrapados reciben un 15% más de daño de todos.,scripts/autoload/game_data/GameDataItems.gd:195
Hunter's Chalk,Tiza del Cazador,scripts/autoload/game_data/GameDataItems.gd:196
"When a marked foe falls, the Mark jumps to the next foe.","Cuando cae un enemigo marcado, la Marca salta al siguiente.",scripts/autoload/game_data/GameDataItems.gd:197
Blood Scent,Olor a Sangre,scripts/autoload/game_data/GameDataItems.gd:198
The party deals +25% to a marked foe (was +15%).,El grupo causa +25% a un enemigo marcado (antes +15%).,scripts/autoload/game_data/GameDataItems.gd:199
Kindling Box,Caja de Yesca,scripts/autoload/game_data/GameDataItems.gd:200
Evocation heroes start every fight with 2 Heat.,Los héroes de Evocación empiezan cada combate con 2 de Calor.,scripts/autoload/game_data/GameDataItems.gd:201
Cinder Glass,Vidrio de Ceniza,scripts/autoload/game_data/GameDataItems.gd:202
Heat detonates one step sooner.,El Calor detona un paso antes.,scripts/autoload/game_data/GameDataItems.gd:203
Loomed Sigil,Sigilo Tejido,scripts/autoload/game_data/GameDataItems.gd:204
Ward Weave covers the two most-hurt allies.,Tejido de Barrera cubre a los dos aliados más heridos.,scripts/autoload/game_data/GameDataItems.gd:205
Thrice-Knotted Thread,Hilo de Triple Nudo,scripts/autoload/game_data/GameDataItems.gd:206
Ward Weave wards 12% of max HP (was 8%).,Tejido de Barrera da una barrera del 12% de los PV máx. (antes 8%).,scripts/autoload/game_data/GameDataItems.gd:207
Second Sight,Segunda Vista,scripts/autoload/game_data/GameDataItems.gd:208
Foresight cancels one more heavy blow each fight.,Previsión anula un golpe fuerte más en cada combate.,scripts/autoload/game_data/GameDataItems.gd:209
Omen Bones,Huesos de Augurio,scripts/autoload/game_data/GameDataItems.gd:210
A blow cancelled by Foresight gives +2 Momentum.,Un golpe anulado por Previsión da +2 de Ímpetu.,scripts/autoload/game_data/GameDataItems.gd:211
Brimming Chalice,Cáliz Rebosante,scripts/autoload/game_data/GameDataItems.gd:212
Overflow turns all overheal into a ward (was half).,Rebose convierte toda la sobrecuración en barrera (antes la mitad).,scripts/autoload/game_data/GameDataItems.gd:213
Saint's Tally,Cuenta del Santo,scripts/autoload/game_data/GameDataItems.gd:214
A Miracle raises the fallen with 15% more HP.,Un Milagro levanta a los caídos con un 15% más de PV.,scripts/autoload/game_data/GameDataItems.gd:215
Hallowed Mortar,Mortero Sagrado,scripts/autoload/game_data/GameDataItems.gd:216
Sanctuary cuts damage to the party by 9% (was 6%).,Santuario reduce el daño al grupo un 9% (antes 6%).,scripts/autoload/game_data/GameDataItems.gd:217
Sanctum Chime,Campanilla del Sagrario,scripts/autoload/game_data/GameDataItems.gd:218
"With an Aegis hero in the party, hazards deal 25% less.","Con un héroe de Égida en el grupo, los peligros causan un 25% menos.",scripts/autoload/game_data/GameDataItems.gd:219
Burning Psalter,Salterio Ardiente,scripts/autoload/game_data/GameDataItems.gd:220
Fervor heals 35% of damage dealt (was 25%).,Fervor cura el 35% del daño causado (antes 25%).,scripts/autoload/game_data/GameDataItems.gd:221
Judgment Nail,Clavo del Juicio,scripts/autoload/game_data/GameDataItems.gd:222
A Zeal hero's kill gives +1 Momentum.,Cada muerte de un héroe de Celo da +1 de Ímpetu.,scripts/autoload/game_data/GameDataItems.gd:223
Widow's Thread,Hilo de la Viuda,scripts/autoload/game_data/GameDataItems.gd:224
Execute works below 45% HP (was 35%).,Rematar funciona por debajo del 45% de PV (antes 35%).,scripts/autoload/game_data/GameDataItems.gd:225
Quiet Coin,Moneda Silenciosa,scripts/autoload/game_data/GameDataItems.gd:226
The first Assassin kill each fight restores 1 Resolve.,La primera muerte de un Asesino en cada combate restaura 1 de Temple.,scripts/autoload/game_data/GameDataItems.gd:227
Feather-Step Wraps,Vendas de Paso de Pluma,scripts/autoload/game_data/GameDataItems.gd:228
Evasion gives +25% dodge (was +15%).,Evasión da +25% de esquiva (antes +15%).,scripts/autoload/game_data/GameDataItems.gd:229
Riposte Cord,Cordón de la Réplica,scripts/autoload/game_data/GameDataItems.gd:230
The dodge jab hits 60% harder.,El golpe tras esquivar pega un 60% más fuerte.,scripts/autoload/game_data/GameDataItems.gd:231
Brawler's Knuckle,Nudillera del Camorrista,scripts/autoload/game_data/GameDataItems.gd:232
Scrappy heals 25% of damage dealt (was 15%).,Bravucón cura el 25% del daño causado (antes 15%).,scripts/autoload/game_data/GameDataItems.gd:233
Pit-Fighter's Tape,Vendas del Luchador de Foso,scripts/autoload/game_data/GameDataItems.gd:234
Scrappy's patch-up works in the back row too.,El remiendo de Bravucón también funciona en la fila trasera.,scripts/autoload/game_data/GameDataItems.gd:235
Warden's Shard,Esquirla del Guardián,scripts/autoload/game_data/GameDataItems.gd:240
Every kill mends the party 6%.,Cada muerte cura al grupo un 6%.,scripts/autoload/game_data/GameDataItems.gd:241
Heart of the Rift,Corazón de la Grieta,scripts/autoload/game_data/GameDataItems.gd:242
"Every third round, a nova hits every foe for 40% of your damage.","Cada tres rondas, una nova golpea a todos los enemigos con el 40% de tu daño.",scripts/autoload/game_data/GameDataItems.gd:243
Gatekeeper's Key,Llave del Portero,scripts/autoload/game_data/GameDataItems.gd:249
+30% first-strike damage.,+30% de daño del primer golpe.,scripts/autoload/game_data/GameDataItems.gd:250
Mire Lantern,Farol del Fango,scripts/autoload/game_data/GameDataItems.gd:251
Mends 4% HP every round.,Cura un 4% de PV cada ronda.,scripts/autoload/game_data/GameDataItems.gd:252
Cinder Brand,Marca de Ceniza,scripts/autoload/game_data/GameDataItems.gd:253
+4% damage every round (stacking).,+4% de daño cada ronda (acumulable).,scripts/autoload/game_data/GameDataItems.gd:254
Choir Bell,Campana del Coro,scripts/autoload/game_data/GameDataItems.gd:255
"Every third round, shields the whole party for 15% of max HP.","Cada tres rondas, da a todo el grupo un escudo del 15% de sus PV máx.",scripts/autoload/game_data/GameDataItems.gd:256
Tide Mirror,Espejo de Marea,scripts/autoload/game_data/GameDataItems.gd:257
+12% dodge chance.,+12% prob. de esquivar.,scripts/autoload/game_data/GameDataItems.gd:258
Regent's Crown,Corona del Regente,scripts/autoload/game_data/GameDataItems.gd:259
+60% opening volley against bosses.,+60% andanada inicial contra jefes.,scripts/autoload/game_data/GameDataItems.gd:260
Gravewright's Thread,Hilo del Sepulturero,scripts/autoload/game_data/GameDataItems.gd:261
"Relic ward: once a fight, survive a wipe at 35% HP.","Barrera de reliquia: una vez por combate, sobrevive a una derrota total con el 35% de PV.",scripts/autoload/game_data/GameDataItems.gd:262
Oracle's Eye,Ojo del Oráculo,scripts/autoload/game_data/GameDataItems.gd:263
+30% chance to counter when evading or hit hard.,+30% prob. de contraatacar al esquivar o recibir un golpe fuerte.,scripts/autoload/game_data/GameDataItems.gd:264
Ashfather's Coal,Carbón del Padre Ceniza,scripts/autoload/game_data/GameDataItems.gd:265
"Every third round, fire strikes every foe for 80% of the party's damage.","Cada tres rondas, el fuego golpea a todos los enemigos con el 80% del daño del grupo.",scripts/autoload/game_data/GameDataItems.gd:266
Summit Star,Estrella de la Cumbre,scripts/autoload/game_data/GameDataItems.gd:267
"+5% damage every round (stacking), and every third round a starfall hits every foe for 100% of the party's damage.","+5% de daño cada ronda (acumulable), y cada tres rondas una lluvia de estrellas golpea a todos los enemigos con el 100% del daño del grupo.",scripts/autoload/game_data/GameDataItems.gd:269
The Ranger Who Left,La Exploradora que se Fue,scripts/autoload/game_data/GameDataLore.gd:21
The Clerk,El Escribano,scripts/autoload/game_data/GameDataLore.gd:22
The Key,La Llave,scripts/autoload/game_data/GameDataLore.gd:23
The Lantern,El Farol,scripts/autoload/game_data/GameDataLore.gd:24
The Far Side,El Otro Lado,scripts/autoload/game_data/GameDataLore.gd:25
The Witnesses,Los Testigos,scripts/autoload/game_data/GameDataLore.gd:26
Vaelith's squad took four posts in a row at Thornwood.,La escuadra de Vaelith ocupó cuatro puestos seguidos en el Bosque de Espinas.,scripts/autoload/game_data/GameDataLore.gd:30
Rangers' tags turn up in the Vale's rifts.,En las grietas del Valle aparecen placas de exploradores.,scripts/autoload/game_data/GameDataLore.gd:31
Vaelith didn't desert. She heard children behind her door.,Vaelith no desertó. Oyó niños tras su puerta.,scripts/autoload/game_data/GameDataLore.gd:32
Someone who knew Vaelith might say what she was listening for.,Alguien que conociera a Vaelith podría decir qué escuchaba.,scripts/autoload/game_data/GameDataLore.gd:33
"At Act I's finale, a guild can let Vaelith go.","En el final del Acto I, un gremio puede dejar marchar a Vaelith.",scripts/autoload/game_data/GameDataLore.gd:34
"The great Breach is the door Vaelith held open, and she is still in it.","La gran Brecha es la puerta que Vaelith mantuvo abierta, y sigue en ella.",scripts/autoload/game_data/GameDataLore.gd:35
A guild that let Vaelith go would know where she went.,Un gremio que dejó marchar a Vaelith sabría adónde fue.,scripts/autoload/game_data/GameDataLore.gd:36
Vaelith's Rangers joins the founding charters.,Los Exploradores de Vaelith se suman a las cartas de fundación.,scripts/autoload/game_data/GameDataLore.gd:37
Hesper wrote the Terms out fair. She knew every word.,Hesper pasó a limpio los Términos. Conocía cada palabra.,scripts/autoload/game_data/GameDataLore.gd:38
Hesper's handwriting is in more places than she admits.,La letra de Hesper aparece en más sitios de los que admite.,scripts/autoload/game_data/GameDataLore.gd:39
"There was no fever. Hesper wrote the note herself, and ran.","No hubo fiebre. Hesper escribió la nota ella misma, y huyó.",scripts/autoload/game_data/GameDataLore.gd:40
Ask who nursed Hesper that week.,Pregunta quién cuidó a Hesper esa semana.,scripts/autoload/game_data/GameDataLore.gd:41
"The Grandmaster let Hesper go, and left the forty-second line blank for her.",La Gran Maestre dejó marchar a Hesper y le reservó en blanco la línea cuadragésima segunda.,scripts/autoload/game_data/GameDataLore.gd:42
The Grandmaster's own hall remembers who it waited for.,El propio salón de la Gran Maestre recuerda a quién esperaba.,scripts/autoload/game_data/GameDataLore.gd:43
"At the Renew ending, Hesper can sign the forty-first line herself. The Clerk's Copy joins the founding gifts.","En el final Renovar, Hesper puede firmar ella misma la línea cuadragésima primera. La Copia del Escribano se suma a los dones de fundación.",scripts/autoload/game_data/GameDataLore.gd:44
"The Accord's key opens any door, from either side.","La llave del Acuerdo abre cualquier puerta, desde ambos lados.",scripts/autoload/game_data/GameDataLore.gd:45
Whoever holds Morrow's key could say what it opens.,Quien tenga la llave de Morrow podría decir qué abre.,scripts/autoload/game_data/GameDataLore.gd:46
Whoever holds the key may keep it or break it. Pip's Key joins the founding gifts.,Quien tenga la llave puede guardarla o romperla. La Llave de Pip se suma a los dones de fundación.,scripts/autoload/game_data/GameDataLore.gd:47
"Pip stole the key from the Warden of Rifts, a royal officer.","Pip robó la llave al Guardián de las Grietas, un oficial real.",scripts/autoload/game_data/GameDataLore.gd:48
Someone in a fine hat is missing a key.,Alguien con un sombrero elegante ha perdido una llave.,scripts/autoload/game_data/GameDataLore.gd:49
"At the Crown's hearing, a guild that's losing can buy the Charter.","En la audiencia de la Corona, un gremio que va perdiendo puede comprar la Carta.",scripts/autoload/game_data/GameDataLore.gd:50
The Royal Treasury pays the Hollow Crown Company to open rifts.,El Tesoro Real paga a la Compañía de la Corona Hueca para que abra grietas.,scripts/autoload/game_data/GameDataLore.gd:51
Follow the money behind the Company's contracts.,Sigue el dinero tras los contratos de la Compañía.,scripts/autoload/game_data/GameDataLore.gd:52
"In the Charter War, a guild can turn Morrow instead.","En la Guerra de las Cartas, un gremio puede en cambio poner a Morrow de su lado.",scripts/autoload/game_data/GameDataLore.gd:53
"Ezra was the Ninth Lamp's last apprentice. He was below, measuring, on the Night.","Ezra fue el último aprendiz de la Novena Lámpara. Estaba abajo, midiendo, aquella Noche.",scripts/autoload/game_data/GameDataLore.gd:54
Ezra's lantern has a maker's mark.,El farol de Ezra tiene la marca de su artesano.,scripts/autoload/game_data/GameDataLore.gd:55
"Ezra's lantern holds what the rifts took, from both sides.","El farol de Ezra guarda lo que se llevaron las grietas, de ambos lados.",scripts/autoload/game_data/GameDataLore.gd:56
"Ask what Ezra keeps in the lantern, and whose voices are in it.",Pregunta qué guarda Ezra en el farol y de quién son las voces que contiene.,scripts/autoload/game_data/GameDataLore.gd:57
"When Ezra visits, a guild can pour its kept echoes into the lantern.","Cuando Ezra visita, un gremio puede verter en el farol los ecos que guarda.",scripts/autoload/game_data/GameDataLore.gd:58
Essence is the far side's sky. Every crystal burned is a piece of it falling.,La Esencia es el cielo del otro lado. Cada cristal que se quema es un pedazo de él que cae.,scripts/autoload/game_data/GameDataLore.gd:59
The Ninth Lamp measured something the Crown wanted kept quiet.,La Novena Lámpara midió algo que la Corona quería mantener en silencio.,scripts/autoload/game_data/GameDataLore.gd:60
The Ninth Lamp joins the founding charters.,La Novena Lámpara se suma a las cartas de fundación.,scripts/autoload/game_data/GameDataLore.gd:61
The Last Lantern is the Ninth Lamp's sister hall. Mother Ilse has known all along.,El Último Farol es el salón hermano de la Novena Lámpara. Madre Ilse lo ha sabido siempre.,scripts/autoload/game_data/GameDataLore.gd:62
Mother Ilse signs her letters with more than her name.,Madre Ilse firma sus cartas con algo más que su nombre.,scripts/autoload/game_data/GameDataLore.gd:63
"The Terms were the Grandmaster's own. The ledger's ""voice that offered terms"" was a lie.","Los Términos eran de la propia Gran Maestre. La ""voz que ofreció términos"" del libro de cuentas era mentira.",scripts/autoload/game_data/GameDataLore.gd:64
Read the ledger's third day beside the reply on its last page.,Lee el tercer día del libro de cuentas junto a la respuesta de su última página.,scripts/autoload/game_data/GameDataLore.gd:65
"With the right guild in the Hall, a sixth crossing comes to the door.","Con el gremio adecuado en el Salón, un sexto cruce llega a la puerta.",scripts/autoload/game_data/GameDataLore.gd:66
The Night of Breaking was the far side knocking on every door at once.,La Noche de la Ruptura fue el otro lado llamando a todas las puertas a la vez.,scripts/autoload/game_data/GameDataLore.gd:67
Ask the ones who came through what they remember of that night.,Pregunta a quienes cruzaron qué recuerdan de esa noche.,scripts/autoload/game_data/GameDataLore.gd:68
"When the Choir crosses, a guild can let them sing.","Cuando el Coro cruza, un gremio puede dejarlo cantar.",scripts/autoload/game_data/GameDataLore.gd:69
"Brannoch holds the door under the Inverted City, and promised a child he'd come back.",Brannoch sostiene la puerta bajo la Ciudad Invertida y le prometió a una niña que volvería.,scripts/autoload/game_data/GameDataLore.gd:70
Somebody once measured a child's height on a deep pillar.,Alguien midió una vez la estatura de una niña en un pilar profundo.,scripts/autoload/game_data/GameDataLore.gd:71
"At Act VI's start, a guild can leave Brannoch holding, or free him.","Al empezar el Acto VI, un gremio puede dejar a Brannoch resistiendo o liberarlo.",scripts/autoload/game_data/GameDataLore.gd:72
A rewrite reaches both sides: the far side holds its doors in turns too.,Reescribir alcanza a ambos lados: el otro lado también defiende sus puertas por turnos.,scripts/autoload/game_data/GameDataLore.gd:73
"A guild that rewrote the Terms, or kept both worlds, would know.","Un gremio que reescribió los Términos, o mantuvo ambos mundos, lo sabría.",scripts/autoload/game_data/GameDataLore.gd:74
"The Iron Chorus marched for the Crown on the Night of Breaking, not for the Vale.","El Coro de Hierro marchó por la Corona en la Noche de la Ruptura, no por el Valle.",scripts/autoload/game_data/GameDataLore.gd:75
The Iron Chorus is proud of an old order.,El Coro de Hierro está orgulloso de una vieja orden.,scripts/autoload/game_data/GameDataLore.gd:76
A year of witnesses can come round.,Puede llegar un año de testigos.,scripts/autoload/game_data/GameDataLore.gd:77
"The Ashen Wolves served the Ashen Crown, and fed it.","Los Lobos de Ceniza sirvieron a la Corona de Ceniza, y la alimentaron.",scripts/autoload/game_data/GameDataLore.gd:78
Ask what the wolves did after the Night.,Pregunta qué hicieron los lobos tras la Noche.,scripts/autoload/game_data/GameDataLore.gd:79
The first signature on the Terms is the Crown's seal.,La primera firma de los Términos es el sello de la Corona.,scripts/autoload/game_data/GameDataLore.gd:81
Someone on the far side kept the first page.,Alguien del otro lado guardó la primera página.,scripts/autoload/game_data/GameDataLore.gd:82
Corin's tag,La placa de Corin,scripts/autoload/game_data/GameDataLore.gd:100
Corin's Tag,Placa de Corin,scripts/autoload/game_data/GameDataLore.gd:101
"Accord ranger's tag, Thornwood post. ""Corin"" stamped on the front. On the back, in someone else's knife-work: ""V. said wait. I waited.""","Placa de explorador del Acuerdo, puesto del Bosque de Espinas. ""Corin"" grabado en el anverso. En el reverso, a punta de cuchillo y de otra mano: ""V. dijo que esperara. Esperé.""",scripts/autoload/game_data/GameDataLore.gd:102
Mags's tag,La placa de Mags,scripts/autoload/game_data/GameDataLore.gd:103
Mags's Tag,Placa de Mags,scripts/autoload/game_data/GameDataLore.gd:104
"Accord ranger's tag, Thornwood post: ""Mags"". Something chewed one corner and gave up. Scratched under the name, in the same hand as Corin's: ""Third in line. V. fourth.""","Placa de explorador del Acuerdo, puesto del Bosque de Espinas: ""Mags"". Algo mordió una esquina y se rindió. Rayado bajo el nombre, de la misma mano que la de Corin: ""Tercera en la fila. V., cuarta.""",scripts/autoload/game_data/GameDataLore.gd:105
The face in the echo,El rostro del eco,scripts/autoload/game_data/GameDataLore.gd:106
"Wen copies the ranger's face before the crystal goes home. On the collar, too small for the elder to notice, is a squad mark: a V with four notches.","Wen copia el rostro de la exploradora antes de que el cristal vuelva a casa. En el cuello, demasiado pequeña para que el anciano la note, hay una marca de escuadra: una V con cuatro muescas.",scripts/autoload/game_data/GameDataLore.gd:107
"Vaelith, listening","Vaelith, escuchando",scripts/autoload/game_data/GameDataLore.gd:108
"Wen's note for the Bestiary: twice in the fight Vaelith stopped, turned her head to the Breach, and listened. Not to us. To something small behind it.","Nota de Wen para el Bestiario: dos veces durante el combate, Vaelith se detuvo, giró la cabeza hacia la Brecha y escuchó. No a nosotros. A algo pequeño tras ella.",scripts/autoload/game_data/GameDataLore.gd:109
Two sides,Dos lados,scripts/autoload/game_data/GameDataLore.gd:110
Hesper,Hesper,scripts/autoload/game_data/GameDataLore.gd:111
Vaelith asked me once if doors had two sides.,Vaelith me preguntó una vez si las puertas tenían dos lados.,scripts/autoload/game_data/GameDataLore.gd:111
Wen,Wen,scripts/autoload/game_data/GameDataLore.gd:111
What did you say?,¿Y qué le dijiste?,scripts/autoload/game_data/GameDataLore.gd:111
That rifts don't. She looked at me like I'd failed a test I didn't know I was taking.,Que las grietas no. Me miró como si hubiera suspendido un examen que no sabía que estaba haciendo.,scripts/autoload/game_data/GameDataLore.gd:111
The Iron Chorus,El Coro de Hierro,scripts/autoload/game_data/GameDataLore.gd:112
Orla Venn's postscript,La posdata de Orla Venn,scripts/autoload/game_data/GameDataLore.gd:112
"P.S. Your Vaelith was a deserter, whatever the songs say. She walked off her post toward the noise, not away from it. The Chorus has never decided which was worse.","P.D. Tu Vaelith fue una desertora, digan lo que digan las canciones. Abandonó su puesto hacia el ruido, no huyendo de él. El Coro nunca ha decidido qué era peor.",scripts/autoload/game_data/GameDataLore.gd:113
Footprints,Huellas,scripts/autoload/game_data/GameDataLore.gd:114
"Small bare footprints in the frost at the rift's mouth, leading out, not in. They stop at the road, where someone in ranger's boots picked them up.","Pequeñas huellas descalzas en la escarcha a la entrada de la grieta, que salen, no entran. Se detienen en el camino, donde alguien con botas de explorador las recogió.",scripts/autoload/game_data/GameDataLore.gd:115
Ranger shorthand,Taquigrafía de explorador,scripts/autoload/game_data/GameDataLore.gd:116
"A note on the pay table, in ranger shorthand.","Una nota en la mesa de pagos, en taquigrafía de explorador.",scripts/autoload/game_data/GameDataLore.gd:117
Dobbs,Dobbs,scripts/autoload/game_data/GameDataLore.gd:117
Saying?,¿Qué dice?,scripts/autoload/game_data/GameDataLore.gd:117
"""Door holding. Four more through. Don't pay me. Feed them.""","""La puerta aguanta. Cuatro más han pasado. No me paguéis. Dadles de comer.""",scripts/autoload/game_data/GameDataLore.gd:117
Feed whom?,¿Dar de comer a quién?,scripts/autoload/game_data/GameDataLore.gd:117
The green lady's door,La puerta de la dama verde,scripts/autoload/game_data/GameDataLore.gd:118
"The eldest points at your crest, then up at the Vale. ""The green lady's door,"" she says. ""She let our cousins through. She said you were kinder than you look.""","La mayor señala tu blasón y luego hacia el Valle. ""La puerta de la dama verde"", dice. ""Dejó pasar a nuestros primos. Dijo que erais más amables de lo que parecéis.""",scripts/autoload/game_data/GameDataLore.gd:119
The clerk,La escribana,scripts/autoload/game_data/GameDataLore.gd:121
"Hesper says she was the Grandmaster's clerk, and wrote the Terms out fair: forty-one lines, in her own hand.","Hesper dice que fue la escribana de la Gran Maestre y que pasó a limpio los Términos: cuarenta y una líneas, de su puño y letra.",scripts/autoload/game_data/GameDataLore.gd:122
Quiet Coin's copies,Las copias de Moneda Silenciosa,scripts/autoload/game_data/GameDataLore.gd:123
"In Quiet Coin's counting room Dobbs finds the Accord's copies of the Terms, all in one neat hand. He holds one up beside this week's wage sheet. Hesper's.","En la sala de cuentas de Moneda Silenciosa, Dobbs encuentra las copias de los Términos del Acuerdo, todas de una misma letra pulcra. Sostiene una junto a la hoja de sueldos de esta semana. La de Hesper.",scripts/autoload/game_data/GameDataLore.gd:124
A spelling,Una falta de ortografía,scripts/autoload/game_data/GameDataLore.gd:125
"Page two says ""refuse them properly"".","La página dos dice ""rechazadlos como es debido"".",scripts/autoload/game_data/GameDataLore.gd:126
"She wrote ""proper"". She never could spell. I fixed it when I wrote them out fair.","Ella escribió ""como es devido"". Nunca supo escribir bien. Lo corregí al pasarlos a limpio.",scripts/autoload/game_data/GameDataLore.gd:126
When you what?,¿Al hacer qué?,scripts/autoload/game_data/GameDataLore.gd:126
The green ink,La tinta verde,scripts/autoload/game_data/GameDataLore.gd:127
"Hesper, your fever note is in green ink.","Hesper, tu nota de la fiebre está en tinta verde.",scripts/autoload/game_data/GameDataLore.gd:128
The Terms are in green ink.,Los Términos están en tinta verde.,scripts/autoload/game_data/GameDataLore.gd:128
It was the ink I had.,Era la tinta que tenía.,scripts/autoload/game_data/GameDataLore.gd:128
The Last Lantern,El Último Farol,scripts/autoload/game_data/GameDataLore.gd:129
Mother Ilse's postscript,La posdata de Madre Ilse,scripts/autoload/game_data/GameDataLore.gd:129
P.S. My regards to Hesper. I still have the blanket she lent me on the night she was meant to be in bed with a fever. She was never sick a day in her life.,P.D. Mis saludos a Hesper. Aún tengo la manta que me prestó la noche en que se suponía que estaba en cama con fiebre. No ha estado enferma un solo día en su vida.,scripts/autoload/game_data/GameDataLore.gd:130
The Green Hand's ledger,El registro de la Mano Verde,scripts/autoload/game_data/GameDataLore.gd:131
"The Green Hand wrote down everyone they nursed. The week of the Night of Breaking has eleven names: burns, a broken arm, a midwife's twins. No fevers. Wen closes it gently.","La Mano Verde anotaba a todos los que atendía. La semana de la Noche de la Ruptura tiene once nombres: quemaduras, un brazo roto, los gemelos de una partera. Ninguna fiebre. Wen lo cierra con cuidado.",scripts/autoload/game_data/GameDataLore.gd:132
"Day 11, the clerk's copy","Día 11, la copia de la escribana",scripts/autoload/game_data/GameDataLore.gd:133
"Day 11, in a clerk's neat hand: ""V. asked who holds the last post. G. said the ledger. After, G. told me to go home with a fever. I said I wasn't ill. She said: you will be, and you'll come back.""","Día 11, con la letra pulcra de una escribana: ""V. preguntó quién ocupa el último puesto. G. dijo que el libro de cuentas. Después, G. me dijo que me fuera a casa con fiebre. Le dije que no estaba enferma. Ella dijo: lo estarás, y volverás.""",scripts/autoload/game_data/GameDataLore.gd:134
The copyists' index,El índice de copistas,scripts/autoload/game_data/GameDataLore.gd:135
"The archive's index lists every copyist by year. For the year of the Terms there is one name, and it has been scratched out so hard the pen went through. The initial is still there: H.","El índice del archivo enumera a cada copista por año. Para el año de los Términos hay un nombre, tachado con tanta fuerza que la pluma atravesó el papel. La inicial sigue ahí: H.",scripts/autoload/game_data/GameDataLore.gd:136
The clerk's stool,El taburete de la escribana,scripts/autoload/game_data/GameDataLore.gd:137
"Forty-one chairs at the long table, thick with dust. At the end, the clerk's stool is clean, and the inkwell beside it is full. Someone kept it ready for twenty years.","Cuarenta y una sillas en la mesa larga, cubiertas de polvo. Al fondo, el taburete de la escribana está limpio, y el tintero a su lado está lleno. Alguien lo mantuvo listo durante veinte años.",scripts/autoload/game_data/GameDataLore.gd:138
Her hand,Su letra,scripts/autoload/game_data/GameDataLore.gd:139
"Hesper writes the forty-second line without looking at the page. ""I had twenty years to practise,"" she says. ""She left it blank for me. I just never came back.""","Hesper escribe la línea cuadragésima segunda sin mirar la página. ""Tuve veinte años para practicar"", dice. ""Ella la dejó en blanco para mí. Yo simplemente nunca volví.""",scripts/autoload/game_data/GameDataLore.gd:140
The wrong way,Al revés,scripts/autoload/game_data/GameDataLore.gd:142
"Dobbs tries Morrow's key in the rift's door, to lock it. It turns the wrong way, and keeps turning. Something on the other side knocks back, twice, politely.","Dobbs prueba la llave de Morrow en la puerta de la grieta, para cerrarla. Gira al revés, y sigue girando. Algo al otro lado responde llamando dos veces, con educación.",scripts/autoload/game_data/GameDataLore.gd:143
Pip's story,La historia de Pip,scripts/autoload/game_data/GameDataLore.gd:144
I nicked it off a rift-lord. Big hat. Smelled of ink.,Se la birlé a un señor de grieta. Sombrero grande. Olía a tinta.,scripts/autoload/game_data/GameDataLore.gd:145
Last week he smelled of fish.,La semana pasada olía a pescado.,scripts/autoload/game_data/GameDataLore.gd:145
Long night. He opened three doors with it before I got it off him.,Noche larga. Abrió tres puertas con ella antes de que se la quitara.,scripts/autoload/game_data/GameDataLore.gd:145
Company Crossbowman,Ballestero de la Compañía,scripts/autoload/game_data/GameDataLore.gd:146
Fresh bolts,Virotes frescos,scripts/autoload/game_data/GameDataLore.gd:146
"Wen's note for the Bestiary: the crossbowmen's bolts are tipped with fresh Essence, and fresh means a rift opened this week. Their quartermaster keeps a calendar of rifts opening, which is a strange thing to be able to keep.","Nota de Wen para el Bestiario: las puntas de los virotes de los ballesteros son de Esencia fresca, y fresca significa que una grieta se abrió esta semana. Su intendente lleva un calendario de aperturas de grietas, algo extraño de poder llevar.",scripts/autoload/game_data/GameDataLore.gd:147
The Gilded Lance,La Lanza Dorada,scripts/autoload/game_data/GameDataLore.gd:148
Ser Aldric's postscript,La posdata de Ser Aldric,scripts/autoload/game_data/GameDataLore.gd:148
"P.S. My cousin is Warden of the Crown's Rifts, and the Vale is safe in his hands. He did lose a key once, to a girl no taller than a sword. We don't mention it.","P.D. Mi primo es Guardián de las Grietas de la Corona, y el Valle está a salvo en sus manos. Es cierto que una vez perdió una llave, a manos de una chica no más alta que una espada. No lo mencionamos.",scripts/autoload/game_data/GameDataLore.gd:149
The Warden's ring,El anillo del Guardián,scripts/autoload/game_data/GameDataLore.gd:150
The Warden's Ring,Anillo del Guardián,scripts/autoload/game_data/GameDataLore.gd:151
"A signet ring from a deep rift: a crowned door, and under it, Warden of Rifts. The inside of the band is worn smooth where a key on a cord used to rub.","Un anillo de sello de una grieta profunda: una puerta coronada y, debajo, Guardián de las Grietas. El interior del aro está desgastado donde solía rozar una llave colgada de un cordón.",scripts/autoload/game_data/GameDataLore.gd:152
A royal watermark,Una marca de agua real,scripts/autoload/game_data/GameDataLore.gd:153
"Dobbs holds the Company's offer up to the window. Under Morrow's seal the paper carries a watermark: a crowned door. ""That's not a Company mark,"" he says. ""That's the Warden's.""","Dobbs alza la oferta de la Compañía a contraluz. Bajo el sello de Morrow, el papel lleva una marca de agua: una puerta coronada. ""Esa no es una marca de la Compañía"", dice. ""Es la del Guardián.""",scripts/autoload/game_data/GameDataLore.gd:154
Ilse's whole page,La página entera de Ilse,scripts/autoload/game_data/GameDataLore.gd:155
"This time Ilse brings the whole page, not the torn half. Beside the list of rifts and dates is a second column, headed Paid: every amount signed for by the Royal Treasury.","Esta vez Ilse trae la página entera, no la mitad rota. Junto a la lista de grietas y fechas hay una segunda columna, titulada Pagado: cada importe firmado por el Tesoro Real.",scripts/autoload/game_data/GameDataLore.gd:156
The small print,La letra pequeña,scripts/autoload/game_data/GameDataLore.gd:157
"At the foot of Morrow's first generous contract, in very small print: ""Disbursed by the Royal Treasury, Office of Rifts."" Dobbs reads it three times, then stops reading it.","Al pie del primer contrato generoso de Morrow, en letra muy pequeña: ""Desembolsado por el Tesoro Real, Oficina de Grietas."" Dobbs lo lee tres veces y luego deja de leerlo.",scripts/autoload/game_data/GameDataLore.gd:158
One hireling to another,De mercenario a mercenario,scripts/autoload/game_data/GameDataLore.gd:159
"Morrow, bleeding, looks at your charter and laughs. ""Hired swords. Then you know. Someone always pays. The Crown pays me to open them and pays you to close them. Ask who's richer.""","Morrow, sangrando, mira tu carta y se ríe. ""Espadas a sueldo. Entonces ya lo sabéis. Alguien siempre paga. La Corona me paga a mí por abrirlas y a vosotros por cerrarlas. Preguntad quién es más rico.""",scripts/autoload/game_data/GameDataLore.gd:160
His Lamp's,De su Lámpara,scripts/autoload/game_data/GameDataLore.gd:162
"As Ezra leaves, Wen asks where the lantern came from. ""My Lamp's,"" he says, then corrects himself. ""The Ninth Lamp's. I was their last apprentice. I was below that night, measuring.""","Cuando Ezra se marcha, Wen le pregunta de dónde salió el farol. ""De mi Lámpara"", dice, y se corrige. ""De la Novena Lámpara. Fui su último aprendiz. Esa noche estaba abajo, midiendo.""",scripts/autoload/game_data/GameDataLore.gd:163
One name in the register,Un nombre en el registro,scripts/autoload/game_data/GameDataLore.gd:164
"The Ninth Lamp's register lists every member. The lamps along the wall light for one name only, the last apprentice taken on: Ezra, aged sixteen, ""good with depths"".","El registro de la Novena Lámpara enumera a cada miembro. Las lámparas de la pared se encienden para un solo nombre, el último aprendiz admitido: Ezra, dieciséis años, ""bueno con las profundidades"".",scripts/autoload/game_data/GameDataLore.gd:165
"A notebook, signed E.","Un cuaderno, firmado E.",scripts/autoload/game_data/GameDataLore.gd:166
Ezra's Notebook,Cuaderno de Ezra,scripts/autoload/game_data/GameDataLore.gd:167
"A notebook of depth readings from the Night of Breaking, each rift measured twice. The last page, in a shaking hand: ""Deeper than the Assay. Not a wound. A door. Someone is on the other side of all of them.""","Un cuaderno de mediciones de profundidad de la Noche de la Ruptura, cada grieta medida dos veces. La última página, con letra temblorosa: ""Más hondo que el Ensayo. No es una herida. Es una puerta. Hay alguien al otro lado de todas ellas.""",scripts/autoload/game_data/GameDataLore.gd:168
Not our voice,No es nuestra voz,scripts/autoload/game_data/GameDataLore.gd:169
"Kept, the Oath echo plays in the vault at night. The words are the Accord's, but the voice isn't human. When Ezra hears of it, he only says: ""Theirs took ours, too.""","Guardado, el eco del Juramento suena de noche en la cámara. Las palabras son del Acuerdo, pero la voz no es humana. Cuando Ezra se entera, solo dice: ""Los suyos también se llevaron los nuestros.""",scripts/autoload/game_data/GameDataLore.gd:170
"The lantern, full","El farol, lleno",scripts/autoload/game_data/GameDataLore.gd:171
Ezra's lantern was on the step again this morning.,El farol de Ezra estaba otra vez en el escalón esta mañana.,scripts/autoload/game_data/GameDataLore.gd:172
"Empty, like last time?","¿Vacío, como la última vez?",scripts/autoload/game_data/GameDataLore.gd:172
Full. Hundreds of little lights. Some of them are saying names. Not ours.,Lleno. Cientos de lucecitas. Algunas dicen nombres. No los nuestros.,scripts/autoload/game_data/GameDataLore.gd:172
A name in the song,Un nombre en la canción,scripts/autoload/game_data/GameDataLore.gd:173
"Halfway through, the choir sings a name nobody in the Vale knows, then asks after a pale man with a lantern. ""He has some of ours,"" the eldest says. ""We would like them back.""","A mitad de la canción, el coro canta un nombre que nadie en el Valle conoce y luego pregunta por un hombre pálido con un farol. ""Tiene algunos de los nuestros"", dice la mayor. ""Nos gustaría recuperarlos.""",scripts/autoload/game_data/GameDataLore.gd:174
The last finding,El último hallazgo,scripts/autoload/game_data/GameDataLore.gd:175
"Under a royal seal, the Ninth Lamp's last finding, a year before the Night: ""Essence is not ours. It is their sky, hardening as it falls. Every crystal we burn, we pull down."" Stamped across it: Not for circulation.","Bajo un sello real, el último hallazgo de la Novena Lámpara, un año antes de la Noche: ""La Esencia no es nuestra. Es su cielo, que se endurece al caer. Cada cristal que quemamos, lo hacemos caer."" Estampado encima: No difundir.",scripts/autoload/game_data/GameDataLore.gd:176
Weather,Clima,scripts/autoload/game_data/GameDataLore.gd:177
"He turns a crystal of your Essence in his glass fingers. ""You burn these for light? Down there we called it weather. It was the part of the sky that rained.""","Gira un cristal de tu Esencia entre sus dedos de cristal. ""¿Quemáis esto para alumbraros? Allá abajo lo llamábamos clima. Era la parte del cielo que llovía.""",scripts/autoload/game_data/GameDataLore.gd:178
A tide-wrack journal,Un diario de resaca,scripts/autoload/game_data/GameDataLore.gd:179
"A sodden journal from a Marsh rift, kept by a guild that held the tides: ""Every tide follows a good harvest. The more Essence the Vale burns, the harder the Hollow comes up, as if chasing something it lost.""","Un diario empapado de una grieta de las Marismas, escrito por un gremio que resistió las mareas: ""Cada marea sigue a una buena cosecha. Cuanta más Esencia quema el Valle, con más fuerza sube el Hueco, como si persiguiera algo que perdió.""",scripts/autoload/game_data/GameDataLore.gd:180
Nine flames,Nueve llamas,scripts/autoload/game_data/GameDataLore.gd:181
"P.S. Under Ilse's signature, smaller than a fingernail, someone has drawn a lamp with nine flames. The Last Lantern's own mark has one.","P.D. Bajo la firma de Ilse, más pequeña que una uña, alguien ha dibujado una lámpara con nueve llamas. La marca del Último Farol tiene una.",scripts/autoload/game_data/GameDataLore.gd:182
Lamp oil,Aceite de lámpara,scripts/autoload/game_data/GameDataLore.gd:183
The smugglers' crates came in. I was promised Essence.,Han llegado las cajas de los contrabandistas. Me prometieron Esencia.,scripts/autoload/game_data/GameDataLore.gd:184
And?,¿Y?,scripts/autoload/game_data/GameDataLore.gd:184
"Lamp oil. Nine casks. Mother Ilse's compliments, and ""keep the Lamp lit"".","Aceite de lámpara. Nueve barriles. Con los saludos de Madre Ilse y un ""mantened la Lámpara encendida"".",scripts/autoload/game_data/GameDataLore.gd:184
Left on the table,Dejado en la mesa,scripts/autoload/game_data/GameDataLore.gd:185
"Mother Ilse is gone before the herald finishes, but she has left something on your table: a brass key to the Ninth Lamp's hall, and a note. ""You'll need this one day. I kept it warm.""","Madre Ilse se ha ido antes de que el heraldo termine, pero ha dejado algo en tu mesa: una llave de latón del salón de la Novena Lámpara y una nota. ""La necesitaréis algún día. La mantuve caliente.""",scripts/autoload/game_data/GameDataLore.gd:186
We accept your Terms,Aceptamos vuestros Términos,scripts/autoload/game_data/GameDataLore.gd:188
"Wen reads the reply's first words again. ""We accept your Terms."" Yours. Not theirs. The Grandmaster's ledger says a voice from the deep offered them. Someone is lying, and it isn't the far side.","Wen vuelve a leer las primeras palabras de la respuesta. ""Aceptamos vuestros Términos."" Vuestros. No suyos. El libro de cuentas de la Gran Maestre dice que una voz de las profundidades los ofreció. Alguien miente, y no es el otro lado.",scripts/autoload/game_data/GameDataLore.gd:189
Side by side,Uno junto a otro,scripts/autoload/game_data/GameDataLore.gd:190
"Day three: ""A voice offered terms.""","Día tres: ""Una voz ofreció términos.""",scripts/autoload/game_data/GameDataLore.gd:191
"The last page: ""We accept your Terms.""","La última página: ""Aceptamos vuestros Términos.""",scripts/autoload/game_data/GameDataLore.gd:191
Read them both again. Slower.,Léelos otra vez. Más despacio.,scripts/autoload/game_data/GameDataLore.gd:191
I have. Nobody wants the last biscuit.,Ya lo he hecho. Nadie quiere la última galleta.,scripts/autoload/game_data/GameDataLore.gd:191
A polite letter,Una carta educada,scripts/autoload/game_data/GameDataLore.gd:192
"Safe on our side, the eldest asks which of you wrote to them first. ""Your Grandmaster's letter. It was very polite. It said: stay where you are.""","A salvo de nuestro lado, la mayor pregunta quién de vosotros les escribió primero. ""La carta de vuestra Gran Maestre. Era muy educada. Decía: quedaos donde estáis.""",scripts/autoload/game_data/GameDataLore.gd:193
Every door rang,Sonaron todas las puertas,scripts/autoload/game_data/GameDataLore.gd:194
"She remembers the night every door rang. ""We all knocked,"" she says. ""Everyone at once, on every door there was. Somebody told us someone would come.""","Recuerda la noche en que sonaron todas las puertas. ""Todos llamamos"", dice. ""Todos a la vez, en todas las puertas que había. Alguien nos dijo que alguien vendría.""",scripts/autoload/game_data/GameDataLore.gd:195
"Running, not hunting","Huyendo, no cazando",scripts/autoload/game_data/GameDataLore.gd:196
"A tide-wrack journal on the Glass Coast, from a guild that burned the Terms: ""Most of what came up with the tides wasn't hunting. It was running, and looking back.""","Un diario de resaca en la Costa de Cristal, de un gremio que quemó los Términos: ""Casi todo lo que subió con las mareas no cazaba. Huía, mirando atrás.""",scripts/autoload/game_data/GameDataLore.gd:197
The Choir's song,La canción del Coro,scripts/autoload/game_data/GameDataLore.gd:198
"The Choir's song is the Accord's oath, word for word, learned from a guild that came down twenty years ago. They sing it the way the village does now, a little off-key.","La canción del Coro es el juramento del Acuerdo, palabra por palabra, aprendido de un gremio que bajó hace veinte años. Lo cantan como lo canta ahora la aldea, un poco desafinado.",scripts/autoload/game_data/GameDataLore.gd:199
The mill wheel,La rueda del molino,scripts/autoload/game_data/GameDataLore.gd:200
"Hollin's miller remembers the Night of Breaking. Every door in the village knocked at once, from inside the frame, three times. Then the mill wheel turned backwards until morning.","El molinero de Hollin recuerda la Noche de la Ruptura. Todas las puertas de la aldea llamaron a la vez, desde dentro del marco, tres veces. Luego la rueda del molino giró al revés hasta el amanecer.",scripts/autoload/game_data/GameDataLore.gd:201
"Day 10, the clerk's copy","Día 10, la copia de la escribana",scripts/autoload/game_data/GameDataLore.gd:202
"Day 10, in the clerk's hand: ""B. asked for the deepest post, under the city. A child watched from the other side. He told her: wait there, I'll come back for you. G. let him go first.""","Día 10, de puño y letra de la escribana: ""B. pidió el puesto más profundo, bajo la ciudad. Una niña miraba desde el otro lado. Él le dijo: espera ahí, volveré a por ti. G. lo dejó ir primero.""",scripts/autoload/game_data/GameDataLore.gd:203
Height marks,Marcas de estatura,scripts/autoload/game_data/GameDataLore.gd:204
"Knife-marks on a deep pillar's base, a hand's width apart, climbing: a child's height, measured every year. They stop at about the height of a girl of twelve.","Marcas de cuchillo en la base de un pilar profundo, a un palmo de distancia, ascendiendo: la estatura de una niña, medida cada año. Se detienen a la altura de una niña de unos doce años.",scripts/autoload/game_data/GameDataLore.gd:205
Relief coming,Llega el relevo,scripts/autoload/game_data/GameDataLore.gd:206
"After the gate holds, someone knocks from below. Three times, then twice, then three times: the Accord's old signal for relief coming.","Tras resistir la puerta, alguien llama desde abajo. Tres veces, luego dos, luego tres: la vieja señal del Acuerdo de que llega el relevo.",scripts/autoload/game_data/GameDataLore.gd:207
A list on the wall,Una lista en la pared,scripts/autoload/game_data/GameDataLore.gd:208
"On the far side of the first door, someone has painted a list on the wall: names and seasons, in turns. Some of the names are ours.","Al otro lado de la primera puerta, alguien ha pintado una lista en la pared: nombres y estaciones, por turnos. Algunos de los nombres son nuestros.",scripts/autoload/game_data/GameDataLore.gd:209
Our keepers,Nuestros guardianes,scripts/autoload/game_data/GameDataLore.gd:210
"The new recruit asked when ""our keepers"" get paid.","La nueva recluta preguntó cuándo cobran ""nuestros guardianes"".",scripts/autoload/game_data/GameDataLore.gd:211
Which keepers?,¿Qué guardianes?,scripts/autoload/game_data/GameDataLore.gd:211
"The ones holding their side of the doors. She says they take turns, like ours.","Los que defienden su lado de las puertas. Dice que se turnan, como los nuestros.",scripts/autoload/game_data/GameDataLore.gd:211
The First Signatory,La Primera Firmante,scripts/autoload/game_data/GameDataLore.gd:212
"She is older than the Accord's last guild, and she has walked a long way. ""Your guilds took turns,"" she says. ""So did we. I held our side of the first door.""","Es más antigua que el último gremio del Acuerdo, y ha recorrido un largo camino. ""Vuestros gremios se turnaban"", dice. ""Nosotros también. Yo defendí nuestro lado de la primera puerta.""",scripts/autoload/game_data/GameDataLore.gd:213
The marching order,La orden de marcha,scripts/autoload/game_data/GameDataLore.gd:215
"Orla Venn sends the contest prize with a copy of her proudest possession: the Chorus's marching order from the Night of Breaking. It is addressed to the Crown's garrison, not to the Vale.","Orla Venn envía el premio del concurso con una copia de su posesión más preciada: la orden de marcha del Coro de la Noche de la Ruptura. Va dirigida a la guarnición de la Corona, no al Valle.",scripts/autoload/game_data/GameDataLore.gd:216
Blue stones,Piedras azules,scripts/autoload/game_data/GameDataLore.gd:217
"In the Iron Oath's drill yard one row of stones is painted royal blue. The old drillmaster's note: ""Chorus recruits stand here. They take their orders from further up.""","En el campo de instrucción del Juramento de Hierro, una fila de piedras está pintada de azul real. Nota del viejo instructor: ""Los reclutas del Coro forman aquí. Reciben órdenes de más arriba.""",scripts/autoload/game_data/GameDataLore.gd:218
No collars,Sin collares,scripts/autoload/game_data/GameDataLore.gd:219
"Wen's note for the Bestiary: Sythrane's wolves wore no collars, and never once turned on her. Wolves don't do that for a crown. They do it for whoever feeds them.",Nota de Wen para el Bestiario: los lobos de Sythrane no llevaban collar y nunca se volvieron contra ella. Los lobos no hacen eso por una corona. Lo hacen por quien los alimenta.,scripts/autoload/game_data/GameDataLore.gd:220
The Ashen Wolves,Los Lobos de Ceniza,scripts/autoload/game_data/GameDataLore.gd:221
Kael asks for work,Kael pide trabajo,scripts/autoload/game_data/GameDataLore.gd:221
"Kael Ashborn asks for a job, and for once says why. ""My wolves fed the Ashen Crown for ten years. Somebody has to feed them now, and it shouldn't be that.""","Kael Ashborn pide un trabajo y, por una vez, dice por qué. ""Mis lobos alimentaron a la Corona de Ceniza durante diez años. Ahora alguien tiene que alimentarlos a ellos, y no debería ser eso.""",scripts/autoload/game_data/GameDataLore.gd:222
The first page,La primera página,scripts/autoload/game_data/GameDataLore.gd:223
"The First Signatory unfolds a page she has carried for twenty years: the Terms' first line. Above forty signatures, in red wax, is a seal: a crowned door.","La Primera Firmante despliega una página que ha llevado consigo veinte años: la primera línea de los Términos. Sobre cuarenta firmas, en cera roja, hay un sello: una puerta coronada.",scripts/autoload/game_data/GameDataLore.gd:224
The same seal,El mismo sello,scripts/autoload/game_data/GameDataLore.gd:225
The Warden's ring. I've seen this seal before.,El anillo del Guardián. He visto este sello antes.,scripts/autoload/game_data/GameDataLore.gd:226
Where?,¿Dónde?,scripts/autoload/game_data/GameDataLore.gd:226
On the Terms. Above every signature.,En los Términos. Sobre todas las firmas.,scripts/autoload/game_data/GameDataLore.gd:226
A royal stipend,Un estipendio real,scripts/autoload/game_data/GameDataLore.gd:227
"Quiet Coin's last ledger: a royal stipend, paid to the Grandmaster every year since the Night of Breaking, ""for keeping the doors"". It stops the year she fell.","El último libro de Moneda Silenciosa: un estipendio real, pagado a la Gran Maestre cada año desde la Noche de la Ruptura, ""por custodiar las puertas"". Se interrumpe el año en que cayó.",scripts/autoload/game_data/GameDataLore.gd:228
Copies for a copper,Copias a cobre,scripts/autoload/game_data/GameDataLore.gd:229
"A wanderer at the rift's mouth sells copies of a page for a copper each: the Terms' first line, and above it, a crowned seal. Nobody buys one. Dobbs buys three.","Un vagabundo a la entrada de la grieta vende copias de una página a cobre cada una: la primera línea de los Términos y, encima, un sello coronado. Nadie compra ninguna. Dobbs compra tres.",scripts/autoload/game_data/GameDataLore.gd:230
Recalled,Llamado a la capital,scripts/autoload/game_data/GameDataLore.gd:231
"P.S. My cousin has been recalled to the capital. Something about a seal, a ring, and questions he would rather not answer. The Lance is, of course, above such things.","P.D. Mi primo ha sido llamado a la capital. Algo sobre un sello, un anillo y preguntas que preferiría no responder. La Lanza, por supuesto, está por encima de esas cosas.",scripts/autoload/game_data/GameDataLore.gd:232
The Grandmaster's ledger,El libro de cuentas de la Gran Maestre,scripts/autoload/game_data/GameDataLore.gd:238
A voice from the deepest rift offered terms.,Una voz de la grieta más profunda ofreció términos.,scripts/autoload/game_data/GameDataLore.gd:239
The posts hold the Hollow back.,Los puestos contienen al Hueco.,scripts/autoload/game_data/GameDataLore.gd:240
All the Grandmaster wanted was more time.,Lo único que quería la Gran Maestre era más tiempo.,scripts/autoload/game_data/GameDataLore.gd:241
Old Hesper,La vieja Hesper,scripts/autoload/game_data/GameDataLore.gd:242
"She had a fever on the Night of Breaking, and missed it.","Tenía fiebre la Noche de la Ruptura, y se la perdió.",scripts/autoload/game_data/GameDataLore.gd:243
The Grandmaster sent her home to spare her.,La Gran Maestre la mandó a casa para salvarla.,scripts/autoload/game_data/GameDataLore.gd:244
She copied the Terms without reading them.,Copió los Términos sin leerlos.,scripts/autoload/game_data/GameDataLore.gd:245
"Marshal Orla Venn, the Iron Chorus","Mariscal Orla Venn, el Coro de Hierro",scripts/autoload/game_data/GameDataLore.gd:246
The Hollow attacked the Vale.,El Hueco atacó el Valle.,scripts/autoload/game_data/GameDataLore.gd:247
Vaelith was a deserter who doomed her post.,Vaelith fue una desertora que condenó su puesto.,scripts/autoload/game_data/GameDataLore.gd:248
The Crown saved the Vale by paying for the posts.,La Corona salvó el Valle pagando los puestos.,scripts/autoload/game_data/GameDataLore.gd:249
"Mother Ilse, the Last Lantern","Madre Ilse, el Último Farol",scripts/autoload/game_data/GameDataLore.gd:250
The Grandmaster betrayed the guilds.,La Gran Maestre traicionó a los gremios.,scripts/autoload/game_data/GameDataLore.gd:251
The Hollow Crown Company opens rifts for profit.,La Compañía de la Corona Hueca abre grietas para lucrarse.,scripts/autoload/game_data/GameDataLore.gd:252
Someone pays Morrow to do it.,Alguien le paga a Morrow por hacerlo.,scripts/autoload/game_data/GameDataLore.gd:253
"Captain Morrow, the Hollow Crown Company","Capitán Morrow, la Compañía de la Corona Hueca",scripts/autoload/game_data/GameDataLore.gd:254
"There is no Hollow, only doors and whoever holds the keys.","No hay Hueco, solo puertas y quien tenga las llaves.",scripts/autoload/game_data/GameDataLore.gd:255
He works for nobody but himself.,No trabaja para nadie más que para sí mismo.,scripts/autoload/game_data/GameDataLore.gd:256
Every guild sells rifts; his just keeps receipts.,Todos los gremios venden grietas; el suyo solo guarda los recibos.,scripts/autoload/game_data/GameDataLore.gd:257
"Ser Aldric Vane, the Gilded Lance","Ser Aldric Vane, la Lanza Dorada",scripts/autoload/game_data/GameDataLore.gd:258
"The guilds sold too much Essence, and the Hollow came to collect.","Los gremios vendieron demasiada Esencia, y el Hueco vino a cobrar.",scripts/autoload/game_data/GameDataLore.gd:259
"His cousin, the Warden of Rifts, keeps the Vale safe.","Su primo, el Guardián de las Grietas, mantiene a salvo el Valle.",scripts/autoload/game_data/GameDataLore.gd:260
The key that opens rifts is a myth.,La llave que abre grietas es un mito.,scripts/autoload/game_data/GameDataLore.gd:261
"Kael Ashborn, the Ashen Wolves","Kael Ashborn, los Lobos de Ceniza",scripts/autoload/game_data/GameDataLore.gd:262
The Hollow is hunger: you feed it or you burn it.,El Hueco es hambre: o lo alimentas o lo quemas.,scripts/autoload/game_data/GameDataLore.gd:263
The Ashen Crown kept the Vale alive.,La Corona de Ceniza mantuvo vivo el Valle.,scripts/autoload/game_data/GameDataLore.gd:264
His wolves owe nobody.,Sus lobos no le deben nada a nadie.,scripts/autoload/game_data/GameDataLore.gd:265
The Hollow's people,La gente del Hueco,scripts/autoload/game_data/GameDataLore.gd:266
"They knocked, everyone at once, on every door.","Llamaron, todos a la vez, a todas las puertas.",scripts/autoload/game_data/GameDataLore.gd:267
Someone on this side wrote to them first.,Alguien de este lado les escribió primero.,scripts/autoload/game_data/GameDataLore.gd:268
They were promised someone would come back.,Les prometieron que alguien volvería.,scripts/autoload/game_data/GameDataLore.gd:269
"P.S. Keep your walls up. The Hollow came for the Vale once, the night the old guilds fell, and it will come again.","P.D. Mantén alzadas tus murallas. El Hueco vino a por el Valle una vez, la noche en que cayeron los antiguos gremios, y volverá.",scripts/autoload/game_data/GameDataLore.gd:276
P.S. Remember who paid for the posts. The Crown kept the Vale alive when the guilds could not. The Chorus remembers.,P.D. Recuerda quién pagó los puestos. La Corona mantuvo vivo el Valle cuando los gremios no pudieron. El Coro lo recuerda.,scripts/autoload/game_data/GameDataLore.gd:278
"P.S. Whatever they tell you about the old guilds, remember that they were betrayed by the one they trusted most. I knew her.","P.D. Te digan lo que te digan de los antiguos gremios, recuerda que los traicionó la persona en quien más confiaban. Yo la conocí.",scripts/autoload/game_data/GameDataLore.gd:280
"P.S. Watch the Hollow Crown Company. Count the rifts that open on their roads, and the contracts that follow.","P.D. Vigila a la Compañía de la Corona Hueca. Cuenta las grietas que se abren en sus caminos, y los contratos que vienen después.",scripts/autoload/game_data/GameDataLore.gd:281
P.S. Morrow hasn't the coin to do what he does. Someone pays him. I'm still finding out who.,P.D. Morrow no tiene dinero para hacer lo que hace. Alguien le paga. Aún estoy averiguando quién.,scripts/autoload/game_data/GameDataLore.gd:282
"P.S. There's no Hollow, friend. There are doors, and whoever holds the keys. The rest is sermons.","P.D. No hay Hueco, amigo. Hay puertas, y quien tenga las llaves. Lo demás son sermones.",scripts/autoload/game_data/GameDataLore.gd:284
P.S. And before you ask: I work for nobody but myself. Ask anyone.,P.D. Y antes de que preguntes: no trabajo para nadie más que para mí. Pregúntale a cualquiera.,scripts/autoload/game_data/GameDataLore.gd:285
P.S. Every guild sells rifts. Mine just keeps receipts.,P.D. Todos los gremios venden grietas. El mío solo guarda los recibos.,scripts/autoload/game_data/GameDataLore.gd:286
"P.S. My grandfather said the old guilds sold too much Essence to too many buyers, and the Hollow came to collect. Grandfather was rarely wrong.","P.D. Mi abuelo decía que los antiguos gremios vendieron demasiada Esencia a demasiados compradores, y que el Hueco vino a cobrar. El abuelo rara vez se equivocaba.",scripts/autoload/game_data/GameDataLore.gd:288
"P.S. And no, there is no key that opens rifts. That's a story for children and smugglers.","P.D. Y no, no existe ninguna llave que abra grietas. Eso es un cuento para niños y contrabandistas.",scripts/autoload/game_data/GameDataLore.gd:290
P.S. The Hollow is a mouth. You feed it or you burn it. My wolves know which.,P.D. El Hueco es una boca. O la alimentas o la quemas. Mis lobos saben qué hacer.,scripts/autoload/game_data/GameDataLore.gd:292
P.S. Say what you like about the Ashen Crown. For ten years nobody in the ash starved. Count that.,P.D. Di lo que quieras de la Corona de Ceniza. Durante diez años nadie pasó hambre en la ceniza. Tenlo en cuenta.,scripts/autoload/game_data/GameDataLore.gd:293
"P.S. And my wolves owe nobody. Not the Crown, not the old guilds, not you.","P.D. Y mis lobos no le deben nada a nadie. Ni a la Corona, ni a los antiguos gremios, ni a ti.",scripts/autoload/game_data/GameDataLore.gd:294
"Did you read the Terms, back then?","¿Leíste los Términos, en aquel entonces?",scripts/autoload/game_data/GameDataLore.gd:296
I copied them. A clerk copies. Reading is for the people who sign.,Los copié. Una escribana copia. Leer es para quienes firman.,scripts/autoload/game_data/GameDataLore.gd:296
Vaelith's Breach,La Brecha de Vaelith,scripts/autoload/game_data/GameDataLore.gd:302
"Vaelith is down on one knee at the mouth of the Breach. She isn't looking at your heroes. She is listening to something behind it, and you know now what it is.","Vaelith está hincada de rodillas a la entrada de la Brecha. No mira a tus héroes. Escucha algo tras ella, y ahora sabes qué es.",scripts/autoload/game_data/GameDataLore.gd:303
Let go,Dejarla ir,scripts/autoload/game_data/GameDataLore.gd:305
"Your heroes lower their weapons. Vaelith looks at them for a long moment, then walks back into the Breach on her own feet. At dawn she comes out carrying a child wrapped in her cloak, and does not explain. She asks for work.

(Vaelith joins as a champion. No relic from this finale, and half its Essence.)","Tus héroes bajan las armas. Vaelith los mira un largo momento y luego vuelve a entrar en la Brecha por su propio pie. Al amanecer sale cargando a una niña envuelta en su capa, y no da explicaciones. Pide trabajo.

(Vaelith se une como campeona. Ninguna reliquia de este final, y la mitad de su Esencia).",scripts/autoload/game_data/GameDataLore.gd:306
"The Breach closes behind Vaelith, by her own hand this time. Under her cloak is an Accord badge with the oath scratched out: she was one of them, and she left her post. Whatever the old guilds did that night, she has been undoing it. Greater Rifts are open to your guild.","La Brecha se cierra tras Vaelith, esta vez por su propia mano. Bajo su capa hay una insignia del Acuerdo con el juramento rayado: era una de ellos, y abandonó su puesto. Hicieran lo que hicieran los antiguos gremios aquella noche, ella lo ha estado deshaciendo. Las Grietas Mayores están abiertas para tu gremio.",scripts/autoload/game_data/GameDataLore.gd:307
"The Grandmaster's clerk, who wrote the Terms out fair and ran from them. Twenty years later she came back and signed the forty-first line herself, for %s.","La escribana de la Gran Maestre, que pasó a limpio los Términos y huyó de ellos. Veinte años después volvió y firmó ella misma la línea cuadragésima primera, por %s.",scripts/autoload/game_data/GameDataLore.gd:312
Tell Wen to keep the books straight. Tell Dobbs the green ink is in the bottom drawer. Tell %s it was my turn.,Dile a Wen que lleve bien las cuentas. Dile a Dobbs que la tinta verde está en el cajón de abajo. Dile a %s que era mi turno.,scripts/autoload/game_data/GameDataLore.gd:313
"Wen finds the last page of the Grandmaster's ledger stuck to the back cover, in a hand neither she nor Dobbs knows. It is a reply. ""We accept your Terms. Hold your doors, and we will not come through them. Our sky is falling. We will not ask again."" Wen reads it twice and puts on her coat.","Wen encuentra la última página del libro de cuentas de la Gran Maestre pegada a la contraportada, con una letra que ni ella ni Dobbs conocen. Es una respuesta. ""Aceptamos vuestros Términos. Defended vuestras puertas, y no las cruzaremos. Nuestro cielo se cae. No volveremos a pedirlo."" Wen la lee dos veces y se pone el abrigo.",scripts/autoload/game_data/GameDataLore.gd:316
"There is a third way. Hesper left the forty-second line open before she signed: rewrite the Terms, and the posts are held in turns. She would come home.","Hay una tercera vía. Hesper dejó abierta la línea cuadragésima segunda antes de firmar: reescribe los Términos, y los puestos se defenderán por turnos. Ella volvería a casa.",scripts/autoload/game_data/GameDataLore.gd:317
"Your guild climbs down to the forty-first post with the Terms, and Hesper writes the forty-second line there, in her own hand, because hers is the only one the Terms accept: the posts are held in turns. Then she climbs out with you. The forty in the pillars walk home, and nobody holds the Hollow alone any more.

(Riftbreaks have ended, every champion of this guild is free, Hesper is home, and the old Accord halls can be restored.)","Tu gremio baja al puesto cuadragésimo primero con los Términos, y Hesper escribe allí la línea cuadragésima segunda, de su puño y letra, porque la suya es la única que los Términos aceptan: los puestos se defienden por turnos. Luego sube contigo. Los cuarenta de los pilares vuelven a casa, y ya nadie contiene solo al Hueco.

(Los Desbordes han terminado, todos los campeones de este gremio son libres, Hesper está en casa y los antiguos salones del Acuerdo pueden restaurarse).",scripts/autoload/game_data/GameDataLore.gd:318
"Wen finds it while copying the last page: a line in the margin, in a smaller, neater hand than the Grandmaster's. ""If a guild ever has to choose, there is a forty-second line. Ask the clerk."" Wen asks Dobbs who the Grandmaster's clerk was. Dobbs looks at the empty fourth chair at the pay table, and doesn't answer.","Wen lo encuentra al copiar la última página: una línea en el margen, con una letra más pequeña y pulcra que la de la Gran Maestre. ""Si algún gremio tiene que elegir, hay una línea cuadragésima segunda. Preguntad a la escribana."" Wen le pregunta a Dobbs quién era la escribana de la Gran Maestre. Dobbs mira la cuarta silla vacía de la mesa de pagos y no responde.",scripts/autoload/game_data/GameDataLore.gd:319
"A letter comes up from the forty-first post, in green ink. ""I was the clerk. I wrote her letters and her contracts, and I wrote the Terms out fair: forty-one lines. The night they were signed, she sent me home with a note that said I had a fever. I kept the note. I never told %s. I'm telling you. H.""","Sube una carta del puesto cuadragésimo primero, en tinta verde. ""Yo era la escribana. Escribía sus cartas y sus contratos, y pasé a limpio los Términos: cuarenta y una líneas. La noche en que se firmaron, me mandó a casa con una nota que decía que tenía fiebre. Guardé la nota. Nunca se lo conté a %s. Te lo cuento a ti. H.""",scripts/autoload/game_data/GameDataLore.gd:320
"Another letter from the post, in green ink. ""There was a line under the forty-first. She made me leave it blank. It says the Terms can be changed, once, by a guild that has both kept them and broken them, and a guild is everyone who came before it. %s kept them. %s burned them. Write the forty-second line, and come and fetch me. H.""","Otra carta del puesto, en tinta verde. ""Había una línea bajo la cuadragésima primera. Me hizo dejarla en blanco. Dice que los Términos pueden cambiarse, una vez, por un gremio que los haya mantenido y roto, y un gremio son todos los que vinieron antes. %s los mantuvo. %s los quemó. Escribe la línea cuadragésima segunda y ven a buscarme. H.""",scripts/autoload/game_data/GameDataLore.gd:321
"Another letter from the post, in green ink. ""There was a line under the forty-first. She made me leave it blank. It says the Terms can be changed, once, by a guild that has both kept them and broken them, and a guild is everyone who came before it. None of ours has done both yet. H.""","Otra carta del puesto, en tinta verde. ""Había una línea bajo la cuadragésima primera. Me hizo dejarla en blanco. Dice que los Términos pueden cambiarse, una vez, por un gremio que los haya mantenido y roto, y un gremio son todos los que vinieron antes. Ninguno de los nuestros ha hecho las dos cosas todavía. H.""",scripts/autoload/game_data/GameDataLore.gd:322
"Morrow's contracts start arriving on your board, generous ones. Wen reads the first, folds it, and doesn't write anything down. She doesn't have to.

(Contracts pay 25% more Gold for the rest of the campaign.)","Empiezan a llegar a tu tablón los contratos de Morrow, y son generosos. Wen lee el primero, lo dobla y no anota nada. No le hace falta.

(Los contratos pagan un 25% más de Oro el resto de la campaña).",scripts/autoload/game_data/GameDataLore.gd:323
"Wen holds it a long time, then sends it down to the forty-first post. It comes back with a note in green ink: ""That was the Grandmaster, before. Give it to the village."" They give it to the village.","Wen lo sostiene largo rato y luego lo envía al puesto cuadragésimo primero. Vuelve con una nota en tinta verde: ""Esa era la Gran Maestre, antes. Dádselo a la aldea."" Se lo dan a la aldea.",scripts/autoload/game_data/GameDataLore.gd:324
"The Iron Oath trained shield-walls. Their drill yard is still marked out in white stones, and Dobbs walks it once, end to end, counting, before he lets the recruits in.","El Juramento de Hierro entrenaba muros de escudos. Su campo de instrucción aún está marcado con piedras blancas, y Dobbs lo recorre una vez de punta a punta, contando, antes de dejar pasar a los reclutas.",scripts/autoload/game_data/GameDataLore.gd:325
"Dobbs pays for the climb down out of Morrow's old contracts, and doesn't say where the money came from. Wen writes it down anyway.",Dobbs paga el descenso con los viejos contratos de Morrow y no dice de dónde salió el dinero. Wen lo anota de todos modos.,scripts/autoload/game_data/GameDataLore.gd:326
"Wen keeps the guild's chronicle and Dobbs keeps its books. Old Hesper, the last of an Accord guild, holds the forty-first post; her letters come up in green ink.","Wen lleva la crónica del gremio y Dobbs sus cuentas. La vieja Hesper, la última de un gremio del Acuerdo, defiende el puesto cuadragésimo primero; sus cartas suben en tinta verde.",scripts/autoload/game_data/GameDataLore.gd:327
I keep setting four cups.,Sigo poniendo cuatro tazas.,scripts/autoload/game_data/GameDataLore.gd:330
Send one down to the post.,Manda una al puesto.,scripts/autoload/game_data/GameDataLore.gd:330
It'd be cold by the time it got there.,Estaría fría al llegar.,scripts/autoload/game_data/GameDataLore.gd:330
She'd drink it anyway.,Se la bebería igual.,scripts/autoload/game_data/GameDataLore.gd:330
"Morrow, turned","Morrow, de nuestro lado",scripts/autoload/game_data/GameDataLore.gd:339
The Charter War,La Guerra de las Cartas,scripts/autoload/game_data/GameDataLore.gd:339
"You don't take the page to the herald. You take it to Morrow, with the second column showing, and the coin. He reads it, counts the coin, and laughs for a long time. ""The Treasury's man, bought by a guild. Fine. I was tired of their calendar.""

(Morrow joins your guild as a Rank S rogue on double wages, and the Company stops hunting. Miss his pay once and he's gone. The Crown will remember at its hearing.)","No llevas la página al heraldo. Se la llevas a Morrow, con la segunda columna a la vista, y el dinero. La lee, cuenta las monedas y se ríe un buen rato. ""El hombre del Tesoro, comprado por un gremio. Bien. Estaba harto de su calendario.""

(Morrow se une a tu gremio como pícaro de Rango S con sueldo doble, y la Compañía deja de cazar. Si le fallas un pago, se va. La Corona lo recordará en su audiencia).",scripts/autoload/game_data/GameDataLore.gd:340
By Royal Hand,Por Mano Real,scripts/autoload/game_data/GameDataLore.gd:347
The Crown's hearing,La audiencia de la Corona,scripts/autoload/game_data/GameDataLore.gd:347
"The herald's list has another guild's name at the top. The Warden of Rifts' office, you happen to know, has a price, and a cousin who once mislaid a key.","La lista del heraldo tiene el nombre de otro gremio arriba. La oficina del Guardián de las Grietas, da la casualidad de que lo sabes, tiene un precio, y un primo que una vez extravió una llave.",scripts/autoload/game_data/GameDataLore.gd:348
"The Royal Charter is yours, at a price","La Carta Real es tuya, a un precio",scripts/autoload/game_data/GameDataLore.gd:350
"The herald clears his throat, turns his list over, and reads your name off the back of it. Nobody shakes your hand.

(Contracts pay 10% more Gold and Essence. A bought Charter earns no Laurels, and the Crown's auditors will come in Act IV.)","El heraldo carraspea, da la vuelta a su lista y lee tu nombre del reverso. Nadie te estrecha la mano.

(Los contratos pagan un 10% más de Oro y Esencia. Una Carta comprada no da Laureles, y los auditores de la Corona vendrán en el Acto IV).",scripts/autoload/game_data/GameDataLore.gd:351
The Crown's auditors,Los auditores de la Corona,scripts/autoload/game_data/GameDataLore.gd:352
Act IV,Acto IV,scripts/autoload/game_data/GameDataLore.gd:352
"Two clerks in grey arrive with the Warden's seal and go through Dobbs's books for three days. They leave with a fifth of the vault and a receipt.

(-20% of your Gold.)","Dos escribanos de gris llegan con el sello del Guardián y revisan los libros de Dobbs durante tres días. Se van con una quinta parte de la cámara y un recibo.

(-20% de tu Oro).",scripts/autoload/game_data/GameDataLore.gd:353
The key,La llave,scripts/autoload/game_data/GameDataLore.gd:358
"Morrow's key is on the table: old iron with the Accord's sigil, warm in a way iron shouldn't be. It opens any rift's door, from either side. Pip wants it back. Wen wants it in the river.","La llave de Morrow está sobre la mesa: hierro viejo con el emblema del Acuerdo, tibio como el hierro no debería estarlo. Abre la puerta de cualquier grieta, desde ambos lados. Pip la quiere de vuelta. Wen la quiere en el río.",scripts/autoload/game_data/GameDataLore.gd:359
"The key, kept","La llave, guardada",scripts/autoload/game_data/GameDataLore.gd:361
"The key goes on a cord round the quartermaster's neck. Dobbs says it hums when a rift is near, and it does.

(Choose each rift's region in the Rift Hall. Every Riftbreak comes a rank higher: the doors know who has the key.)","La llave cuelga de un cordón al cuello del intendente. Dobbs dice que zumba cuando hay una grieta cerca, y es verdad.

(Elige la región de cada grieta en la Sala de Grietas. Cada Desborde llega un rango más alto: las puertas saben quién tiene la llave).",scripts/autoload/game_data/GameDataLore.gd:362
"The key, broken","La llave, rota",scripts/autoload/game_data/GameDataLore.gd:363
"It takes the smith, two hammers and most of a morning. When the key breaks, every dog in the Vale barks at once, then stops.

(+5 Renown. Riftbreaks warn you a day earlier. The Grandmaster's Hall will have to be forced open, at a quarter more.)","Hacen falta el herrero, dos martillos y casi toda una mañana. Cuando la llave se rompe, todos los perros del Valle ladran a la vez, y luego callan.

(+5 de Renombre. Los Desbordes avisan un día antes. El Salón de la Gran Maestre tendrá que forzarse, por un cuarto más).",scripts/autoload/game_data/GameDataLore.gd:364
"The last hall is the one the Accord was sworn in. Its doors open for no key now; the guild forces them with bars and patience. Inside is a long table, forty-one chairs, and one that someone has dusted every year. The Vale has its keepers again.","El último salón es aquel donde se juró el Acuerdo. Sus puertas ya no se abren con ninguna llave; el gremio las fuerza con barras y paciencia. Dentro hay una mesa larga, cuarenta y una sillas, y una que alguien ha desempolvado cada año. El Valle vuelve a tener sus guardianes.",scripts/autoload/game_data/GameDataLore.gd:365
"

He holds the lantern out to you, open. You know now what's in it, and that the echoes in your vault would fit.","

Te tiende el farol, abierto. Ahora sabes qué hay dentro, y que los ecos de tu cámara cabrían en él.",scripts/autoload/game_data/GameDataLore.gd:370
What the Rifts Take,Lo que se Llevan las Grietas,scripts/autoload/game_data/GameDataLore.gd:371
"You pour the vault's kept echoes into Ezra's lantern, one crystal at a time. The heroes they touched sit down, suddenly tired, and look lighter. Ezra bows, which nobody in the Vale has seen him do, and gives you the Ninth Lamp's own reckoning of what Essence is worth.

(Contracts pay 10% more Essence for the rest of the campaign. The Vale will remember what you gave.)","Viertes en el farol de Ezra los ecos guardados en la cámara, cristal a cristal. Los héroes a los que tocaron se sientan, de pronto cansados, y parecen más ligeros. Ezra hace una reverencia, algo que nadie en el Valle le ha visto hacer, y te entrega el cálculo de la propia Novena Lámpara de lo que vale la Esencia.

(Los contratos pagan un 10% más de Esencia el resto de la campaña. El Valle recordará lo que diste).",scripts/autoload/game_data/GameDataLore.gd:372
Brannoch's door,La puerta de Brannoch,scripts/autoload/game_data/GameDataLore.gd:386
The Inverted City,La Ciudad Invertida,scripts/autoload/game_data/GameDataLore.gd:386
"Under the City, at the deepest door, a knight in chains is still holding. Brannoch. He promised a child on the other side he would come back for her, and he never left the door to do it.","Bajo la Ciudad, en la puerta más profunda, un caballero encadenado sigue resistiendo. Brannoch. Le prometió a una niña del otro lado que volvería a por ella, y nunca dejó la puerta para hacerlo.",scripts/autoload/game_data/GameDataLore.gd:387
Still holding,Aún resiste,scripts/autoload/game_data/GameDataLore.gd:389
"You tell him she's grown, and safe, and waiting on our side. He laughs, once, and sets his shoulder against the door again. ""Then it can wait for me a little longer.""

(The City's gate holds: Act VI's gate objective is met. Brannoch stays at his post.)","Le dices que ella ha crecido, que está a salvo y que espera de nuestro lado. Se ríe una vez y vuelve a apoyar el hombro contra la puerta. ""Entonces puede esperarme un poco más.""

(La puerta de la Ciudad resiste: se cumple el objetivo de la puerta del Acto VI. Brannoch sigue en su puesto).",scripts/autoload/game_data/GameDataLore.gd:390
Relieved,Relevado,scripts/autoload/game_data/GameDataLore.gd:391
"Your heroes take the door's weight together, and Brannoch steps out of the light for the first time in twenty years. The door shudders. Something on the other side has noticed.

(Brannoch joins as a champion. The City's gate will come at Rank SS.)","Tus héroes cargan juntos con el peso de la puerta, y Brannoch sale de la luz por primera vez en veinte años. La puerta se estremece. Algo al otro lado se ha dado cuenta.

(Brannoch se une como campeón. La puerta de la Ciudad llegará en el Rango SS).",scripts/autoload/game_data/GameDataLore.gd:392
The Choir sings,El Coro canta,scripts/autoload/game_data/GameDataLore.gd:397
A crossing,Un cruce,scripts/autoload/game_data/GameDataLore.gd:397
"They sing the Accord's oath in the square, badly and beautifully, and the whole village joins in the second verse. The song carries. Far below, something hears it.

(+5 Renown and +15 morale for every hero. A Riftbreak swells in two days.)","Cantan el juramento del Acuerdo en la plaza, mal y hermosamente, y toda la aldea se une en la segunda estrofa. La canción viaja lejos. Muy abajo, algo la oye.

(+5 de Renombre y +15 de moral para cada héroe. Un Desborde se hincha en dos días).",scripts/autoload/game_data/GameDataLore.gd:398
"An old woman at the door, with a satchel she won't let go of. She says she signed for her side, once, and has come to see who signed for ours.","Una anciana en la puerta, con un morral que no suelta. Dice que una vez firmó por su lado, y ha venido a ver quién firmó por el nuestro.",scripts/autoload/game_data/GameDataLore.gd:404
"She joins as a Hollow-born Rank A cleric, and opens her satchel","Se une como clérigo de Rango A nacida del Hueco, y abre su morral",scripts/autoload/game_data/GameDataLore.gd:405
+300 Gold: the Crown pays three times the usual for this one,+300 de Oro: la Corona paga el triple de lo habitual por esta,scripts/autoload/game_data/GameDataLore.gd:405
The first signature,La primera firma,scripts/autoload/game_data/GameDataLore.gd:418
Epilogue,Epílogo,scripts/autoload/game_data/GameDataLore.gd:418
"The Crown's herald has come to the Vale to read the new Royal Charter in the square. Wen has the Terms' first page in her satchel, with the Crown's seal above every name. The square is full. Everyone is waiting for someone to speak.","El heraldo de la Corona ha venido al Valle a leer la nueva Carta Real en la plaza. Wen lleva en el morral la primera página de los Términos, con el sello de la Corona sobre cada nombre. La plaza está llena. Todos esperan a que alguien hable.",scripts/autoload/game_data/GameDataLore.gd:419
Read aloud,Leer en voz alta,scripts/autoload/game_data/GameDataLore.gd:422
"Wen reads the first page in the square, slowly, so the back rows can hear. The herald leaves before she finishes. By winter the Charter is gone from every wall, and the villages choose their own guilds at a moot.

(+30 Laurels. In every later guild: the Crown's hearing is the Vale's Moot, contracts pay 10% less Gold, rifts 10% less Essence, guilds earn 10% more Laurels, and Hollow-born heroes come from the start.)","Wen lee la primera página en la plaza, despacio, para que la oigan las últimas filas. El heraldo se va antes de que termine. Para el invierno, la Carta ha desaparecido de todas las paredes, y las aldeas eligen a sus propios gremios en asamblea.

(+30 Laureles. En todos los gremios posteriores: la audiencia de la Corona es la Asamblea del Valle, los contratos pagan un 10% menos de Oro, las grietas un 10% menos de Esencia, los gremios ganan un 10% más de Laureles y hay héroes nacidos del Hueco desde el principio).",scripts/autoload/game_data/GameDataLore.gd:423
Burned,Quemada,scripts/autoload/game_data/GameDataLore.gd:424
"The page burns green, like the Terms did. The herald reads the Charter to a quiet square and leaves your guild a letter of thanks with a pension in it. Nobody mentions the smell of smoke.

(+30 Laurels, and 1,000 Gold every 28 days for this guild. In every later guild: royal patronage, contracts pay 15% more Gold, the Crown takes a tenth of the vault every 28 days, and the Iron Chorus is always the rival.)","La página arde en verde, como ardieron los Términos. El heraldo lee la Carta ante una plaza en silencio y deja a tu gremio una carta de agradecimiento con una pensión dentro. Nadie menciona el olor a humo.

(+30 Laureles y 1.000 de Oro cada 28 días para este gremio. En todos los gremios posteriores: patrocinio real, los contratos pagan un 15% más de Oro, la Corona se lleva una décima parte de la cámara cada 28 días y el Coro de Hierro es siempre el rival).",scripts/autoload/game_data/GameDataLore.gd:425
The Vale's Moot,La Asamblea del Valle,scripts/autoload/game_data/GameDataLore.gd:428
The villages choose your guild,Las aldeas eligen a tu gremio,scripts/autoload/game_data/GameDataLore.gd:428
"Every village sends someone to the moot, and the show of hands isn't close. No herald, no seal: the Vale's own say-so hangs in your hall.

(Wages are 10% lower: heroes want to work for the Vale's guild.)","Cada aldea envía a alguien a la asamblea, y la votación a mano alzada no está reñida. Sin heraldo, sin sello: la palabra del propio Valle cuelga en tu salón.

(Los sueldos son un 10% más bajos: los héroes quieren trabajar para el gremio del Valle).",scripts/autoload/game_data/GameDataLore.gd:429
The villages choose %s,Las aldeas eligen a %s,scripts/autoload/game_data/GameDataLore.gd:430
"The moot is long, and loud, and %s takes it. The villages will bring their troubles to another door for a while. The rifts don't care whose name the villages call.","La asamblea es larga y ruidosa, y %s se la lleva. Durante un tiempo, las aldeas llevarán sus problemas a otra puerta. A las grietas no les importa qué nombre griten las aldeas.",scripts/autoload/game_data/GameDataLore.gd:431
A notice on every guild door in the Vale,Un aviso en la puerta de cada gremio del Valle,scripts/autoload/game_data/GameDataLore.gd:433
"At the end of the year the villages will hold a moot and choose the guild they trust most. Until then, every guild works for its Renown.

The loudest of them, %s, led by %s, has noticed your guild.","A final de año, las aldeas celebrarán una asamblea y elegirán al gremio en el que más confían. Hasta entonces, cada gremio trabaja por su Renombre.

El más ruidoso de todos, %s, liderado por %s, se ha fijado en tu gremio.",scripts/autoload/game_data/GameDataLore.gd:434
"The Spire, falling","La Aguja, cayendo",scripts/autoload/game_data/GameDataLore.gd:444
The Drowned Spire,La Aguja Ahogada,scripts/autoload/game_data/GameDataLore.gd:444
"Nyxara is gone, and the Spire is going after her. The Accord's archive is still on its shelves: every contract, every name, every oath, three hundred years of them. Down the hill the same water is heading for Hollin, and Hollin has a mill, a mill race and forty houses. Your heroes can carry one of them out.","Nyxara ha caído, y la Aguja va tras ella. El archivo del Acuerdo sigue en sus estantes: cada contrato, cada nombre, cada juramento, trescientos años de ellos. Colina abajo, la misma agua se dirige a Hollin, y Hollin tiene un molino, un canal y cuarenta casas. Tus héroes pueden salvar uno de los dos.",scripts/autoload/game_data/GameDataLore.gd:445
"The archive, carried out","El archivo, rescatado",scripts/autoload/game_data/GameDataLore.gd:447
"Your heroes come down the Spire with the shelves on their backs and the water at their heels. Wen spends a week drying pages on every line in the camp. Hollin floods to the eaves. Nobody died, the miller says, which is not the same as nobody being hurt.

(-6 Renown. Ledger pages and the Vale's story turn up half again as often for the rest of this guild.)","Tus héroes bajan de la Aguja con los estantes a la espalda y el agua pisándoles los talones. Wen pasa una semana secando páginas en cada cuerda del campamento. Hollin se inunda hasta los aleros. Nadie murió, dice el molinero, que no es lo mismo que nadie saliera herido.

(-6 de Renombre. Las páginas del libro de cuentas y la historia del Valle aparecen la mitad más a menudo durante el resto de este gremio).",scripts/autoload/game_data/GameDataLore.gd:448
"Hollin, kept dry","Hollin, a salvo del agua",scripts/autoload/game_data/GameDataLore.gd:449
"Your heroes spend the night on the mill race with spades and doors torn off their hinges, and by morning the water goes round Hollin instead of through it. Behind them the Spire folds into the marsh with everything the Accord ever wrote down. Wen watches it go and doesn't say anything for a long time.

(+8 Renown. Hollin will remember.)","Tus héroes pasan la noche en el canal del molino con palas y puertas arrancadas de sus goznes, y por la mañana el agua rodea Hollin en lugar de atravesarla. Tras ellos, la Aguja se hunde en la marisma con todo lo que el Acuerdo escribió jamás. Wen la ve desaparecer y no dice nada durante mucho rato.

(+8 de Renombre. Hollin lo recordará).",scripts/autoload/game_data/GameDataLore.gd:450
"The Spire crumbles into the black water, and Nyxara with it, but not before your guild has carried out its shelves. Most of it is contracts. One book is in the Grandmaster's hand, and it says the guilds did not fall that night. They made a bargain. Beneath the Spire, something vast stirs: a rift with no bottom, lit by pillars of light. The Endless Rift is open to your guild.","La Aguja se desmorona en el agua negra, y Nyxara con ella, pero no antes de que tu gremio haya rescatado sus estantes. Casi todo son contratos. Un libro está escrito de puño y letra de la Gran Maestre, y dice que los gremios no cayeron aquella noche. Hicieron un pacto. Bajo la Aguja, algo inmenso se agita: una grieta sin fondo, iluminada por pilares de luz. La Grieta Infinita está abierta para tu gremio.",scripts/autoload/game_data/GameDataLore.gd:451
"Wen has read the archive's copies of the Terms, clause by clause. She knows what they are made of now, and so do your heroes.

(Act IV's finale is 5% weaker.)","Wen ha leído las copias de los Términos del archivo, cláusula por cláusula. Ahora sabe de qué están hechos, y tus héroes también.

(El final del Acto IV es un 5% más débil).",scripts/autoload/game_data/GameDataLore.gd:453
"Word comes down from Hollin before you open the door: whoever comes through, Hollin will take them in.

(Letting a crossing through costs no Renown.)","Llega aviso de Hollin antes de que abras la puerta: venga quien venga, Hollin lo acogerá.

(Dejar pasar un cruce no cuesta Renombre).",scripts/autoload/game_data/GameDataLore.gd:454
"Dobbs pays for the climb down out of Morrow's old contracts, and doesn't say where the money came from. Hesper does.",Dobbs paga el descenso con los viejos contratos de Morrow y no dice de dónde salió el dinero. Hesper sí.,scripts/autoload/game_data/GameDataLore.gd:458
"At the back of the square stands Mother Ilse, who brought you the first page of all this. She catches Wen's eye and nods, once.","Al fondo de la plaza está Madre Ilse, que te trajo la primera página de todo esto. Cruza la mirada con Wen y asiente una vez.",scripts/autoload/game_data/GameDataLore.gd:459
"Morrow reads the seal over Wen's shoulder and laughs, the way he did when you bought him. ""Told you. Someone always pays.""","Morrow lee el sello por encima del hombro de Wen y se ríe, como cuando lo compraste. ""Os lo dije. Alguien siempre paga.""",scripts/autoload/game_data/GameDataLore.gd:460
"A letter under the Crown's seal follows you down: the Charter's holder will turn every crossing back. The bounty is doubled while you hold it.

(Turning a crossing back pays double.)","Una carta con el sello de la Corona te sigue hacia abajo: quien tenga la Carta rechazará cada cruce. La recompensa se duplica mientras la tengas.

(Rechazar un cruce paga el doble).",scripts/autoload/game_data/GameDataLore.gd:461
"%s holds the Charter, so the Crown has sent them down as well. Their banners are on the Glass Coast before yours, and the doors near their camp are already shut.","%s tiene la Carta, así que la Corona también lo ha enviado abajo. Sus estandartes llegan a la Costa de Cristal antes que los tuyos, y las puertas cerca de su campamento ya están cerradas.",scripts/autoload/game_data/GameDataLore.gd:462
Vaelith comes to the door before anyone calls her. The smallest of the five lets go of the line and runs to her.,Vaelith acude a la puerta antes de que nadie la llame. La más pequeña de los cinco suelta la cuerda y corre hacia ella.,scripts/autoload/game_data/GameDataLore.gd:463
"They ask after a pale man with a lantern. Wen tells them what you poured into it. The eldest closes her eyes, listens to something none of you can hear, and says some of theirs are home.","Preguntan por un hombre pálido con un farol. Wen les cuenta lo que vertiste en él. La mayor cierra los ojos, escucha algo que ninguno de vosotros oye y dice que algunos de los suyos están en casa.",scripts/autoload/game_data/GameDataLore.gd:464
"The first winter nobody comes up. The doors stand open on an empty shore, and your guild learns how to wait.","El primer invierno no sube nadie. Las puertas siguen abiertas ante una orilla vacía, y tu gremio aprende a esperar.",scripts/autoload/game_data/GameDataLore.gd:467
"The first of them to come up are met at the doors by the ones you let through before, holding lamps and calling down in their own language.","A los primeros que suben los reciben en las puertas quienes dejaste pasar antes, con lámparas en alto y llamando hacia abajo en su propio idioma.",scripts/autoload/game_data/GameDataLore.gd:468
The ones you let through watch from the cliff as the last door closes. Nobody asks them to leave. Nobody asks them anything.,Quienes dejaste pasar miran desde el acantilado cómo se cierra la última puerta. Nadie les pide que se vayan. Nadie les pregunta nada.,scripts/autoload/game_data/GameDataLore.gd:469
"Under the city, a knight sets down a door he held for twenty years, because nobody needs it held any more.","Bajo la ciudad, un caballero suelta una puerta que sostuvo durante veinte años, porque ya nadie necesita que la sostenga.",scripts/autoload/game_data/GameDataLore.gd:470
Brannoch is still holding when the last door closes. Nobody can say which side he is on.,Brannoch sigue resistiendo cuando se cierra la última puerta. Nadie sabe decir de qué lado está.,scripts/autoload/game_data/GameDataLore.gd:471
"Brannoch climbs to the top of the cords himself, to see the last door with his own eyes.","Brannoch trepa él mismo hasta lo alto de las cuerdas, para ver la última puerta con sus propios ojos.",scripts/autoload/game_data/GameDataLore.gd:472
Blood,Sangre,scripts/autoload/game_data/GameDataModes.gd:12
Steel,Acero,scripts/autoload/game_data/GameDataModes.gd:13
Storm,Tormenta,scripts/autoload/game_data/GameDataModes.gd:14
Shadow,Sombra,scripts/autoload/game_data/GameDataModes.gd:15
Holy,Sagrado,scripts/autoload/game_data/GameDataModes.gd:16
Kindling,Yesca,scripts/autoload/game_data/GameDataModes.gd:19
+3% party damage every round (stacking).,+3% de daño del grupo cada ronda (acumulable).,scripts/autoload/game_data/GameDataModes.gd:19
Blaze,Llamarada,scripts/autoload/game_data/GameDataModes.gd:20
+12% party damage.,+12% de daño del grupo.,scripts/autoload/game_data/GameDataModes.gd:20
Pyre Burst,Estallido de Pira,scripts/autoload/game_data/GameDataModes.gd:21
"Every third round, fire strikes every foe for 35% of party damage.","Cada tres rondas, el fuego golpea a todos los enemigos con el 35% del daño del grupo.",scripts/autoload/game_data/GameDataModes.gd:21
Rime Coat,Capa de Escarcha,scripts/autoload/game_data/GameDataModes.gd:22
+8% dodge.,+8% de esquiva.,scripts/autoload/game_data/GameDataModes.gd:22
Frostbite,Congelación,scripts/autoload/game_data/GameDataModes.gd:23
Evading or taking a heavy hit weakens the attacker.,Esquivar o recibir un golpe fuerte debilita al atacante.,scripts/autoload/game_data/GameDataModes.gd:23
Ice Ward,Barrera de Hielo,scripts/autoload/game_data/GameDataModes.gd:24
"Every third round, shield the party for 8% of max HP.","Cada tres rondas, da al grupo un escudo del 8% de sus PV máx.",scripts/autoload/game_data/GameDataModes.gd:24
Leech,Sanguijuela,scripts/autoload/game_data/GameDataModes.gd:25
Hits heal the attacker for 8% of the damage.,Los golpes curan al atacante un 8% del daño.,scripts/autoload/game_data/GameDataModes.gd:25
Frenzy,Frenesí,scripts/autoload/game_data/GameDataModes.gd:26
+10% party damage.,+10% de daño del grupo.,scripts/autoload/game_data/GameDataModes.gd:26
Feast,Festín,scripts/autoload/game_data/GameDataModes.gd:27
Each kill mends the party for 6% of max HP.,Cada muerte cura al grupo un 6% de sus PV máx.,scripts/autoload/game_data/GameDataModes.gd:27
+20% chance to counter when evading or hit hard.,+20% prob. de contraatacar al esquivar o recibir un golpe fuerte.,scripts/autoload/game_data/GameDataModes.gd:28
20% chance to take a hit meant for a wounded ally.,20% de prob. de recibir un golpe dirigido a un aliado herido.,scripts/autoload/game_data/GameDataModes.gd:29
Tempered,Templado,scripts/autoload/game_data/GameDataModes.gd:30
"Once a fight, survive a wipe at 25% HP.","Una vez por combate, sobrevive a una derrota total con el 25% de PV.",scripts/autoload/game_data/GameDataModes.gd:30
Static,Estática,scripts/autoload/game_data/GameDataModes.gd:32
+30% chance to gain 1 Momentum when evading or hit hard.,+30% prob. de ganar 1 de Ímpetu al esquivar o recibir un golpe fuerte.,scripts/autoload/game_data/GameDataModes.gd:32
Each kill arcs lightning into every foe for 30% of party damage.,Cada muerte lanza un rayo a todos los enemigos con el 30% del daño del grupo.,scripts/autoload/game_data/GameDataModes.gd:33
Reaper,Segador,scripts/autoload/game_data/GameDataModes.gd:34
Hits finish off foes left below 12% HP.,Los golpes rematan a los enemigos con menos del 12% de PV.,scripts/autoload/game_data/GameDataModes.gd:34
+40% opening volley against bosses.,+40% andanada inicial contra jefes.,scripts/autoload/game_data/GameDataModes.gd:35
Veil,Velo,scripts/autoload/game_data/GameDataModes.gd:36
+6% dodge and +6% party damage.,+6% de esquiva y +6% de daño del grupo.,scripts/autoload/game_data/GameDataModes.gd:36
Mends 3% HP every round.,Cura un 3% de PV cada ronda.,scripts/autoload/game_data/GameDataModes.gd:37
Each kill shields the weakest ally for 12% of max HP.,Cada muerte da al aliado más débil un escudo del 12% de sus PV máx.,scripts/autoload/game_data/GameDataModes.gd:38
Hymn,Himno,scripts/autoload/game_data/GameDataModes.gd:39
"Every third round, mend the party for 5% of max HP.","Cada tres rondas, cura al grupo un 5% de sus PV máx.",scripts/autoload/game_data/GameDataModes.gd:39
Ember ×2,Ascua ×2,scripts/autoload/game_data/GameDataModes.gd:44
+8% party damage.,+8% de daño del grupo.,scripts/autoload/game_data/GameDataModes.gd:44
"Every third round, fire hits every foe for 60% of party damage.","Cada tres rondas, el fuego golpea a todos los enemigos con el 60% del daño del grupo.",scripts/autoload/game_data/GameDataModes.gd:44
Frost ×2,Escarcha ×2,scripts/autoload/game_data/GameDataModes.gd:45
+6% dodge.,+6% de esquiva.,scripts/autoload/game_data/GameDataModes.gd:45
Glacier,Glaciar,scripts/autoload/game_data/GameDataModes.gd:45
"Every third round, shield the party for 15%.","Cada tres rondas, da al grupo un escudo del 15%.",scripts/autoload/game_data/GameDataModes.gd:45
Blood ×2,Sangre ×2,scripts/autoload/game_data/GameDataModes.gd:46
Mends 2% HP every round.,Cura un 2% de PV cada ronda.,scripts/autoload/game_data/GameDataModes.gd:46
Crimson Pact,Pacto Carmesí,scripts/autoload/game_data/GameDataModes.gd:46
Hits heal for 15% of the damage.,Los golpes curan un 15% del daño.,scripts/autoload/game_data/GameDataModes.gd:46
Steel ×2,Acero ×2,scripts/autoload/game_data/GameDataModes.gd:47
+10% counter chance.,+10% prob. de contraataque.,scripts/autoload/game_data/GameDataModes.gd:47
Iron Wall,Muro de Hierro,scripts/autoload/game_data/GameDataModes.gd:47
Each kill shields the weakest ally for 20%.,Cada muerte da al aliado más débil un escudo del 20%.,scripts/autoload/game_data/GameDataModes.gd:47
Storm ×2,Tormenta ×2,scripts/autoload/game_data/GameDataModes.gd:48
+15% first-strike damage.,+15% de daño del primer golpe.,scripts/autoload/game_data/GameDataModes.gd:48
Tempest,Tempestad,scripts/autoload/game_data/GameDataModes.gd:48
Evading or taking a heavy hit can grant an extra turn.,Esquivar o recibir un golpe fuerte puede dar un turno extra.,scripts/autoload/game_data/GameDataModes.gd:48
Shadow ×2,Sombra ×2,scripts/autoload/game_data/GameDataModes.gd:49
+6% party damage.,+6% de daño del grupo.,scripts/autoload/game_data/GameDataModes.gd:49
Hits finish off foes below 20% HP.,Los golpes rematan a los enemigos con menos del 20% de PV.,scripts/autoload/game_data/GameDataModes.gd:49
Holy ×2,Sagrado ×2,scripts/autoload/game_data/GameDataModes.gd:50
Sanctuary,Santuario,scripts/autoload/game_data/GameDataModes.gd:50
"Once a fight, survive a wipe at 30% HP.","Una vez por combate, sobrevive a una derrota total con el 30% de PV.",scripts/autoload/game_data/GameDataModes.gd:50
Ironclad,Acorazados,scripts/autoload/game_data/GameDataModes.gd:76
Every foe is armored (at least 30% of basic attacks shrugged off). Abilities ignore armor.,Todos los enemigos llevan armadura (ignoran al menos el 30% de los ataques básicos). Las Habilidades ignoran la armadura.,scripts/autoload/game_data/GameDataModes.gd:76
Scorching,Abrasadores,scripts/autoload/game_data/GameDataModes.gd:77
Every foe's hits can set a hero ablaze.,Los golpes de cada enemigo pueden prender fuego a un héroe.,scripts/autoload/game_data/GameDataModes.gd:77
Frostbound,Gélidos,scripts/autoload/game_data/GameDataModes.gd:78
Every foe's hits can chill a hero (acts late).,Los golpes de cada enemigo pueden helar a un héroe (actúa tarde).,scripts/autoload/game_data/GameDataModes.gd:78
Swarm,Enjambre,scripts/autoload/game_data/GameDataModes.gd:79
Extra foes join the fight.,Se unen más enemigos al combate.,scripts/autoload/game_data/GameDataModes.gd:79
Every foe winds up heavy blows far more often. Defend!,Todos los enemigos cargan golpes fuertes mucho más a menudo. ¡Defiende!,scripts/autoload/game_data/GameDataModes.gd:80
Colossus,Coloso,scripts/autoload/game_data/GameDataModes.gd:81
A single foe with double health.,Un único enemigo con el doble de salud.,scripts/autoload/game_data/GameDataModes.gd:81
Glass Cannon,Cañón de Cristal,scripts/autoload/game_data/GameDataModes.gd:82
Foes hit 40% harder but have 30% less health.,Los enemigos golpean un 40% más fuerte pero tienen un 30% menos de salud.,scripts/autoload/game_data/GameDataModes.gd:82
Foes have 50% more health but hit 20% softer.,Los enemigos tienen un 50% más de salud pero golpean un 20% más flojo.,scripts/autoload/game_data/GameDataModes.gd:83
Trio,Trío,scripts/autoload/game_data/GameDataModes.gd:84
At most 3 heroes.,Como máximo 3 héroes.,scripts/autoload/game_data/GameDataModes.gd:84
Duo,Dúo,scripts/autoload/game_data/GameDataModes.gd:85
At most 2 heroes.,Como máximo 2 héroes.,scripts/autoload/game_data/GameDataModes.gd:85
The Gatekeeper,El Portero,scripts/autoload/game_data/GameDataModes.gd:90
An iron sentinel bars the first gate.,Un centinela de hierro bloquea la primera puerta.,scripts/autoload/game_data/GameDataModes.gd:90
Mirelord Oskan,"Oskan, Señor del Fango",scripts/autoload/game_data/GameDataModes.gd:91
"The flooded stair has a keeper, and it does not tire.","La escalera inundada tiene un guardián, y no se cansa.",scripts/autoload/game_data/GameDataModes.gd:91
Cindermaw,Fauces de Ceniza,scripts/autoload/game_data/GameDataModes.gd:92
Heat pours down from the thirtieth landing.,El calor baja a raudales desde el trigésimo rellano.,scripts/autoload/game_data/GameDataModes.gd:92
The Hollow Choir,El Coro Hueco,scripts/autoload/game_data/GameDataModes.gd:93
"Voices echo from every wall, louder by the moment.","Las voces resuenan en cada pared, cada vez más fuertes.",scripts/autoload/game_data/GameDataModes.gd:93
Tidewarden Selk,"Selk, Guardián de las Mareas",scripts/autoload/game_data/GameDataModes.gd:94
"Halfway up, the tower tests your patience.","A media altura, la torre pone a prueba tu paciencia.",scripts/autoload/game_data/GameDataModes.gd:94
The Ember Regent,El Regente de Ascuas,scripts/autoload/game_data/GameDataModes.gd:95
A crowned flame waits on its throne.,Una llama coronada espera en su trono.,scripts/autoload/game_data/GameDataModes.gd:95
Gravewright Mourn,Mourn el Sepulturero,scripts/autoload/game_data/GameDataModes.gd:96
"Whatever falls here, it stitches back together.","Todo lo que cae aquí, lo vuelve a coser.",scripts/autoload/game_data/GameDataModes.gd:96
The Drowned Oracle,El Oráculo Ahogado,scripts/autoload/game_data/GameDataModes.gd:97
It has already seen how this fight ends.,Ya ha visto cómo termina este combate.,scripts/autoload/game_data/GameDataModes.gd:97
Ashfather,Padre Ceniza,scripts/autoload/game_data/GameDataModes.gd:98
The oldest fire in the tower.,El fuego más antiguo de la torre.,scripts/autoload/game_data/GameDataModes.gd:98
The Summit Keeper,El Guardián de la Cumbre,scripts/autoload/game_data/GameDataModes.gd:99
The top of the tower. No one has stood here in an age.,La cima de la torre. Nadie ha pisado este lugar en siglos.,scripts/autoload/game_data/GameDataModes.gd:99
Ser Corwen of the Third Post,Ser Corwen del Tercer Puesto,scripts/autoload/game_data/GameDataModes.gd:113
"Old Maud, the Lantern-Keeper","La vieja Maud, la Guardiana del Farol",scripts/autoload/game_data/GameDataModes.gd:113
Halric Twice-Sworn,Halric Dos Veces Jurado,scripts/autoload/game_data/GameDataModes.gd:113
Ysolde the Unbowed,Ysolde la Indoblegable,scripts/autoload/game_data/GameDataModes.gd:113
Brother Anselm of the Chapel Road,Hermano Anselm del Camino de la Capilla,scripts/autoload/game_data/GameDataModes.gd:113
A travelling merchant,Un mercader ambulante,scripts/autoload/game_data/GameDataModes.gd:115
A merchant's cart rolls into camp with three fine pieces. They leave at dusk.,La carreta de un mercader llega al campamento con tres piezas excelentes. Se marchan al anochecer.,scripts/autoload/game_data/GameDataModes.gd:115
A renowned hero visits,Visita un héroe célebre,scripts/autoload/game_data/GameDataModes.gd:116
"%s, a name from the old guild songs, stops for the night and offers to drill one of your heroes.","%s, un nombre de las viejas canciones de los gremios, se detiene a pasar la noche y se ofrece a entrenar a uno de tus héroes.",scripts/autoload/game_data/GameDataModes.gd:116
A wandering recruit,Un recluta errante,scripts/autoload/game_data/GameDataModes.gd:117
"A Rank %s %s asks for a place in the guild, for less than the recruit board would charge.","Un recluta de Rango %s (%s) pide un puesto en el gremio, por menos de lo que cobraría el tablón de reclutas.",scripts/autoload/game_data/GameDataModes.gd:117
A relic peddler,Un buhonero de reliquias,scripts/autoload/game_data/GameDataModes.gd:118
A hooded peddler unwraps a single relic and names a steep price.,Un buhonero encapuchado desenvuelve una única reliquia y pide un precio elevado.,scripts/autoload/game_data/GameDataModes.gd:118
A smith's apprentice,El aprendiz de un herrero,scripts/autoload/game_data/GameDataModes.gd:119
A journeyman smith offers to temper your %s at half the forge's price.,Un oficial herrero se ofrece a templar tu %s a mitad del precio de la forja.,scripts/autoload/game_data/GameDataModes.gd:119
A scholar of the Accord,Un erudito del Acuerdo,scripts/autoload/game_data/GameDataModes.gd:120
A scholar offers a lecture on the old guilds' tactics. Every hero at camp would learn from it.,Un erudito ofrece una lección sobre las tácticas de los antiguos gremios. Todos los héroes del campamento aprenderían de ella.,scripts/autoload/game_data/GameDataModes.gd:120
The village festival,La fiesta de la aldea,scripts/autoload/game_data/GameDataModes.gd:121
The village holds its harvest festival and hopes the guild will pay for the feast.,La aldea celebra su fiesta de la cosecha y espera que el gremio pague el banquete.,scripts/autoload/game_data/GameDataModes.gd:121
Refugees at the gate,Refugiados en la puerta,scripts/autoload/game_data/GameDataModes.gd:122
Families fleeing a broken rift ask for shelter and bread. Word of it would travel.,Familias que huyen de una grieta desbordada piden refugio y pan. Se correría la voz.,scripts/autoload/game_data/GameDataModes.gd:122
A debt collector,Un cobrador de deudas,scripts/autoload/game_data/GameDataModes.gd:123
"A clerk arrives with a debt the guild's founders left unpaid, with interest. Refusing would be talked about.","Llega un escribano con una deuda que los fundadores del gremio dejaron sin pagar, con intereses. Negarse daría que hablar.",scripts/autoload/game_data/GameDataModes.gd:123
The rival's quartermaster,El intendente del rival,scripts/autoload/game_data/GameDataModes.gd:124
"%s's quartermaster wants to buy your %s, at twice what a merchant pays. They would fight with it.","El intendente de %s quiere comprar tu %s, al doble de lo que paga un mercader. Lo usarían para luchar.",scripts/autoload/game_data/GameDataModes.gd:124
Fire!,¡Fuego!,scripts/autoload/game_data/GameDataModes.gd:125
The forge chimney threw sparks all evening.,La chimenea de la forja estuvo echando chispas toda la tarde.,scripts/autoload/game_data/GameDataModes.gd:125
Fire has caught in the %s.,Se ha declarado un incendio en: %s.,scripts/autoload/game_data/GameDataModes.gd:125
Fever in the barracks,Fiebre en el cuartel,scripts/autoload/game_data/GameDataModes.gd:126
Two of the guild woke up coughing.,Dos miembros del gremio despertaron tosiendo.,scripts/autoload/game_data/GameDataModes.gd:126
A fever is spreading through the barracks. A cleric could keep it from taking anyone down.,Una fiebre se propaga por el cuartel. Un clérigo podría evitar que tumbe a alguien.,scripts/autoload/game_data/GameDataModes.gd:126
Bandits on the road,Bandidos en el camino,scripts/autoload/game_data/GameDataModes.gd:127
Strangers were seen watching the camp from the treeline.,Se vio a unos desconocidos vigilando el campamento desde la linde del bosque.,scripts/autoload/game_data/GameDataModes.gd:127
Bandits have come for the guild's strongbox.,Los bandidos han venido a por el cofre del gremio.,scripts/autoload/game_data/GameDataModes.gd:127
A storm hits the camp,Una tormenta azota el campamento,scripts/autoload/game_data/GameDataModes.gd:128
The sky over the hills has turned the colour of a bruise.,El cielo sobre las colinas se ha vuelto del color de un moratón.,scripts/autoload/game_data/GameDataModes.gd:128
A storm is tearing at the roofs of the %s.,Una tormenta está arrancando los tejados de: %s.,scripts/autoload/game_data/GameDataModes.gd:128
A rift tremor,Un temblor de grieta,scripts/autoload/game_data/GameDataModes.gd:129
The ground hummed under the camp all night.,El suelo zumbó bajo el campamento toda la noche.,scripts/autoload/game_data/GameDataModes.gd:129
"A small rift has torn open by the well, and something is climbing out.","Una pequeña grieta se ha abierto junto al pozo, y algo está saliendo.",scripts/autoload/game_data/GameDataModes.gd:129
A wandering chaplain,Un capellán errante,scripts/autoload/game_data/GameDataModes.gd:135
A chaplain of the old Accord chapels offers to bless the next party that goes out.,Un capellán de las antiguas capillas del Acuerdo se ofrece a bendecir al próximo grupo que salga.,scripts/autoload/game_data/GameDataModes.gd:135
Accept the blessing (%d Gold offering),Aceptar la bendición (ofrenda de %d de Oro),scripts/autoload/game_data/GameDataModes.gd:136
The next party sets out blessed: +3 Resolve.,El próximo grupo parte bendecido: +3 de Temple.,scripts/autoload/game_data/GameDataModes.gd:136
Decline politely,Declinar con educación,scripts/autoload/game_data/GameDataModes.gd:137
An old veteran,Un viejo veterano,scripts/autoload/game_data/GameDataModes.gd:138
A retired adventurer with one eye and a hundred stories sits down at the guild's fire.,"Un aventurero retirado, tuerto y con cien historias, se sienta junto al fuego del gremio.",scripts/autoload/game_data/GameDataModes.gd:138
Buy them drinks (%d Gold),Invitar a beber (%d de Oro),scripts/autoload/game_data/GameDataModes.gd:139
"A good night of stories: morale up, +1 Resolve for the next party.","Una buena noche de historias: sube la moral, +1 de Temple para el próximo grupo.",scripts/autoload/game_data/GameDataModes.gd:139
Not tonight,Esta noche no,scripts/autoload/game_data/GameDataModes.gd:140
Fever-reed sellers,Vendedores de junco febril,scripts/autoload/game_data/GameDataModes.gd:141
"Two marsh folk come up the road with bundles of fever-reed. Boiled, it keeps a wound from turning.","Dos lugareños de la marisma suben por el camino con haces de junco febril. Hervido, evita que una herida se infecte.",scripts/autoload/game_data/GameDataModes.gd:141
Buy a bundle (%d Gold),Comprar un haz (%d de Oro),scripts/autoload/game_data/GameDataModes.gd:142
+2 Healing Tonics.,+2 Tónicos Curativos.,scripts/autoload/game_data/GameDataModes.gd:142
Send them on,Que sigan su camino,scripts/autoload/game_data/GameDataModes.gd:143
A marsh guide,Un guía de la marisma,scripts/autoload/game_data/GameDataModes.gd:144
An old guide from the Drowned Marches offers to walk your next party to the rift by the dry paths.,Un viejo guía de las Marismas Ahogadas se ofrece a llevar a tu próximo grupo hasta la grieta por los senderos secos.,scripts/autoload/game_data/GameDataModes.gd:144
Hire the guide (%d Gold),Contratar al guía (%d de Oro),scripts/autoload/game_data/GameDataModes.gd:145
The next party sets out fresh: +3 Resolve.,El próximo grupo parte descansado: +3 de Temple.,scripts/autoload/game_data/GameDataModes.gd:145
Not needed,No hace falta,scripts/autoload/game_data/GameDataModes.gd:146
A war drummer,Un tambor de guerra,scripts/autoload/game_data/GameDataModes.gd:147
A drummer who marched with the old guilds offers to play the next party to the rift's edge.,Un tamborilero que marchó con los antiguos gremios se ofrece a acompañar con su tambor al próximo grupo hasta el borde de la grieta.,scripts/autoload/game_data/GameDataModes.gd:147
Hire the drummer (%d Gold),Contratar al tamborilero (%d de Oro),scripts/autoload/game_data/GameDataModes.gd:148
The next party marches out to the drum: +4 Resolve.,El próximo grupo marcha al son del tambor: +4 de Temple.,scripts/autoload/game_data/GameDataModes.gd:148
Not today,Hoy no,scripts/autoload/game_data/GameDataModes.gd:149
Rift nightmares,Pesadillas de grieta,scripts/autoload/game_data/GameDataModes.gd:150
Someone screamed in their sleep last night.,Anoche alguien gritó en sueños.,scripts/autoload/game_data/GameDataModes.gd:150
"The heroes are dreaming of the rifts, and nobody is sleeping.","Los héroes sueñan con las grietas, y nadie duerme.",scripts/autoload/game_data/GameDataModes.gd:150
Buy a sleeping draught (%d Gold),Comprar un somnífero (%d de Oro),scripts/autoload/game_data/GameDataModes.gd:151
Everyone sleeps through the night.,Todos duermen de un tirón.,scripts/autoload/game_data/GameDataModes.gd:151
%s sits with them (busy today),%s se queda con ellos (ocupado hoy),scripts/autoload/game_data/GameDataModes.gd:152
A quiet word at the right bedside: morale up.,Unas palabras tranquilas junto a la cama adecuada: sube la moral.,scripts/autoload/game_data/GameDataModes.gd:152
Let it pass (the next party sets out with -3 Resolve),Dejarlo pasar (el próximo grupo parte con -3 de Temple),scripts/autoload/game_data/GameDataModes.gd:153
A child at the rift's edge,Un niño al borde de la grieta,scripts/autoload/game_data/GameDataModes.gd:154
A village child wandered toward a rift scar and hasn't come back.,Un niño de la aldea se alejó hacia una cicatriz de grieta y no ha vuelto.,scripts/autoload/game_data/GameDataModes.gd:154
%s goes after them (busy today),%s va a buscarlo (ocupado hoy),scripts/autoload/game_data/GameDataModes.gd:155
The child is home by dark. The village won't forget it: +6 Renown.,El niño está en casa al anochecer. La aldea no lo olvidará: +6 de Renombre.,scripts/autoload/game_data/GameDataModes.gd:155
Pay the village hunters (%d Gold),Pagar a los cazadores de la aldea (%d de Oro),scripts/autoload/game_data/GameDataModes.gd:156
It's not the guild's concern,No es asunto del gremio,scripts/autoload/game_data/GameDataModes.gd:157
A gambling night,Una noche de apuestas,scripts/autoload/game_data/GameDataModes.gd:158
"The heroes want a night of cards and dice, with the guild's purse as the bank.","Los héroes quieren una noche de cartas y dados, con la bolsa del gremio como banca.",scripts/autoload/game_data/GameDataModes.gd:158
Bankroll it (%d Gold),Financiarla (%d de Oro),scripts/autoload/game_data/GameDataModes.gd:159
"The house wins: +90 Gold, and a good night.",Gana la banca: +90 de Oro y una buena noche.,scripts/autoload/game_data/GameDataModes.gd:159
"The heroes clean out the bank, and love every minute of it.",Los héroes desbancan la banca y disfrutan cada minuto.,scripts/autoload/game_data/GameDataModes.gd:159
Forbid it,Prohibirla,scripts/autoload/game_data/GameDataModes.gd:160
The Crown's assessor,El tasador de la Corona,scripts/autoload/game_data/GameDataModes.gd:161
"An assessor from the Crown wants to inspect the guild's books, and hints that a gift would speed things up.","Un tasador de la Corona quiere inspeccionar los libros del gremio, e insinúa que un regalo agilizaría las cosas.",scripts/autoload/game_data/GameDataModes.gd:161
Pay the levy (%d Gold),Pagar el impuesto (%d de Oro),scripts/autoload/game_data/GameDataModes.gd:162
Slip him a gift (%d Gold),Darle un regalo bajo mano (%d de Oro),scripts/autoload/game_data/GameDataModes.gd:163
He leaves happy.,Se va contento.,scripts/autoload/game_data/GameDataModes.gd:163
Word of the gift gets out: -6 Renown.,Se corre la voz del regalo: -6 de Renombre.,scripts/autoload/game_data/GameDataModes.gd:163
Refuse,Negarse,scripts/autoload/game_data/GameDataModes.gd:164
A salt caravan,Una caravana de sal,scripts/autoload/game_data/GameDataModes.gd:165
A caravan bound for the Ashen Wastes asks for an escort past the old rift scars.,Una caravana con destino a los Páramos de Ceniza pide escolta para cruzar las viejas cicatrices de grieta.,scripts/autoload/game_data/GameDataModes.gd:165
%s rides with them (busy today),%s cabalga con ellos (ocupado hoy),scripts/autoload/game_data/GameDataModes.gd:166
"The caravan pays well, and talks about it.","La caravana paga bien, y lo cuenta por ahí.",scripts/autoload/game_data/GameDataModes.gd:166
An ash-prophet at the gate,Un profeta de ceniza en la puerta,scripts/autoload/game_data/GameDataModes.gd:168
A man covered in ash preaches the end of the Vale at the camp gate. The heroes are listening.,Un hombre cubierto de ceniza predica el fin del Valle en la puerta del campamento. Los héroes lo escuchan.,scripts/autoload/game_data/GameDataModes.gd:168
Pay him to move on (%d Gold),Pagarle para que se vaya (%d de Oro),scripts/autoload/game_data/GameDataModes.gd:169
Let him preach,Dejar que predique,scripts/autoload/game_data/GameDataModes.gd:170
The heroes sleep badly: morale down.,Los héroes duermen mal: baja la moral.,scripts/autoload/game_data/GameDataModes.gd:170
Glass Coast smugglers,Contrabandistas de la Costa de Cristal,scripts/autoload/game_data/GameDataModes.gd:171
Smugglers offer rift-glass relics pulled from a wreck. Nobody asks where the crew went.,Unos contrabandistas ofrecen reliquias de cristal de grieta sacadas de un naufragio. Nadie pregunta adónde fue la tripulación.,scripts/autoload/game_data/GameDataModes.gd:171
Buy one (%d Gold),Comprar una (%d de Oro),scripts/autoload/game_data/GameDataModes.gd:172
Report them to the Crown,Denunciarlos a la Corona,scripts/autoload/game_data/GameDataModes.gd:173
Ignore them,Ignorarlos,scripts/autoload/game_data/GameDataModes.gd:174
The lighthouse keeper,El farero,scripts/autoload/game_data/GameDataModes.gd:175
The Glass Coast's lighthouse keeper sells charts of where the rifts will break.,El farero de la Costa de Cristal vende cartas de dónde se abrirán las grietas.,scripts/autoload/game_data/GameDataModes.gd:175
Buy the charts (%d Gold),Comprar las cartas (%d de Oro),scripts/autoload/game_data/GameDataModes.gd:176
"The heroes study the charts: some XP, +3 Resolve for the next party.","Los héroes estudian las cartas: algo de EXP, +3 de Temple para el próximo grupo.",scripts/autoload/game_data/GameDataModes.gd:176
Pilgrims of the Inverted City,Peregrinos de la Ciudad Invertida,scripts/autoload/game_data/GameDataModes.gd:178
Pilgrims walking to the Inverted City ask to rest at the guild's fire.,Unos peregrinos que caminan hacia la Ciudad Invertida piden descansar junto al fuego del gremio.,scripts/autoload/game_data/GameDataModes.gd:178
Host them (%d Gold),Acogerlos (%d de Oro),scripts/autoload/game_data/GameDataModes.gd:179
Turn them away,Rechazarlos,scripts/autoload/game_data/GameDataModes.gd:180
A mirror-steel trader,Un comerciante de acero espejo,scripts/autoload/game_data/GameDataModes.gd:181
A trader from the far side of the City sells blades that show what's behind you.,Un comerciante del otro lado de la Ciudad vende hojas que muestran lo que hay a tu espalda.,scripts/autoload/game_data/GameDataModes.gd:181
Buy a piece (%d Gold),Comprar una pieza (%d de Oro),scripts/autoload/game_data/GameDataModes.gd:182
"Foes are weaker, the haul is never at risk, breaches come later, and Resolve doesn't count. Half the Laurels.","Los enemigos son más débiles, el botín nunca está en riesgo, las brechas llegan más tarde y el Temple no cuenta. La mitad de Laureles.",scripts/autoload/game_data/GameDataModes.gd:190
Foes have 10% more HP.,Los enemigos tienen un 10% más de PV.,scripts/autoload/game_data/GameDataModes.gd:193
Breaches come 2 days sooner.,Las brechas llegan 2 días antes.,scripts/autoload/game_data/GameDataModes.gd:194
Parties set out with 2 less Resolve.,Los grupos parten con 2 de Temple menos.,scripts/autoload/game_data/GameDataModes.gd:195
Wages cost 25% more.,Los sueldos cuestan un 25% más.,scripts/autoload/game_data/GameDataModes.gd:196
Ranked rifts hold more elites.,Las grietas con rango tienen más élites.,scripts/autoload/game_data/GameDataModes.gd:197
Mending is capped at 30% a round.,La curación tiene un tope del 30% por ronda.,scripts/autoload/game_data/GameDataModes.gd:198
A party that falls loses 75% of its haul.,Un grupo que cae pierde el 75% de su botín.,scripts/autoload/game_data/GameDataModes.gd:199
Every ranked boss has a second mechanic.,Cada jefe con rango tiene una segunda mecánica.,scripts/autoload/game_data/GameDataModes.gd:200
Campfires heal 15% (from 25%).,Las hogueras curan un 15% (antes 25%).,scripts/autoload/game_data/GameDataModes.gd:201
"Foes deal 10% more damage, and the rival's Renown grows 20% faster.","Los enemigos causan un 10% más de daño, y el Renombre del rival crece un 20% más rápido.",scripts/autoload/game_data/GameDataModes.gd:202
%s asks for time off,%s pide unos días libres,scripts/autoload/game_data/GameDataModes.gd:213
%s has been in the rifts a lot and wants a few days away from the guild.,%s ha pasado mucho tiempo en las grietas y quiere unos días lejos del gremio.,scripts/autoload/game_data/GameDataModes.gd:213
"Grant it: away %d days, +15 morale","Concedérselo: fuera %d días, +15 de moral",scripts/autoload/game_data/GameDataModes.gd:214
Refuse: -10 morale,Negarse: -10 de moral,scripts/autoload/game_data/GameDataModes.gd:214
%s asks for a raise,%s pide un aumento,scripts/autoload/game_data/GameDataModes.gd:215
%s says the rifts are worth more than the guild pays and wants a bigger share.,%s dice que las grietas valen más de lo que paga el gremio y quiere una parte mayor.,scripts/autoload/game_data/GameDataModes.gd:215
Raise their wage %d%%: +20 morale,Subirle el sueldo un %d%%: +20 de moral,scripts/autoload/game_data/GameDataModes.gd:216
Refuse: -12 morale,Negarse: -12 de moral,scripts/autoload/game_data/GameDataModes.gd:216
%s wants better kit,%s quiere mejor equipo,scripts/autoload/game_data/GameDataModes.gd:217
%s says their gear is falling apart and asks for Gold for repairs.,%s dice que su equipo se cae a pedazos y pide Oro para repararlo.,scripts/autoload/game_data/GameDataModes.gd:217
Pay %d Gold: +15 morale,Pagar %d de Oro: +15 de moral,scripts/autoload/game_data/GameDataModes.gd:218
Refuse: -8 morale,Negarse: -8 de moral,scripts/autoload/game_data/GameDataModes.gd:218
%s wants extra drills,%s quiere entrenamiento extra,scripts/autoload/game_data/GameDataModes.gd:219
%s asks for a free day at the Training Yard.,%s pide un día gratis en el Patio de Entrenamiento.,scripts/autoload/game_data/GameDataModes.gd:219
"Give them a station: a free day of training, +5 morale","Darle un puesto: un día de entrenamiento gratis, +5 de moral",scripts/autoload/game_data/GameDataModes.gd:220
Not this week: -6 morale,Esta semana no: -6 de moral,scripts/autoload/game_data/GameDataModes.gd:220
%s and %s are feuding,%s y %s están enemistados,scripts/autoload/game_data/GameDataModes.gd:221
An argument over the last rift's spoils has turned sour. Each wants you on their side.,Una discusión por el botín de la última grieta se ha agriado. Cada uno te quiere de su lado.,scripts/autoload/game_data/GameDataModes.gd:221
Side with %s,Ponerse del lado de %s,scripts/autoload/game_data/GameDataModes.gd:222
%s wants to test a new spell,%s quiere probar un hechizo nuevo,scripts/autoload/game_data/GameDataModes.gd:228
%s wants to try something loud on the training dummies. The yard may need a sweep afterwards.,%s quiere probar algo ruidoso con los muñecos de entrenamiento. Puede que haya que barrer el patio después.,scripts/autoload/game_data/GameDataModes.gd:228
"Let them (%d Gold): +15 morale, some XP","Permitirlo (%d de Oro): +15 de moral, algo de EXP",scripts/autoload/game_data/GameDataModes.gd:229
Not near the buildings: -6 morale,Cerca de los edificios no: -6 de moral,scripts/autoload/game_data/GameDataModes.gd:229
%s and %s ask to share a tent,%s y %s piden compartir tienda,scripts/autoload/game_data/GameDataModes.gd:230
Two heroes who have been through a lot together want to bunk side by side.,Dos héroes que han pasado mucho juntos quieren dormir uno al lado del otro.,scripts/autoload/game_data/GameDataModes.gd:230
"Let them: their bond grows, +8 morale each","Permitirlo: su vínculo crece, +8 de moral cada uno",scripts/autoload/game_data/GameDataModes.gd:231
Barracks rules: -5 morale each,Normas del cuartel: -5 de moral cada uno,scripts/autoload/game_data/GameDataModes.gd:231
%s wants to visit the memorial,%s quiere visitar el memorial,scripts/autoload/game_data/GameDataModes.gd:232
%s still carries the last bad rift and asks for a day to visit the fallen.,%s aún carga con la última grieta difícil y pide un día para visitar a los caídos.,scripts/autoload/game_data/GameDataModes.gd:232
"Give them the day (busy today): +20 morale, Steady Nerves","Darle el día (ocupado hoy): +20 de moral, Nervios de Acero",scripts/autoload/game_data/GameDataModes.gd:233
Steady Nerves,Nervios de Acero,scripts/autoload/game_data/GameDataModes.gd:233
Not now: -8 morale,Ahora no: -8 de moral,scripts/autoload/game_data/GameDataModes.gd:233
%s offers to mentor %s,%s se ofrece a ser mentor de %s,scripts/autoload/game_data/GameDataModes.gd:234
An experienced hero wants to take a newer one under their wing for a day.,Un héroe experimentado quiere tomar bajo su ala a uno más nuevo durante un día.,scripts/autoload/game_data/GameDataModes.gd:234
"Agree (both busy today): the junior gains a level's XP, Mentor","Aceptar (ambos ocupados hoy): el novato gana la EXP de un nivel, Mentor",scripts/autoload/game_data/GameDataModes.gd:235
Mentor,Mentor,scripts/autoload/game_data/GameDataModes.gd:235
Not this week: -4 morale,Esta semana no: -4 de moral,scripts/autoload/game_data/GameDataModes.gd:235
%s is homesick,%s echa de menos su hogar,scripts/autoload/game_data/GameDataModes.gd:236
%s hasn't seen home since joining. A letter and a little coin would help.,%s no ha visto su hogar desde que se unió. Una carta y algo de dinero ayudarían.,scripts/autoload/game_data/GameDataModes.gd:236
Send %d Gold home: +20 morale,Enviar %d de Oro a su hogar: +20 de moral,scripts/autoload/game_data/GameDataModes.gd:237
Not now: -6 morale,Ahora no: -6 de moral,scripts/autoload/game_data/GameDataModes.gd:237
%s wants to study the relics,%s quiere estudiar las reliquias,scripts/autoload/game_data/GameDataModes.gd:238
%s asks for a night alone with the guild's relics and swears nothing will break.,%s pide una noche a solas con las reliquias del gremio y jura que no se romperá nada.,scripts/autoload/game_data/GameDataModes.gd:238
"Allow it (%d Essence): some XP, Spark of Genius","Permitirlo (%d de Esencia): algo de EXP, Chispa de Genio",scripts/autoload/game_data/GameDataModes.gd:239
Spark of Genius,Chispa de Genio,scripts/autoload/game_data/GameDataModes.gd:239
Refuse: -5 morale,Negarse: -5 de moral,scripts/autoload/game_data/GameDataModes.gd:239
%s wants to duel the rival's champion,%s quiere batirse en duelo con el campeón rival,scripts/autoload/game_data/GameDataModes.gd:240
The rival guild's champion has been mocking us in the tavern. %s wants to settle it in the ring.,El campeón del gremio rival se ha estado burlando de nosotros en la taberna. %s quiere zanjarlo en la arena.,scripts/autoload/game_data/GameDataModes.gd:240
Let them fight (3 in 5: Renown and a title),Dejarle luchar (3 de cada 5: Renombre y un título),scripts/autoload/game_data/GameDataModes.gd:241
Ring-Champion,Campeón de la Arena,scripts/autoload/game_data/GameDataModes.gd:241
Forbid it: -8 morale,Prohibirlo: -8 de moral,scripts/autoload/game_data/GameDataModes.gd:242
%s wants to go hunting,%s quiere ir de caza,scripts/autoload/game_data/GameDataModes.gd:243
%s knows a quiet valley with deer and would bring back meat for the whole guild.,%s conoce un valle tranquilo con ciervos y traería carne para todo el gremio.,scripts/autoload/game_data/GameDataModes.gd:243
Let them go (busy today): +5 morale for everyone,Dejarle ir (ocupado hoy): +5 de moral para todos,scripts/autoload/game_data/GameDataModes.gd:244
Not now: -5 morale,Ahora no: -5 de moral,scripts/autoload/game_data/GameDataModes.gd:244
%s offers to hear confessions,%s se ofrece a escuchar confesiones,scripts/autoload/game_data/GameDataModes.gd:245
%s offers to sit with anyone who wants to talk about what they've seen in the rifts.,%s se ofrece a acompañar a quien quiera hablar de lo que ha visto en las grietas.,scripts/autoload/game_data/GameDataModes.gd:245
Allow it (busy today): +6 morale for everyone,Permitirlo (ocupado hoy): +6 de moral para todos,scripts/autoload/game_data/GameDataModes.gd:246
Not now: -4 morale,Ahora no: -4 de moral,scripts/autoload/game_data/GameDataModes.gd:246
%s found a lucky charm,%s encontró un amuleto de la suerte,scripts/autoload/game_data/GameDataModes.gd:247
%s won a charm off a sailor at dice. It may well be stolen.,%s le ganó un amuleto a un marinero jugando a los dados. Bien podría ser robado.,scripts/autoload/game_data/GameDataModes.gd:247
"Let them keep it: +10 morale, -2 Renown","Dejar que se lo quede: +10 de moral, -2 de Renombre",scripts/autoload/game_data/GameDataModes.gd:248
"Return it: +3 Renown, -6 morale","Devolverlo: +3 de Renombre, -6 de moral",scripts/autoload/game_data/GameDataModes.gd:248
%s's old wound aches,A %s le duele una vieja herida,scripts/autoload/game_data/GameDataModes.gd:249
%s has been knocked out too often and the wound never healed right. A healer could help.,%s ha quedado fuera de combate demasiadas veces y la herida nunca sanó bien. Un sanador podría ayudar.,scripts/autoload/game_data/GameDataModes.gd:249
Pay a healer (%d Gold): Hearth-Warmed,Pagar a un sanador (%d de Oro): Reconfortado,scripts/autoload/game_data/GameDataModes.gd:250
Hearth-Warmed,Reconfortado,scripts/autoload/game_data/GameDataModes.gd:250
%s wants to lead the next rift,%s quiere encabezar la próxima grieta,scripts/autoload/game_data/GameDataModes.gd:251
%s is in high spirits and wants to be first through the next rift.,%s está muy animado y quiere ser el primero en cruzar la próxima grieta.,scripts/autoload/game_data/GameDataModes.gd:251
Yes: the next party sets out with +2 Resolve,Sí: el próximo grupo parte con +2 de Temple,scripts/autoload/game_data/GameDataModes.gd:252
Not this time: -4 morale,Esta vez no: -4 de moral,scripts/autoload/game_data/GameDataModes.gd:252
%s holds a grudge,%s guarda rencor,scripts/autoload/game_data/GameDataModes.gd:253
"%s wants the next rift to pay for the last one, and talks about little else.","%s quiere que la próxima grieta pague por la anterior, y apenas habla de otra cosa.",scripts/autoload/game_data/GameDataModes.gd:253
Promise them: Grudge-Bearer,Prometérselo: Rencoroso,scripts/autoload/game_data/GameDataModes.gd:254
Grudge-Bearer,Rencoroso,scripts/autoload/game_data/GameDataModes.gd:254
Tell them to let it go: +5 morale,Decirle que lo olvide: +5 de moral,scripts/autoload/game_data/GameDataModes.gd:254
%s wants to visit a shrine of their Path,%s quiere visitar un santuario de su Senda,scripts/autoload/game_data/GameDataModes.gd:255
%s has heard of an old shrine to their Path two valleys over.,%s ha oído hablar de un viejo santuario de su Senda a dos valles de aquí.,scripts/autoload/game_data/GameDataModes.gd:255
"Send them (busy 2 days, %d Essence): a level's XP, a title","Enviarle (ocupado 2 días, %d de Esencia): la EXP de un nivel, un título",scripts/autoload/game_data/GameDataModes.gd:256
Pilgrim of the Path,Peregrino de la Senda,scripts/autoload/game_data/GameDataModes.gd:256
%s volunteers for the night watch,%s se ofrece para la guardia nocturna,scripts/autoload/game_data/GameDataModes.gd:257
%s can't sleep and offers to keep watch over the camp.,%s no puede dormir y se ofrece a vigilar el campamento.,scripts/autoload/game_data/GameDataModes.gd:257
"Let them (busy today): +1 Resolve for the next party, +5 morale","Permitirlo (ocupado hoy): +1 de Temple para el próximo grupo, +5 de moral",scripts/autoload/game_data/GameDataModes.gd:258
Get some sleep: +2 morale,Que duerma un poco: +2 de moral,scripts/autoload/game_data/GameDataModes.gd:258
%s wrote a song about the guild,%s escribió una canción sobre el gremio,scripts/autoload/game_data/GameDataModes.gd:259
%s wants to sing it at the village tavern. It is... enthusiastic.,%s quiere cantarla en la taberna de la aldea. Es... entusiasta.,scripts/autoload/game_data/GameDataModes.gd:259
"Let them (%d Gold for a round): +4 Renown, a title","Permitirlo (%d de Oro para una ronda): +4 de Renombre, un título",scripts/autoload/game_data/GameDataModes.gd:260
the Songmaker,el Trovador,scripts/autoload/game_data/GameDataModes.gd:260
Please don't: -6 morale,Mejor no: -6 de moral,scripts/autoload/game_data/GameDataModes.gd:260
%s challenges %s to a sparring match,%s reta a %s a un combate de práctica,scripts/autoload/game_data/GameDataModes.gd:261
Two heroes want to settle who's better. It could get heated.,Dos héroes quieren dejar claro quién es mejor. Podría caldearse.,scripts/autoload/game_data/GameDataModes.gd:261
"Allow it: both gain XP, their bond grows","Permitirlo: ambos ganan EXP, su vínculo crece",scripts/autoload/game_data/GameDataModes.gd:262
Not in my yard: -3 morale each,En mi patio no: -3 de moral cada uno,scripts/autoload/game_data/GameDataModes.gd:262
%s asks for a share of the spoils,%s pide una parte del botín,scripts/autoload/game_data/GameDataModes.gd:263
%s thinks the heroes deserve a cut of what the last rifts brought home.,%s cree que los héroes merecen una parte de lo que trajeron las últimas grietas.,scripts/autoload/game_data/GameDataModes.gd:263
Share a tenth of the Gold (up to 150): +10 morale for everyone,Repartir una décima parte del Oro (hasta 150): +10 de moral para todos,scripts/autoload/game_data/GameDataModes.gd:264
%s wants to learn smithing,%s quiere aprender herrería,scripts/autoload/game_data/GameDataModes.gd:265
%s has been watching the forge and wants to temper their own gear.,%s ha estado observando la forja y quiere templar su propio equipo.,scripts/autoload/game_data/GameDataModes.gd:265
Let them (busy today): their best piece is tempered once,Permitirlo (ocupado hoy): su mejor pieza se templa una vez,scripts/autoload/game_data/GameDataModes.gd:266
Leave it to the smiths: -4 morale,Dejárselo a los herreros: -4 de moral,scripts/autoload/game_data/GameDataModes.gd:266
%s is afraid of the next rift,%s teme la próxima grieta,scripts/autoload/game_data/GameDataModes.gd:267
%s is new and has heard too many of the veterans' stories. They want to stay back once more.,%s es nuevo y ha oído demasiadas historias de los veteranos. Quiere quedarse atrás una vez más.,scripts/autoload/game_data/GameDataModes.gd:267
Let them sit it out (busy today): +10 morale,Dejar que se quede (ocupado hoy): +10 de moral,scripts/autoload/game_data/GameDataModes.gd:268
"Send them anyway: -8 morale, some XP from facing it","Enviarle igualmente: -8 de moral, algo de EXP por afrontarlo",scripts/autoload/game_data/GameDataModes.gd:268
Kingslayer,Matarreyes,scripts/autoload/game_data/GameDataModes.gd:273
Elite-Breaker,Rompeélites,scripts/autoload/game_data/GameDataModes.gd:274
Hundred-Slayer,Matacientos,scripts/autoload/game_data/GameDataModes.gd:275
Old Hand,Veterano,scripts/autoload/game_data/GameDataModes.gd:277
the Undying,el Imperecedero,scripts/autoload/game_data/GameDataModes.gd:278
Breach-Holder,Defensor de Brechas,scripts/autoload/game_data/GameDataModes.gd:279
Lanternbearer,Portafaroles,scripts/autoload/game_data/GameDataModes.gd:280
Break a wind-up,Rompe una carga,scripts/autoload/game_data/GameDataModes.gd:296
"Stun, freeze or bash a foe while it winds up, before its heavy blow lands. One winds up in round 2.","Aturde, congela o golpea a un enemigo mientras carga, antes de que impacte su golpe fuerte. Uno carga en la ronda 2.",scripts/autoload/game_data/GameDataModes.gd:296
Win by round %d,Gana antes de la ronda %d,scripts/autoload/game_data/GameDataModes.gd:297
Down every foe by the end of round %d.,Abate a todos los enemigos antes del final de la ronda %d.,scripts/autoload/game_data/GameDataModes.gd:297
Stay on your feet,Sigue en pie,scripts/autoload/game_data/GameDataModes.gd:298
No hero loses more than half their health in this fight.,Ningún héroe pierde más de la mitad de su salud en este combate.,scripts/autoload/game_data/GameDataModes.gd:298
Down %s first,Abate primero a %s,scripts/autoload/game_data/GameDataModes.gd:299
The first foe to fall is %s.,El primer enemigo en caer es %s.,scripts/autoload/game_data/GameDataModes.gd:299
Two at once,Dos a la vez,scripts/autoload/game_data/GameDataModes.gd:300
Down two foes in the same round.,Abate a dos enemigos en la misma ronda.,scripts/autoload/game_data/GameDataModes.gd:300
Full of fight,Lleno de brío,scripts/autoload/game_data/GameDataModes.gd:301
Bank %d Momentum at any point in the fight.,Acumula %d de Ímpetu en cualquier momento del combate.,scripts/autoload/game_data/GameDataModes.gd:301
Five minutes in the rift,Cinco minutos en la grieta,scripts/autoload/game_data/GameDataModes.gd:310
Ten minutes in the rift,Diez minutos en la grieta,scripts/autoload/game_data/GameDataModes.gd:311
Fifteen minutes in the rift,Quince minutos en la grieta,scripts/autoload/game_data/GameDataModes.gd:312
Riftwalkers,Caminagrietas,scripts/autoload/game_data/GameDataModes.gd:312
The rift sealed,La grieta sellada,scripts/autoload/game_data/GameDataModes.gd:313
Rift Sealers,Selladores de Grietas,scripts/autoload/game_data/GameDataModes.gd:313
Tower Initiate,Iniciado de la Torre,scripts/autoload/game_data/GameDataModes.gd:316
Trial Climber,Escalador de Pruebas,scripts/autoload/game_data/GameDataModes.gd:316
Spire Walker,Caminante de la Aguja,scripts/autoload/game_data/GameDataModes.gd:316
Stormbreaker,Rompetormentas,scripts/autoload/game_data/GameDataModes.gd:316
Summit Keeper,Guardián de la Cumbre,scripts/autoload/game_data/GameDataModes.gd:316
Lesser Rift,Grieta Menor,scripts/autoload/game_data/GameDataModes.gd:321
Low,Bajo,scripts/autoload/game_data/GameDataModes.gd:321
Greater Rift,Grieta Mayor,scripts/autoload/game_data/GameDataModes.gd:323
Medium,Medio,scripts/autoload/game_data/GameDataModes.gd:323
A Wounded Traveler,Un Viajero Herido,scripts/autoload/game_data/GameDataModes.gd:339
"A scout from another guild lies bleeding against the wall, clutching a torn map.","Un explorador de otro gremio yace sangrando contra la pared, aferrado a un mapa roto.",scripts/autoload/game_data/GameDataModes.gd:339
Patch them up,Curarle,scripts/autoload/game_data/GameDataModes.gd:341
Costs 15 Gold · +3 Renown,Cuesta 15 de Oro · +3 de Renombre,scripts/autoload/game_data/GameDataModes.gd:341
Ask for the map,Pedirle el mapa,scripts/autoload/game_data/GameDataModes.gd:342
+6-12 Essence,+6-12 de Esencia,scripts/autoload/game_data/GameDataModes.gd:342
Move on,Seguir adelante,scripts/autoload/game_data/GameDataModes.gd:343
Nothing happens,No pasa nada,scripts/autoload/game_data/GameDataModes.gd:343
Blood Altar,Altar de Sangre,scripts/autoload/game_data/GameDataModes.gd:345
An altar hums with rift-light. It wants something from you.,Un altar zumba con luz de grieta. Quiere algo de ti.,scripts/autoload/game_data/GameDataModes.gd:345
Offer blood,Ofrecer sangre,scripts/autoload/game_data/GameDataModes.gd:347
Every hero loses 15% HP (never below 1) · gain a Rare-or-better item or relic,Cada héroe pierde un 15% de PV (nunca por debajo de 1) · obtienes un objeto o reliquia Raro o mejor,scripts/autoload/game_data/GameDataModes.gd:347
Walk away,Marcharse,scripts/autoload/game_data/GameDataModes.gd:348
Abandoned Cache,Alijo Abandonado,scripts/autoload/game_data/GameDataModes.gd:350
Supplies left behind by a party that didn't make it out.,Suministros que dejó un grupo que no logró salir.,scripts/autoload/game_data/GameDataModes.gd:350
Search it all,Registrarlo todo,scripts/autoload/game_data/GameDataModes.gd:352
70%: 20-35 Gold · 30%: a trap hits everyone for 10% HP,70%: 20-35 de Oro · 30%: una trampa quita a todos un 10% de PV,scripts/autoload/game_data/GameDataModes.gd:352
Take what's on top,Coger lo de encima,scripts/autoload/game_data/GameDataModes.gd:353
+8 Gold,+8 de Oro,scripts/autoload/game_data/GameDataModes.gd:353
Rift Echo,Eco de Grieta,scripts/autoload/game_data/GameDataModes.gd:355
Shimmering memories of old battles replay in the air around you.,Recuerdos centelleantes de viejas batallas se reproducen en el aire a tu alrededor.,scripts/autoload/game_data/GameDataModes.gd:355
Study the fighting,Estudiar el combate,scripts/autoload/game_data/GameDataModes.gd:357
Every hero in the party gains 20 XP,Cada héroe del grupo gana 20 de EXP,scripts/autoload/game_data/GameDataModes.gd:357
Absorb its energy,Absorber su energía,scripts/autoload/game_data/GameDataModes.gd:358
+3 Momentum next fight · +5 Essence,+3 de Ímpetu en el próximo combate · +5 de Esencia,scripts/autoload/game_data/GameDataModes.gd:358
The Gambler,El Jugador,scripts/autoload/game_data/GameDataModes.gd:360
A cloaked figure shuffles cards on an upturned crate and grins at you.,Una figura encapuchada baraja cartas sobre una caja volcada y te sonríe.,scripts/autoload/game_data/GameDataModes.gd:360
Bet 20 Gold,Apostar 20 de Oro,scripts/autoload/game_data/GameDataModes.gd:362
50%: win 45 Gold (net +25) · 50%: lose the bet,50%: ganas 45 de Oro (neto +25) · 50%: pierdes la apuesta,scripts/autoload/game_data/GameDataModes.gd:362
Decline,Rechazar,scripts/autoload/game_data/GameDataModes.gd:363
Quiet Shrine,Santuario Silencioso,scripts/autoload/game_data/GameDataModes.gd:365
A small shrine the rift somehow left untouched. The air is calm here.,"Un pequeño santuario que la grieta, de algún modo, dejó intacto. Aquí el aire está en calma.",scripts/autoload/game_data/GameDataModes.gd:365
Pray,Rezar,scripts/autoload/game_data/GameDataModes.gd:367
Every hero heals 20% HP,Cada héroe recupera un 20% de PV,scripts/autoload/game_data/GameDataModes.gd:367
Take the offerings,Tomar las ofrendas,scripts/autoload/game_data/GameDataModes.gd:368
+6-12 Essence · -1 Renown,+6-12 de Esencia · -1 de Renombre,scripts/autoload/game_data/GameDataModes.gd:368
Collapsed Armory,Armería Derrumbada,scripts/autoload/game_data/GameDataModes.gd:370
A rack of weapons lies pinned under fallen stone. Something good might still be under there.,Un armero yace aplastado bajo piedras caídas. Puede que aún quede algo bueno debajo.,scripts/autoload/game_data/GameDataModes.gd:370
Lift the rubble,Levantar los escombros,scripts/autoload/game_data/GameDataModes.gd:372
Might check · pass: a Rare-or-better item · fail: everyone loses 10% HP,Prueba de Fuerza · éxito: un objeto Raro o mejor · fallo: todos pierden un 10% de PV,scripts/autoload/game_data/GameDataModes.gd:372
Leave it,Dejarlo,scripts/autoload/game_data/GameDataModes.gd:373
Whispering Tome,Tomo Susurrante,scripts/autoload/game_data/GameDataModes.gd:375
"A book floats open in the dark, murmuring techniques in a language almost like yours.","Un libro flota abierto en la oscuridad, murmurando técnicas en un idioma casi como el tuyo.",scripts/autoload/game_data/GameDataModes.gd:375
Read it,Leerlo,scripts/autoload/game_data/GameDataModes.gd:377
Focus check · pass: every hero gains 40 XP · fail: everyone loses 10% HP,Prueba de Enfoque · éxito: cada héroe gana 40 de EXP · fallo: todos pierden un 10% de PV,scripts/autoload/game_data/GameDataModes.gd:377
Burn it,Quemarlo,scripts/autoload/game_data/GameDataModes.gd:378
+6 Essence,+6 de Esencia,scripts/autoload/game_data/GameDataModes.gd:378
Frayed Rope Bridge,Puente de Cuerda Deshilachado,scripts/autoload/game_data/GameDataModes.gd:380
"A rope bridge sways over a chasm. On the far side, a dead scout's pack.","Un puente de cuerda se balancea sobre un abismo. Al otro lado, la mochila de un explorador muerto.",scripts/autoload/game_data/GameDataModes.gd:380
Cross quickly,Cruzar rápido,scripts/autoload/game_data/GameDataModes.gd:382
Agility check · pass: +20-35 Gold · fail: everyone loses 15% HP,Prueba de Agilidad · éxito: +20-35 de Oro · fallo: todos pierden un 15% de PV,scripts/autoload/game_data/GameDataModes.gd:382
Go around,Rodearlo,scripts/autoload/game_data/GameDataModes.gd:383
Ember Pit,Foso de Ascuas,scripts/autoload/game_data/GameDataModes.gd:385
Something glints at the bottom of a pit of still-glowing coals.,Algo brilla en el fondo de un foso de brasas aún encendidas.,scripts/autoload/game_data/GameDataModes.gd:385
Reach in,Meter la mano,scripts/autoload/game_data/GameDataModes.gd:387
Everyone loses 15% HP · a Rare-or-better relic,Todos pierden un 15% de PV · una reliquia Rara o mejor,scripts/autoload/game_data/GameDataModes.gd:387
Frozen Knight,Caballero Congelado,scripts/autoload/game_data/GameDataModes.gd:390
"A knight from another guild, frozen mid-stride in rift-ice. Still breathing.","Un caballero de otro gremio, congelado a mitad de paso en hielo de grieta. Aún respira.",scripts/autoload/game_data/GameDataModes.gd:390
Thaw them out,Descongelarle,scripts/autoload/game_data/GameDataModes.gd:392
Costs 15 Gold · +3 Renown · +3 Momentum next fight,Cuesta 15 de Oro · +3 de Renombre · +3 de Ímpetu en el próximo combate,scripts/autoload/game_data/GameDataModes.gd:392
Take their shield,Quitarle el escudo,scripts/autoload/game_data/GameDataModes.gd:393
A Rare-or-better item · -2 Renown,Un objeto Raro o mejor · -2 de Renombre,scripts/autoload/game_data/GameDataModes.gd:393
Crimson Pool,Charco Carmesí,scripts/autoload/game_data/GameDataModes.gd:396
A pool of something thick and red. Drinking it would teach you things. Painful things.,Un charco de algo espeso y rojo. Beberlo te enseñaría cosas. Cosas dolorosas.,scripts/autoload/game_data/GameDataModes.gd:396
Drink,Beber,scripts/autoload/game_data/GameDataModes.gd:398
Everyone loses 20% HP · every hero gains 40 XP,Todos pierden un 20% de PV · cada héroe gana 40 de EXP,scripts/autoload/game_data/GameDataModes.gd:398
Bottle some,Embotellar un poco,scripts/autoload/game_data/GameDataModes.gd:399
+1 Healing Tonic,+1 Tónico Curativo,scripts/autoload/game_data/GameDataModes.gd:399
Singing Anvil,Yunque Cantor,scripts/autoload/game_data/GameDataModes.gd:401
"An anvil that rings on its own. A smith's ghost offers to work it, for a price.","Un yunque que suena solo. El fantasma de un herrero se ofrece a trabajarlo, por un precio.",scripts/autoload/game_data/GameDataModes.gd:401
Pay the smith,Pagar al herrero,scripts/autoload/game_data/GameDataModes.gd:403
Costs 25 Gold · an Epic item,Cuesta 25 de Oro · un objeto Épico,scripts/autoload/game_data/GameDataModes.gd:403
Sell the scrap,Vender la chatarra,scripts/autoload/game_data/GameDataModes.gd:404
+12 Gold,+12 de Oro,scripts/autoload/game_data/GameDataModes.gd:404
Storm Totem,Tótem de Tormenta,scripts/autoload/game_data/GameDataModes.gd:406
"A totem crackles with trapped lightning. Channelled right, it could charge your party.","Un tótem crepita con rayos atrapados. Bien canalizado, podría cargar a tu grupo.",scripts/autoload/game_data/GameDataModes.gd:406
Channel it,Canalizarlo,scripts/autoload/game_data/GameDataModes.gd:408
"Focus check · pass: +12-20 Essence, +3 Momentum next fight · fail: everyone loses 10% HP","Prueba de Enfoque · éxito: +12-20 de Esencia, +3 de Ímpetu en el próximo combate · fallo: todos pierden un 10% de PV",scripts/autoload/game_data/GameDataModes.gd:408
A Hungry Shade,Una Sombra Hambrienta,scripts/autoload/game_data/GameDataModes.gd:411
"A shade drifts toward you, hungry for anything bright: gold, light, warmth.","Una sombra flota hacia ti, hambrienta de cualquier cosa brillante: oro, luz, calor.",scripts/autoload/game_data/GameDataModes.gd:411
Feed it gold,Darle oro,scripts/autoload/game_data/GameDataModes.gd:413
Costs 20 Gold · +3 Essence,Cuesta 20 de Oro · +3 de Esencia,scripts/autoload/game_data/GameDataModes.gd:413
Drive it off,Ahuyentarla,scripts/autoload/game_data/GameDataModes.gd:414
Everyone loses 10% HP · +10 Essence,Todos pierden un 10% de PV · +10 de Esencia,scripts/autoload/game_data/GameDataModes.gd:414
Flee,Huir,scripts/autoload/game_data/GameDataModes.gd:415
Ruined Chapel,Capilla en Ruinas,scripts/autoload/game_data/GameDataModes.gd:417
"Half a chapel, the other half somewhere in the rift. The altar still holds warmth.",Media capilla; la otra mitad está en algún lugar de la grieta. El altar aún conserva calor.,scripts/autoload/game_data/GameDataModes.gd:417
Restore the altar,Restaurar el altar,scripts/autoload/game_data/GameDataModes.gd:419
Costs 20 Gold · every hero heals 50% HP · +2 Renown,Cuesta 20 de Oro · cada héroe recupera un 50% de PV · +2 de Renombre,scripts/autoload/game_data/GameDataModes.gd:419
Rest a while,Descansar un rato,scripts/autoload/game_data/GameDataModes.gd:420
Ghostly Peddler,Buhonero Fantasmal,scripts/autoload/game_data/GameDataModes.gd:422
A translucent merchant lays out wares that flicker in and out of existence.,Un mercader translúcido expone mercancías que aparecen y desaparecen.,scripts/autoload/game_data/GameDataModes.gd:422
Buy a curiosity,Comprar una curiosidad,scripts/autoload/game_data/GameDataModes.gd:424
Costs 30 Gold · an Epic item or relic,Cuesta 30 de Oro · un objeto o reliquia Épico,scripts/autoload/game_data/GameDataModes.gd:424
Trade stories,Intercambiar historias,scripts/autoload/game_data/GameDataModes.gd:425
Every hero gains 12 XP,Cada héroe gana 12 de EXP,scripts/autoload/game_data/GameDataModes.gd:425
Caged Beast,Bestia Enjaulada,scripts/autoload/game_data/GameDataModes.gd:427
"A rift beast in a cage of runes, whimpering. The rune-lock is simple enough.",Una bestia de grieta gime en una jaula de runas. El cierre rúnico es bastante sencillo.,scripts/autoload/game_data/GameDataModes.gd:427
Free it,Liberarla,scripts/autoload/game_data/GameDataModes.gd:429
"55%: it bounds off grateful · +4 Renown, +2 Essence · 45%: it lashes out, everyone loses 15% HP","55%: se marcha dando saltos, agradecida · +4 de Renombre, +2 de Esencia · 45%: ataca, todos pierden un 15% de PV",scripts/autoload/game_data/GameDataModes.gd:429
Rift Mirror,Espejo de Grieta,scripts/autoload/game_data/GameDataModes.gd:432
Your reflection moves a moment after you do. It seems to be showing you something.,Tu reflejo se mueve un instante después que tú. Parece querer mostrarte algo.,scripts/autoload/game_data/GameDataModes.gd:432
Study it,Estudiarlo,scripts/autoload/game_data/GameDataModes.gd:434
"Focus check · pass: +3 Momentum next fight, +25 XP each · fail: everyone loses 10% HP","Prueba de Enfoque · éxito: +3 de Ímpetu en el próximo combate, +25 de EXP cada uno · fallo: todos pierden un 10% de PV",scripts/autoload/game_data/GameDataModes.gd:434
Smash it,Romperlo,scripts/autoload/game_data/GameDataModes.gd:435
+8 Essence,+8 de Esencia,scripts/autoload/game_data/GameDataModes.gd:435
Sleeping Golem,Gólem Dormido,scripts/autoload/game_data/GameDataModes.gd:437
A stone golem dozes on top of a treasure chest. Its snores shake the floor.,Un gólem de piedra dormita sobre un cofre del tesoro. Sus ronquidos sacuden el suelo.,scripts/autoload/game_data/GameDataModes.gd:437
Sneak the chest out,Sacar el cofre a escondidas,scripts/autoload/game_data/GameDataModes.gd:439
Agility check · pass: +30-45 Gold and a Rare-or-better item or relic · fail: everyone loses 20% HP,Prueba de Agilidad · éxito: +30-45 de Oro y un objeto o reliquia Raro o mejor · fallo: todos pierden un 20% de PV,scripts/autoload/game_data/GameDataModes.gd:439
Let it sleep,Dejarlo dormir,scripts/autoload/game_data/GameDataModes.gd:440
Lost Recruit,Recluta Perdido,scripts/autoload/game_data/GameDataModes.gd:442
"A young recruit from a village guild, lost and terrified, clutching a rusted sword.","Un joven recluta de un gremio de aldea, perdido y aterrado, aferrado a una espada oxidada.",scripts/autoload/game_data/GameDataModes.gd:442
Escort them out,Escoltarle fuera,scripts/autoload/game_data/GameDataModes.gd:444
"Every hero loses 5% HP · +4 Renown, +1 Essence","Cada héroe pierde un 5% de PV · +4 de Renombre, +1 de Esencia",scripts/autoload/game_data/GameDataModes.gd:444
Point the way,Indicarle el camino,scripts/autoload/game_data/GameDataModes.gd:445
+1 Renown,+1 de Renombre,scripts/autoload/game_data/GameDataModes.gd:445
Glowing Fungus,Hongos Luminosos,scripts/autoload/game_data/GameDataModes.gd:447
Pale mushrooms pulse with soft light. They smell faintly of mint and ozone.,Unas setas pálidas laten con una luz suave. Huelen levemente a menta y ozono.,scripts/autoload/game_data/GameDataModes.gd:447
Eat some,Comer algunas,scripts/autoload/game_data/GameDataModes.gd:449
60%: every hero heals 30% HP and gains 15 XP · 40%: everyone loses 10% HP,60%: cada héroe recupera un 30% de PV y gana 15 de EXP · 40%: todos pierden un 10% de PV,scripts/autoload/game_data/GameDataModes.gd:449
Harvest them,Recolectarlas,scripts/autoload/game_data/GameDataModes.gd:450
Rift Crossroads,Encrucijada de Grieta,scripts/autoload/game_data/GameDataModes.gd:452
"Two paths: one dives deeper into raw rift energy, one leads to a quiet alcove.","Dos caminos: uno se adentra en la energía pura de la grieta, el otro lleva a un rincón tranquilo.",scripts/autoload/game_data/GameDataModes.gd:452
Push deeper,Adentrarse más,scripts/autoload/game_data/GameDataModes.gd:454
Everyone loses 8% HP · +10-16 Essence,Todos pierden un 8% de PV · +10-16 de Esencia,scripts/autoload/game_data/GameDataModes.gd:454
Regroup,Reagruparse,scripts/autoload/game_data/GameDataModes.gd:455
Every hero heals 15% HP · +3 Momentum next fight,Cada héroe recupera un 15% de PV · +3 de Ímpetu en el próximo combate,scripts/autoload/game_data/GameDataModes.gd:455
Fallen Banner,Estandarte Caído,scripts/autoload/game_data/GameDataModes.gd:457
"A guild banner lies in the dust, its bearer long gone. The cloth is still good.",Un estandarte de gremio yace en el polvo; su portador desapareció hace mucho. La tela aún está en buen estado.,scripts/autoload/game_data/GameDataModes.gd:457
Raise it,Alzarlo,scripts/autoload/game_data/GameDataModes.gd:459
+3 Renown · a 20-point shield against the next hazard,+3 de Renombre · un escudo de 20 puntos contra el próximo peligro,scripts/autoload/game_data/GameDataModes.gd:459
Salvage it,Aprovecharlo,scripts/autoload/game_data/GameDataModes.gd:460
+10 Gold,+10 de Oro,scripts/autoload/game_data/GameDataModes.gd:460
A Deserter,Un Desertor,scripts/autoload/game_data/GameDataModes.gd:463
"A rival guild's hireling crouches in a side passage, clutching a stolen purse.","Un sicario de un gremio rival se agazapa en un pasaje lateral, aferrado a una bolsa robada.",scripts/autoload/game_data/GameDataModes.gd:463
Turn them in,Entregarlo,scripts/autoload/game_data/GameDataModes.gd:465
+10 Gold · +3 Renown,+10 de Oro · +3 de Renombre,scripts/autoload/game_data/GameDataModes.gd:465
Split the purse,Repartir la bolsa,scripts/autoload/game_data/GameDataModes.gd:466
+20-30 Gold · -2 Renown,+20-30 de Oro · -2 de Renombre,scripts/autoload/game_data/GameDataModes.gd:466
Whispering Well,Pozo Susurrante,scripts/autoload/game_data/GameDataModes.gd:468
"Coins glint at the bottom of a dry well, and something down there whispers your name.","Brillan monedas en el fondo de un pozo seco, y algo allí abajo susurra tu nombre.",scripts/autoload/game_data/GameDataModes.gd:468
Climb down,Bajar,scripts/autoload/game_data/GameDataModes.gd:470
Agility check · pass: 25-40 Gold · fail: everyone loses 10% HP,Prueba de Agilidad · éxito: 25-40 de Oro · fallo: todos pierden un 10% de PV,scripts/autoload/game_data/GameDataModes.gd:470
Toss a coin in,Echar una moneda,scripts/autoload/game_data/GameDataModes.gd:471
Costs 5 Gold · every hero heals 15% HP,Cuesta 5 de Oro · cada héroe recupera un 15% de PV,scripts/autoload/game_data/GameDataModes.gd:471
Cold Forge,Forja Fría,scripts/autoload/game_data/GameDataModes.gd:473
"An abandoned rift-forge, its coals still faintly warm.","Una forja de grieta abandonada, con las brasas aún algo tibias.",scripts/autoload/game_data/GameDataModes.gd:473
Stoke it with Essence,Avivarla con Esencia,scripts/autoload/game_data/GameDataModes.gd:475
Costs 10 Essence · a Rare-or-better item,Cuesta 10 de Esencia · un objeto Raro o mejor,scripts/autoload/game_data/GameDataModes.gd:475
Scavenge the scraps,Rebuscar entre los restos,scripts/autoload/game_data/GameDataModes.gd:476
Old Sparring Ring,Viejo Círculo de Práctica,scripts/autoload/game_data/GameDataModes.gd:478
"Chalk lines and battered practice dummies. Someone trained here once, and the rift kept it.","Líneas de tiza y muñecos de práctica destrozados. Alguien entrenó aquí una vez, y la grieta lo conservó.",scripts/autoload/game_data/GameDataModes.gd:478
Spar,Entrenar,scripts/autoload/game_data/GameDataModes.gd:480
Everyone loses 10% HP · every hero gains 35 XP,Todos pierden un 10% de PV · cada héroe gana 35 de EXP,scripts/autoload/game_data/GameDataModes.gd:480
Rest in the ring,Descansar en el círculo,scripts/autoload/game_data/GameDataModes.gd:481
Every hero heals 10% HP,Cada héroe recupera un 10% de PV,scripts/autoload/game_data/GameDataModes.gd:481
Rift Hermit,Ermitaño de la Grieta,scripts/autoload/game_data/GameDataModes.gd:483
"An old man lives here, somehow. He offers tea and a story.","Un anciano vive aquí, de algún modo. Ofrece té y una historia.",scripts/autoload/game_data/GameDataModes.gd:483
Drink the tea,Beber el té,scripts/autoload/game_data/GameDataModes.gd:485
Every hero heals 25% HP,Cada héroe recupera un 25% de PV,scripts/autoload/game_data/GameDataModes.gd:485
Buy his charm,Comprar su amuleto,scripts/autoload/game_data/GameDataModes.gd:486
Costs 20 Gold · a 25-point shield against the next hazard,Cuesta 20 de Oro · un escudo de 25 puntos contra el próximo peligro,scripts/autoload/game_data/GameDataModes.gd:486
Pile of Bones,Montón de Huesos,scripts/autoload/game_data/GameDataModes.gd:488
"Adventurers' bones, their packs still strapped on.","Huesos de aventureros, con las mochilas aún puestas.",scripts/autoload/game_data/GameDataModes.gd:488
Search the packs,Registrar las mochilas,scripts/autoload/game_data/GameDataModes.gd:490
60%: a Rare-or-better find · 40%: a trap hits everyone for 10% HP,60%: un hallazgo Raro o mejor · 40%: una trampa quita a todos un 10% de PV,scripts/autoload/game_data/GameDataModes.gd:490
Bury them,Enterrarlos,scripts/autoload/game_data/GameDataModes.gd:491
+2 Renown · every hero gains 10 XP,+2 de Renombre · cada héroe gana 10 de EXP,scripts/autoload/game_data/GameDataModes.gd:491
The Tollkeeper,El Peajero,scripts/autoload/game_data/GameDataModes.gd:493
"A masked figure blocks the path with a spear. ""Toll.""","Una figura enmascarada bloquea el camino con una lanza. ""Peaje.""",scripts/autoload/game_data/GameDataModes.gd:493
Pay the toll,Pagar el peaje,scripts/autoload/game_data/GameDataModes.gd:495
Costs 25 Gold · he points out a shortcut: +3 Momentum next fight,Cuesta 25 de Oro · te indica un atajo: +3 de Ímpetu en el próximo combate,scripts/autoload/game_data/GameDataModes.gd:495
Push past,Abrirse paso,scripts/autoload/game_data/GameDataModes.gd:496
Might check · pass: +30 Gold from his strongbox · fail: everyone loses 15% HP,Prueba de Fuerza · éxito: +30 de Oro de su cofre · fallo: todos pierden un 15% de PV,scripts/autoload/game_data/GameDataModes.gd:496
Rift Starlight,Luz Estelar de Grieta,scripts/autoload/game_data/GameDataModes.gd:498
A shaft of pale light falls through a crack in the rift. It feels like home.,Un haz de luz pálida cae por una fisura de la grieta. Se siente como estar en casa.,scripts/autoload/game_data/GameDataModes.gd:498
Bask in it,Disfrutarla,scripts/autoload/game_data/GameDataModes.gd:500
Bottle it,Embotellarla,scripts/autoload/game_data/GameDataModes.gd:501
+10 Essence,+10 de Esencia,scripts/autoload/game_data/GameDataModes.gd:501
Overturned Cart,Carreta Volcada,scripts/autoload/game_data/GameDataModes.gd:503
A merchant's cart lies on its side. The merchant is nowhere to be seen.,La carreta de un mercader yace de lado. No hay rastro del mercader.,scripts/autoload/game_data/GameDataModes.gd:503
Take the goods,Llevarse la mercancía,scripts/autoload/game_data/GameDataModes.gd:505
+25 Gold · -2 Renown,+25 de Oro · -2 de Renombre,scripts/autoload/game_data/GameDataModes.gd:505
Take one tonic,Coger un tónico,scripts/autoload/game_data/GameDataModes.gd:506
Right the cart,Enderezar la carreta,scripts/autoload/game_data/GameDataModes.gd:507
+4 Renown,+4 de Renombre,scripts/autoload/game_data/GameDataModes.gd:507
Silent Scarecrow,Espantapájaros Silencioso,scripts/autoload/game_data/GameDataModes.gd:509
"A scarecrow stands in the rift's wheat, its sackcloth head turning to follow you.","Un espantapájaros se alza en el trigo de la grieta, girando su cabeza de arpillera para seguirte.",scripts/autoload/game_data/GameDataModes.gd:509
Search its coat,Registrar su abrigo,scripts/autoload/game_data/GameDataModes.gd:512
Focus check · pass: a Rare-or-better item · fail: everyone loses 10% HP,Prueba de Enfoque · éxito: un objeto Raro o mejor · fallo: todos pierden un 10% de PV,scripts/autoload/game_data/GameDataModes.gd:512
Rift Orchard,Huerto de Grieta,scripts/autoload/game_data/GameDataModes.gd:514
"Apple trees heavy with softly glowing fruit, in a field that shouldn't exist.","Manzanos cargados de fruta de brillo suave, en un campo que no debería existir.",scripts/autoload/game_data/GameDataModes.gd:514
Eat the fruit,Comer la fruta,scripts/autoload/game_data/GameDataModes.gd:516
"70%: every hero heals 30% HP · 30%: bellyache, everyone loses 10% HP","70%: cada héroe recupera un 30% de PV · 30%: dolor de barriga, todos pierden un 10% de PV",scripts/autoload/game_data/GameDataModes.gd:516
Fill a basket,Llenar una cesta,scripts/autoload/game_data/GameDataModes.gd:517
Haunted Mill,Molino Embrujado,scripts/autoload/game_data/GameDataModes.gd:519
"The mill wheel turns with no water and no wind, grinding something that glows.","La rueda del molino gira sin agua ni viento, moliendo algo que brilla.",scripts/autoload/game_data/GameDataModes.gd:519
Take the rift-flour,Llevarse la harina de grieta,scripts/autoload/game_data/GameDataModes.gd:521
+12-18 Essence,+12-18 de Esencia,scripts/autoload/game_data/GameDataModes.gd:521
Jam the wheel,Atascar la rueda,scripts/autoload/game_data/GameDataModes.gd:522
"Might check · pass: the village thanks you, +4 Renown, +15 Gold · fail: everyone loses 10% HP","Prueba de Fuerza · éxito: la aldea te lo agradece, +4 de Renombre, +15 de Oro · fallo: todos pierden un 10% de PV",scripts/autoload/game_data/GameDataModes.gd:522
Vale Wayshrine,Santuario del Valle,scripts/autoload/game_data/GameDataModes.gd:524
"A farmer's roadside shrine, its garlands somehow still fresh.","Un santuario campesino junto al camino, con las guirnaldas, de algún modo, aún frescas.",scripts/autoload/game_data/GameDataModes.gd:524
Leave an offering,Dejar una ofrenda,scripts/autoload/game_data/GameDataModes.gd:526
Costs 10 Gold · every hero heals 20% HP · +2 Renown,Cuesta 10 de Oro · cada héroe recupera un 20% de PV · +2 de Renombre,scripts/autoload/game_data/GameDataModes.gd:526
Pray for strength,Rezar por fuerza,scripts/autoload/game_data/GameDataModes.gd:527
Every hero gains 20 XP,Cada héroe gana 20 de EXP,scripts/autoload/game_data/GameDataModes.gd:527
Sunken Bell,Campana Hundida,scripts/autoload/game_data/GameDataModes.gd:529
"A bronze bell rises from the black water and tolls once, very slowly.","Una campana de bronce emerge del agua negra y tañe una vez, muy despacio.",scripts/autoload/game_data/GameDataModes.gd:529
Ring it back,Hacerla sonar,scripts/autoload/game_data/GameDataModes.gd:531
"50%: a Rare-or-better relic surfaces · 50%: the water lashes out, everyone loses 15% HP","50%: emerge una reliquia Rara o mejor · 50%: el agua golpea, todos pierden un 15% de PV",scripts/autoload/game_data/GameDataModes.gd:531
Leave quietly,Marcharse en silencio,scripts/autoload/game_data/GameDataModes.gd:532
Leech Pool,Charca de Sanguijuelas,scripts/autoload/game_data/GameDataModes.gd:534
Fat leeches drift in a warm pool. The old marsh healers swore by them.,Sanguijuelas gordas flotan en una charca tibia. Los viejos sanadores de la marisma confiaban ciegamente en ellas.,scripts/autoload/game_data/GameDataModes.gd:534
Bathe,Bañarse,scripts/autoload/game_data/GameDataModes.gd:536
Jar a few,Guardar unas cuantas,scripts/autoload/game_data/GameDataModes.gd:537
Drowned Chest,Cofre Ahogado,scripts/autoload/game_data/GameDataModes.gd:539
A chest sits chained under a foot of murky water.,Un cofre encadenado reposa bajo un palmo de agua turbia.,scripts/autoload/game_data/GameDataModes.gd:539
Dive for it,Bucear a por él,scripts/autoload/game_data/GameDataModes.gd:541
Agility check · pass: a Rare-or-better item · fail: everyone loses 12% HP,Prueba de Agilidad · éxito: un objeto Raro o mejor · fallo: todos pierden un 12% de PV,scripts/autoload/game_data/GameDataModes.gd:541
Hook it with a rope,Engancharlo con una cuerda,scripts/autoload/game_data/GameDataModes.gd:542
+15-25 Gold,+15-25 de Oro,scripts/autoload/game_data/GameDataModes.gd:542
Voices in the Fog,Voces en la Niebla,scripts/autoload/game_data/GameDataModes.gd:544
The fog whispers the names of heroes your guild has lost.,La niebla susurra los nombres de los héroes que tu gremio ha perdido.,scripts/autoload/game_data/GameDataModes.gd:544
Answer them,Responderles,scripts/autoload/game_data/GameDataModes.gd:546
Press on in silence,Seguir en silencio,scripts/autoload/game_data/GameDataModes.gd:547
+3 Momentum next fight,+3 de Ímpetu en el próximo combate,scripts/autoload/game_data/GameDataModes.gd:547
Ash-Buried King,Rey Sepultado en Ceniza,scripts/autoload/game_data/GameDataModes.gd:549
"The statue of a forgotten king, half swallowed by ash, still holds out its hand.","La estatua de un rey olvidado, medio tragada por la ceniza, aún tiende la mano.",scripts/autoload/game_data/GameDataModes.gd:549
Dig it out,Desenterrarla,scripts/autoload/game_data/GameDataModes.gd:551
Might check · pass: a Rare-or-better relic · fail: everyone loses 10% HP,Prueba de Fuerza · éxito: una reliquia Rara o mejor · fallo: todos pierden un 10% de PV,scripts/autoload/game_data/GameDataModes.gd:551
Pry off its gems,Arrancarle las gemas,scripts/autoload/game_data/GameDataModes.gd:552
+12 Essence,+12 de Esencia,scripts/autoload/game_data/GameDataModes.gd:552
Glass Bridge,Puente de Cristal,scripts/autoload/game_data/GameDataModes.gd:554
A bridge of cooled volcanic glass arcs over a river of fire.,Un puente de vidrio volcánico enfriado se arquea sobre un río de fuego.,scripts/autoload/game_data/GameDataModes.gd:554
Cross carefully,Cruzar con cuidado,scripts/autoload/game_data/GameDataModes.gd:556
"Agility check · pass: +8 Essence, +3 Momentum next fight · fail: everyone loses 15% HP","Prueba de Agilidad · éxito: +8 de Esencia, +3 de Ímpetu en el próximo combate · fallo: todos pierden un 15% de PV",scripts/autoload/game_data/GameDataModes.gd:556
Go the long way,Dar el rodeo,scripts/autoload/game_data/GameDataModes.gd:557
Everyone loses 5% HP,Todos pierden un 5% de PV,scripts/autoload/game_data/GameDataModes.gd:557
Cult Offering,Ofrenda de Culto,scripts/autoload/game_data/GameDataModes.gd:559
"An abandoned fire-cult altar, piled high with offerings.","Un altar abandonado de un culto al fuego, repleto de ofrendas.",scripts/autoload/game_data/GameDataModes.gd:559
+30 Gold · -3 Renown,+30 de Oro · -3 de Renombre,scripts/autoload/game_data/GameDataModes.gd:561
Scatter the ashes,Esparcir las cenizas,scripts/autoload/game_data/GameDataModes.gd:562
Ember Egg,Huevo de Ascuas,scripts/autoload/game_data/GameDataModes.gd:564
"A warm egg rests in the embers, pulsing with light like a heartbeat.","Un huevo tibio reposa entre las brasas, latiendo de luz como un corazón.",scripts/autoload/game_data/GameDataModes.gd:564
Warm it,Calentarlo,scripts/autoload/game_data/GameDataModes.gd:566
"40%: it hatches and leaves a gift, a Rare-or-better find, +10 Essence · 60%: it bursts, everyone loses 15% HP","40%: eclosiona y deja un regalo, un hallazgo Raro o mejor, +10 de Esencia · 60%: estalla, todos pierden un 15% de PV",scripts/autoload/game_data/GameDataModes.gd:566
Take its shell,Llevarse la cáscara,scripts/autoload/game_data/GameDataModes.gd:567
+15 Essence,+15 de Esencia,scripts/autoload/game_data/GameDataModes.gd:567
The Glass Market,El Mercado de Cristal,scripts/autoload/game_data/GameDataModes.gd:571
"In the middle of the rift, a stall. A thing with too many hands is selling fruit made of glass. It does not attack. It seems embarrassed to be seen. When your party comes closer it holds out a fruit and says, very clearly, in our language: please.","En medio de la grieta, un puesto. Una cosa con demasiadas manos vende fruta de cristal. No ataca. Parece avergonzada de que la vean. Cuando tu grupo se acerca, le tiende una fruta y dice, muy claramente, en nuestro idioma: por favor.",scripts/autoload/game_data/GameDataModes.gd:571
Buy a fruit,Comprar una fruta,scripts/autoload/game_data/GameDataModes.gd:573
Costs 12 Gold · every hero heals 25% HP,Cuesta 12 de Oro · cada héroe recupera un 25% de PV,scripts/autoload/game_data/GameDataModes.gd:573
Take one (it lets you),Coger una (te deja),scripts/autoload/game_data/GameDataModes.gd:574
+8-14 Essence · -1 Renown,+8-14 de Esencia · -1 de Renombre,scripts/autoload/game_data/GameDataModes.gd:574
Leave it in peace,Dejarla en paz,scripts/autoload/game_data/GameDataModes.gd:575
A Lost Child,Una Cría Perdida,scripts/autoload/game_data/GameDataModes.gd:577
"A small creature hides behind a rock. It has the shape of the things you fight, but small, and it is crying. It flinches when your party comes near, then follows at a distance.","Una criatura pequeña se esconde tras una roca. Tiene la forma de las cosas contra las que luchas, pero pequeña, y está llorando. Se encoge cuando tu grupo se acerca y luego lo sigue a distancia.",scripts/autoload/game_data/GameDataModes.gd:577
Walk it to the rift's heart,Acompañarla al corazón de la grieta,scripts/autoload/game_data/GameDataModes.gd:579
Every hero gains 15 XP,Cada héroe gana 15 de EXP,scripts/autoload/game_data/GameDataModes.gd:579
Leave it your rations,Dejarle tus raciones,scripts/autoload/game_data/GameDataModes.gd:580
Costs 10 Gold · +3 Renown,Cuesta 10 de Oro · +3 de Renombre,scripts/autoload/game_data/GameDataModes.gd:580
Rain That Falls Up,Lluvia que Cae Hacia Arriba,scripts/autoload/game_data/GameDataModes.gd:583
"Here the rain falls toward the sky, slow and warm, and collects in the air above your heads like a lake seen from underneath.","Aquí la lluvia cae hacia el cielo, lenta y tibia, y se acumula en el aire sobre vuestras cabezas como un lago visto desde abajo.",scripts/autoload/game_data/GameDataModes.gd:583
Stand in it,Quedarse bajo ella,scripts/autoload/game_data/GameDataModes.gd:585
+8-14 Essence,+8-14 de Esencia,scripts/autoload/game_data/GameDataModes.gd:586
A Dark Post,Un Puesto Apagado,scripts/autoload/game_data/GameDataModes.gd:588
"A pillar of glass stands in the rift, cracked and empty. Scratched into its base: a name, and the Accord's oath. Whoever held this post let go a long time ago.","Un pilar de cristal se alza en la grieta, agrietado y vacío. Grabado en su base: un nombre y el juramento del Acuerdo. Quien ocupaba este puesto se soltó hace mucho.",scripts/autoload/game_data/GameDataModes.gd:588
Read the oath aloud,Leer el juramento en voz alta,scripts/autoload/game_data/GameDataModes.gd:590
Every hero heals 10% HP · +2 Renown,Cada héroe recupera un 10% de PV · +2 de Renombre,scripts/autoload/game_data/GameDataModes.gd:590
Chip out the crystal,Arrancar el cristal,scripts/autoload/game_data/GameDataModes.gd:591
+10-16 Essence · -2 Renown,+10-16 de Esencia · -2 de Renombre,scripts/autoload/game_data/GameDataModes.gd:591
SS,SS,scripts/autoload/game_data/GameDataModes.gd:656
SSS,SSS,scripts/autoload/game_data/GameDataModes.gd:657
more elites,más élites,scripts/autoload/game_data/GameDataModes.gd:668
harsher hazards,peligros más duros,scripts/autoload/game_data/GameDataModes.gd:668
fewer shops,menos tiendas,scripts/autoload/game_data/GameDataModes.gd:668
no rarity floor on the starting relic,sin rareza mínima en la reliquia inicial,scripts/autoload/game_data/GameDataModes.gd:669
bosses use two mechanics,los jefes usan dos mecánicas,scripts/autoload/game_data/GameDataModes.gd:669
Forks offer elite fights more often.,Las bifurcaciones ofrecen combates de élite más a menudo.,scripts/autoload/game_data/GameDataModes.gd:675
The mildest hazards are skipped: every hazard is at least Moderate (at least Severe at SSS).,Se omiten los peligros más leves: cada peligro es al menos Moderado (al menos Grave en SSS).,scripts/autoload/game_data/GameDataModes.gd:676
Forks offer a shop less often.,Las bifurcaciones ofrecen una tienda con menos frecuencia.,scripts/autoload/game_data/GameDataModes.gd:677
"The starting relic can be any rarity, even Common.","La reliquia inicial puede ser de cualquier rareza, incluso Común.",scripts/autoload/game_data/GameDataModes.gd:678
The boss uses two of its mechanics at once.,El jefe usa dos de sus mecánicas a la vez.,scripts/autoload/game_data/GameDataModes.gd:679
Operations Branch,Rama de Operaciones,scripts/autoload/game_data/GameDataModes.gd:705
Heroes & Combat,Héroes y Combate,scripts/autoload/game_data/GameDataModes.gd:705
Barracks,Cuartel,scripts/autoload/game_data/GameDataModes.gd:706
+2 hero slots,+2 espacios de héroe,scripts/autoload/game_data/GameDataModes.gd:706
Mentors: new recruits join 1 level higher,Mentores: los nuevos reclutas llegan 1 nivel más alto,scripts/autoload/game_data/GameDataModes.gd:707
Veteran instructors: heroes earn +20% XP,Instructores veteranos: los héroes ganan +20% de EXP,scripts/autoload/game_data/GameDataModes.gd:707
Infirmary,Dispensario,scripts/autoload/game_data/GameDataModes.gd:708
-15% recovery time; a bed at Lv1/3/5,-15% tiempo de recuperación; una cama en Nv1/3/5,scripts/autoload/game_data/GameDataModes.gd:708
Order: Supply Drop — heal the party 35% between fights,Orden: Suministros — cura al grupo un 35% entre combates,scripts/autoload/game_data/GameDataModes.gd:709
"Field Triage: once per rift, get a downed hero back up","Triaje de campaña: una vez por grieta, levanta a un héroe caído",scripts/autoload/game_data/GameDataModes.gd:709
Wounded heroes heal fully after every run,Los héroes heridos se curan del todo tras cada incursión,scripts/autoload/game_data/GameDataModes.gd:709
Drill Yard,Campo de Instrucción,scripts/autoload/game_data/GameDataModes.gd:710
a Training Yard slot every 2 levels; +4% party damage and +4% max HP,un puesto del Patio de Entrenamiento cada 2 niveles; +4% de daño del grupo y +4% de PV máx.,scripts/autoload/game_data/GameDataModes.gd:710
Order: Rally — the party acts first this round and hits 30% harder,Orden: Reagrupación — el grupo actúa primero esta ronda y golpea un 30% más fuerte,scripts/autoload/game_data/GameDataModes.gd:711
Vanguard: a fight's first strike deals +25% damage,Vanguardia: el primer golpe de un combate causa +25% de daño,scripts/autoload/game_data/GameDataModes.gd:711
Abilities are ready at the start of every fight,Las Habilidades están listas al inicio de cada combate,scripts/autoload/game_data/GameDataModes.gd:711
Infrastructure Branch,Rama de Infraestructura,scripts/autoload/game_data/GameDataModes.gd:713
Rift Yield & Safety,Rendimiento y Seguridad en Grietas,scripts/autoload/game_data/GameDataModes.gd:713
Essence Amplifiers,Amplificadores de Esencia,scripts/autoload/game_data/GameDataModes.gd:714
+8% Essence from fights,+8% de Esencia de combates,scripts/autoload/game_data/GameDataModes.gd:714
Energy extraction: elites often drop bonus Essence,Extracción de energía: las élites suelen soltar Esencia extra,scripts/autoload/game_data/GameDataModes.gd:715
Resonance: bosses drop an Essence cache,Resonancia: los jefes sueltan un alijo de Esencia,scripts/autoload/game_data/GameDataModes.gd:715
Wardstones,Piedras de Guarda,scripts/autoload/game_data/GameDataModes.gd:716
"-12% hazard damage, +10% Essence for sealing","-12% daño de peligros, +10% de Esencia al sellar",scripts/autoload/game_data/GameDataModes.gd:716
Anchor: the first hazard of each rift is negated,Ancla: se anula el primer peligro de cada grieta,scripts/autoload/game_data/GameDataModes.gd:717
Hazards can't knock a hero out,Los peligros no pueden dejar fuera de combate a un héroe,scripts/autoload/game_data/GameDataModes.gd:717
Logistics Branch,Rama de Logística,scripts/autoload/game_data/GameDataModes.gd:719
Trade & Recruiting,Comercio y Reclutamiento,scripts/autoload/game_data/GameDataModes.gd:719
Trade Network,Red Comercial,scripts/autoload/game_data/GameDataModes.gd:720
"+1 feast seat; -6% shop prices, -2% auction fees, +5% Rift Cache chance","+1 asiento en el banquete; -6% precios de tienda, -2% comisión de subasta, +5% prob. de Alijo de Grieta",scripts/autoload/game_data/GameDataModes.gd:720
Order: Requisition — reroll a fight's loot choices,Orden: Requisa — renueva las opciones de botín de un combate,scripts/autoload/game_data/GameDataModes.gd:721
Black Market: Rift Caches hold 30% more Gold,Mercado Negro: los Alijos de Grieta contienen un 30% más de Oro,scripts/autoload/game_data/GameDataModes.gd:721
Every rift shop stocks an Epic relic,Cada tienda de grieta tiene una reliquia Épica,scripts/autoload/game_data/GameDataModes.gd:721
Scouts' Lodge,Refugio de Batidores,scripts/autoload/game_data/GameDataModes.gd:722
Recruit board: +1 offer at Lv1 and Lv4,Tablón de reclutas: +1 oferta en Nv1 y Nv4,scripts/autoload/game_data/GameDataModes.gd:722
Order: Scout Ahead — reroll the next fork's paths,Orden: Explorar — renueva los caminos de la próxima bifurcación,scripts/autoload/game_data/GameDataModes.gd:723
Headhunter: every recruit refresh has a Rank C+ hero,Cazatalentos: cada renovación de reclutas incluye un héroe de Rango C+,scripts/autoload/game_data/GameDataModes.gd:723
Recruit rerolls cost half,Las renovaciones de reclutas cuestan la mitad,scripts/autoload/game_data/GameDataModes.gd:723
Wardcraft,Arte de la Guardia,scripts/autoload/game_data/GameDataModes.gd:727
Breaches (paid in Gold),Brechas (se paga en Oro),scripts/autoload/game_data/GameDataModes.gd:727
Armory,Armería,scripts/autoload/game_data/GameDataModes.gd:728
breach foes -5% HP and damage,enemigos de brecha -5% PV y daño,scripts/autoload/game_data/GameDataModes.gd:728
Quartermaster,Intendente,scripts/autoload/game_data/GameDataModes.gd:730
+10% Gold and Essence for holding a breach,+10% de Oro y Esencia por contener una brecha,scripts/autoload/game_data/GameDataModes.gd:730
Palisade,Empalizada,scripts/autoload/game_data/GameDataModes.gd:732
a lost defense costs 10% less,una defensa perdida cuesta un 10% menos,scripts/autoload/game_data/GameDataModes.gd:732
A lost defense damages one building at most,Una defensa perdida daña como mucho un edificio,scripts/autoload/game_data/GameDataModes.gd:733
Watchtower,Atalaya,scripts/autoload/game_data/GameDataModes.gd:734
breach foes deal -4% damage,los enemigos de brecha causan -4% de daño,scripts/autoload/game_data/GameDataModes.gd:734
+1 day of warning before a rift breaks,+1 día de aviso antes de que una grieta se desborde,scripts/autoload/game_data/GameDataModes.gd:735
+1 more day of warning,+1 día más de aviso,scripts/autoload/game_data/GameDataModes.gd:735
Research Branch,Rama de Investigación,scripts/autoload/game_data/GameDataModes.gd:737
Relics & Theory,Reliquias y Teoría,scripts/autoload/game_data/GameDataModes.gd:737
Relic Vault,Cámara de Reliquias,scripts/autoload/game_data/GameDataModes.gd:738
"Starting relic choices (2 at Lv1, 3 at Lv2, 4 at Lv4)","Opciones de reliquia inicial (2 en Nv1, 3 en Nv2, 4 en Nv4)",scripts/autoload/game_data/GameDataModes.gd:738
+1 equipped relic slot,+1 espacio de reliquia equipada,scripts/autoload/game_data/GameDataModes.gd:1495
"+1 more relic slot, and starting relics are Rare or better","+1 espacio de reliquia más, y las reliquias iniciales son Raras o mejores",scripts/autoload/game_data/GameDataModes.gd:739
Arcane Lab,Laboratorio Arcano,scripts/autoload/game_data/GameDataModes.gd:740
+5% to every relic effect; Lv1 unlocks relic scrapping and trait/scar removal,+5% a cada efecto de reliquia; Nv1 desbloquea desguazar reliquias y eliminar rasgos/cicatrices,scripts/autoload/game_data/GameDataModes.gd:740
Skill respecs and quirk treatments cost 30% less,Redistribuir habilidades y tratar rasgos cuesta un 30% menos,scripts/autoload/game_data/GameDataModes.gd:741
Relic upgrades cost 25% fewer Essence,Las mejoras de reliquias cuestan un 25% menos de Esencia,scripts/autoload/game_data/GameDataModes.gd:741
Supply Drop,Suministros,scripts/autoload/game_data/GameDataModes.gd:747
Heal every standing hero 35% of their max HP.,Cura a cada héroe en pie un 35% de sus PV máx.,scripts/autoload/game_data/GameDataModes.gd:747
This round the party acts before every foe and hits 30% harder.,"Esta ronda, el grupo actúa antes que todos los enemigos y golpea un 30% más fuerte.",scripts/autoload/game_data/GameDataModes.gd:748
Requisition,Requisa,scripts/autoload/game_data/GameDataModes.gd:749
Reroll this fight's loot choices.,Renueva las opciones de botín de este combate.,scripts/autoload/game_data/GameDataModes.gd:749
Scout Ahead,Explorar,scripts/autoload/game_data/GameDataModes.gd:750
Reroll the paths on the next fork.,Renueva los caminos de la próxima bifurcación.,scripts/autoload/game_data/GameDataModes.gd:750
Founding Guild,Gremio Fundador,scripts/autoload/game_data/GameDataModes.gd:765
Established Guild,Gremio Consolidado,scripts/autoload/game_data/GameDataModes.gd:766
Renowned Guild,Gremio Célebre,scripts/autoload/game_data/GameDataModes.gd:767
Legendary Guild,Gremio Legendario,scripts/autoload/game_data/GameDataModes.gd:768
Guild Hall,Salón del Gremio,scripts/autoload/game_data/GameDataModes.gd:815
Recruits,Reclutas,scripts/autoload/game_data/GameDataModes.gd:817
Items,Objetos,scripts/autoload/game_data/GameDataModes.gd:818
Market,Mercado,scripts/autoload/game_data/GameDataModes.gd:818
Heroes,Héroes,scripts/autoload/game_data/GameDataModes.gd:820
Training,Entrenamiento,scripts/autoload/game_data/GameDataModes.gd:822
Training Yard,Patio de Entrenamiento,scripts/autoload/game_data/GameDataModes.gd:822
Quest Board,Tablón de Misiones,scripts/autoload/game_data/GameDataModes.gd:823
Rift Hall,Sala de Grietas,scripts/autoload/game_data/GameDataModes.gd:824
Rift Gate,Puerta de la Grieta,scripts/autoload/game_data/GameDataModes.gd:824
Relics,Reliquias,scripts/autoload/game_data/GameDataModes.gd:825
A dry year,Un año seco,scripts/autoload/game_data/GameDataModes.gd:861
"Contracts pay 15% less Gold, and heroes ask 15% lower wages.","Los contratos pagan un 15% menos de Oro, y los héroes piden un 15% menos de sueldo.",scripts/autoload/game_data/GameDataModes.gd:861
A rich year,Un año próspero,scripts/autoload/game_data/GameDataModes.gd:862
"Rift fights pay 20% more Gold, and shop prices are 15% higher.","Los combates en grietas pagan un 20% más de Oro, y los precios de las tiendas son un 15% más altos.",scripts/autoload/game_data/GameDataModes.gd:862
The Hollow stirs in %s,El Hueco se agita en %s,scripts/autoload/game_data/GameDataModes.gd:863
"Foes there have 20% more health, and its rifts pay 25% more Essence.","Allí los enemigos tienen un 20% más de salud, y sus grietas pagan un 25% más de Esencia.",scripts/autoload/game_data/GameDataModes.gd:863
A hard winter,Un invierno duro,scripts/autoload/game_data/GameDataModes.gd:864
"One Medical Bay bed fewer (never none), and feasts lift morale twice as much.","Una cama menos en la Enfermería (nunca ninguna), y los banquetes suben el doble la moral.",scripts/autoload/game_data/GameDataModes.gd:864
Restless rifts,Grietas inquietas,scripts/autoload/game_data/GameDataModes.gd:865
"Riftbreaks come 2 days sooner, and holding one pays double.","Los Desbordes llegan 2 días antes, y contener uno paga el doble.",scripts/autoload/game_data/GameDataModes.gd:865
Wandering heroes,Héroes errantes,scripts/autoload/game_data/GameDataModes.gd:866
"Two more recruits on the board, and the rival signs your best offer twice as often.","Dos reclutas más en el tablón, y el rival ficha tu mejor oferta el doble de veces.",scripts/autoload/game_data/GameDataModes.gd:866
A year of echoes,Un año de ecos,scripts/autoload/game_data/GameDataModes.gd:867
"Echoes turn up twice as often, and a kept echo gives half the Essence.","Los ecos aparecen el doble de veces, y un eco guardado da la mitad de Esencia.",scripts/autoload/game_data/GameDataModes.gd:867
A year of witnesses,Un año de testigos,scripts/autoload/game_data/GameDataModes.gd:869
"The rival writes every week, and every letter tells its version of the Night of Breaking; its Renown comes 10% faster.","El rival escribe cada semana, y cada carta cuenta su versión de la Noche de la Ruptura; su Renombre llega un 10% más rápido.",scripts/autoload/game_data/GameDataModes.gd:869
A proud rival,Un rival orgulloso,scripts/autoload/game_data/GameDataModes.gd:870
"The rival gains Renown 15% faster and you 10% faster, and the monthly contest pays double.","El rival gana Renombre un 15% más rápido y tú un 10% más rápido, y el concurso mensual paga el doble.",scripts/autoload/game_data/GameDataModes.gd:870
The rival is hiring,El rival está contratando,scripts/autoload/game_data/GameDataModes.gd:877
It goes after your heroes more than anything.,Va a por tus héroes más que a por nada.,scripts/autoload/game_data/GameDataModes.gd:877
The rival is boasting,El rival fanfarronea,scripts/autoload/game_data/GameDataModes.gd:878
It dares you more than anything.,Te desafía más que nada.,scripts/autoload/game_data/GameDataModes.gd:878
The rival is undercutting,El rival rebaja precios,scripts/autoload/game_data/GameDataModes.gd:879
It goes after your contracts more than anything.,Va a por tus contratos más que a por nada.,scripts/autoload/game_data/GameDataModes.gd:879
The Shattered Vale,El Valle Destrozado,scripts/autoload/game_data/GameDataModes.gd:892
"Vaelith, the Vale-Render","Vaelith, la Desgarradora del Valle",scripts/autoload/game_data/GameDataModes.gd:892
Greater Rifts,Grietas Mayores,scripts/autoload/game_data/GameDataModes.gd:893
"The Vale split open on the Night of Breaking, and it has not closed since. Rifts bleed monsters into the farmland. The largest breach belongs to Vaelith, and the villages say she wears the green of an Accord ranger. Seal it, and find out why.","El Valle se partió en la Noche de la Ruptura, y no se ha cerrado desde entonces. Las grietas desangran monstruos sobre las tierras de cultivo. La brecha más grande es la de Vaelith, y en las aldeas dicen que viste el verde de los exploradores del Acuerdo. Séllala y descubre por qué.",scripts/autoload/game_data/GameDataModes.gd:894
"Vaelith falls back through the Breach, and it seals behind her. Under her cloak was an Accord badge with the oath scratched out: she was one of them, and she left her post. Whatever the old guilds did that night, someone has been undoing it. Greater Rifts are open to your guild.","Vaelith retrocede a través de la Brecha, y esta se sella tras ella. Bajo su capa había una insignia del Acuerdo con el juramento rayado: era una de ellos, y abandonó su puesto. Hicieran lo que hicieran los antiguos gremios aquella noche, alguien lo ha estado deshaciendo. Las Grietas Mayores están abiertas para tu gremio.",scripts/autoload/game_data/GameDataModes.gd:895
Seal 3 rifts,Sella 3 grietas,scripts/autoload/game_data/GameDataModes.gd:896
Seal a Rank E rift,Sella una grieta de Rango E,scripts/autoload/game_data/GameDataModes.gd:896
The Drowned Marches,Las Marismas Ahogadas,scripts/autoload/game_data/GameDataModes.gd:898
Nyxara,Nyxara,scripts/autoload/game_data/GameDataModes.gd:898
"Nyxara, Queen of the Drowned","Nyxara, Reina de los Ahogados",scripts/autoload/game_data/GameDataModes.gd:898
the Endless Rift,la Grieta Infinita,scripts/autoload/game_data/GameDataModes.gd:899
"South of the Vale the marshes have risen, and Nyxara's spire rises with them. Before it drowned, the Spire was the Accord's archive: every contract, every name, every oath. Nyxara keeps it now, with a light burning at the bottom. The villages will only trust a guild that has proven itself.","Al sur del Valle, las marismas han crecido, y la aguja de Nyxara se alza con ellas. Antes de ahogarse, la Aguja era el archivo del Acuerdo: cada contrato, cada nombre, cada juramento. Ahora la guarda Nyxara, con una luz ardiendo en el fondo. Las aldeas solo confiarán en un gremio que haya demostrado su valía.",scripts/autoload/game_data/GameDataModes.gd:900
"The Spire crumbles into the black water, and Nyxara with it. One book survived the archive, in the Grandmaster's hand, and it says the guilds did not fall that night. They made a bargain. Beneath the Spire, something vast stirs: a rift with no bottom, lit by pillars of light. The Endless Rift is open to your guild.","La Aguja se desmorona en el agua negra, y Nyxara con ella. Del archivo sobrevivió un libro, de puño y letra de la Gran Maestre, y dice que los gremios no cayeron aquella noche. Hicieron un pacto. Bajo la Aguja, algo inmenso se agita: una grieta sin fondo, iluminada por pilares de luz. La Grieta Infinita está abierta para tu gremio.",scripts/autoload/game_data/GameDataModes.gd:901
Seal a Rank C rift,Sella una grieta de Rango C,scripts/autoload/game_data/GameDataModes.gd:902
Seal 2 rifts of Rank C or higher,Sella 2 grietas de Rango C o superior,scripts/autoload/game_data/GameDataModes.gd:902
Complete a quest,Completa una misión,scripts/autoload/game_data/GameDataModes.gd:902
The Ashen Crown,La Corona de Ceniza,scripts/autoload/game_data/GameDataModes.gd:904
Sythrane,Sythrane,scripts/autoload/game_data/GameDataModes.gd:904
"Sythrane, the Ashen Crown","Sythrane, la Corona de Ceniza",scripts/autoload/game_data/GameDataModes.gd:904
The Heart of the Rift,El Corazón de la Grieta,scripts/autoload/game_data/GameDataModes.gd:905
"Every rift you've sealed led here. At the heart of the rift network sits Sythrane in a crown of ash, guarded by Korrath and Drevok, once her wardens. The Grandmaster's book names her plainly: Sythrane, Grandmaster of the Accord. She made the bargain. Every breach in the world is one of her guilds letting go, and every one feeds her.","Cada grieta que has sellado llevaba aquí. En el corazón de la red de grietas se sienta Sythrane con una corona de ceniza, custodiada por Korrath y Drevok, antaño sus guardianes. El libro de la Gran Maestre la nombra sin rodeos: Sythrane, Gran Maestre del Acuerdo. Ella hizo el pacto. Cada brecha del mundo es uno de sus gremios que se suelta, y cada una la alimenta.",scripts/autoload/game_data/GameDataModes.gd:906
"The Ashen Crown shatters. Sythrane's last words are not a threat but a warning: someone has to hold the Hollow shut, and she was tired. One by one the rifts fall quiet, and for the first time in years the sky is only sky. In the Endless Rift the pillars of light are still holding. Your guild's name will be told for generations. (The rifts never fully close: Endless, the rift ladder and the quests carry on.)","La Corona de Ceniza se hace añicos. Las últimas palabras de Sythrane no son una amenaza sino una advertencia: alguien tiene que mantener cerrado el Hueco, y ella estaba cansada. Una a una, las grietas se apaciguan, y por primera vez en años el cielo es solo cielo. En la Grieta Infinita, los pilares de luz siguen resistiendo. El nombre de tu gremio se contará durante generaciones. (Las grietas nunca se cierran del todo: la Grieta Infinita, la escalera de grietas y las misiones continúan).",scripts/autoload/game_data/GameDataModes.gd:907
Seal a Rank B rift,Sella una grieta de Rango B,scripts/autoload/game_data/GameDataModes.gd:908
boss:Korrath,boss:Korrath,scripts/autoload/game_data/GameDataModes.gd:908
Defeat Korrath,Derrota a Korrath,scripts/autoload/game_data/GameDataModes.gd:908
boss:Drevok,boss:Drevok,scripts/autoload/game_data/GameDataModes.gd:908
Defeat Drevok,Derrota a Drevok,scripts/autoload/game_data/GameDataModes.gd:908
Complete 3 quests,Completa 3 misiones,scripts/autoload/game_data/GameDataModes.gd:908
The Accord Hall,El Salón del Acuerdo,scripts/autoload/game_data/GameDataModes.gd:1264
The Terms,Los Términos,scripts/autoload/game_data/GameDataModes.gd:910
"The Terms, in the Grandmaster's shape","Los Términos, con la forma de la Gran Maestre",scripts/autoload/game_data/GameDataModes.gd:910
"With Sythrane gone, the Hollow has no one to bargain with, so it is bargaining with the posts directly. One by one the pillars in the Endless Rift are flickering. The Accord Hall lies below them, and in it the Terms that started all of this, wearing the Grandmaster's face. Every post that has gone dark makes them stronger. Someone will have to read them out loud.","Sin Sythrane, el Hueco no tiene con quién negociar, así que negocia directamente con los puestos. Uno a uno, los pilares de la Grieta Infinita parpadean. Bajo ellos yace el Salón del Acuerdo, y en él los Términos que empezaron todo esto, con el rostro de la Gran Maestre. Cada puesto que se ha apagado los hace más fuertes. Alguien tendrá que leerlos en voz alta.",scripts/autoload/game_data/GameDataModes.gd:912
"The Terms come apart into forty-one lines of old ink, and the Hall goes quiet. The posts are listening. The bargain needs a last signature, or a fire. Your guild has to choose.","Los Términos se deshacen en cuarenta y una líneas de tinta vieja, y el Salón queda en silencio. Los puestos escuchan. El pacto necesita una última firma, o un fuego. Tu gremio tiene que elegir.",scripts/autoload/game_data/GameDataModes.gd:913
Seal a Rank A rift,Sella una grieta de Rango A,scripts/autoload/game_data/GameDataModes.gd:914
Free a lost champion from a pillar,Libera a un campeón perdido de un pilar,scripts/autoload/game_data/GameDataModes.gd:914
Find every page of the Grandmaster's ledger,Encuentra todas las páginas del libro de cuentas de la Gran Maestre,scripts/autoload/game_data/GameDataModes.gd:914
The Glass Coast,La Costa de Cristal,scripts/autoload/game_data/GameDataModes.gd:917
The Tidewarden,El Guardián de las Mareas,scripts/autoload/game_data/GameDataModes.gd:917
The Glass Breakwater,El Rompeolas de Cristal,scripts/autoload/game_data/GameDataModes.gd:918
"Under the Accord Hall the Endless Rift has a floor now, and the floor is glass. Below it is a shore the sky comes down to meet: sea-glass sand, tides that fall upward, and the villages of the Hollow's people, who were never only monsters. Their sky is falling. The Tidewarden has kept this shore since the Terms were signed. Find out what the Grandmaster promised them.","Bajo el Salón del Acuerdo, la Grieta Infinita tiene ahora suelo, y el suelo es de cristal. Debajo hay una orilla donde el cielo baja a su encuentro: arena de vidrio marino, mareas que caen hacia arriba y las aldeas de la gente del Hueco, que nunca fueron solo monstruos. Su cielo se cae. El Guardián de las Mareas ha custodiado esta orilla desde que se firmaron los Términos. Descubre qué les prometió la Gran Maestre.",scripts/autoload/game_data/GameDataModes.gd:919
"The Tidewarden kneels in the glass and lays down a key shaped like a wave. The bargain, it says, was simple: the Vale would hold its doors shut, and the Hollow would not knock. It has kept its side for twenty years while its sky came down. Beyond the shore, the last city of the Hollow hangs upside down from the falling sky.","El Guardián de las Mareas se arrodilla en el cristal y deposita una llave con forma de ola. El pacto, dice, era sencillo: el Valle mantendría cerradas sus puertas, y el Hueco no llamaría. Ha cumplido su parte durante veinte años mientras su cielo se venía abajo. Más allá de la orilla, la última ciudad del Hueco cuelga boca abajo del cielo que cae.",scripts/autoload/game_data/GameDataModes.gd:920
Seal 3 rifts on the Glass Coast,Sella 3 grietas en la Costa de Cristal,scripts/autoload/game_data/GameDataModes.gd:921
Answer 3 crossings,Responde a 3 cruces,scripts/autoload/game_data/GameDataModes.gd:921
Seal a Rank S rift,Sella una grieta de Rango S,scripts/autoload/game_data/GameDataModes.gd:921
The Falling Sky,El Cielo que Cae,scripts/autoload/game_data/GameDataModes.gd:923
The Inverted Throne,El Trono Invertido,scripts/autoload/game_data/GameDataModes.gd:924
"The Inverted City hangs over nothing by cords as thick as towers, and they are fraying one by one. If it falls, both worlds crack along the same line. Its gate is the only door the Hollow's people have left, and something comes up the cords at night to close it. Hold the gate, and climb to the Falling Sky.","La Ciudad Invertida cuelga sobre la nada de cuerdas gruesas como torres, y se deshilachan una a una. Si cae, ambos mundos se quiebran por la misma línea. Su puerta es la única que le queda a la gente del Hueco, y algo sube de noche por las cuerdas para cerrarla. Defiende la puerta y asciende hasta el Cielo que Cae.",scripts/autoload/game_data/GameDataModes.gd:925
"The Falling Sky is not a creature. It is what the city's sky became when it stopped believing it could stay up, and when it breaks, it breaks into light. The cords hold, for now. Every door between the worlds is in your guild's hands.","El Cielo que Cae no es una criatura. Es en lo que se convirtió el cielo de la ciudad cuando dejó de creer que podía sostenerse, y cuando se rompe, se rompe en luz. Las cuerdas aguantan, por ahora. Cada puerta entre los mundos está en manos de tu gremio.",scripts/autoload/game_data/GameDataModes.gd:926
Seal 3 rifts in the Inverted City,Sella 3 grietas en la Ciudad Invertida,scripts/autoload/game_data/GameDataModes.gd:927
Hold the City's gate,Defiende la puerta de la Ciudad,scripts/autoload/game_data/GameDataModes.gd:927
Seal a Rank SS rift,Sella una grieta de Rango SS,scripts/autoload/game_data/GameDataModes.gd:927
The Sky Beneath,El Cielo de Abajo,scripts/autoload/game_data/GameDataModes.gd:931
Book II,Libro II,scripts/autoload/game_data/GameDataModes.gd:931
"Wen finds the last page of the Grandmaster's ledger stuck to the back cover, in a hand neither of them knows. It is a reply. ""We accept your Terms. Hold your doors, and we will not come through them. Our sky is falling. We will not ask again."" Hesper reads it twice and puts on her coat.","Wen encuentra la última página del libro de cuentas de la Gran Maestre pegada a la contraportada, con una letra que ninguno de los dos conoce. Es una respuesta. ""Aceptamos vuestros Términos. Defended vuestras puertas, y no las cruzaremos. Nuestro cielo se cae. No volveremos a pedirlo."" Hesper la lee dos veces y se pone el abrigo.",scripts/autoload/game_data/GameDataModes.gd:932
"Far below, the forty-first post hears knocking from underneath. %s asks the guild to answer it.","Muy abajo, el puesto cuadragésimo primero oye llamar desde debajo. %s le pide al gremio que responda.",scripts/autoload/game_data/GameDataModes.gd:934
Not everything that came up with the tides was hunting. Some of it was running.,No todo lo que subió con las mareas venía a cazar. Algo venía huyendo.,scripts/autoload/game_data/GameDataModes.gd:935
"The posts are held in turns now. Your guild is the first that can go down, and come back.","Ahora los puestos se defienden por turnos. Tu gremio es el primero que puede bajar, y volver.",scripts/autoload/game_data/GameDataModes.gd:936
A Family at the Door,Una Familia en la Puerta,scripts/autoload/game_data/GameDataModes.gd:944
"Five of them, holding hands in a line, the smallest at the back. In this air their edges have already started to go wrong: too many joints, a shine to the skin. The eldest says the only word of ours she knows. It is please.","Son cinco, en fila y cogidos de la mano, la más pequeña al final. En este aire sus contornos ya han empezado a torcerse: demasiadas articulaciones, un brillo en la piel. La mayor dice la única palabra nuestra que conoce. Es por favor.",scripts/autoload/game_data/GameDataModes.gd:944
The Glassblower,El Soplador de Vidrio,scripts/autoload/game_data/GameDataModes.gd:945
"A man with glass where his fingers should be. He was a glassblower, he says, and the air on this side is turning his hands into his work. He would like to come through before it finishes.","Un hombre con cristal donde deberían estar sus dedos. Era soplador de vidrio, dice, y el aire de este lado está convirtiendo sus manos en su obra. Le gustaría cruzar antes de que termine.",scripts/autoload/game_data/GameDataModes.gd:945
The Choir,El Coro,scripts/autoload/game_data/GameDataModes.gd:946
"Nine voices on the other side of the door, singing in our language, badly. They learned the song from a guild that came down twenty years ago and never went home. They would like to sing it for you in the Vale.","Nueve voces al otro lado de la puerta, cantando en nuestro idioma, mal. Aprendieron la canción de un gremio que bajó hace veinte años y nunca volvió a casa. Les gustaría cantártela en el Valle.",scripts/autoload/game_data/GameDataModes.gd:946
"A Lost Child, Grown","Una Niña Perdida, ya Crecida",scripts/autoload/game_data/GameDataModes.gd:947
"You have heard of her: the small one who waited behind a rock for someone to come through the rift for her. Nobody came. She is grown now, and she is done waiting.","Has oído hablar de ella: la pequeña que esperó tras una roca a que alguien cruzara la grieta a por ella. No vino nadie. Ahora ha crecido, y se cansó de esperar.",scripts/autoload/game_data/GameDataModes.gd:947
The doors,Las puertas,scripts/autoload/game_data/GameDataModes.gd:952
"Every door between the worlds is in your guild's hands. Prop the city and keep the doors open, with keepers on both sides, and the Hollow's people can choose where to live. Or close them all, and let the far side fall quietly, the way it has been falling for twenty years.","Cada puerta entre los mundos está en manos de tu gremio. Apuntala la ciudad y mantén las puertas abiertas, con guardianes a ambos lados, y la gente del Hueco podrá elegir dónde vivir. O ciérralas todas y deja que el otro lado caiga en silencio, como lleva cayendo veinte años.",scripts/autoload/game_data/GameDataModes.gd:953
Both worlds,Ambos mundos,scripts/autoload/game_data/GameDataModes.gd:956
The doors stay open,Las puertas siguen abiertas,scripts/autoload/game_data/GameDataModes.gd:956
"The city holds, barely, on new cords your guild helped tie. The rifts become doors with keepers on both sides, and the first of the Hollow's people come up through them carrying everything they own. Some of them ask for work.

(Hollow-born heroes now join the recruit board, in this guild and every guild after it.)","La ciudad aguanta, a duras penas, con cuerdas nuevas que tu gremio ayudó a atar. Las grietas se convierten en puertas con guardianes a ambos lados, y los primeros de la gente del Hueco suben por ellas cargando todo lo que tienen. Algunos piden trabajo.

(Los héroes nacidos del Hueco ahora aparecen en el tablón de reclutas, en este gremio y en todos los posteriores).",scripts/autoload/game_data/GameDataModes.gd:957
Ours,El nuestro,scripts/autoload/game_data/GameDataModes.gd:958
Every door closed,Todas las puertas cerradas,scripts/autoload/game_data/GameDataModes.gd:958
"Your guild closes the doors one by one, from the glass shore to the city's gate. The far side falls quietly. The rifts heal over in a season. Some nights the new stars show low on the horizon, for a moment, and then not.

(+10 Laurels for this guild's legacy. The Hollow's foes no longer appear on the ladder.)","Tu gremio cierra las puertas una a una, desde la orilla de cristal hasta la puerta de la ciudad. El otro lado cae en silencio. Las grietas cicatrizan en una estación. Algunas noches, las estrellas nuevas asoman bajas en el horizonte, un momento, y luego ya no.

(+10 Laureles para el legado de este gremio. Los enemigos del Hueco ya no aparecen en la escalera).",scripts/autoload/game_data/GameDataModes.gd:959
Defeat %d %s,Derrota a %d %s,scripts/autoload/game_data/GameDataModes.gd:972
Seal %d Rift%s,Sella %d grieta%s,scripts/autoload/game_data/GameDataModes.gd:973
Win %d Elite fight%s,Gana %d combate%s de élite,scripts/autoload/game_data/GameDataModes.gd:974
Defeat a Boss,Derrota a un Jefe,scripts/autoload/game_data/GameDataModes.gd:975
Craft %d item%s or relic%s,Fabrica %d objeto%s o reliquia%s,scripts/autoload/game_data/GameDataModes.gd:976
Win %d fight%s without a hero going down,Gana %d combate%s sin que caiga ningún héroe,scripts/autoload/game_data/GameDataModes.gd:977
First Blood — seal your first Rift,Primera Sangre — sella tu primera Grieta,scripts/autoload/game_data/GameDataModes.gd:1000
Monster Hunter — defeat 25 monsters total,Cazador de Monstruos — derrota 25 monstruos en total,scripts/autoload/game_data/GameDataModes.gd:1001
Elite Slayer — win 3 Elite fights,Matador de Élites — gana 3 combates de élite,scripts/autoload/game_data/GameDataModes.gd:1002
Boss Breaker — defeat 3 Bosses,Rompejefes — derrota a 3 Jefes,scripts/autoload/game_data/GameDataModes.gd:1003
Artisan — craft 3 items or relics,Artesano — fabrica 3 objetos o reliquias,scripts/autoload/game_data/GameDataModes.gd:1004
Full Roster — fill every hero slot,Plantilla Completa — llena todos los espacios de héroe,scripts/autoload/game_data/GameDataModes.gd:1005
Guild of the Realm — top the Guild Standings in Renown,Gremio del Reino — encabeza la clasificación de gremios en Renombre,scripts/autoload/game_data/GameDataModes.gd:1006
Renowned Guild — reach Renowned Guild tier,Gremio Célebre — alcanza la categoría de Gremio Célebre,scripts/autoload/game_data/GameDataModes.gd:1007
Greater Threat — open the Rank C rift,Amenaza Mayor — abre la grieta de Rango C,scripts/autoload/game_data/GameDataModes.gd:1008
The Vale Holds — complete Act I,El Valle Resiste — completa el Acto I,scripts/autoload/game_data/GameDataModes.gd:1009
Out of the Marshes — complete Act II,Fuera de las Marismas — completa el Acto II,scripts/autoload/game_data/GameDataModes.gd:1010
Crownbreaker — complete Act III,Rompecoronas — completa el Acto III,scripts/autoload/game_data/GameDataModes.gd:1011
Keeper of the Accord — complete the campaign,Guardián del Acuerdo — completa la campaña,scripts/autoload/game_data/GameDataModes.gd:1012
Rift Warden — seal 25 rifts,Guardián de Grietas — sella 25 grietas,scripts/autoload/game_data/GameDataModes.gd:1013
Centurion — defeat 250 monsters,Centurión — derrota 250 monstruos,scripts/autoload/game_data/GameDataModes.gd:1014
Kingslayer — defeat 20 Bosses,Matarreyes — derrota a 20 Jefes,scripts/autoload/game_data/GameDataModes.gd:1015
Untouched — seal 5 rifts with no one knocked out,Intacto — sella 5 grietas sin que nadie quede fuera de combate,scripts/autoload/game_data/GameDataModes.gd:1016
Climber — reach floor 25 of the Tower,Escalador — llega al piso 25 de la Torre,scripts/autoload/game_data/GameDataModes.gd:1017
Summit — clear floor 100 of the Tower,Cumbre — supera el piso 100 de la Torre,scripts/autoload/game_data/GameDataModes.gd:1018
Beyond the Edge — survive 10 minutes in the Endless Rift,Más Allá del Borde — sobrevive 10 minutos en la Grieta Infinita,scripts/autoload/game_data/GameDataModes.gd:1019
Daily Duty — seal a rift with the daily twist,Deber Diario — sella una grieta con el giro diario,scripts/autoload/game_data/GameDataModes.gd:1020
Dedicated — seal the daily twist 7 days in a row,Constante — sella el giro diario 7 días seguidos,scripts/autoload/game_data/GameDataModes.gd:1021
Build Complete — own a 4-piece boon set,Build Completa — consigue un conjunto de 4 bendiciones,scripts/autoload/game_data/GameDataModes.gd:1022
Legendary Guild — reach Legendary Guild tier,Gremio Legendario — alcanza la categoría de Gremio Legendario,scripts/autoload/game_data/GameDataModes.gd:1023
Paragon — raise a hero to Level 10,Dechado — sube a un héroe al Nivel 10,scripts/autoload/game_data/GameDataModes.gd:1024
Great Hall — have 10 heroes on the roster,Gran Salón — ten 10 héroes en la plantilla,scripts/autoload/game_data/GameDataModes.gd:1025
Inspired,Inspirado,scripts/autoload/game_data/GameDataModes.gd:1061
Steady,Estable,scripts/autoload/game_data/GameDataModes.gd:1061
Shaken,Afectado,scripts/autoload/game_data/GameDataModes.gd:1061
Breaking,Al límite,scripts/autoload/game_data/GameDataModes.gd:1061
The Hollow Crown Company,La Compañía de la Corona Hueca,scripts/autoload/game_data/GameDataModes.gd:1077
Marshal Orla Venn,Mariscal Orla Venn,scripts/autoload/game_data/GameDataModes.gd:1095
Kael Ashborn,Kael Ashborn,scripts/autoload/game_data/GameDataModes.gd:1096
Ser Aldric Vane,Ser Aldric Vane,scripts/autoload/game_data/GameDataModes.gd:1097
Mother Ilse,Madre Ilse,scripts/autoload/game_data/GameDataModes.gd:1098
Captain Morrow,Capitán Morrow,scripts/autoload/game_data/GameDataModes.gd:1099
"Seal the small rifts, %s. Leave the real ones to us.","Sella las grietas pequeñas, %s. Déjanos las de verdad a nosotros.",scripts/autoload/game_data/GameDataModes.gd:1111
"%s pays its heroes in promises, I hear.",Dicen que %s paga a sus héroes con promesas.,scripts/autoload/game_data/GameDataModes.gd:1112
Our recruits ask about %s. Then they sign with us.,Nuestros reclutas preguntan por %s. Luego firman con nosotros.,scripts/autoload/game_data/GameDataModes.gd:1113
Tell %s the quest board isn't a charity.,Dile a %s que el tablón de misiones no es una obra de caridad.,scripts/autoload/game_data/GameDataModes.gd:1114
We'll send flowers when %s closes its doors.,Enviaremos flores cuando %s cierre sus puertas.,scripts/autoload/game_data/GameDataModes.gd:1115
%s? I thought they'd disbanded.,¿%s? Creía que se habían disuelto.,scripts/autoload/game_data/GameDataModes.gd:1116
The Night of Breaking,La Noche de la Ruptura,scripts/autoload/game_data/GameDataModes.gd:1135
The end of the Accord,El fin del Acuerdo,scripts/autoload/game_data/GameDataModes.gd:1135
"For three hundred years the guilds of the Accord kept the rifts shut. They swore one oath: close what opens, share what you find, never sell a rift. Then, in a single night, every rift in the Vale opened at once, and every Accord guild went in. None of them came back. By morning their halls stood empty.

The villages still need a guild. They have yours.","Durante trescientos años, los gremios del Acuerdo mantuvieron cerradas las grietas. Hicieron un único juramento: cierra lo que se abre, comparte lo que encuentres, nunca vendas una grieta. Entonces, en una sola noche, todas las grietas del Valle se abrieron a la vez, y todos los gremios del Acuerdo entraron. Ninguno volvió. Al amanecer, sus salones estaban vacíos.

Las aldeas aún necesitan un gremio. Tienen el tuyo.",scripts/autoload/game_data/GameDataModes.gd:1136
The Hollow,El Hueco,scripts/autoload/game_data/GameDataModes.gd:1141
"The world sits on a thin crust. Under it is the Hollow, where things that never got to happen pile up: unfinished storms, roads never built, beasts that almost were. A rift is a crack in the crust, and what comes through is the Hollow trying on a shape. It copies what it finds, which is why each region's monsters look like that region.","El mundo descansa sobre una corteza fina. Debajo está el Hueco, donde se amontonan las cosas que nunca llegaron a ocurrir: tormentas sin terminar, caminos nunca construidos, bestias que casi fueron. Una grieta es una fisura en la corteza, y lo que la atraviesa es el Hueco probándose una forma. Copia lo que encuentra, y por eso los monstruos de cada región se parecen a esa región.",scripts/autoload/game_data/GameDataModes.gd:1141
Essence,Esencia,scripts/autoload/game_data/GameDataModes.gd:1142
"When the Hollow touches air it hardens into crystal. Essence is unfinished possibility: put it into a hero and they grow into what they might have been, into a building and it becomes its better self, into a relic and it wakes. Gold pays people. Essence changes things.","Cuando el Hueco toca el aire, se endurece en cristal. La Esencia es posibilidad sin terminar: ponla en un héroe y crecerá hasta lo que podría haber sido; en un edificio, y se convertirá en su mejor versión; en una reliquia, y despertará. El Oro paga a la gente. La Esencia cambia las cosas.",scripts/autoload/game_data/GameDataModes.gd:1142
The Accord,El Acuerdo,scripts/autoload/game_data/GameDataModes.gd:1143
"The oath of the old guilds: close what opens, share what you find, never sell a rift. The villages paid the guilds that swore it, and for three hundred years the crust held. Renown is the villages' trust; the best recruits go where it is.","El juramento de los antiguos gremios: cierra lo que se abre, comparte lo que encuentres, nunca vendas una grieta. Las aldeas pagaban a los gremios que lo juraban, y durante trescientos años la corteza resistió. El Renombre es la confianza de las aldeas; los mejores reclutas van adonde está.",scripts/autoload/game_data/GameDataModes.gd:1143
The Assay,El Ensayo,scripts/autoload/game_data/GameDataModes.gd:1144
"Every hero who joins a guild is measured once on the Assay stone, by how much Essence they can hold without breaking: F to S. Rifts are measured on the same scale, so a Rank C rift is one a Rank C hero can stand in. SS and SSS were added after the Night of Breaking, by clerks who had run out of letters.","Cada héroe que se une a un gremio se mide una vez en la piedra del Ensayo, según cuánta Esencia puede contener sin quebrarse: de F a S. Las grietas se miden con la misma escala, así que una grieta de Rango C es una en la que un héroe de Rango C puede aguantar. SS y SSS se añadieron tras la Noche de la Ruptura, por escribanos que se habían quedado sin letras.",scripts/autoload/game_data/GameDataModes.gd:1144
The Five Paths,Las Cinco Sendas,scripts/autoload/game_data/GameDataModes.gd:1145
"The Accord trained fighters in five Paths: the Shield (warriors), the Bow (rangers), the Word (mages), the Vow (clerics) and the Knife (rogues). Below Rank B the Path is all a hero is. From Rank B there is enough Essence in them that it settles into a shape of its own, and the Path forks into a calling.","El Acuerdo entrenaba luchadores en cinco Sendas: el Escudo (guerreros), el Arco (exploradores), la Palabra (magos), el Voto (clérigos) y el Cuchillo (pícaros). Por debajo del Rango B, la Senda es todo lo que un héroe es. Desde el Rango B hay en él Esencia suficiente para que adopte una forma propia, y la Senda se bifurca en una vocación.",scripts/autoload/game_data/GameDataModes.gd:1145
"Every rift in the Vale opened at once, deeper than the Assay could measure, and every Accord guild answered. None came back. The new companies that took charters afterward never swore the Accord. Yours can choose to keep it.","Todas las grietas del Valle se abrieron a la vez, más hondas de lo que el Ensayo podía medir, y todos los gremios del Acuerdo respondieron. Ninguno volvió. Las nuevas compañías que obtuvieron cartas después nunca juraron el Acuerdo. La tuya puede elegir mantenerlo.",scripts/autoload/game_data/GameDataModes.gd:1146
Vaelith's badge,La insignia de Vaelith,scripts/autoload/game_data/GameDataModes.gd:1149
Under Vaelith's cloak was an Accord ranger's badge with the oath scratched out. She held a post on the Night of Breaking and walked away from it. The great Breach in the Vale was the post she left.,Bajo la capa de Vaelith había una insignia de exploradora del Acuerdo con el juramento rayado. Ocupaba un puesto en la Noche de la Ruptura y lo abandonó. La gran Brecha del Valle era el puesto que dejó.,scripts/autoload/game_data/GameDataModes.gd:1149
The bargain,El pacto,scripts/autoload/game_data/GameDataModes.gd:1150
"The guilds did not fall. On the Night of Breaking the Grandmaster of the Accord made a bargain with the Hollow: the strongest of the guilds would stand in the cracks and let the Hollow harden around them, and the Hollow would stay below. The pillars of light in the Endless Rift are those posts, still holding.","Los gremios no cayeron. En la Noche de la Ruptura, la Gran Maestre del Acuerdo hizo un pacto con el Hueco: los más fuertes de los gremios se plantarían en las fisuras y dejarían que el Hueco se endureciera a su alrededor, y el Hueco se quedaría abajo. Los pilares de luz de la Grieta Infinita son esos puestos, que aún resisten.",scripts/autoload/game_data/GameDataModes.gd:1150
The forty-first post,El puesto cuadragésimo primero,scripts/autoload/game_data/GameDataModes.gd:1151
"Sythrane was the Grandmaster. The bargain asked for forty-one posts, and she would not take the last one herself. The Hollow crowned her instead, and every post that tired and let go fed her. With her gone the rifts are quiet. The posts are still holding, and someone will have to relieve them.","Sythrane era la Gran Maestre. El pacto exigía cuarenta y un puestos, y ella no quiso ocupar el último. En su lugar, el Hueco la coronó, y cada puesto que se cansaba y se soltaba la alimentaba. Sin ella, las grietas están en calma. Los puestos siguen resistiendo, y alguien tendrá que relevarlos.",scripts/autoload/game_data/GameDataModes.gd:1151
Day 1. The Hollow is rising faster than we can close it. The Assay has no mark for what came through at Thornwood. I have called every guild to the Hall.,Día 1. El Hueco sube más rápido de lo que podemos cerrarlo. El Ensayo no tiene marca para lo que cruzó en el Bosque de Espinas. He convocado a todos los gremios al Salón.,scripts/autoload/game_data/GameDataModes.gd:1161
Day 3. A voice answered from the deepest rift. It offered terms. I wrote them down so that I could refuse them properly.,Día 3. Una voz respondió desde la grieta más profunda. Ofreció términos. Los anoté para poder rechazarlos como es debido.,scripts/autoload/game_data/GameDataModes.gd:1162
"Day 9. Forty posts: forty of our strongest, standing in the cracks, held by the Hollow's own hardening. In return it stays below. I have not refused.","Día 9. Cuarenta puestos: cuarenta de nuestros más fuertes, en pie en las fisuras, sostenidos por el propio endurecimiento del Hueco. A cambio, se queda abajo. No me he negado.",scripts/autoload/game_data/GameDataModes.gd:1163
Day 10. Lots drawn. Brannoch asked for the deepest post and I let him. I told them all I would come back for them myself.,Día 10. Echadas las suertes. Brannoch pidió el puesto más profundo y se lo concedí. Les dije a todos que volvería a por ellos en persona.,scripts/autoload/game_data/GameDataModes.gd:1164
"Day 11. Vaelith asked who holds the Grandmaster's post. I said the Grandmaster keeps the ledger. That was not an answer, and she knew it.","Día 11. Vaelith preguntó quién ocupa el puesto de la Gran Maestre. Dije que la Gran Maestre lleva el libro de cuentas. No era una respuesta, y ella lo sabía.",scripts/autoload/game_data/GameDataModes.gd:1165
The Night. Every post is taken but mine. The terms say forty-one. The Hollow can count.,La Noche. Todos los puestos están ocupados menos el mío. Los términos dicen cuarenta y uno. El Hueco sabe contar.,scripts/autoload/game_data/GameDataModes.gd:1166
"After. The Hollow came for the forty-first and found me ready to make a different bargain. It gives me a crown. I give it the posts, one at a time, as they tire. It is slower than refusing. That is all I wanted: more time.","Después. El Hueco vino por el cuadragésimo primero y me encontró dispuesto a otro trato. Me da una corona. Yo le doy los puestos, uno a uno, a medida que se cansan. Es más lento que negarse. Eso es todo lo que quería: más tiempo.",scripts/autoload/game_data/GameDataModes.gd:1167
"The Crown will return to the Vale. A single Royal Charter will go to the company that has done the most to close the rifts: every contract, for a generation. Until then, all chartered companies compete on equal terms.

The loudest of them, %s, led by %s, has noticed your guild.","La Corona volverá al Valle. Una única Carta Real irá a la compañía que más haya hecho por cerrar las grietas: todos los contratos, durante una generación. Hasta entonces, todas las compañías con carta compiten en igualdad de condiciones.

La más ruidosa de ellas, %s, liderada por %s, se ha fijado en tu gremio.",scripts/autoload/game_data/GameDataModes.gd:1174
"%s fights like one of mine. I'd rather ask than steal, so I'm asking: let them come, or pay them what they're worth. No hard feelings either way. — O. Venn","%s pelea como uno de los míos. Prefiero pedir a robar, así que te lo pido: déjalo venir, o págale lo que vale. Sin rencores, sea como sea. — O. Venn",scripts/autoload/game_data/GameDataModes.gd:1181
"Seal a Rank %s rift before payday. If you do, I'll say so to the herald. If you don't, I'll say that too. — O. Venn","Sella una grieta de Rango %s antes del día de paga. Si lo haces, se lo diré al heraldo. Si no, también se lo diré. — O. Venn",scripts/autoload/game_data/GameDataModes.gd:1182
"That contract is on the board and we can do it. So can you, maybe. First to sign it keeps it. — O. Venn",Ese contrato está en el tablón y podemos hacerlo. Tú quizá también. Quien firme primero se lo queda. — O. Venn,scripts/autoload/game_data/GameDataModes.gd:1183
"Good work this week, %s. Do better next week.","Buen trabajo esta semana, %s. Hazlo mejor la próxima.",scripts/autoload/game_data/GameDataModes.gd:1184
The Chorus sings about the rifts it has closed. %s hums.,El Coro canta sobre las grietas que ha cerrado. %s tararea.,scripts/autoload/game_data/GameDataModes.gd:1184
%s keeps its word. I'll give them that. I'll give them nothing else.,%s cumple su palabra. Eso se lo concedo. No le concedo nada más.,scripts/autoload/game_data/GameDataModes.gd:1184
"We can't train heroes like %s; we haven't the Gold. We can pay them, though, for a few weeks at least. They'll be happy. Probably. — Kael","No podemos entrenar héroes como %s; no tenemos el Oro. Pero sí podemos pagarles, al menos unas semanas. Estarán contentos. Probablemente. — Kael",scripts/autoload/game_data/GameDataModes.gd:1186
Rank %s by payday. We did one last week. Barely. Your turn. — Kael,Rango %s antes del día de paga. Nosotros hicimos uno la semana pasada. Por poco. Te toca. — Kael,scripts/autoload/game_data/GameDataModes.gd:1187
We need that contract more than you do. I'm not proud of saying so. I'm saying it anyway. — Kael,Necesitamos ese contrato más que tú. No me enorgullece decirlo. Lo digo de todos modos. — Kael,scripts/autoload/game_data/GameDataModes.gd:1188
The Wolves are hungry and %s is fat. Draw your own conclusions.,Los Lobos tienen hambre y %s está gordo. Saca tus propias conclusiones.,scripts/autoload/game_data/GameDataModes.gd:1189
Someday the Wolves will have a hall like %s's. With a roof.,Algún día los Lobos tendrán un salón como el de %s. Con techo.,scripts/autoload/game_data/GameDataModes.gd:1189
%s had a good week. We ate.,%s tuvo una buena semana. Nosotros comimos.,scripts/autoload/game_data/GameDataModes.gd:1189
Your %s has a good eye and a poor wage. I have the opposite problem. I'm sure we can come to an arrangement. — Vane,Tu %s tiene buen ojo y mal sueldo. Yo tengo el problema contrario. Seguro que podemos llegar a un acuerdo. — Vane,scripts/autoload/game_data/GameDataModes.gd:1191
"A Rank %s rift by payday, if your guild can manage it. Mine could, in its sleep. It frequently does. — Vane","Una grieta de Rango %s antes del día de paga, si tu gremio puede. El mío podría dormido. Y a menudo lo hace. — Vane",scripts/autoload/game_data/GameDataModes.gd:1192
The Lance will be taking that contract. Do not trouble yourselves. — Ser Aldric Vane,La Lanza tomará ese contrato. No se molesten. — Ser Aldric Vane,scripts/autoload/game_data/GameDataModes.gd:1193
The Charter will hang in the Lance's hall. I have already chosen the frame.,La Carta colgará en el salón de la Lanza. Ya he elegido el marco.,scripts/autoload/game_data/GameDataModes.gd:1194
"%s has been unhappy, child. I notice these things. Pay them, or I will, and then we'll both know who listens. — Mother Ilse","%s ha estado descontento, criatura. Yo me fijo en esas cosas. Págale, o lo haré yo, y entonces ambas sabremos quién escucha. — Madre Ilse",scripts/autoload/game_data/GameDataModes.gd:1196
I've told the taverns you can seal a Rank %s rift by payday. Don't make an old woman a liar. — Ilse,He dicho en las tabernas que puedes sellar una grieta de Rango %s antes del día de paga. No hagas de una vieja una mentirosa. — Ilse,scripts/autoload/game_data/GameDataModes.gd:1197
"The Wolves will try for this one tomorrow. Take it first and I'll know you can be trusted with better news. Let it go and I'll take it, and I'll know that too. — Ilse","Los Lobos irán a por este mañana. Tómalo antes y sabré que se te pueden confiar mejores noticias. Déjalo pasar y lo tomaré yo, y eso también lo sabré. — Ilse",scripts/autoload/game_data/GameDataModes.gd:1198
"Mother Ilse sends her regards to %s, and a small bill.","Madre Ilse envía saludos a %s, y una pequeña factura.",scripts/autoload/game_data/GameDataModes.gd:1199
Everyone owes the Lantern something. %s just doesn't know what yet.,Todos le deben algo a la Linterna. %s aún no sabe qué.,scripts/autoload/game_data/GameDataModes.gd:1199
The Lantern hears %s is short this week. The Lantern lends.,La Linterna oye que %s anda corto esta semana. La Linterna presta.,scripts/autoload/game_data/GameDataModes.gd:1199
"%s deserves a company that values them. Ours does: twice the wage, half the danger. I can't explain the half. Trade secret. — Capt. Morrow","%s merece una compañía que lo valore. La nuestra lo hace: el doble de sueldo, la mitad de peligro. No puedo explicar lo de la mitad. Secreto comercial. — Cap. Morrow",scripts/autoload/game_data/GameDataModes.gd:1201
"Rank %s by payday? A friendly wager. There is always another rift, after all. We make sure of it. — Morrow","¿Rango %s antes del día de paga? Una apuesta amistosa. Al fin y al cabo, siempre hay otra grieta. Nos aseguramos de ello. — Morrow",scripts/autoload/game_data/GameDataModes.gd:1202
"We'll take this one off your hands. Plenty of work for everyone; there always seems to be, near us. — Morrow","Nosotros nos encargamos de este. Hay trabajo para todos; siempre parece haberlo, cerca de nosotros. — Morrow",scripts/autoload/game_data/GameDataModes.gd:1203
"Plenty of work for everyone, %s. There always is.","Hay trabajo para todos, %s. Siempre lo hay.",scripts/autoload/game_data/GameDataModes.gd:1204
The Company wishes %s a quiet week. Truly.,La Compañía le desea a %s una semana tranquila. De verdad.,scripts/autoload/game_data/GameDataModes.gd:1204
Captain Morrow sent %s a bottle of good wine. No note.,El capitán Morrow le envió a %s una botella de buen vino. Sin nota.,scripts/autoload/game_data/GameDataModes.gd:1204
First payday. I'm Dobbs; I keep the books. The one with the ink is Wen.,Primer día de paga. Soy Dobbs; llevo las cuentas. La de la tinta es Wen.,scripts/autoload/game_data/GameDataModes.gd:1212
I write down what happens. Try to make it worth writing.,Yo escribo lo que pasa. Procura que valga la pena escribirlo.,scripts/autoload/game_data/GameDataModes.gd:1212
And I'm the old woman who was here before both of them. Pay your heroes and they'll stay.,Y yo soy la vieja que estaba aquí antes que los dos. Paga a tus héroes y se quedarán.,scripts/autoload/game_data/GameDataModes.gd:1212
Someone walked out today.,Alguien se fue hoy.,scripts/autoload/game_data/GameDataModes.gd:1213
"Unpaid twice, or miserable. Usually both.","Sin paga dos veces, o desdichado. Normalmente ambas.",scripts/autoload/game_data/GameDataModes.gd:1213
I'll write that they left. I won't write why. That's yours to fix.,Escribiré que se fue. No escribiré por qué. Eso te toca arreglarlo a ti.,scripts/autoload/game_data/GameDataModes.gd:1213
I've added a name to the Memorial.,He añadido un nombre al Memorial.,scripts/autoload/game_data/GameDataModes.gd:1214
Say it out loud once. It helps.,Dilo en voz alta una vez. Ayuda.,scripts/autoload/game_data/GameDataModes.gd:1214
I'll take them off the payroll. Quietly.,Lo sacaré de la nómina. Sin ruido.,scripts/autoload/game_data/GameDataModes.gd:1214
"We're short. I want that written down, Wen.","Andamos cortos. Quiero que eso quede por escrito, Wen.",scripts/autoload/game_data/GameDataModes.gd:1215
"It's written down. It was written down last week, too.",Está por escrito. También lo estaba la semana pasada.,scripts/autoload/game_data/GameDataModes.gd:1215
Then underline it.,Entonces subráyalo.,scripts/autoload/game_data/GameDataModes.gd:1215
Good feast.,Buen banquete.,scripts/autoload/game_data/GameDataModes.gd:1216
Expensive feast.,Banquete caro.,scripts/autoload/game_data/GameDataModes.gd:1216
I'm writing 'good'.,Voy a escribir 'bueno'.,scripts/autoload/game_data/GameDataModes.gd:1216
The herald wrote our name first this week.,El heraldo escribió nuestro nombre primero esta semana.,scripts/autoload/game_data/GameDataModes.gd:1217
Did the herald pay anything?,¿Pagó algo el heraldo?,scripts/autoload/game_data/GameDataModes.gd:1217
No.,No.,scripts/autoload/game_data/GameDataModes.gd:1217
Then it's ink.,Entonces es tinta.,scripts/autoload/game_data/GameDataModes.gd:1217
Our rivals bought new banners.,Nuestros rivales compraron estandartes nuevos.,scripts/autoload/game_data/GameDataModes.gd:1218
The Accord never had banners.,El Acuerdo nunca tuvo estandartes.,scripts/autoload/game_data/GameDataModes.gd:1218
The Accord is gone.,El Acuerdo ya no existe.,scripts/autoload/game_data/GameDataModes.gd:1218
Yes. Well.,Sí. Bueno.,scripts/autoload/game_data/GameDataModes.gd:1218
The vault is full. I don't trust it.,La cámara está llena. No me fío.,scripts/autoload/game_data/GameDataModes.gd:1219
"Spend it on the heroes, then. Gold never closed a rift.","Gástalo en los héroes, entonces. El Oro nunca cerró una grieta.",scripts/autoload/game_data/GameDataModes.gd:1219
Gold paid the ones who did.,El Oro pagó a los que sí.,scripts/autoload/game_data/GameDataModes.gd:1219
"These ledger pages. Hesper, did you know the Grandmaster?","Estas páginas del libro de cuentas. Hesper, ¿conociste a la Gran Maestre?",scripts/autoload/game_data/GameDataModes.gd:1220
Everyone knew her. Nobody knew her.,Todos la conocían. Nadie la conocía.,scripts/autoload/game_data/GameDataModes.gd:1220
That isn't an answer.,Eso no es una respuesta.,scripts/autoload/game_data/GameDataModes.gd:1220
It's the only one she ever gave.,Es la única que ella dio jamás.,scripts/autoload/game_data/GameDataModes.gd:1220
Nobody hurt this week.,Nadie herido esta semana.,scripts/autoload/game_data/GameDataModes.gd:1221
That's not a story.,Eso no es una historia.,scripts/autoload/game_data/GameDataModes.gd:1221
It's the best kind. You'll learn.,Es la mejor clase. Ya aprenderás.,scripts/autoload/game_data/GameDataModes.gd:1221
"Hesper, what were the old guilds like?","Hesper, ¿cómo eran los viejos gremios?",scripts/autoload/game_data/GameDataModes.gd:1222
Louder. Better paid. Gone.,Más ruidosos. Mejor pagados. Desaparecidos.,scripts/autoload/game_data/GameDataModes.gd:1222
"Wages, upkeep, and a bill for a broken door.","Sueldos, mantenimiento y una factura por una puerta rota.",scripts/autoload/game_data/GameDataModes.gd:1223
Which door?,¿Qué puerta?,scripts/autoload/game_data/GameDataModes.gd:1223
The one someone kicked in after the last rift. I'm not saying who.,La que alguien pateó después de la última grieta. No digo quién.,scripts/autoload/game_data/GameDataModes.gd:1223
I sat the Assay at sixteen. The stone barely glowed.,Hice el Ensayo a los dieciséis. La piedra apenas brilló.,scripts/autoload/game_data/GameDataModes.gd:1224
What rank?,¿Qué rango?,scripts/autoload/game_data/GameDataModes.gd:1224
F. I'm still here. Most of the S's aren't.,F. Sigo aquí. La mayoría de los S no.,scripts/autoload/game_data/GameDataModes.gd:1224
I need another word for 'rift'. I've used it four hundred times.,Necesito otra palabra para 'grieta'. La he usado cuatrocientas veces.,scripts/autoload/game_data/GameDataModes.gd:1225
Use 'expense'.,Usa 'gasto'.,scripts/autoload/game_data/GameDataModes.gd:1225
The recruits ask what the Accord was.,Los reclutas preguntan qué era el Acuerdo.,scripts/autoload/game_data/GameDataModes.gd:1226
Tell them it was a promise. Tell them we're keeping it.,Diles que era una promesa. Diles que la estamos cumpliendo.,scripts/autoload/game_data/GameDataModes.gd:1226
Are we?,¿Lo estamos?,scripts/autoload/game_data/GameDataModes.gd:1226
Ask me next payday.,Pregúntame el próximo día de paga.,scripts/autoload/game_data/GameDataModes.gd:1226
"{guild} paid on the seventh, too. Rain or not.",{guild} también pagaba el día siete. Lloviera o no.,scripts/autoload/game_data/GameDataModes.gd:1228
You never said you knew them.,Nunca dijiste que los conocías.,scripts/autoload/game_data/GameDataModes.gd:1228
You never asked who taught you the pay table.,Nunca preguntaste quién te enseñó la mesa de pagos.,scripts/autoload/game_data/GameDataModes.gd:1228
Someone left flowers under the {guild} banner.,Alguien dejó flores bajo el estandarte de {guild}.,scripts/autoload/game_data/GameDataModes.gd:1229
Who pays for flowers?,¿Quién paga las flores?,scripts/autoload/game_data/GameDataModes.gd:1229
Nobody. That's how you know they mean it.,Nadie. Así sabes que lo dicen en serio.,scripts/autoload/game_data/GameDataModes.gd:1229
{guild} spent less on feasts than we do.,{guild} gastaba menos en banquetes que nosotros.,scripts/autoload/game_data/GameDataModes.gd:1230
And kept fewer heroes.,Y mantenía menos héroes.,scripts/autoload/game_data/GameDataModes.gd:1230
I hate it when the books agree with you.,Odio cuando los libros te dan la razón.,scripts/autoload/game_data/GameDataModes.gd:1230
{hero} is all over the old {guild} ledgers. Rift after rift.,{hero} aparece por todas partes en los viejos libros de {guild}. Grieta tras grieta.,scripts/autoload/game_data/GameDataModes.gd:1231
{hero} carried me home from the Marches once. Don't write that down.,{hero} me llevó a casa desde las Marismas una vez. No lo escribas.,scripts/autoload/game_data/GameDataModes.gd:1231
Already have.,Ya lo hice.,scripts/autoload/game_data/GameDataModes.gd:1231
Who goes down to the forty-first post now that {guild} is gone?,¿Quién baja al puesto cuadragésimo primero ahora que {guild} ya no está?,scripts/autoload/game_data/GameDataModes.gd:1232
"We do. Once a year, on the Night of Breaking.","Nosotros. Una vez al año, en la Noche de la Ruptura.",scripts/autoload/game_data/GameDataModes.gd:1232
I'll put it in the ledger. No charge.,Lo pondré en el libro de cuentas. Sin cargo.,scripts/autoload/game_data/GameDataModes.gd:1232
The tides got worse after {guild} burned the Terms.,Las mareas empeoraron después de que {guild} quemara los Términos.,scripts/autoload/game_data/GameDataModes.gd:1233
The tides got honest.,Las mareas se volvieron honestas.,scripts/autoload/game_data/GameDataModes.gd:1233
Honest costs more.,Lo honesto cuesta más.,scripts/autoload/game_data/GameDataModes.gd:1233
{guild} wrote the forty-second line.,{guild} escribió la línea cuadragésima segunda.,scripts/autoload/game_data/GameDataModes.gd:1234
In my hand. I'd have liked a better pen.,Con mi letra. Me habría gustado una pluma mejor.,scripts/autoload/game_data/GameDataModes.gd:1234
Someone goes down next season. I've budgeted for it.,Alguien baja la próxima temporada. Ya lo he presupuestado.,scripts/autoload/game_data/GameDataModes.gd:1234
"I found our village in the archive. A contract from ninety years ago: three rifts closed, paid in cheese.","Encontré nuestra aldea en el archivo. Un contrato de hace noventa años: tres grietas cerradas, pagado en queso.",scripts/autoload/game_data/GameDataModes.gd:1236
At what rate?,¿A qué tarifa?,scripts/autoload/game_data/GameDataModes.gd:1236
Better than ours.,Mejor que la nuestra.,scripts/autoload/game_data/GameDataModes.gd:1236
Hollin sent a sack of flour. And a bill for the doors.,Hollin envió un saco de harina. Y una factura por las puertas.,scripts/autoload/game_data/GameDataModes.gd:1237
Pay the bill. Keep the flour.,Paga la factura. Quédate la harina.,scripts/autoload/game_data/GameDataModes.gd:1237
I'm writing down that they sent both.,Voy a anotar que enviaron las dos cosas.,scripts/autoload/game_data/GameDataModes.gd:1237
{guild} carried the Accord's archive out of the Spire. I've been reading it for a month.,{guild} sacó el archivo del Acuerdo de la Aguja. Llevo un mes leyéndolo.,scripts/autoload/game_data/GameDataModes.gd:1239
Find anything?,¿Encontraste algo?,scripts/autoload/game_data/GameDataModes.gd:1239
Your handwriting. On most of it.,Tu letra. En casi todo.,scripts/autoload/game_data/GameDataModes.gd:1239
"Hollin sent flour again, for {guild}.","Hollin envió harina otra vez, para {guild}.",scripts/autoload/game_data/GameDataModes.gd:1240
{guild} is gone.,{guild} ya no está.,scripts/autoload/game_data/GameDataModes.gd:1240
Hollin doesn't seem to mind.,A Hollin no parece importarle.,scripts/autoload/game_data/GameDataModes.gd:1240
"{guild} took Morrow's money, back in the Charter War.","{guild} aceptó el dinero de Morrow, en la Guerra de la Carta.",scripts/autoload/game_data/GameDataModes.gd:1241
Everyone took somebody's money.,Todos aceptaron el dinero de alguien.,scripts/autoload/game_data/GameDataModes.gd:1241
They took a lot of it.,Ellos aceptaron mucho.,scripts/autoload/game_data/GameDataModes.gd:1241
There's a ranger in the {guild} ledgers who never signed for her pay. Just a V.,Hay una exploradora en los libros de {guild} que nunca firmó su paga. Solo una V.,scripts/autoload/game_data/GameDataModes.gd:1242
She never did like paperwork.,Nunca le gustó el papeleo.,scripts/autoload/game_data/GameDataModes.gd:1242
"She never did like being paid, by the look of it.","Por lo visto, tampoco le gustaba que le pagaran.",scripts/autoload/game_data/GameDataModes.gd:1242
{guild} just stopped. Do guilds do that?,{guild} simplemente se detuvo. ¿Los gremios hacen eso?,scripts/autoload/game_data/GameDataModes.gd:1243
The good ones stop. The rest get stopped.,Los buenos se detienen. A los demás los detienen.,scripts/autoload/game_data/GameDataModes.gd:1243
Which were they?,¿Cuáles eran ellos?,scripts/autoload/game_data/GameDataModes.gd:1243
Look at their banner. It's still up.,Mira su estandarte. Sigue en pie.,scripts/autoload/game_data/GameDataModes.gd:1243
An empty post,Un puesto vacío,scripts/autoload/game_data/GameDataModes.gd:1251
The Endless Rift,La Grieta Infinita,scripts/autoload/game_data/GameDataModes.gd:1251
"The pillar is dark now. Somewhere in the Vale, a rift that has been quiet for twenty years draws breath. You did the right thing. The Hollow noticed.

(Each champion freed in the Endless Rift brings the next Riftbreak a day sooner.)","El pilar está oscuro ahora. En algún lugar del Valle, una grieta que llevaba veinte años en silencio toma aire. Hiciste lo correcto. El Hueco lo notó.

(Cada campeón liberado en la Grieta Infinita adelanta un día el siguiente Desborde.)",scripts/autoload/game_data/GameDataModes.gd:1252
The last signature,La última firma,scripts/autoload/game_data/GameDataModes.gd:1264
"The Terms lie open on the floor of the Hall: forty-one lines, forty signed. Sign the last, and one of your heroes takes the forty-first post forever; the rifts close for good. Or burn it, and every post is released at once; the champions come home, and the Hollow comes up with them.","Los Términos yacen abiertos en el suelo del Salón: cuarenta y una líneas, cuarenta firmadas. Firma la última, y uno de tus héroes ocupará el puesto cuadragésimo primero para siempre; las grietas se cerrarán para siempre. O quémalos, y todos los puestos quedarán libres a la vez; los campeones volverán a casa, y el Hueco subirá con ellos.",scripts/autoload/game_data/GameDataModes.gd:1265
The Accord renewed,El Acuerdo renovado,scripts/autoload/game_data/GameDataModes.gd:1268
%s holds the forty-first post,%s ocupa el puesto cuadragésimo primero,scripts/autoload/game_data/GameDataModes.gd:1268
"The Hall is quiet. Up in the Vale the villagers wake to a morning without a single rift on the horizon, and do not know why. The guild knows. Every year, on the Night of Breaking, someone climbs down to the forty-first post and tells %s how the harvest went.

(Riftbreaks have ended. The Endless Rift, the ladder and the quests carry on.)","El Salón está en silencio. Arriba, en el Valle, los aldeanos despiertan a una mañana sin una sola grieta en el horizonte, y no saben por qué. El gremio lo sabe. Cada año, en la Noche de la Ruptura, alguien baja al puesto cuadragésimo primero y le cuenta a %s cómo fue la cosecha.

(Los Desbordes han terminado. La Grieta Infinita, la escalera y las misiones continúan.)",scripts/autoload/game_data/GameDataModes.gd:1269
The Accord broken,El Acuerdo roto,scripts/autoload/game_data/GameDataModes.gd:1270
Every post released,Todos los puestos liberados,scripts/autoload/game_data/GameDataModes.gd:1270
"The Terms burn green. Forty pillars go out at once, and forty people step into the dark and start walking home. Behind them, the Hollow rises to meet the sky. It will be a hard century. It will be an honest one.

(Every champion of the old guilds is free. Riftbreaks end; a tide of the Hollow breaks every week, stronger for each one you hold.)","Los Términos arden en verde. Cuarenta pilares se apagan a la vez, y cuarenta personas se adentran en la oscuridad y echan a andar hacia casa. Tras ellos, el Hueco se alza hasta el cielo. Será un siglo duro. Será un siglo honesto.

(Todos los campeones de los viejos gremios son libres. Los Desbordes terminan; cada semana rompe una marea del Hueco, más fuerte por cada una que resistes.)",scripts/autoload/game_data/GameDataModes.gd:1271
The Terms rewritten,Los Términos reescritos,scripts/autoload/game_data/GameDataModes.gd:1272
The forty-second line,La línea cuadragésima segunda,scripts/autoload/game_data/GameDataModes.gd:1272
"Your guild writes one more line under the forty-first, in Hesper's hand, because hers is the only one the Terms accept: the posts are held in turns. Every guild in the Hall of Guilds sends someone down for a season, and they come back. The forty in the pillars walk home, and the Hollow stays shut behind the ones who take their place. Nobody holds it alone any more.

(Riftbreaks have ended, every champion of this guild is free, and the old Accord halls can be restored.)","Tu gremio escribe una línea más bajo la cuadragésima primera, con la letra de Hesper, porque es la única que los Términos aceptan: los puestos se ocupan por turnos. Cada gremio de la Sala de los Gremios envía a alguien abajo durante una temporada, y vuelve. Los cuarenta de los pilares regresan a casa, y el Hueco sigue cerrado tras quienes ocupan su lugar. Ya nadie lo sostiene en soledad.

(Los Desbordes han terminado, todos los campeones de este gremio son libres y los viejos salones del Acuerdo pueden restaurarse.)",scripts/autoload/game_data/GameDataModes.gd:1273
"There is a third way. Hesper's forty-second line is open: rewrite the Terms, and the posts are held in turns.","Hay una tercera vía. La línea cuadragésima segunda de Hesper está abierta: reescribe los Términos, y los puestos se ocuparán por turnos.",scripts/autoload/game_data/GameDataModes.gd:1279
A note in the margin,Una nota en el margen,scripts/autoload/game_data/GameDataModes.gd:1284
"Wen finds it while copying the last page: a line in the margin, in a smaller, neater hand than the Grandmaster's. ""If a guild ever has to choose, there is a forty-second line. Ask the clerk."" Wen asks Hesper who the Grandmaster's clerk was. Hesper says she is tired, and goes to bed before the fire is out.","Wen la encuentra mientras copia la última página: una línea en el margen, con una letra más pequeña y pulcra que la de la Gran Maestre. ""Si algún gremio tiene que elegir, hay una línea cuadragésima segunda. Pregunta a la escribiente."" Wen le pregunta a Hesper quién era la escribiente de la Gran Maestre. Hesper dice que está cansada, y se va a la cama antes de que se apague el fuego.",scripts/autoload/game_data/GameDataModes.gd:1285
"Hesper, at the pay table","Hesper, en la mesa de pagos",scripts/autoload/game_data/GameDataModes.gd:1286
"""I was the clerk,"" Hesper says, as if Wen had asked a minute ago and not a guild ago. ""I wrote her letters and her contracts, and I wrote the Terms out fair: forty-one lines. The night they were signed, she sent me home with a note that said I had a fever. I kept the note."" She puts it on the table. It is in her own hand. ""I never told %s. I'm telling you.""","""Yo era la escribiente"", dice Hesper, como si Wen lo hubiera preguntado hace un minuto y no hace un gremio. ""Escribía sus cartas y sus contratos, y pasé los Términos a limpio: cuarenta y una líneas. La noche en que se firmaron, me mandó a casa con una nota que decía que tenía fiebre. Guardé la nota."" La pone sobre la mesa. Está escrita con su propia letra. ""Nunca se lo dije a %s. Te lo digo a ti.""",scripts/autoload/game_data/GameDataModes.gd:1287
"""There was a line under the forty-first,"" Hesper says. ""She made me leave it blank. It says the Terms can be changed, once, by a guild that has both kept them and broken them, and a guild is everyone who came before it. %s kept them. %s burned them. When you stand in the Accord Hall, you won't have to choose between the two. Write the forty-second line.""","""Había una línea bajo la cuadragésima primera"", dice Hesper. ""Me hizo dejarla en blanco. Dice que los Términos pueden cambiarse, una vez, por un gremio que los haya cumplido y roto, y un gremio es todos los que vinieron antes. %s los cumplió. %s los quemó. Cuando estés en el Salón del Acuerdo, no tendrás que elegir entre los dos. Escribe la línea cuadragésima segunda.""",scripts/autoload/game_data/GameDataModes.gd:1289
"""There was a line under the forty-first,"" Hesper says. ""She made me leave it blank. It says the Terms can be changed, once, by a guild that has both kept them and broken them, and a guild is everyone who came before it. None of ours has done both yet. When one has, the line will be waiting.""","""Había una línea bajo la cuadragésima primera"", dice Hesper. ""Me hizo dejarla en blanco. Dice que los Términos pueden cambiarse, una vez, por un gremio que los haya cumplido y roto, y un gremio es todos los que vinieron antes. Ninguno de los nuestros ha hecho ambas cosas aún. Cuando uno lo haga, la línea estará esperando.""",scripts/autoload/game_data/GameDataModes.gd:1290
"Your guild signed the Terms. %s took the forty-first post, and the Hollow stays below. The rifts that remain are old ones, and quiet.","Tu gremio firmó los Términos. %s ocupó el puesto cuadragésimo primero, y el Hueco permanece abajo. Las grietas que quedan son viejas, y silenciosas.",scripts/autoload/game_data/GameDataModes.gd:1293
The Terms burned,Los Términos quemados,scripts/autoload/game_data/GameDataModes.gd:1294
"Your guild burned the Terms. Every post was released, the old guilds came home, and the Hollow came up with them. The rifts are louder now, and nobody holds them shut but the guilds.","Tu gremio quemó los Términos. Todos los puestos quedaron libres, los viejos gremios volvieron a casa, y el Hueco subió con ellos. Las grietas son más ruidosas ahora, y nadie las mantiene cerradas salvo los gremios.",scripts/autoload/game_data/GameDataModes.gd:1294
"Your guild rewrote the Terms. The posts are held in turns now, a season at a time, by every guild that ever kept the Vale. The champions came home, and the Hollow stayed below.","Tu gremio reescribió los Términos. Ahora los puestos se ocupan por turnos, una temporada cada vez, por cada gremio que alguna vez protegió el Valle. Los campeones volvieron a casa, y el Hueco se quedó abajo.",scripts/autoload/game_data/GameDataModes.gd:1295
A Child's Name,El nombre de un niño,scripts/autoload/game_data/GameDataModes.gd:1305
"This Essence will not settle. It keeps the shape of a word. The miller's wife in Hollin heard about it and walked here in the rain: her son went into the Breach on the Night of Breaking, and she cannot remember what she called him.","Esta Esencia no se asienta. Conserva la forma de una palabra. La esposa del molinero de Hollin se enteró y vino caminando bajo la lluvia: su hijo entró en la Brecha la Noche de la Ruptura, y ella no recuerda cómo lo llamaba.",scripts/autoload/game_data/GameDataModes.gd:1305
"She holds the crystal to her ear, then says the name out loud, twice, as if checking it still fits. She does not thank you. She does not need to.","Se acerca el cristal al oído y luego dice el nombre en voz alta, dos veces, como comprobando que aún encaja. No te da las gracias. No le hace falta.",scripts/autoload/game_data/GameDataModes.gd:1306
A Street,Una calle,scripts/autoload/game_data/GameDataModes.gd:1307
"The Essence from the last rift has a street in it: cobbles, a bakery, a blue door. A carter in the village swears it is the street he grew up on, in a town the Vale forgot.","La Esencia de la última grieta tiene una calle dentro: adoquines, una panadería, una puerta azul. Un carretero de la aldea jura que es la calle donde creció, en un pueblo que el Valle olvidó.",scripts/autoload/game_data/GameDataModes.gd:1307
"He walks the street in his head all evening, door by door. In the morning he paints his own door blue.","Recorre la calle en su cabeza toda la tarde, puerta a puerta. Por la mañana pinta su propia puerta de azul.",scripts/autoload/game_data/GameDataModes.gd:1308
A Song,Una canción,scripts/autoload/game_data/GameDataModes.gd:1309
This Essence hums. The old women in the village know the tune and none of the words. The words were in the rift.,Esta Esencia tararea. Las ancianas de la aldea conocen la melodía y ninguna de las palabras. Las palabras estaban en la grieta.,scripts/autoload/game_data/GameDataModes.gd:1309
"By nightfall the whole village is singing it, words and all, a little off-key. Wen writes them down.","Al anochecer toda la aldea la canta, con letra y todo, un poco desafinada. Wen la anota.",scripts/autoload/game_data/GameDataModes.gd:1310
A Face,Un rostro,scripts/autoload/game_data/GameDataModes.gd:1311
"There is a face in this crystal, young and stern, in an Accord ranger's green. The village elder asks to see it and goes very quiet.","Hay un rostro en este cristal, joven y severo, con el verde de los exploradores del Acuerdo. El anciano de la aldea pide verlo y se queda muy callado.",scripts/autoload/game_data/GameDataModes.gd:1311
"'My sister,' the elder says. 'I had forgotten I had one.' The crystal goes home with them and sits in the window.","'Mi hermana', dice el anciano. 'Había olvidado que tenía una.' El cristal se va a casa con él y se queda en la ventana.",scripts/autoload/game_data/GameDataModes.gd:1312
A Recipe,Una receta,scripts/autoload/game_data/GameDataModes.gd:1313
"This Essence smells of bread. The innkeeper says her grandmother's loaf tasted like this, before the Night took the recipe out of everyone's heads.","Esta Esencia huele a pan. La posadera dice que la hogaza de su abuela sabía así, antes de que la Noche borrara la receta de la cabeza de todos.",scripts/autoload/game_data/GameDataModes.gd:1313
"The inn smells of it for a week. Your heroes eat there free for the rest of the month, and nobody counts.","La posada huele a eso durante una semana. Tus héroes comen gratis allí el resto del mes, y nadie lleva la cuenta.",scripts/autoload/game_data/GameDataModes.gd:1314
An Oath,Un juramento,scripts/autoload/game_data/GameDataModes.gd:1315
"The words in this crystal are the Accord's oath, spoken in a voice nobody living remembers. Old Hesper asks to hold it.","Las palabras de este cristal son el juramento del Acuerdo, dichas con una voz que nadie vivo recuerda. La vieja Hesper pide sostenerlo.",scripts/autoload/game_data/GameDataModes.gd:1315
"Hesper holds it a long time. 'That was the Grandmaster,' she says, 'before.' She gives it to the village shrine and does not speak of it again.","Hesper lo sostiene largo rato. 'Esa era la Gran Maestre', dice, 'antes.' Lo entrega al santuario de la aldea y no vuelve a hablar de ello.",scripts/autoload/game_data/GameDataModes.gd:1316
"Hesper watches %s split the training post and keep swinging at the stump. 'The Path is choosing for you,' she says. 'You could let it.' They let it. Wen writes a new word under their name: %s.","Hesper ve a %s partir el poste de entrenamiento y seguir golpeando el tocón. 'La Senda está eligiendo por ti', dice. 'Podrías dejarla.' Lo deja. Wen escribe una palabra nueva bajo su nombre: %s.",scripts/autoload/game_data/GameDataModes.gd:1323
%s used to be first into every rift and first out. This week they stayed behind to walk the slowest hero home. Hesper calls that the moment a Path forks. Wen writes the new word down: %s.,%s solía ser el primero en entrar a cada grieta y el primero en salir. Esta semana se quedó atrás para acompañar a casa al héroe más lento. Hesper dice que ese es el momento en que una Senda se bifurca. Wen anota la nueva palabra: %s.,scripts/autoload/game_data/GameDataModes.gd:1324
"%s says nothing about it at all. They turn up at the pay table one morning carrying themselves differently, and Hesper nods as if a debt has been paid. Wen asks what to write. Hesper says: %s.","%s no dice nada al respecto. Una mañana se presenta en la mesa de pagos con otro porte, y Hesper asiente como si se hubiera saldado una deuda. Wen pregunta qué escribir. Hesper dice: %s.",scripts/autoload/game_data/GameDataModes.gd:1325
"%s didn't want it. The Essence settled anyway, the way rain settles on a roof. Hesper sits with them until dark. 'Nobody's ready,' she says. 'The good ones are scared.' Wen writes: %s.","%s no lo quería. La Esencia se asentó igualmente, como la lluvia se asienta en un tejado. Hesper se queda a su lado hasta que oscurece. 'Nadie está listo', dice. 'Los buenos tienen miedo.' Wen escribe: %s.",scripts/autoload/game_data/GameDataModes.gd:1326
"%s prays before every rift, and this time the answer came back as a shape. Hesper says the Vow always answers in its own time. Wen writes it in the chronicle in her best hand: %s.","%s reza antes de cada grieta, y esta vez la respuesta volvió con una forma. Hesper dice que el Voto siempre responde a su debido tiempo. Wen lo escribe en la crónica con su mejor letra: %s.",scripts/autoload/game_data/GameDataModes.gd:1327
%s has been taking notes on their own Essence for weeks. The notes end mid-sentence on the day it settled. Wen copies the last line into the chronicle and adds the new word: %s.,%s lleva semanas tomando notas sobre su propia Esencia. Las notas terminan a media frase el día en que se asentó. Wen copia la última línea en la crónica y añade la nueva palabra: %s.,scripts/autoload/game_data/GameDataModes.gd:1328
Mother Ilse's page,La página de Madre Ilse,scripts/autoload/game_data/GameDataModes.gd:1339
"Mother Ilse of the Last Lantern finds you after dark with a page torn from the Hollow Crown Company's books: a list of rifts, each with a date, a price, and the word opened. Captain Morrow has been opening rifts and selling the contracts to close them.

She will give it to the Crown's herald if you ask. Or the Company will pay well for a guild that keeps quiet, and its contracts would come to you.","Madre Ilse, de la Última Linterna, te encuentra al anochecer con una página arrancada de los libros de la Compañía de la Corona Hueca: una lista de grietas, cada una con una fecha, un precio y la palabra abierta. El capitán Morrow ha estado abriendo grietas y vendiendo los contratos para cerrarlas.

Se la dará al heraldo de la Corona si se lo pides. O la Compañía pagará bien a un gremio que guarde silencio, y sus contratos pasarían a ti.",scripts/autoload/game_data/GameDataModes.gd:1340
The Company exposed,"La Compañía, expuesta",scripts/autoload/game_data/GameDataModes.gd:1343
"The herald reads Morrow's page aloud in the square. By evening the Hollow Crown Company's banners are down in three villages. By morning a rift has opened on the road to your camp, which is how you know the page was real.

(+10 Renown. A Riftbreak is coming to your door.)","El heraldo lee en voz alta la página de Morrow en la plaza. Al anochecer, los estandartes de la Compañía de la Corona Hueca han caído en tres aldeas. Por la mañana se ha abierto una grieta en el camino a tu campamento, y así sabes que la página era real.

(+10 de Renombre. Un Desborde se acerca a tu puerta.)",scripts/autoload/game_data/GameDataModes.gd:1344
A quiet arrangement,Un arreglo discreto,scripts/autoload/game_data/GameDataModes.gd:1345
"Morrow's contracts start arriving on your board, generous ones. Hesper reads the first, folds it, and doesn't say anything. She doesn't have to.

(Contracts pay 25% more Gold for the rest of the campaign.)","Los contratos de Morrow empiezan a llegar a tu tablón, y son generosos. Hesper lee el primero, lo dobla y no dice nada. No le hace falta.

(Los contratos pagan un 25% más de Oro durante el resto de la campaña.)",scripts/autoload/game_data/GameDataModes.gd:1346
The Royal Charter is yours,La Carta Real es tuya,scripts/autoload/game_data/GameDataModes.gd:1351
"The herald reads one name, and it is yours. Orla Venn is the first to shake your hand; Kael Ashborn asks for a job; Mother Ilse is already gone, which is how you know she was pleased. The Charter hangs in your hall, and the villages bring their troubles to a door they know.

(Contracts pay 20% more Gold and Essence.)","El heraldo lee un nombre, y es el tuyo. Orla Venn es la primera en estrecharte la mano; Kael Ashborn pide trabajo; Madre Ilse ya se ha ido, y así sabes que estaba complacida. La Carta cuelga en tu salón, y las aldeas traen sus problemas a una puerta que conocen.

(Los contratos pagan un 20% más de Oro y Esencia.)",scripts/autoload/game_data/GameDataModes.gd:1352
The Charter goes to %s,La Carta es para %s,scripts/autoload/game_data/GameDataModes.gd:1353
"The herald reads a name, and it isn't yours. %s hangs the Royal Charter in their hall. The rifts don't care whose name is on the wall. Neither, in the end, do the villagers, as long as somebody comes.","El heraldo lee un nombre, y no es el tuyo. %s cuelga la Carta Real en su salón. A las grietas no les importa qué nombre hay en la pared. Al final, a los aldeanos tampoco, mientras alguien venga.",scripts/autoload/game_data/GameDataModes.gd:1354
"%s and %s have stopped needing to talk in a fight. Wen noticed first. She has started writing their names in the chronicle as one entry, with an ampersand, and neither of them has complained.","%s y %s ya no necesitan hablar en combate. Wen lo notó primero. Ha empezado a escribir sus nombres en la crónica como una sola entrada, con un ampersand, y ninguno de los dos se ha quejado.",scripts/autoload/game_data/GameDataModes.gd:1360
%s and %s sat up past the last candle arguing about a fight they won. Dobbs charged the guild for the candle. Hesper paid it herself and told him to let them be.,%s y %s se quedaron despiertos hasta después de la última vela discutiendo sobre un combate que ganaron. Dobbs le cobró la vela al gremio. Hesper la pagó de su bolsillo y le dijo que los dejara en paz.,scripts/autoload/game_data/GameDataModes.gd:1361
"Ten rifts together. %s still can't say %s's full name right, and %s still lets it go. Wen has written down both versions.","Diez grietas juntos. %s todavía no sabe decir bien el nombre completo de %s, y %s todavía lo deja pasar. Wen ha anotado ambas versiones.",scripts/autoload/game_data/GameDataModes.gd:1362
%s took a hit meant for %s last week and has refused to talk about it since. Wen has written it down anyway. Hesper says that's how the old guilds started.,%s recibió un golpe destinado a %s la semana pasada y desde entonces se niega a hablar de ello. Wen lo ha anotado de todos modos. Hesper dice que así empezaron los viejos gremios.,scripts/autoload/game_data/GameDataModes.gd:1363
%s went first into every rift. Somebody had to.,%s entraba primero en cada grieta. Alguien tenía que hacerlo.,scripts/autoload/game_data/GameDataModes.gd:1367
%s never once asked how deep a rift went before stepping in.,%s nunca preguntó qué tan profunda era una grieta antes de entrar.,scripts/autoload/game_data/GameDataModes.gd:1367
"%s was always first out of the rift, and always went back for whoever wasn't.","%s siempre era el primero en salir de la grieta, y siempre volvía por quien no había salido.",scripts/autoload/game_data/GameDataModes.gd:1368
%s never sat still at the pay table. The chair is still pushed back.,%s nunca se quedaba quieto en la mesa de pagos. La silla sigue echada hacia atrás.,scripts/autoload/game_data/GameDataModes.gd:1368
%s said very little and meant all of it.,%s decía muy poco y lo decía en serio.,scripts/autoload/game_data/GameDataModes.gd:1369
"%s held the line. That is the whole entry, and it is enough.","%s mantuvo la línea. Esa es toda la entrada, y basta.",scripts/autoload/game_data/GameDataModes.gd:1369
%s was afraid of every rift and walked into all of them.,%s temía a cada grieta y entró en todas.,scripts/autoload/game_data/GameDataModes.gd:1370
%s checked every strap twice. It wasn't the straps.,%s revisaba cada correa dos veces. No fueron las correas.,scripts/autoload/game_data/GameDataModes.gd:1370
%s prayed before every rift. We hope someone answered.,%s rezaba antes de cada grieta. Esperamos que alguien respondiera.,scripts/autoload/game_data/GameDataModes.gd:1371
%s kept the candles lit in the hall. We have kept them lit since.,%s mantenía las velas encendidas en el salón. Desde entonces las hemos mantenido encendidas.,scripts/autoload/game_data/GameDataModes.gd:1371
%s left a notebook full of questions. Wen is working through them.,%s dejó un cuaderno lleno de preguntas. Wen las está resolviendo.,scripts/autoload/game_data/GameDataModes.gd:1372
"%s understood the Hollow better than any of us, and went to see it anyway.","%s entendía el Hueco mejor que ninguno de nosotros, y aun así fue a verlo.",scripts/autoload/game_data/GameDataModes.gd:1372
Company Ambush,Emboscada de la Compañía,scripts/autoload/game_data/GameDataModes.gd:1382
"Morrow's sellswords, sent to settle a debt. The crossbowman snipes from the back; close on him first.","Los mercenarios de Morrow, enviados a saldar una deuda. El ballestero dispara desde atrás; ve primero a por él.",scripts/autoload/game_data/GameDataModes.gd:1383
Company Sellsword,Mercenario de la Compañía,scripts/autoload/game_data/GameDataModes.gd:1384
"Captain Morrow, of the Hollow Crown","El capitán Morrow, de la Corona Hueca",scripts/autoload/game_data/GameDataModes.gd:1385
Morrow is waiting,Morrow espera,scripts/autoload/game_data/GameDataModes.gd:1387
"Word comes as you set out: Captain Morrow is at the bottom of this rift, and he has brought friends.","La noticia llega al partir: el capitán Morrow está en el fondo de esta grieta, y ha traído amigos.",scripts/autoload/game_data/GameDataModes.gd:1387
Morrow's key,La llave de Morrow,scripts/autoload/game_data/GameDataModes.gd:1388
"Morrow goes down laughing, which is somehow worse. On his belt hangs an old iron key with the Accord's sigil: the key Pip swears she stole from a rift-lord, and the one he has been opening rifts with. By the end of the week the Company's banners are gone from the Vale.

(+300 Gold, +10 Renown. No more Company ambushes.)","Morrow cae riendo, lo cual de algún modo es peor. De su cinturón cuelga una vieja llave de hierro con el emblema del Acuerdo: la llave que Pip jura que robó a un señor de las grietas, y con la que él ha estado abriendo grietas. Al terminar la semana, los estandartes de la Compañía han desaparecido del Valle.

(+300 de Oro, +10 de Renombre. No más emboscadas de la Compañía.)",scripts/autoload/game_data/GameDataModes.gd:1389
a child's name,el nombre de un niño,scripts/autoload/game_data/GameDataModes.gd:1398
a street with a blue door,una calle con una puerta azul,scripts/autoload/game_data/GameDataModes.gd:1398
a song,una canción,scripts/autoload/game_data/GameDataModes.gd:1398
a young ranger's face,el rostro de un joven explorador,scripts/autoload/game_data/GameDataModes.gd:1399
the smell of bread,el olor a pan,scripts/autoload/game_data/GameDataModes.gd:1399
the Accord's oath,el juramento del Acuerdo,scripts/autoload/game_data/GameDataModes.gd:1399
%s remembers,%s recuerda,scripts/autoload/game_data/GameDataModes.gd:1400
"An echo, kept","Un eco, conservado",scripts/autoload/game_data/GameDataModes.gd:1400
"%s has been quiet since you kept the echo. There was %s in it, and %s knew it, from a life they don't remember living.

(%s is Echo-Touched: +6%% ability power.)","%s ha estado callado desde que conservaste el eco. Había %s en él, y %s lo reconoció, de una vida que no recuerda haber vivido.

(%s está Tocado por el Eco: +6%% de poder de habilidad.)",scripts/autoload/game_data/GameDataModes.gd:1401
Ezra the Pale,Ezra el Pálido,scripts/autoload/game_data/GameDataModes.gd:1403
"A pale man with a lantern has been following the echoes. Ezra studies what the rifts take from people, and he keeps a little of it in the lantern, for safekeeping. He asks what you did with yours. When you tell him, he bows, which nobody in the Vale has seen him do.","Un hombre pálido con un farol ha estado siguiendo los ecos. Ezra estudia lo que las grietas les quitan a las personas, y guarda un poco en el farol, para custodiarlo. Te pregunta qué hiciste con los tuyos. Cuando se lo dices, hace una reverencia, algo que nadie en el Valle le ha visto hacer.",scripts/autoload/game_data/GameDataModes.gd:1404
"A pale man with a lantern has been following the echoes. Ezra studies what the rifts take from people. He asks to see your vault, goes very still, and asks how much of it you have spent, and on what, and whether you kept a list. 'It was yours to spend,' he says at the door. 'I hope it was worth what it cost them.'","Un hombre pálido con un farol ha estado siguiendo los ecos. Ezra estudia lo que las grietas les quitan a las personas. Pide ver tu cámara, se queda muy quieto y pregunta cuánto has gastado, y en qué, y si llevaste una lista. 'Era tuyo para gastarlo', dice en la puerta. 'Espero que valiera lo que les costó.'",scripts/autoload/game_data/GameDataModes.gd:1406
What the Vale remembers,Lo que el Valle recuerda,scripts/autoload/game_data/GameDataModes.gd:1409
"In the weeks after, people stop in the street and say names out loud. A song nobody knew is sung at every harvest. The empty guild halls fill with flowers, and yours gets the most, from people who never met you.","En las semanas siguientes, la gente se detiene en la calle y dice nombres en voz alta. Una canción que nadie conocía se canta en cada cosecha. Los salones vacíos de los gremios se llenan de flores, y el tuyo recibe más que ninguno, de gente que nunca te conoció.",scripts/autoload/game_data/GameDataModes.gd:1410
"Something leaves the Vale with the last of the rifts, quietly, and nobody can say what. Your guild is the strongest the Vale has ever had. Ezra's lantern is found on your doorstep one morning, empty, with no note.","Algo abandona el Valle con las últimas grietas, en silencio, y nadie sabe decir qué. Tu gremio es el más fuerte que el Valle ha tenido jamás. Una mañana, el farol de Ezra aparece en tu puerta, vacío, sin nota.",scripts/autoload/game_data/GameDataModes.gd:1412
"Wen asks %s for a line for the chronicle: something learned in fifty rifts. %s thinks about it for a long time. 'Bring more bandages than you think,' they say. Wen writes it down exactly.","Wen le pide a %s una línea para la crónica: algo aprendido en cincuenta grietas. %s lo piensa largo rato. 'Lleva más vendas de las que crees', dice. Wen lo anota palabra por palabra.",scripts/autoload/game_data/GameDataModes.gd:1416
"Fifty rifts. Dobbs works out what %s has cost the guild in wages and what they have brought home, then quietly tears up the page. Wen asks why. 'Some sums you don't show anyone,' says Dobbs. %s pretends not to hear.","Cincuenta grietas. Dobbs calcula lo que %s le ha costado al gremio en sueldos y lo que ha traído a casa, y luego rompe la página en silencio. Wen pregunta por qué. 'Hay cuentas que no se le enseñan a nadie', dice Dobbs. %s finge no oír.",scripts/autoload/game_data/GameDataModes.gd:1417
Hesper gives %s her old Accord pin for their fiftieth rift. It is bent and tarnished and nobody has ever seen her take it off. %s wears it on the inside of their coat.,"Hesper le regala a %s su viejo broche del Acuerdo por su quincuagésima grieta. Está doblado y deslustrado, y nadie la ha visto nunca quitárselo. %s lo lleva por dentro del abrigo.",scripts/autoload/game_data/GameDataModes.gd:1418
Free Company,Compañía Libre,scripts/autoload/game_data/GameDataModes.gd:1426
As the Vale knows guilds: three heroes and 280 Gold.,Como el Valle conoce a los gremios: tres héroes y 280 de Oro.,scripts/autoload/game_data/GameDataModes.gd:1426
Mercenary Company,Compañía Mercenaria,scripts/autoload/game_data/GameDataModes.gd:1427
"Hired swords: start with 320 more Gold. Contracts pay 20% more Gold, wages are 15% higher, and Renown comes 20% slower. The Hollow Crown Company will make you an offer.","Espadas a sueldo: empiezas con 320 de Oro más. Los contratos pagan un 20% más de Oro, los sueldos son un 15% más altos y el Renombre llega un 20% más lento. La Compañía de la Corona Hueca te hará una oferta.",scripts/autoload/game_data/GameDataModes.gd:1428
Temple Order,Orden del Templo,scripts/autoload/game_data/GameDataModes.gd:1429
"Sworn to mend: start with 80 less Gold. Wages are 20% lower and downed heroes are back a run sooner. An echo given back earns twice the Renown; one kept, half the Essence.","Juramentados para sanar: empiezas con 80 de Oro menos. Los sueldos son un 20% más bajos y los héroes caídos vuelven una incursión antes. Un eco devuelto otorga el doble de Renombre; uno conservado, la mitad de Esencia.",scripts/autoload/game_data/GameDataModes.gd:1430
The Lantern's Smugglers,Los Contrabandistas de la Linterna,scripts/autoload/game_data/GameDataModes.gd:1431
"Mother Ilse's people: start with 350 Gold. Shop prices are 25% lower, the Last Lantern is never your rival, and keeping quiet in the Charter War pays 40% more Gold instead of 25%.","La gente de Madre Ilse: empiezas con 350 de Oro. Los precios de la tienda son un 25% más bajos, la Última Linterna nunca es tu rival, y guardar silencio en la Guerra de la Carta paga un 40% más de Oro en vez de un 25%.",scripts/autoload/game_data/GameDataModes.gd:1432
Vaelith's Rangers,Exploradores de Vaelith,scripts/autoload/game_data/GameDataModes.gd:1433
"Deserters' wages: start with 100 less Gold. Every recruit board holds a ranger, rangers deal 10% more damage, and Riftbreaks warn you a day earlier. The Iron Chorus won't compete with deserters.","Sueldos de desertor: empiezas con 100 de Oro menos. Cada tablón de reclutas tiene un explorador, los exploradores infligen un 10% más de daño y los Desbordes te avisan un día antes. El Coro de Hierro no compite con desertores.",scripts/autoload/game_data/GameDataModes.gd:1434
The Ninth Lamp,La Novena Lámpara,scripts/autoload/game_data/GameDataModes.gd:1435
"Keepers of the sky: Essence gains are 20% lower, but every seal earns 1 more Renown, echoes turn up twice as often and every kept echo touches a hero, and the Arcane Lab starts at level 1.","Guardianes del cielo: las ganancias de Esencia son un 20% menores, pero cada sellado otorga 1 de Renombre más, los ecos aparecen el doble de a menudo y cada eco conservado toca a un héroe, y el Laboratorio Arcano empieza en nivel 1.",scripts/autoload/game_data/GameDataModes.gd:1436
Last of the Accord,Los Últimos del Acuerdo,scripts/autoload/game_data/GameDataModes.gd:1437
"Old Hesper's own guild: the Grandmaster's ledger pages turn up twice as often, but the Hollow knows you, and Riftbreaks come a day sooner.","El propio gremio de la vieja Hesper: las páginas del libro de la Gran Maestre aparecen el doble de a menudo, pero el Hueco te conoce, y los Desbordes llegan un día antes.",scripts/autoload/game_data/GameDataModes.gd:1438
Kept quiet in a Charter War,Guardó silencio en una Guerra de la Carta,scripts/autoload/game_data/GameDataModes.gd:1441
Finish a campaign,Termina una campaña,scripts/autoload/game_data/GameDataModes.gd:1441
Old Hesper remembers,La vieja Hesper recuerda,scripts/autoload/game_data/GameDataModes.gd:1443
"Hesper had a fever on the Night of Breaking and missed it. Every other guild of the Accord went into the rifts that night, hers too, and none came back. Twenty years on she has a hall again, three recruits, and the old oath: close what opens, share what you find, never sell a rift. She means to keep it this time.","Hesper tenía fiebre la Noche de la Ruptura y se la perdió. Todos los demás gremios del Acuerdo entraron en las grietas esa noche, el suyo también, y ninguno volvió. Veinte años después vuelve a tener un salón, tres reclutas y el viejo juramento: cierra lo que se abra, comparte lo que encuentres, nunca vendas una grieta. Esta vez piensa cumplirlo.",scripts/autoload/game_data/GameDataModes.gd:1444
An offer from the Company,Una oferta de la Compañía,scripts/autoload/game_data/GameDataModes.gd:1446
"Captain Morrow sends a man with a ledger and a good coat. The Hollow Crown Company would take your contracts off your hands, and your guild with them, at a fair price. He leaves the paper on the table. Nobody signs it. Dobbs reads it twice.","El capitán Morrow envía a un hombre con un libro de cuentas y un buen abrigo. La Compañía de la Corona Hueca se quedaría con tus contratos, y con tu gremio, a un precio justo. Deja el papel sobre la mesa. Nadie lo firma. Dobbs lo lee dos veces.",scripts/autoload/game_data/GameDataModes.gd:1447
Never Sell a Rift,Nunca vendas una grieta,scripts/autoload/game_data/GameDataModes.gd:1453
"The Accord's own rule: in the Charter War, keeping quiet is not an option.","La regla del propio Acuerdo: en la Guerra de la Carta, guardar silencio no es una opción.",scripts/autoload/game_data/GameDataModes.gd:1453
By Hand,A mano,scripts/autoload/game_data/GameDataModes.gd:1454
"No Quick fight: every fight is played, or set to Auto.","Sin Combate rápido: cada combate se juega, o se pone en Auto.",scripts/autoload/game_data/GameDataModes.gd:1454
Lean Purse,Bolsa magra,scripts/autoload/game_data/GameDataModes.gd:1455
Wages are 50% higher.,Los sueldos son un 50% más altos.,scripts/autoload/game_data/GameDataModes.gd:1455
No Rest,Sin descanso,scripts/autoload/game_data/GameDataModes.gd:1456
Medical Bay beds don't speed recovery.,Las camas de la Enfermería no aceleran la recuperación.,scripts/autoload/game_data/GameDataModes.gd:1456
Hollow-Touched,Tocado por el Hueco,scripts/autoload/game_data/GameDataModes.gd:1457
Every foe has 15% more health.,Cada enemigo tiene un 15% más de salud.,scripts/autoload/game_data/GameDataModes.gd:1457
The Long Watch,La Larga Guardia,scripts/autoload/game_data/GameDataModes.gd:1458
Riftbreaks come twice as often.,Los Desbordes llegan el doble de a menudo.,scripts/autoload/game_data/GameDataModes.gd:1458
Sworn to the Ledger,Fieles al Libro,scripts/autoload/game_data/GameDataModes.gd:1459
"Fragments of the Vale's story turn up twice as often, and every story branch costs half again as much.","Los fragmentos de la historia del Valle aparecen el doble de a menudo, y cada rama de la historia cuesta la mitad más.",scripts/autoload/game_data/GameDataModes.gd:1459
Hall of the Iron Oath,Salón del Juramento de Hierro,scripts/autoload/game_data/GameDataModes.gd:1468
+1 hero slot,+1 espacio de héroe,scripts/autoload/game_data/GameDataModes.gd:1468
"The Iron Oath trained shield-walls. Their drill yard is still marked out in white stones, and Hesper walks it once, end to end, before she lets the recruits in.","El Juramento de Hierro entrenaba muros de escudos. Su patio de instrucción sigue marcado con piedras blancas, y Hesper lo recorre una vez, de punta a punta, antes de dejar entrar a los reclutas.",scripts/autoload/game_data/GameDataModes.gd:1469
Hall of the Green Hand,Salón de la Mano Verde,scripts/autoload/game_data/GameDataModes.gd:1470
+1 Medical Bay bed,+1 cama en la Enfermería,scripts/autoload/game_data/GameDataModes.gd:1470
"The Green Hand were healers. Their shelves still smell of feverfew. Wen finds a ledger of everyone they ever patched up, and reads names out loud for an hour.","La Mano Verde eran sanadores. Sus estantes aún huelen a matricaria. Wen encuentra un registro de todos a quienes curaron, y lee nombres en voz alta durante una hora.",scripts/autoload/game_data/GameDataModes.gd:1471
Hall of Quiet Coin,Salón de la Moneda Callada,scripts/autoload/game_data/GameDataModes.gd:1472
Contracts pay 10% more Gold,Los contratos pagan un 10% más de Oro,scripts/autoload/game_data/GameDataModes.gd:1472
"Quiet Coin kept the Accord's accounts. Dobbs is in their counting room before the dust settles, and comes out holding a pen like a holy relic.","La Moneda Callada llevaba las cuentas del Acuerdo. Dobbs está en su sala de cuentas antes de que se asiente el polvo, y sale sosteniendo una pluma como una reliquia sagrada.",scripts/autoload/game_data/GameDataModes.gd:1473
Hall of the Ninth Lamp,Salón de la Novena Lámpara,scripts/autoload/game_data/GameDataModes.gd:1474
Contracts pay 10% more Essence,Los contratos pagan un 10% más de Esencia,scripts/autoload/game_data/GameDataModes.gd:1474
"The Ninth Lamp studied Essence. Their lamps still hold a little of it, and light themselves when someone they would have liked walks in.","La Novena Lámpara estudiaba la Esencia. Sus lámparas aún guardan un poco, y se encienden solas cuando entra alguien que les habría caído bien.",scripts/autoload/game_data/GameDataModes.gd:1475
Hall of Long Roads,Salón de los Largos Caminos,scripts/autoload/game_data/GameDataModes.gd:1476
Wages 10% lower,Sueldos un 10% más bajos,scripts/autoload/game_data/GameDataModes.gd:1476
"Long Roads took in strays and taught them a trade. Word gets around: heroes ask to work for the guild that opened it again, and ask for less.","Los Largos Caminos acogían a los descarriados y les enseñaban un oficio. Se corre la voz: los héroes piden trabajar para el gremio que lo reabrió, y piden menos.",scripts/autoload/game_data/GameDataModes.gd:1477
Hall of the Open Hand,Salón de la Mano Abierta,scripts/autoload/game_data/GameDataModes.gd:1478
Shop prices 10% lower,Precios de la tienda un 10% más bajos,scripts/autoload/game_data/GameDataModes.gd:1478
"The Open Hand traded with every village in the Vale. The merchants remember the sign over the door, and start giving the guild their old prices.","La Mano Abierta comerciaba con cada aldea del Valle. Los mercaderes recuerdan el letrero sobre la puerta, y empiezan a darle al gremio sus viejos precios.",scripts/autoload/game_data/GameDataModes.gd:1479
The Grandmaster's Hall,El Salón de la Gran Maestre,scripts/autoload/game_data/GameDataModes.gd:1480
"The title Keepers of the Vale, and 20 Laurels","El título Guardianes del Valle, y 20 Laureles",scripts/autoload/game_data/GameDataModes.gd:1480
"The last hall is the one the Accord was sworn in. Its doors open with the key Pip stole from Morrow. Inside is a long table, forty-one chairs, and one that someone has dusted every year. The Vale has its keepers again.","El último salón es aquel donde se juró el Acuerdo. Sus puertas se abren con la llave que Pip le robó a Morrow. Dentro hay una mesa larga, cuarenta y una sillas, y una que alguien ha desempolvado cada año. El Valle vuelve a tener sus guardianes.",scripts/autoload/game_data/GameDataModes.gd:1481
War Room,Sala de Guerra,scripts/autoload/game_data/GameDataModes.gd:1490
+5% damage and max HP for every hero,+5% de daño y PV máx. para cada héroe,scripts/autoload/game_data/GameDataModes.gd:1490
Chapel,Capilla,scripts/autoload/game_data/GameDataModes.gd:1491
Standing heroes mend 6% of their max HP after every won fight in a rift,Los héroes en pie recuperan un 6% de sus PV máx. tras cada combate ganado en una grieta,scripts/autoload/game_data/GameDataModes.gd:1491
Smithy,Herrería,scripts/autoload/game_data/GameDataModes.gd:1492
Tempering gear at the Forge costs 25% less,Templar equipo en la Forja cuesta un 25% menos,scripts/autoload/game_data/GameDataModes.gd:1492
Library,Biblioteca,scripts/autoload/game_data/GameDataModes.gd:1493
Heroes earn 15% more XP,Los héroes ganan un 15% más de EXP,scripts/autoload/game_data/GameDataModes.gd:1493
Healers' Wing,Ala de Sanadores,scripts/autoload/game_data/GameDataModes.gd:1494
Downed heroes recover 25% sooner,Los héroes caídos se recuperan un 25% antes,scripts/autoload/game_data/GameDataModes.gd:1494
Reliquary,Relicario,scripts/autoload/game_data/GameDataModes.gd:1495
Every champion freed,Todos los campeones liberados,scripts/autoload/game_data/GameDataModes.gd:1524
Every page of the Grandmaster's ledger,Todas las páginas del libro de la Gran Maestre,scripts/autoload/game_data/GameDataModes.gd:1525
Every echo answered,Todos los ecos respondidos,scripts/autoload/game_data/GameDataModes.gd:1526
Captain Morrow beaten,"El capitán Morrow, derrotado",scripts/autoload/game_data/GameDataModes.gd:1527
The Royal Charter won,"La Carta Real, ganada",scripts/autoload/game_data/GameDataModes.gd:1528
Every Accord hall restored,Todos los salones del Acuerdo restaurados,scripts/autoload/game_data/GameDataModes.gd:1529
Five tides of the Open Hollow held,Cinco mareas del Hueco Abierto resistidas,scripts/autoload/game_data/GameDataModes.gd:1530
Enraged,Enfurecido,scripts/autoload/game_data/GameDataMonsters.gd:14
Strikes harder the longer the fight drags on (past round 4).,Golpea más fuerte cuanto más se alarga el combate (después de la ronda 4).,scripts/autoload/game_data/GameDataMonsters.gd:14
Its first two rounds of retaliation can't be dodged.,Sus dos primeras rondas de represalia no se pueden esquivar.,scripts/autoload/game_data/GameDataMonsters.gd:15
Regenerating,Regenerante,scripts/autoload/game_data/GameDataMonsters.gd:16
Heals a portion of its health back each round it survives.,Recupera parte de su salud cada ronda que sobrevive.,scripts/autoload/game_data/GameDataMonsters.gd:16
Frenzied,Frenético,scripts/autoload/game_data/GameDataMonsters.gd:17
Hits harder than expected from the very first round.,Golpea más fuerte de lo esperado desde la primera ronda.,scripts/autoload/game_data/GameDataMonsters.gd:17
Venomous Bite,Mordisco venenoso,scripts/autoload/game_data/GameDataMonsters.gd:37
Mending Pulse,Pulso sanador,scripts/autoload/game_data/GameDataMonsters.gd:39
Bone Ward,Guarda de hueso,scripts/autoload/game_data/GameDataMonsters.gd:41
Death Frenzy,Frenesí mortal,scripts/autoload/game_data/GameDataMonsters.gd:43
Leeching Mire,Ciénaga sanguijuela,scripts/autoload/game_data/GameDataMonsters.gd:49
Mirrored Edge,Filo reflejado,scripts/autoload/game_data/GameDataMonsters.gd:51
Thorn Bulwark,Baluarte de espinas,scripts/autoload/game_data/GameDataMonsters.gd:54
Leech Blessing,Bendición sanguijuela,scripts/autoload/game_data/GameDataMonsters.gd:55
Ash Veil,Velo de ceniza,scripts/autoload/game_data/GameDataMonsters.gd:56
Cornered Fury,Furia acorralada,scripts/autoload/game_data/GameDataMonsters.gd:57
Root Grasp,Agarre de raíces,scripts/autoload/game_data/GameDataMonsters.gd:58
Festering Bite,Mordisco purulento,scripts/autoload/game_data/GameDataMonsters.gd:60
Grave Light,Luz sepulcral,scripts/autoload/game_data/GameDataMonsters.gd:61
Mire Grip,Garra del fango,scripts/autoload/game_data/GameDataMonsters.gd:62
Pack Fury,Furia de la jauría,scripts/autoload/game_data/GameDataMonsters.gd:63
Glass Facets,Facetas de cristal,scripts/autoload/game_data/GameDataMonsters.gd:64
Poison Fog,Niebla venenosa,scripts/autoload/game_data/GameDataMonsters.gd:95
Cracked Lava Floor,Suelo de lava agrietado,scripts/autoload/game_data/GameDataMonsters.gd:96
Collapsing Passage,Pasaje que se derrumba,scripts/autoload/game_data/GameDataMonsters.gd:97
Wailing Wraiths,Espectros aulladores,scripts/autoload/game_data/GameDataMonsters.gd:98
Sealed Vault Trap,Trampa de cámara sellada,scripts/autoload/game_data/GameDataMonsters.gd:99
Aldric,Aldric,scripts/autoload/game_data/GameDataMonsters.gd:112
Bryn,Bryn,scripts/autoload/game_data/GameDataMonsters.gd:112
Coren,Coren,scripts/autoload/game_data/GameDataMonsters.gd:112
Dessa,Dessa,scripts/autoload/game_data/GameDataMonsters.gd:112
Elowen,Elowen,scripts/autoload/game_data/GameDataMonsters.gd:112
Fenwick,Fenwick,scripts/autoload/game_data/GameDataMonsters.gd:112
Gara,Gara,scripts/autoload/game_data/GameDataMonsters.gd:112
Hollis,Hollis,scripts/autoload/game_data/GameDataMonsters.gd:112
Ianthe,Ianthe,scripts/autoload/game_data/GameDataMonsters.gd:112
Joric,Joric,scripts/autoload/game_data/GameDataMonsters.gd:112
Kestrel,Kestrel,scripts/autoload/game_data/GameDataMonsters.gd:112
Liora,Liora,scripts/autoload/game_data/GameDataMonsters.gd:112
Maren,Maren,scripts/autoload/game_data/GameDataMonsters.gd:112
Nyx,Nyx,scripts/autoload/game_data/GameDataMonsters.gd:112
Oren,Oren,scripts/autoload/game_data/GameDataMonsters.gd:112
Petra,Petra,scripts/autoload/game_data/GameDataMonsters.gd:112
Quill,Quill,scripts/autoload/game_data/GameDataMonsters.gd:112
Roth,Roth,scripts/autoload/game_data/GameDataMonsters.gd:112
Sable,Sable,scripts/autoload/game_data/GameDataMonsters.gd:112
Tavin,Tavin,scripts/autoload/game_data/GameDataMonsters.gd:112
Ysolde,Ysolde,scripts/autoload/game_data/GameDataMonsters.gd:112
Zeph,Zeph,scripts/autoload/game_data/GameDataMonsters.gd:112
Gloom Stalker,Acechador lúgubre,scripts/autoload/game_data/GameDataMonsters.gd:113
Rift Wisp,Fuego fatuo de grieta,scripts/autoload/game_data/GameDataMonsters.gd:113
Husk Brute,Bruto cascarón,scripts/autoload/game_data/GameDataMonsters.gd:113
Sable Fang,Colmillo sable,scripts/autoload/game_data/GameDataMonsters.gd:113
Ember Whelp,Cría de brasa,scripts/autoload/game_data/GameDataMonsters.gd:113
Marrow Crawler,Reptador de tuétano,scripts/autoload/game_data/GameDataMonsters.gd:113
Hollow Reaver,Saqueador del Hueco,scripts/autoload/game_data/GameDataMonsters.gd:113
Cinder Moth,Polilla de ceniza,scripts/autoload/game_data/GameDataMonsters.gd:113
Bog Wretch,Desdichado del pantano,scripts/autoload/game_data/GameDataMonsters.gd:113
Silt Crawler,Reptador del limo,scripts/autoload/game_data/GameDataMonsters.gd:113
Glass Wisp,Fuego fatuo de cristal,scripts/autoload/game_data/GameDataMonsters.gd:113
Mirror Fiend,Demonio espejo,scripts/autoload/game_data/GameDataMonsters.gd:113
Frost Stalker,Acechador de escarcha,scripts/autoload/game_data/GameDataMonsters.gd:113
Ashclad Ghoul,Necrófago ceniciento,scripts/autoload/game_data/GameDataMonsters.gd:113
Deep Anchorite,Anacoreta abisal,scripts/autoload/game_data/GameDataMonsters.gd:113
Voidling Sprite,Duende del vacío,scripts/autoload/game_data/GameDataMonsters.gd:113
Hedge Warden,Guardián del seto,scripts/autoload/game_data/GameDataMonsters.gd:114
Carrion Crier,Pregonero carroñero,scripts/autoload/game_data/GameDataMonsters.gd:114
Rootbound Thrall,Siervo enraizado,scripts/autoload/game_data/GameDataMonsters.gd:114
Leech Priest,Sacerdote sanguijuela,scripts/autoload/game_data/GameDataMonsters.gd:114
Mire Sniper,Francotirador del fango,scripts/autoload/game_data/GameDataMonsters.gd:114
Drowned Bellringer,Campanero ahogado,scripts/autoload/game_data/GameDataMonsters.gd:114
Slag Golem,Gólem de escoria,scripts/autoload/game_data/GameDataMonsters.gd:114
Ember Oracle,Oráculo de brasas,scripts/autoload/game_data/GameDataMonsters.gd:114
Ash Harrier,Hostigador de ceniza,scripts/autoload/game_data/GameDataMonsters.gd:114
Blight Hound,Sabueso de la plaga,scripts/autoload/game_data/GameDataMonsters.gd:115
Lantern Wight,Espectro del farol,scripts/autoload/game_data/GameDataMonsters.gd:115
Tide Caller,Invocador de mareas,scripts/autoload/game_data/GameDataMonsters.gd:115
Mudscale Brute,Bruto escamafango,scripts/autoload/game_data/GameDataMonsters.gd:115
Cinder Hound,Sabueso de ceniza,scripts/autoload/game_data/GameDataMonsters.gd:115
Obsidian Sentinel,Centinela de obsidiana,scripts/autoload/game_data/GameDataMonsters.gd:115
Shell Wretch,Desdichado de concha,scripts/autoload/game_data/GameDataMonsters.gd:116
Pearl Wisp,Fuego fatuo de perla,scripts/autoload/game_data/GameDataMonsters.gd:116
Tidewalker,Caminamareas,scripts/autoload/game_data/GameDataMonsters.gd:116
Brine Sniper,Francotirador salobre,scripts/autoload/game_data/GameDataMonsters.gd:116
Coral Brute,Bruto de coral,scripts/autoload/game_data/GameDataMonsters.gd:116
Mirror Crab,Cangrejo espejo,scripts/autoload/game_data/GameDataMonsters.gd:116
Undertow Priest,Sacerdote de la resaca,scripts/autoload/game_data/GameDataMonsters.gd:116
Shore Crier,Pregonero de la orilla,scripts/autoload/game_data/GameDataMonsters.gd:116
Salt Hound,Sabueso de sal,scripts/autoload/game_data/GameDataMonsters.gd:116
Pearl Thrall,Siervo de perla,scripts/autoload/game_data/GameDataMonsters.gd:116
Tideglass Moth,Polilla de vidriomar,scripts/autoload/game_data/GameDataMonsters.gd:116
Falling Watchman,Vigía caído,scripts/autoload/game_data/GameDataMonsters.gd:116
Lamp Wight,Espectro de la lámpara,scripts/autoload/game_data/GameDataMonsters.gd:116
Rooftop Harrier,Hostigador de tejados,scripts/autoload/game_data/GameDataMonsters.gd:116
Cord Bellringer,Campanero de cuerdas,scripts/autoload/game_data/GameDataMonsters.gd:116
Upside Hound,Sabueso invertido,scripts/autoload/game_data/GameDataMonsters.gd:116
Stair Golem,Gólem de escaleras,scripts/autoload/game_data/GameDataMonsters.gd:116
Choir Sprite,Duende del coro,scripts/autoload/game_data/GameDataMonsters.gd:116
Cord Reaver,Saqueador de cuerdas,scripts/autoload/game_data/GameDataMonsters.gd:116
Cord Stalker,Acechador de cuerdas,scripts/autoload/game_data/GameDataMonsters.gd:116
Spire Oracle,Oráculo de la Aguja,scripts/autoload/game_data/GameDataMonsters.gd:116
Gate Sentinel,Centinela de la puerta,scripts/autoload/game_data/GameDataMonsters.gd:116
Warbound Elite,Élite belicosa,scripts/autoload/game_data/GameDataMonsters.gd:117
Blightfang Elite,Élite colmillo infecto,scripts/autoload/game_data/GameDataMonsters.gd:117
Rift-Touched Colossus,Coloso tocado por la grieta,scripts/autoload/game_data/GameDataMonsters.gd:117
Iron Revenant,Aparecido de hierro,scripts/autoload/game_data/GameDataMonsters.gd:117
Storm-Called Elite,Élite llamatormentas,scripts/autoload/game_data/GameDataMonsters.gd:117
Ashen Broodlord,Señor de la camada ceniciento,scripts/autoload/game_data/GameDataMonsters.gd:117
Korrath,Korrath,scripts/autoload/game_data/GameDataMonsters.gd:118
Drevok,Drevok,scripts/autoload/game_data/GameDataMonsters.gd:118
The Ashen Wastes,Los Páramos de Ceniza,scripts/autoload/game_data/GameDataMonsters.gd:128
Pearl Colossus,Coloso de perla,scripts/autoload/game_data/GameDataMonsters.gd:132
Glassback Elite,Élite lomo de cristal,scripts/autoload/game_data/GameDataMonsters.gd:132
Saltmother,Madre de la Sal,scripts/autoload/game_data/GameDataMonsters.gd:132
Skyfallen Sentinel,Centinela caído del cielo,scripts/autoload/game_data/GameDataMonsters.gd:134
Broodwarden,Guardián de la camada,scripts/autoload/game_data/GameDataMonsters.gd:134
The Queen's Herald,El Heraldo de la Reina,scripts/autoload/game_data/GameDataMonsters.gd:134
Bold,Audaz,scripts/autoload/game_data/GameDataMonsters.gd:184
Quick,Veloz,scripts/autoload/game_data/GameDataMonsters.gd:184
Stoic,Estoico,scripts/autoload/game_data/GameDataMonsters.gd:184
Nervous,Nervioso,scripts/autoload/game_data/GameDataMonsters.gd:184
Devout,Devoto,scripts/autoload/game_data/GameDataMonsters.gd:184
Scholarly,Erudito,scripts/autoload/game_data/GameDataMonsters.gd:184
Next!,¡El siguiente!,scripts/autoload/game_data/GameDataMonsters.gd:187
Too easy.,Demasiado fácil.,scripts/autoload/game_data/GameDataMonsters.gd:187
Who's next in line?,¿Quién sigue en la fila?,scripts/autoload/game_data/GameDataMonsters.gd:187
Just a scratch!,¡Solo un rasguño!,scripts/autoload/game_data/GameDataMonsters.gd:188
That all you've got?,¿Eso es todo lo que tienes?,scripts/autoload/game_data/GameDataMonsters.gd:188
I've had worse at breakfast.,He desayunado cosas peores.,scripts/autoload/game_data/GameDataMonsters.gd:188
You'll pay for that!,¡Me las pagarás!,scripts/autoload/game_data/GameDataMonsters.gd:189
"Hold on, I'll finish this!","¡Aguanta, yo termino esto!",scripts/autoload/game_data/GameDataMonsters.gd:189
"Stay down, I've got it!","¡Quédate en el suelo, yo me encargo!",scripts/autoload/game_data/GameDataMonsters.gd:189
Ha! Another one for the wall.,¡Ja! Otro para la pared.,scripts/autoload/game_data/GameDataMonsters.gd:190
Is that the best the Rift can do?,¿Es lo mejor que tiene la Grieta?,scripts/autoload/game_data/GameDataMonsters.gd:190
Point me at the next one.,Señálame el siguiente.,scripts/autoload/game_data/GameDataMonsters.gd:190
Stronger. Good.,Más fuerte. Bien.,scripts/autoload/game_data/GameDataMonsters.gd:191
Now we're talking.,Así se habla.,scripts/autoload/game_data/GameDataMonsters.gd:191
Bring on something bigger.,Que venga algo más grande.,scripts/autoload/game_data/GameDataMonsters.gd:191
Blink and you missed it.,Parpadeaste y te lo perdiste.,scripts/autoload/game_data/GameDataMonsters.gd:194
Clean.,Limpio.,scripts/autoload/game_data/GameDataMonsters.gd:194
Right where I aimed.,Justo donde apunté.,scripts/autoload/game_data/GameDataMonsters.gd:194
Too slow on that one...,Demasiado lento en ese...,scripts/autoload/game_data/GameDataMonsters.gd:195
Need to keep moving!,¡Tengo que moverme!,scripts/autoload/game_data/GameDataMonsters.gd:195
Close. Too close.,Cerca. Demasiado cerca.,scripts/autoload/game_data/GameDataMonsters.gd:195
Man down! Covering!,¡Uno caído! ¡Cubriendo!,scripts/autoload/game_data/GameDataMonsters.gd:196
I'll draw them off!,¡Yo los distraigo!,scripts/autoload/game_data/GameDataMonsters.gd:196
"Get up, get up!","¡Levántate, levántate!",scripts/autoload/game_data/GameDataMonsters.gd:196
Fast work.,Trabajo rápido.,scripts/autoload/game_data/GameDataMonsters.gd:197
Home before supper.,En casa antes de la cena.,scripts/autoload/game_data/GameDataMonsters.gd:197
They never saw us coming.,Nunca nos vieron venir.,scripts/autoload/game_data/GameDataMonsters.gd:197
Quicker every day.,Más rápido cada día.,scripts/autoload/game_data/GameDataMonsters.gd:198
Feeling light on my feet.,Me siento ligero de pies.,scripts/autoload/game_data/GameDataMonsters.gd:198
Watch this.,Mira esto.,scripts/autoload/game_data/GameDataMonsters.gd:198
It's done.,Hecho.,scripts/autoload/game_data/GameDataMonsters.gd:201
One less.,Uno menos.,scripts/autoload/game_data/GameDataMonsters.gd:201
Stay down.,Quédate en el suelo.,scripts/autoload/game_data/GameDataMonsters.gd:201
I can still stand.,Aún puedo mantenerme en pie.,scripts/autoload/game_data/GameDataMonsters.gd:202
Not yet.,Todavía no.,scripts/autoload/game_data/GameDataMonsters.gd:202
I hold.,Resisto.,scripts/autoload/game_data/GameDataMonsters.gd:202
I'll hold the line.,Mantendré la línea.,scripts/autoload/game_data/GameDataMonsters.gd:203
Rest. I'll carry this.,Descansa. Yo cargo con esto.,scripts/autoload/game_data/GameDataMonsters.gd:203
Steady. We finish it.,Firmes. Lo terminamos.,scripts/autoload/game_data/GameDataMonsters.gd:203
The line held.,La línea aguantó.,scripts/autoload/game_data/GameDataMonsters.gd:204
We endure.,Resistimos.,scripts/autoload/game_data/GameDataMonsters.gd:204
Another day.,Otro día más.,scripts/autoload/game_data/GameDataMonsters.gd:204
Steady progress.,Progreso constante.,scripts/autoload/game_data/GameDataMonsters.gd:205
I feel it. Good.,Lo siento. Bien.,scripts/autoload/game_data/GameDataMonsters.gd:205
The work pays off.,El trabajo da frutos.,scripts/autoload/game_data/GameDataMonsters.gd:205
Did... did I do that?,¿He... he hecho yo eso?,scripts/autoload/game_data/GameDataMonsters.gd:208
"Oh, thank the stars.","Ay, gracias a las estrellas.",scripts/autoload/game_data/GameDataMonsters.gd:208
Is it dead? It's dead.,¿Está muerto? Está muerto.,scripts/autoload/game_data/GameDataMonsters.gd:208
I don't want to die here!,¡No quiero morir aquí!,scripts/autoload/game_data/GameDataMonsters.gd:209
Help! Anyone?,¡Ayuda! ¿Alguien?,scripts/autoload/game_data/GameDataMonsters.gd:209
This was a terrible idea.,Esto fue una idea terrible.,scripts/autoload/game_data/GameDataMonsters.gd:209
"No, no, no, get up!","¡No, no, no, levántate!",scripts/autoload/game_data/GameDataMonsters.gd:210
Should we run? We should run.,¿Huimos? Deberíamos huir.,scripts/autoload/game_data/GameDataMonsters.gd:210
They got them!,¡Lo han alcanzado!,scripts/autoload/game_data/GameDataMonsters.gd:210
We lived! We actually lived!,¡Sobrevivimos! ¡De verdad sobrevivimos!,scripts/autoload/game_data/GameDataMonsters.gd:211
Can we go home now?,¿Podemos ir a casa ya?,scripts/autoload/game_data/GameDataMonsters.gd:211
Never again. Probably.,Nunca más. Probablemente.,scripts/autoload/game_data/GameDataMonsters.gd:211
Huh. I'm getting better at this.,Vaya. Esto se me da cada vez mejor.,scripts/autoload/game_data/GameDataMonsters.gd:212
Maybe I'm not so bad after all.,Quizá no soy tan malo después de todo.,scripts/autoload/game_data/GameDataMonsters.gd:212
Did I just get stronger?,¿Me acabo de volver más fuerte?,scripts/autoload/game_data/GameDataMonsters.gd:212
Rest now.,Descansa ya.,scripts/autoload/game_data/GameDataMonsters.gd:215
The light judges you.,La luz te juzga.,scripts/autoload/game_data/GameDataMonsters.gd:215
"Forgiven, and gone.","Perdonado, y desaparecido.",scripts/autoload/game_data/GameDataMonsters.gd:215
Grant me strength...,Dame fuerza...,scripts/autoload/game_data/GameDataMonsters.gd:216
"My faith holds, if my body won't.","Mi fe aguanta, aunque mi cuerpo no.",scripts/autoload/game_data/GameDataMonsters.gd:216
Not while they need me.,No mientras me necesiten.,scripts/autoload/game_data/GameDataMonsters.gd:216
"I'm coming, hold on!","¡Ya voy, aguanta!",scripts/autoload/game_data/GameDataMonsters.gd:217
"Light, keep them!","¡Luz, protégelos!",scripts/autoload/game_data/GameDataMonsters.gd:217
Don't you dare give up!,¡Ni se te ocurra rendirte!,scripts/autoload/game_data/GameDataMonsters.gd:217
Light guide us home.,Que la luz nos guíe a casa.,scripts/autoload/game_data/GameDataMonsters.gd:218
We were spared. Give thanks.,Fuimos perdonados. Den gracias.,scripts/autoload/game_data/GameDataMonsters.gd:218
Let's tend the wounded.,Atendamos a los heridos.,scripts/autoload/game_data/GameDataMonsters.gd:218
A blessing.,Una bendición.,scripts/autoload/game_data/GameDataMonsters.gd:219
I am given more to give.,Se me da más para dar.,scripts/autoload/game_data/GameDataMonsters.gd:219
My purpose grows clearer.,Mi propósito se aclara.,scripts/autoload/game_data/GameDataMonsters.gd:219
Unmade.,Deshecho.,scripts/autoload/game_data/GameDataMonsters.gd:222
Just as I calculated.,Tal como lo calculé.,scripts/autoload/game_data/GameDataMonsters.gd:222
Fascinating. Was.,Fascinante. Era.,scripts/autoload/game_data/GameDataMonsters.gd:222
Variables... unfavorable.,Variables... desfavorables.,scripts/autoload/game_data/GameDataMonsters.gd:223
The weave is fraying. So am I.,El tejido se deshilacha. Y yo también.,scripts/autoload/game_data/GameDataMonsters.gd:223
I need a moment to recompute!,¡Necesito un momento para recalcular!,scripts/autoload/game_data/GameDataMonsters.gd:223
That was not in the plan!,¡Eso no estaba en el plan!,scripts/autoload/game_data/GameDataMonsters.gd:224
Recalculating!,¡Recalculando!,scripts/autoload/game_data/GameDataMonsters.gd:224
Someone get them up!,¡Que alguien lo levante!,scripts/autoload/game_data/GameDataMonsters.gd:224
A tidy result.,Un resultado pulcro.,scripts/autoload/game_data/GameDataMonsters.gd:225
Worth a page in my notes.,Merece una página en mis notas.,scripts/autoload/game_data/GameDataMonsters.gd:225
The Rift has patterns. I see them now.,La Grieta tiene patrones. Ahora los veo.,scripts/autoload/game_data/GameDataMonsters.gd:225
The equations open up.,Las ecuaciones se abren.,scripts/autoload/game_data/GameDataMonsters.gd:226
More power. Excellent.,Más poder. Excelente.,scripts/autoload/game_data/GameDataMonsters.gd:226
I understand more now.,Ahora entiendo más.,scripts/autoload/game_data/GameDataMonsters.gd:226
Call the Horde,Llamar a la horda,scripts/autoload/game_data/GameDataMonsters.gd:241
"At half health, two foes answer its call.","A media salud, dos enemigos responden a su llamada.",scripts/autoload/game_data/GameDataMonsters.gd:241
"%s howls, and the rift answers with reinforcements!","¡%s aúlla, y la grieta responde con refuerzos!",scripts/autoload/game_data/GameDataMonsters.gd:241
Fury,Furia,scripts/autoload/game_data/GameDataMonsters.gd:242
At half health it hits 20% harder and winds up heavy blows more often.,A media salud golpea un 20% más fuerte y carga golpes pesados más a menudo.,scripts/autoload/game_data/GameDataMonsters.gd:242
%s roars in fury!,¡%s ruge de furia!,scripts/autoload/game_data/GameDataMonsters.gd:242
At half health it raises a ward worth 12% of its health.,A media salud alza una barrera equivalente al 12% de su salud.,scripts/autoload/game_data/GameDataMonsters.gd:243
%s raises a shimmering barrier!,¡%s alza una barrera reluciente!,scripts/autoload/game_data/GameDataMonsters.gd:243
Vampiric,Vampírico,scripts/autoload/game_data/GameDataMonsters.gd:250
Heals for 25% of the damage it deals.,Se cura un 25% del daño que inflige.,scripts/autoload/game_data/GameDataMonsters.gd:250
Thorned,Espinoso,scripts/autoload/game_data/GameDataMonsters.gd:251
Reflects 15% of the damage it takes back at the attacker.,Refleja al atacante un 15% del daño que recibe.,scripts/autoload/game_data/GameDataMonsters.gd:251
Shielded,Escudado,scripts/autoload/game_data/GameDataMonsters.gd:252
Starts behind a ward worth 20% of its health.,Empieza tras una barrera equivalente al 20% de su salud.,scripts/autoload/game_data/GameDataMonsters.gd:252
Venomous,Venenoso,scripts/autoload/game_data/GameDataMonsters.gd:253
Its hits poison.,Sus golpes envenenan.,scripts/autoload/game_data/GameDataMonsters.gd:253
Juggernaut,Coloso,scripts/autoload/game_data/GameDataMonsters.gd:254
Heavily armored: shrugs off 35% of basic attacks.,Muy acorazado: ignora el 35% de los ataques básicos.,scripts/autoload/game_data/GameDataMonsters.gd:254
Blazing,Llameante,scripts/autoload/game_data/GameDataMonsters.gd:255
Its hits can set heroes ablaze.,Sus golpes pueden prender fuego a los héroes.,scripts/autoload/game_data/GameDataMonsters.gd:255
Hasted,Acelerado,scripts/autoload/game_data/GameDataMonsters.gd:256
Acts twice each round (each hit a little weaker) and never winds up.,Actúa dos veces cada ronda (cada golpe algo más débil) y nunca carga.,scripts/autoload/game_data/GameDataMonsters.gd:256
Commander,Comandante,scripts/autoload/game_data/GameDataMonsters.gd:257
Always brings two (weaker) escorts.,Siempre trae dos escoltas (más débiles).,scripts/autoload/game_data/GameDataMonsters.gd:257
Wisp,Fuego fatuo,scripts/autoload/game_data/GameDataMonsters.gd:263
Moth,Polilla,scripts/autoload/game_data/GameDataMonsters.gd:263
Sprite,Duende,scripts/autoload/game_data/GameDataMonsters.gd:263
Oracle,Oráculo,scripts/autoload/game_data/GameDataMonsters.gd:263
Choir,Coro,scripts/autoload/game_data/GameDataMonsters.gd:263
Sniper,Francotirador,scripts/autoload/game_data/GameDataMonsters.gd:263
Crier,Pregonero,scripts/autoload/game_data/GameDataMonsters.gd:263
Harrier,Hostigador,scripts/autoload/game_data/GameDataMonsters.gd:263
Bellringer,Campanero,scripts/autoload/game_data/GameDataMonsters.gd:263
Priest,Sacerdote,scripts/autoload/game_data/GameDataMonsters.gd:263
Wight,Espectro,scripts/autoload/game_data/GameDataMonsters.gd:263
Caller,Invocador,scripts/autoload/game_data/GameDataMonsters.gd:263
Sweep,Barrido,scripts/autoload/game_data/GameDataMonsters.gd:275
Hits every hero for %d%% of a normal hit. Defend halves it for whoever Defends.,Golpea a cada héroe por el %d%% de un golpe normal. Defender lo reduce a la mitad para quien Defiende.,scripts/autoload/game_data/GameDataMonsters.gd:275
Snipe,Disparo letal,scripts/autoload/game_data/GameDataMonsters.gd:276
A heavier shot at the most-hurt hero in the back row. Guard can take it for them.,Un disparo más fuerte al héroe más herido de la fila trasera. Proteger puede recibirlo por él.,scripts/autoload/game_data/GameDataMonsters.gd:276
Curse,Maldición,scripts/autoload/game_data/GameDataMonsters.gd:277
"No damage, but the target deals 40%% less for 2 rounds. Sanctuary cleanses it.","Sin daño, pero el objetivo inflige un 40%% menos durante 2 rondas. Santuario lo purifica.",scripts/autoload/game_data/GameDataMonsters.gd:277
Ward,Barrera,scripts/autoload/game_data/GameDataMonsters.gd:278
Shields its most-hurt ally for 20%% of their max HP. Aimed Shot ignores wards.,Escuda a su aliado más herido con el 20%% de sus PV máx. Disparo certero ignora las barreras.,scripts/autoload/game_data/GameDataMonsters.gd:278
Heals its most-hurt ally. Kill or stun it first.,Cura a su aliado más herido. Mátalo o atúrdelo primero.,scripts/autoload/game_data/GameDataMonsters.gd:279
Roar,Rugido,scripts/autoload/game_data/GameDataMonsters.gd:280
Every foe hits 20%% harder for the rest of the fight (up to twice). Stun it to stop it.,Cada enemigo golpea un 20%% más fuerte el resto del combate (hasta dos veces). Atúrdelo para impedirlo.,scripts/autoload/game_data/GameDataMonsters.gd:280
Stunned,Aturdido,scripts/autoload/game_data/GameDataMonsters.gd:281
Loses its next action.,Pierde su siguiente acción.,scripts/autoload/game_data/GameDataMonsters.gd:281
"Hits every hero and heals the boss for half of it. Defend, or ward the party.","Golpea a cada héroe y cura al jefe la mitad. Defiende, o protege al grupo con barreras.",scripts/autoload/game_data/GameDataMonsters.gd:282
Drowning Tide,Marea ahogadora,scripts/autoload/game_data/GameDataMonsters.gd:283
Chills and weakens every hero (they act late and deal 40%% less next round). Sanctuary or a Healing Tonic cleanses it.,Congela y debilita a cada héroe (actúan tarde e infligen un 40%% menos la ronda siguiente). Santuario o un Tónico Curativo lo purifican.,scripts/autoload/game_data/GameDataMonsters.gd:283
Sunder,Quebrar,scripts/autoload/game_data/GameDataMonsters.gd:284
"Tears the wards off every front-row hero and hits them hard. Move a hurt hero back, or Defend.","Arranca las barreras de cada héroe de la fila delantera y los golpea con fuerza. Retrasa a un héroe herido, o Defiende.",scripts/autoload/game_data/GameDataMonsters.gd:284
Brand,Marca ígnea,scripts/autoload/game_data/GameDataMonsters.gd:285
Marks a hero: they take 50%% more damage for 2 rounds. Guard them.,Marca a un héroe: recibe un 50%% más de daño durante 2 rondas. Protégelo.,scripts/autoload/game_data/GameDataMonsters.gd:285
Immolate,Inmolar,scripts/autoload/game_data/GameDataMonsters.gd:286
Sets every hero burning for 3 rounds. Sanctuary or a Healing Tonic puts it out.,Hace arder a cada héroe durante 3 rondas. Santuario o un Tónico Curativo lo apagan.,scripts/autoload/game_data/GameDataMonsters.gd:286
Scarecrow Line,Hilera de espantapájaros,scripts/autoload/game_data/GameDataMonsters.gd:321
"The Warden wards its friends and the Wisp mends them. Take the Wisp first, or strip the wards.","El Guardián protege a sus aliados con barreras y el Fuego fatuo los cura. Ve primero a por el Fuego fatuo, o quita las barreras.",scripts/autoload/game_data/GameDataMonsters.gd:321
Murder of Crows,Bandada de cuervos,scripts/autoload/game_data/GameDataMonsters.gd:323
Criers curse and roar from the back. Silence them before the roars stack.,Los Pregoneros maldicen y rugen desde atrás. Silénciales antes de que se acumulen los rugidos.,scripts/autoload/game_data/GameDataMonsters.gd:323
Rootbound Ambush,Emboscada enraizada,scripts/autoload/game_data/GameDataMonsters.gd:325
"The Thrall's sweeps hit the whole party. Defend, or stun its wind-up.","Los barridos del Siervo golpean a todo el grupo. Defiende, o aturde su carga.",scripts/autoload/game_data/GameDataMonsters.gd:325
Graveyard Shift,Turno de cementerio,scripts/autoload/game_data/GameDataMonsters.gd:327
"The Crawler mends the Reaver while the Crier curses. Break the healer, then the brute.","El Reptador cura al Saqueador mientras el Pregonero maldice. Rompe al sanador, luego al bruto.",scripts/autoload/game_data/GameDataMonsters.gd:327
Stalker Pack,Manada de acechadores,scripts/autoload/game_data/GameDataMonsters.gd:329
Poison stacks fast. A Healing Tonic or Sanctuary washes it out.,El veneno se acumula rápido. Un Tónico Curativo o Santuario lo eliminan.,scripts/autoload/game_data/GameDataMonsters.gd:329
The Hunt,La cacería,scripts/autoload/game_data/GameDataMonsters.gd:331
"The Hounds go for your most-hurt back-row hero and their bites fester, while the Crier curses. Guard the back row.","Los Sabuesos van a por tu héroe más herido de la fila trasera y sus mordiscos se infectan, mientras el Pregonero maldice. Protege la fila trasera.",scripts/autoload/game_data/GameDataMonsters.gd:331
Lantern Wake,Velatorio del farol,scripts/autoload/game_data/GameDataMonsters.gd:333
"The Wight wards and mends the Reaver from the back. Snuff the lantern first, or the Reaver never falls.","El Espectro protege y cura al Saqueador desde atrás. Apaga primero el farol, o el Saqueador nunca caerá.",scripts/autoload/game_data/GameDataMonsters.gd:333
The Leech Mass,La masa de sanguijuelas,scripts/autoload/game_data/GameDataMonsters.gd:337
The Priest keeps the Wretches fed. Kill it first.,El Sacerdote mantiene alimentados a los Desdichados. Mátalo primero.,scripts/autoload/game_data/GameDataMonsters.gd:337
Reed Snipers,Francotiradores del juncal,scripts/autoload/game_data/GameDataMonsters.gd:339
"Snipers hunt the back row behind their Anchorite. Guard your healer, or Taunt.","Los Francotiradores cazan la fila trasera tras su Anacoreta. Protege a tu sanador, o Provoca.",scripts/autoload/game_data/GameDataMonsters.gd:339
Bell and Mirror,Campana y espejo,scripts/autoload/game_data/GameDataMonsters.gd:341
The Fiend reflects basic hits and the Bell curses. Skills and Aimed Shot go around the mirror.,El Demonio refleja los golpes básicos y la Campana maldice. Las habilidades y Disparo certero esquivan el espejo.,scripts/autoload/game_data/GameDataMonsters.gd:341
Silt Swarm,Enjambre de limo,scripts/autoload/game_data/GameDataMonsters.gd:343
Three drainers heal off every hit. Volley and Frost Nova hit them all.,Tres drenadores se curan con cada golpe. Andanada y Nova de escarcha los alcanzan a todos.,scripts/autoload/game_data/GameDataMonsters.gd:343
Frozen Watch,Guardia helada,scripts/autoload/game_data/GameDataMonsters.gd:345
Chills slow your turns and the Priest mends. Burst the Priest down.,El frío retrasa tus turnos y el Sacerdote cura. Derriba al Sacerdote de golpe.,scripts/autoload/game_data/GameDataMonsters.gd:345
Rising Tide,Marea creciente,scripts/autoload/game_data/GameDataMonsters.gd:347
"The Caller's waves chill the whole party while the Brute winds up. Stun the wind-up, then drown the Caller.",Las olas del Invocador congelan a todo el grupo mientras el Bruto carga. Aturde la carga y luego ahoga al Invocador.,scripts/autoload/game_data/GameDataMonsters.gd:347
Mudslide,Alud de lodo,scripts/autoload/game_data/GameDataMonsters.gd:349
"Two armored drainers and a Priest to feed them. Break the armor, and kill the Priest before it mends.",Dos drenadores acorazados y un Sacerdote que los alimenta. Rompe la armadura y mata al Sacerdote antes de que cure.,scripts/autoload/game_data/GameDataMonsters.gd:349
Forge Guard,Guardia de la fragua,scripts/autoload/game_data/GameDataMonsters.gd:353
"The Oracle wards the Golem, and the Golem's sweeps burn. Take the Oracle first.","El Oráculo protege al Gólem con barreras, y los barridos del Gólem queman. Ve primero a por el Oráculo.",scripts/autoload/game_data/GameDataMonsters.gd:353
Ash Flock,Bandada de ceniza,scripts/autoload/game_data/GameDataMonsters.gd:355
Harriers snipe and hit harder when hurt. Finish each one quickly.,Los Hostigadores disparan y golpean más fuerte cuando están heridos. Acaba con cada uno rápido.,scripts/autoload/game_data/GameDataMonsters.gd:355
Cinder Cult,Culto de la ceniza,scripts/autoload/game_data/GameDataMonsters.gd:357
Everything here burns. Keep a cleanse ready.,Aquí todo arde. Ten lista una purificación.,scripts/autoload/game_data/GameDataMonsters.gd:357
Void Tear,Desgarro del vacío,scripts/autoload/game_data/GameDataMonsters.gd:359
The Reaver winds up while the Sprites harry. Break the wind-up.,El Saqueador carga mientras los Duendes hostigan. Rompe la carga.,scripts/autoload/game_data/GameDataMonsters.gd:359
Molten Wall,Muro fundido,scripts/autoload/game_data/GameDataMonsters.gd:361
Two armored brutes. Armor breakers and stuns shine here.,Dos brutos acorazados. Los rompearmaduras y los aturdimientos brillan aquí.,scripts/autoload/game_data/GameDataMonsters.gd:361
Cinder Kennels,Perreras de ceniza,scripts/autoload/game_data/GameDataMonsters.gd:363
The Hounds roar each other on and grow wild when hurt. Stun the roar and finish each Hound quickly.,Los Sabuesos se azuzan con rugidos y se enloquecen al estar heridos. Aturde el rugido y acaba con cada Sabueso rápido.,scripts/autoload/game_data/GameDataMonsters.gd:363
Glass Bastion,Bastión de cristal,scripts/autoload/game_data/GameDataMonsters.gd:365
The Sentinel reflects basic hits and wards the Harriers. Skills go around the glass; drop the Harriers first.,El Centinela refleja los golpes básicos y protege a los Hostigadores. Las habilidades esquivan el cristal; derriba primero a los Hostigadores.,scripts/autoload/game_data/GameDataMonsters.gd:365
The Tideline,La línea de marea,scripts/autoload/game_data/GameDataMonsters.gd:369
The Priest mends the Brute while the Wisp heals. Take the healers first.,El Sacerdote cura al Bruto mientras el Fuego fatuo sana. Ve primero a por los sanadores.,scripts/autoload/game_data/GameDataMonsters.gd:369
Snipers on the Breakwater,Francotiradores en el rompeolas,scripts/autoload/game_data/GameDataMonsters.gd:371
"Two Snipers aim at your back row. Close in, or guard it.","Dos Francotiradores apuntan a tu fila trasera. Acércate, o protégela.",scripts/autoload/game_data/GameDataMonsters.gd:371
Crab Wall,Muro de cangrejos,scripts/autoload/game_data/GameDataMonsters.gd:373
The Crabs drain what they hit. Burst one down at a time.,Los Cangrejos drenan lo que golpean. Derríbalos de uno en uno.,scripts/autoload/game_data/GameDataMonsters.gd:373
The Undertow,La resaca,scripts/autoload/game_data/GameDataMonsters.gd:375
"The Tidewalker chills and the Crier curses. Cleanse, then strike.","El Caminamareas congela y el Pregonero maldice. Purifica, luego ataca.",scripts/autoload/game_data/GameDataMonsters.gd:375
Salt Pack,Manada de sal,scripts/autoload/game_data/GameDataMonsters.gd:377
The Hounds get wilder as they bleed. Finish each one quickly.,Los Sabuesos se enloquecen al sangrar. Acaba con cada uno rápido.,scripts/autoload/game_data/GameDataMonsters.gd:377
Moths on the Glass,Polillas en el cristal,scripts/autoload/game_data/GameDataMonsters.gd:379
The Moths shoot from the back while the Thrall sweeps. Stun its wind-up.,Las Polillas disparan desde atrás mientras el Siervo barre. Aturde su carga.,scripts/autoload/game_data/GameDataMonsters.gd:379
The Wreck,El naufragio,scripts/autoload/game_data/GameDataMonsters.gd:381
"A Brute and a Thrall wind up heavy blows together. Answer one, guard the other.","Un Bruto y un Siervo cargan golpes pesados a la vez. Responde a uno, protégete del otro.",scripts/autoload/game_data/GameDataMonsters.gd:381
The Night Watch,La guardia nocturna,scripts/autoload/game_data/GameDataMonsters.gd:385
"The Watchman wards its friends. Strip the wards, or go around them.","El Vigía protege a sus aliados con barreras. Quítalas, o rodéalas.",scripts/autoload/game_data/GameDataMonsters.gd:385
Bells Over the Gate,Campanas sobre la puerta,scripts/autoload/game_data/GameDataMonsters.gd:387
The Bellringers chill and curse from the back. Silence them first.,Los Campaneros congelan y maldicen desde atrás. Silénciales primero.,scripts/autoload/game_data/GameDataMonsters.gd:387
Rooftop Run,Carrera por los tejados,scripts/autoload/game_data/GameDataMonsters.gd:389
"The Harriers snipe your back row. Guard it, or kill them fast.","Los Hostigadores disparan a tu fila trasera. Protégela, o mátalos rápido.",scripts/autoload/game_data/GameDataMonsters.gd:389
The Choir Loft,El coro alto,scripts/autoload/game_data/GameDataMonsters.gd:391
The Sprite and the Oracle burn you from behind a Golem. Burst the back row.,El Duende y el Oráculo te queman desde detrás de un Gólem. Revienta la fila trasera.,scripts/autoload/game_data/GameDataMonsters.gd:391
Hounds on the Stairs,Sabuesos en la escalera,scripts/autoload/game_data/GameDataMonsters.gd:393
The Hounds roar each other into a frenzy. Take them one at a time.,Los Sabuesos se azuzan hasta el frenesí con rugidos. Enfréntalos de uno en uno.,scripts/autoload/game_data/GameDataMonsters.gd:393
Lamplighters,Faroleros,scripts/autoload/game_data/GameDataMonsters.gd:395
The Wights mend and ward each other. Kill one before the other can help.,Los Espectros se curan y protegen entre sí. Mata a uno antes de que el otro pueda ayudar.,scripts/autoload/game_data/GameDataMonsters.gd:395
The Gate Guard,La guardia de la puerta,scripts/autoload/game_data/GameDataMonsters.gd:397
The Sentinel wards and the Reaver hits hard. Strip the ward and stun the wind-up.,El Centinela protege con barreras y el Saqueador golpea fuerte. Quita la barrera y aturde la carga.,scripts/autoload/game_data/GameDataMonsters.gd:397
Her Harvest hits everyone and heals her. At half health she calls a Crier and a Warden. Defend through the Harvest; kill the Crier fast.,Su Cosecha golpea a todos y la cura. A media salud llama a un Pregonero y a un Guardián. Defiende durante la Cosecha; mata rápido al Pregonero.,scripts/autoload/game_data/GameDataMonsters.gd:410
"The Drowning Tide chills and weakens the whole party, and her ward shrugs off early defence. Cleanse the curse; save your burst for after her barrier rises.","La Marea ahogadora congela y debilita a todo el grupo, y su barrera ignora la defensa temprana. Purifica la maldición; guarda tu ráfaga para después de que alce su barrera.",scripts/autoload/game_data/GameDataMonsters.gd:412
"Sunder tears the wards off the front row and hits hard, and he angers every round. Rotate the front row and end it quickly.","Quebrar arranca las barreras de la fila delantera y golpea fuerte, y él se enfurece cada ronda. Rota la fila delantera y acaba rápido.",scripts/autoload/game_data/GameDataMonsters.gd:414
Brand marks a hero to take 50% more damage. At half health he calls fire cultists. Guard the branded hero.,Marca ígnea hace que un héroe reciba un 50% más de daño. A media salud llama a cultistas del fuego. Protege al héroe marcado.,scripts/autoload/game_data/GameDataMonsters.gd:416
Morrow brands his mark and his crossbowmen take the shot. At two-thirds and again at one-third health he whistles up more sellswords. Guard the branded hero.,Morrow marca a su objetivo y sus ballesteros disparan. A dos tercios y de nuevo a un tercio de salud silba para llamar a más mercenarios. Protege al héroe marcado.,scripts/autoload/game_data/GameDataMonsters.gd:421
"The bargain fights with every move it ever bought: Harvest, the Drowning Tide, Brand and Immolate. At half health it calls up what it has claimed. Cleanse, guard the branded, and keep the pressure on.","El pacto lucha con cada movimiento que alguna vez compró: Cosecha, la Marea ahogadora, Marca ígnea e Inmolar. A media salud invoca lo que ha reclamado. Purifica, protege al marcado y mantén la presión.",scripts/autoload/game_data/GameDataMonsters.gd:423
Immolate sets the whole party burning while she regenerates and grows angrier. Cleanse the burns and never let up.,Inmolar hace arder a todo el grupo mientras ella se regenera y se enfurece más. Purifica las quemaduras y no aflojes nunca.,scripts/autoload/game_data/GameDataMonsters.gd:425
The Falling Sky sets the whole party burning while it mends itself and grows angrier. Cleanse the burns and never let up.,El Cielo que Cae hace arder a todo el grupo mientras se cura y se enfurece más. Purifica las quemaduras y no aflojes nunca.,scripts/autoload/game_data/GameDataMonsters.gd:429
Brand marks a hero to take 50% more damage. At half health he calls the City's choir down from the rooftops. Guard the branded hero.,Marca ígnea hace que un héroe reciba un 50% más de daño. A media salud hace bajar de los tejados al coro de la Ciudad. Protege al héroe marcado.,scripts/autoload/game_data/GameDataMonsters.gd:431
the one who stands in front.,el que se planta delante.,scripts/autoload/game_data/GameDataPaths.gd:10
"from the front row, takes 25% of every hit aimed at a back-row ally.","desde la fila delantera, recibe el 25% de cada golpe dirigido a un aliado de la fila trasera.",scripts/autoload/game_data/GameDataPaths.gd:10
Hold the Line,Mantener la línea,scripts/autoload/game_data/GameDataPaths.gd:10
"until the round ends, takes every hit aimed at the back row, at 30% less.","hasta que acabe la ronda, recibe cada golpe dirigido a la fila trasera, con un 30% menos.",scripts/autoload/game_data/GameDataPaths.gd:10
"the first time an ally would fall, they take the blow instead, gain a ward of 30% max HP, and every foe must attack them for 2 rounds.","la primera vez que un aliado vaya a caer, recibe el golpe en su lugar, gana una barrera del 30% de sus PV máx., y todos los enemigos deben atacarle durante 2 rondas.",scripts/autoload/game_data/GameDataPaths.gd:10
Guardian covers front-row allies too.,Custodio también cubre a los aliados de la fila delantera.,scripts/autoload/game_data/GameDataPaths.gd:10
Bloodrage,Furia Sangrienta,scripts/autoload/game_data/GameDataPaths.gd:11
gets stronger as they bleed.,se hace más fuerte al sangrar.,scripts/autoload/game_data/GameDataPaths.gd:11
+1% damage for every 2% of HP missing.,+1% de daño por cada 2% de PV perdidos.,scripts/autoload/game_data/GameDataPaths.gd:11
Blood Price,Precio de sangre,scripts/autoload/game_data/GameDataPaths.gd:11
pay 15% HP (no Momentum): +2 Momentum and the next hit does +50%.,paga un 15% de PV (sin Ímpetu): +2 de Ímpetu y el siguiente golpe hace +50%.,scripts/autoload/game_data/GameDataPaths.gd:11
"the first time they drop below 30% HP, for 3 rounds their attacks hit every foe, they can't be stunned, and they can't be healed.","la primera vez que baja del 30% de PV, durante 3 rondas sus ataques golpean a todos los enemigos, no puede ser aturdido y no puede ser curado.",scripts/autoload/game_data/GameDataPaths.gd:11
Red Mist triggers at 50% HP.,Niebla Roja se activa al 50% de PV.,scripts/autoload/game_data/GameDataPaths.gd:11
Weaponmaster,Maestro de Armas,scripts/autoload/game_data/GameDataPaths.gd:12
builds a rhythm on one foe.,crea un ritmo sobre un enemigo.,scripts/autoload/game_data/GameDataPaths.gd:12
Combo,Combo,scripts/autoload/game_data/GameDataPaths.gd:12
each hit in a row on the same foe adds +12% (up to 4); switching targets resets it.,cada golpe seguido al mismo enemigo añade +12% (hasta 4); cambiar de objetivo lo reinicia.,scripts/autoload/game_data/GameDataPaths.gd:12
Flurry,Ráfaga,scripts/autoload/game_data/GameDataPaths.gd:12
"three quick strikes at the target, each adding a Combo stack.","tres golpes rápidos al objetivo, cada uno añade una carga de Combo.",scripts/autoload/game_data/GameDataPaths.gd:12
"the first time Combo reaches 4, they act twice next round.","la primera vez que Combo llega a 4, actúa dos veces la ronda siguiente.",scripts/autoload/game_data/GameDataPaths.gd:12
switching targets no longer resets Combo.,cambiar de objetivo ya no reinicia el Combo.,scripts/autoload/game_data/GameDataPaths.gd:12
Marksman,Tirador,scripts/autoload/game_data/GameDataPaths.gd:13
waits for the clean shot.,espera el disparo limpio.,scripts/autoload/game_data/GameDataPaths.gd:13
Steady Aim,Pulso firme,scripts/autoload/game_data/GameDataPaths.gd:13
not attacked last round → the next shot does +35%.,no atacado la ronda anterior → el siguiente disparo hace +35%.,scripts/autoload/game_data/GameDataPaths.gd:13
Called Shot,Disparo anunciado,scripts/autoload/game_data/GameDataPaths.gd:13
pick a foe; the next Steady shot at it also cancels its wind-up.,elige un enemigo; el siguiente disparo firme contra él también cancela su carga.,scripts/autoload/game_data/GameDataPaths.gd:13
Held Breath,Aliento contenido,scripts/autoload/game_data/GameDataPaths.gd:13
"the first time they use Called Shot, they hold their turn and fire at the first foe to act next round, with double the Steady bonus.","la primera vez que usa Disparo anunciado, retiene su turno y dispara al primer enemigo que actúe la ronda siguiente, con el doble de bonificación de Pulso firme.",scripts/autoload/game_data/GameDataPaths.gd:13
Steady Aim holds even when they're attacked.,Pulso firme se mantiene aunque le ataquen.,scripts/autoload/game_data/GameDataPaths.gd:13
controls the ground.,controla el terreno.,scripts/autoload/game_data/GameDataPaths.gd:14
Snares,Lazos,scripts/autoload/game_data/GameDataPaths.gd:14
"each round the first foe to act steps in a snare: light damage, and it acts last next round.","cada ronda, el primer enemigo en actuar pisa un lazo: daño leve, y actúa el último la ronda siguiente.",scripts/autoload/game_data/GameDataPaths.gd:14
Bait,Cebo,scripts/autoload/game_data/GameDataPaths.gd:14
a lure takes the next foe attack this round (no damage) and snares that foe.,un señuelo recibe el siguiente ataque enemigo de esta ronda (sin daño) y atrapa a ese enemigo.,scripts/autoload/game_data/GameDataPaths.gd:14
"the first time three foes have been snared in a fight, every snared foe takes +30% damage for 2 rounds.","la primera vez que tres enemigos han caído en lazos en un combate, cada enemigo atrapado recibe +30% de daño durante 2 rondas.",scripts/autoload/game_data/GameDataPaths.gd:14
snares also cancel wind-ups.,los lazos también cancelan las cargas.,scripts/autoload/game_data/GameDataPaths.gd:14
Stalker,Acechador,scripts/autoload/game_data/GameDataPaths.gd:15
picks the prey for the whole party.,elige la presa para todo el grupo.,scripts/autoload/game_data/GameDataPaths.gd:15
Mark,Marca,scripts/autoload/game_data/GameDataPaths.gd:15
their first hit marks a foe; the party does +15% to it; the mark jumps to another foe when it dies.,su primer golpe marca a un enemigo; el grupo le hace +15%; la marca salta a otro enemigo cuando muere.,scripts/autoload/game_data/GameDataPaths.gd:15
Hunt,Caza,scripts/autoload/game_data/GameDataPaths.gd:15
move the Mark to any foe; their next hit on it does +60%.,mueve la Marca a cualquier enemigo; su siguiente golpe contra él hace +60%.,scripts/autoload/game_data/GameDataPaths.gd:15
"the first time they're hit, they can't be targeted for a round and their next hit on the Mark does triple.","la primera vez que le golpean, no puede ser objetivo durante una ronda y su siguiente golpe a la Marca hace el triple.",scripts/autoload/game_data/GameDataPaths.gd:15
two Marks at once.,dos Marcas a la vez.,scripts/autoload/game_data/GameDataPaths.gd:15
Evocation,Evocación,scripts/autoload/game_data/GameDataPaths.gd:16
builds heat until it explodes.,acumula calor hasta que estalla.,scripts/autoload/game_data/GameDataPaths.gd:16
"each spell adds 1 Heat (+8% damage, up to 5); at 5 the next skill hits every foe and Heat resets.","cada hechizo añade 1 de Calor (+8% de daño, hasta 5); con 5 la siguiente habilidad golpea a todos los enemigos y el Calor se reinicia.",scripts/autoload/game_data/GameDataPaths.gd:16
Flashpoint,Punto de ignición,scripts/autoload/game_data/GameDataPaths.gd:16
+3 Heat at once.,+3 de Calor de una vez.,scripts/autoload/game_data/GameDataPaths.gd:16
the first detonation in a fight leaves every foe burning for 3 rounds.,la primera detonación de un combate deja a todos los enemigos ardiendo durante 3 rondas.,scripts/autoload/game_data/GameDataPaths.gd:16
"detonating drops Heat to 3, not 0.","detonar baja el Calor a 3, no a 0.",scripts/autoload/game_data/GameDataPaths.gd:16
Warding,Salvaguarda,scripts/autoload/game_data/GameDataPaths.gd:17
keeps the party behind glass.,mantiene al grupo tras un cristal.,scripts/autoload/game_data/GameDataPaths.gd:17
"at the start of every round, the most-hurt ally gets a ward of 8% of max HP.","al inicio de cada ronda, el aliado más herido recibe una barrera del 8% de sus PV máx.",scripts/autoload/game_data/GameDataPaths.gd:17
Sigil,Sigilo,locale/extra_msgids.txt
wards every ally for 12% of their max HP.,protege a cada aliado con una barrera del 12% de sus PV máx.,scripts/autoload/game_data/GameDataPaths.gd:17
"the first time a ward breaks, every ward reflects damage for 2 rounds.","la primera vez que se rompe una barrera, todas las barreras reflejan daño durante 2 rondas.",scripts/autoload/game_data/GameDataPaths.gd:17
Ward Weave wards every ally each round.,Tejido de Barrera protege a cada aliado cada ronda.,scripts/autoload/game_data/GameDataPaths.gd:17
Augury,Augurio,scripts/autoload/game_data/GameDataPaths.gd:18
sees what's coming and bends it.,ve lo que se avecina y lo tuerce.,scripts/autoload/game_data/GameDataPaths.gd:18
"once a fight, the first heavy blow aimed at the party comes to nothing.","una vez por combate, el primer golpe pesado dirigido al grupo queda en nada.",scripts/autoload/game_data/GameDataPaths.gd:18
Twist Fate,Torcer el destino,scripts/autoload/game_data/GameDataPaths.gd:18
reroll a foe's next move.,vuelve a tirar el siguiente movimiento de un enemigo.,scripts/autoload/game_data/GameDataPaths.gd:18
"the first time a foe winds up, the whole party dodges the blow and gains 2 Momentum.","la primera vez que un enemigo carga, todo el grupo esquiva el golpe y gana 2 de Ímpetu.",scripts/autoload/game_data/GameDataPaths.gd:18
two cancels a fight.,dos cancelaciones por combate.,scripts/autoload/game_data/GameDataPaths.gd:18
Mercy,Misericordia,scripts/autoload/game_data/GameDataPaths.gd:19
healing that keeps on giving.,curación que no deja de dar.,scripts/autoload/game_data/GameDataPaths.gd:19
Overflow,Rebose,scripts/autoload/game_data/GameDataPaths.gd:19
half the healing past full HP becomes a ward.,la mitad de la curación por encima de los PV máximos se convierte en barrera.,scripts/autoload/game_data/GameDataPaths.gd:19
Benediction,Bendición,scripts/autoload/game_data/GameDataPaths.gd:19
heals every ally for 10% of max HP.,cura a cada aliado un 10% de sus PV máx.,scripts/autoload/game_data/GameDataPaths.gd:19
"the first time an ally falls, they rise at 30% HP.","la primera vez que cae un aliado, se levanta con un 30% de PV.",scripts/autoload/game_data/GameDataPaths.gd:19
Miracle works twice a fight.,Milagro funciona dos veces por combate.,scripts/autoload/game_data/GameDataPaths.gd:19
the party is safer while they stand.,el grupo está más seguro mientras siga en pie.,scripts/autoload/game_data/GameDataPaths.gd:20
"while they stand, the party takes 6% less damage.","mientras siga en pie, el grupo recibe un 6% menos de daño.",scripts/autoload/game_data/GameDataPaths.gd:20
Consecrate,Consagrar,scripts/autoload/game_data/GameDataPaths.gd:20
one ally takes no damage this round.,un aliado no recibe daño esta ronda.,scripts/autoload/game_data/GameDataPaths.gd:20
"the first time the party falls below half its total HP, damage taken is halved for 2 rounds.","la primera vez que el grupo baja de la mitad de sus PV totales, el daño recibido se reduce a la mitad durante 2 rondas.",scripts/autoload/game_data/GameDataPaths.gd:20
Sanctuary is doubled.,Santuario se duplica.,scripts/autoload/game_data/GameDataPaths.gd:20
Zeal,Celo,scripts/autoload/game_data/GameDataPaths.gd:21
heals by hitting.,cura golpeando.,scripts/autoload/game_data/GameDataPaths.gd:21
Fervor,Fervor,scripts/autoload/game_data/GameDataPaths.gd:21
their attacks heal the most-hurt ally for 25% of the damage.,sus ataques curan al aliado más herido un 25% del daño.,scripts/autoload/game_data/GameDataPaths.gd:21
Smite,Castigo,scripts/autoload/game_data/GameDataPaths.gd:21
a 150% holy strike; Fervor heals double for it.,un golpe sagrado del 150%; Fervor cura el doble con él.,scripts/autoload/game_data/GameDataPaths.gd:21
their first kill in a fight hits every foe for half their attack and heals the party 10%.,su primera muerte en un combate golpea a todos los enemigos por la mitad de su ataque y cura al grupo un 10%.,scripts/autoload/game_data/GameDataPaths.gd:21
Fervor heals the whole party.,Fervor cura a todo el grupo.,scripts/autoload/game_data/GameDataPaths.gd:21
Assassin,Asesino,scripts/autoload/game_data/GameDataPaths.gd:22
finishes what others start.,remata lo que otros empiezan.,scripts/autoload/game_data/GameDataPaths.gd:22
+50% damage to foes under 35% HP; a kill refunds 2 Momentum.,+50% de daño a enemigos con menos del 35% de PV; una muerte devuelve 2 de Ímpetu.,scripts/autoload/game_data/GameDataPaths.gd:22
Shadowstep,Paso sombrío,scripts/autoload/game_data/GameDataPaths.gd:22
"strikes any foe for 130%, past escorts and guards.","golpea a cualquier enemigo por el 130%, ignorando escoltas y protecciones.",scripts/autoload/game_data/GameDataPaths.gd:22
their first kill in a fight gives them another action at once.,su primera muerte en un combate le da otra acción al instante.,scripts/autoload/game_data/GameDataPaths.gd:22
Execute works under 50% HP.,Rematar funciona por debajo del 50% de PV.,scripts/autoload/game_data/GameDataPaths.gd:22
can't be pinned down.,no se deja acorralar.,scripts/autoload/game_data/GameDataPaths.gd:23
+15% dodge; each dodge gives 1 Momentum and a counter jab.,+15% de esquiva; cada esquiva da 1 de Ímpetu y un contragolpe.,scripts/autoload/game_data/GameDataPaths.gd:23
Feint,Finta,scripts/autoload/game_data/GameDataPaths.gd:23
"until their next turn, half the attacks aimed at others go to them instead, and they have +25% dodge.","hasta su siguiente turno, la mitad de los ataques dirigidos a otros van hacia él, y tiene +25% de esquiva.",scripts/autoload/game_data/GameDataPaths.gd:23
"after their third dodge in a fight, they can't be hit for 2 rounds.","tras su tercera esquiva en un combate, no se le puede golpear durante 2 rondas.",scripts/autoload/game_data/GameDataPaths.gd:23
counter jabs hit at full strength.,los contragolpes golpean con toda su fuerza.,scripts/autoload/game_data/GameDataPaths.gd:23
Scrapper,Pendenciero,scripts/autoload/game_data/GameDataPaths.gd:24
hard to put down.,difícil de tumbar.,scripts/autoload/game_data/GameDataPaths.gd:24
Scrappy,Bravucón,scripts/autoload/game_data/GameDataPaths.gd:24
heals 15% of the damage they deal; +5% HP each round in the front row.,se cura un 15% del daño que inflige; +5% de PV cada ronda en la fila delantera.,scripts/autoload/game_data/GameDataPaths.gd:24
Dirty Trick,Truco sucio,scripts/autoload/game_data/GameDataPaths.gd:24
a hit that stuns the foe and gives 2 Momentum.,un golpe que aturde al enemigo y da 2 de Ímpetu.,scripts/autoload/game_data/GameDataPaths.gd:24
"the first time they drop below 25% HP, they heal 50% and their next 2 attacks hit twice.","la primera vez que baja del 25% de PV, se cura un 50% y sus 2 siguientes ataques golpean dos veces.",scripts/autoload/game_data/GameDataPaths.gd:24
"can't be stunned, and Scrappy heals 30%.","no puede ser aturdido, y Bravucón cura un 30%.",scripts/autoload/game_data/GameDataPaths.gd:24
Foes whose hits they take deal 10% less for the rest of the fight.,Los enemigos cuyos golpes recibe infligen un 10% menos el resto del combate.,scripts/autoload/game_data/GameDataPaths.gd:30
Each hit they take heals the ally it was aimed at for 5% of their max HP.,Cada golpe que recibe cura al aliado al que iba dirigido un 5% de sus PV máx.,scripts/autoload/game_data/GameDataPaths.gd:31
"Takes 40% instead of 25%, but always acts last.","Recibe un 40% en vez de un 25%, pero siempre actúa el último.",scripts/autoload/game_data/GameDataPaths.gd:32
Foes whose hits they take are chilled and act later next round.,Los enemigos cuyos golpes recibe quedan congelados y actúan más tarde la ronda siguiente.,scripts/autoload/game_data/GameDataPaths.gd:33
Hold the Line also wards the back row for 10% of their max HP.,Mantener la línea también protege a la fila trasera con una barrera del 10% de sus PV máx.,scripts/autoload/game_data/GameDataPaths.gd:34
Hold the Line costs 2 Momentum.,Mantener la línea cuesta 2 de Ímpetu.,scripts/autoload/game_data/GameDataPaths.gd:35
"During Last Wall, every foe that hits them is stunned.","Durante Último Muro, cada enemigo que le golpea queda aturdido.",scripts/autoload/game_data/GameDataPaths.gd:36
Reckless: +10% damage dealt and taken.,Temerario: +10% de daño infligido y recibido.,scripts/autoload/game_data/GameDataPaths.gd:37
Blood Price costs 10% HP and the empowered hit cleaves.,Precio de sangre cuesta un 10% de PV y el golpe potenciado alcanza a varios.,scripts/autoload/game_data/GameDataPaths.gd:38
Heals 1% of damage dealt for every 4% of HP missing.,Se cura un 1% del daño infligido por cada 4% de PV perdidos.,scripts/autoload/game_data/GameDataPaths.gd:39
Can't fall below 1 HP during Red Mist.,No puede bajar de 1 PV durante Niebla Roja.,scripts/autoload/game_data/GameDataPaths.gd:40
Starts every fight at 1 Combo.,Empieza cada combate con 1 de Combo.,scripts/autoload/game_data/GameDataPaths.gd:41
"When their Combo target attacks them, they counter and keep the stack.","Cuando el objetivo de su Combo le ataca, contraataca y conserva la carga.",scripts/autoload/game_data/GameDataPaths.gd:42
Each Combo stack also gives +3% dodge.,Cada carga de Combo también da +3% de esquiva.,scripts/autoload/game_data/GameDataPaths.gd:43
Combo goes up to 6.,El Combo llega hasta 6.,scripts/autoload/game_data/GameDataPaths.gd:44
During Perfect Form the whole party hits 15% harder.,"Durante Forma Perfecta, todo el grupo golpea un 15% más fuerte.",scripts/autoload/game_data/GameDataPaths.gd:45
At 4 Combo their hits ignore armor and wards.,Con 4 de Combo sus golpes ignoran armadura y barreras.,scripts/autoload/game_data/GameDataPaths.gd:46
Steady shots break armor.,Los disparos firmes rompen armadura.,scripts/autoload/game_data/GameDataPaths.gd:47
Steady Aim still holds after one hit.,Pulso firme se mantiene tras un golpe.,scripts/autoload/game_data/GameDataPaths.gd:48
"Needs two quiet rounds, but gives +70%.","Necesita dos rondas tranquilas, pero da +70%.",scripts/autoload/game_data/GameDataPaths.gd:49
Called Shot also hits every foe under 40% HP.,Disparo anunciado también golpea a cada enemigo con menos del 40% de PV.,scripts/autoload/game_data/GameDataPaths.gd:50
Can use Called Shot from the front row.,Puede usar Disparo anunciado desde la fila delantera.,scripts/autoload/game_data/GameDataPaths.gd:51
Held Breath shots ignore wards.,Los disparos de Aliento contenido ignoran las barreras.,scripts/autoload/game_data/GameDataPaths.gd:52
Snares do double damage.,Los lazos hacen el doble de daño.,scripts/autoload/game_data/GameDataPaths.gd:53
Snared foes' hits are 10% weaker; rift hazards are 20% weaker.,"Los golpes de enemigos atrapados son un 10% más débiles; los peligros de la grieta, un 20%.",scripts/autoload/game_data/GameDataPaths.gd:54
Each snare heals the most-hurt ally for 4% of max HP.,Cada lazo cura al aliado más herido un 4% de sus PV máx.,scripts/autoload/game_data/GameDataPaths.gd:55
Bait also wards the party for 8% of max HP.,Cebo también protege al grupo con una barrera del 8% de sus PV máx.,scripts/autoload/game_data/GameDataPaths.gd:56
Snares hit as hard as their basic attack.,Los lazos golpean tan fuerte como su ataque básico.,scripts/autoload/game_data/GameDataPaths.gd:57
Snared foes lose their next action.,Los enemigos atrapados pierden su siguiente acción.,scripts/autoload/game_data/GameDataPaths.gd:58
The marked foe deals 10% less damage.,El enemigo marcado inflige un 10% menos de daño.,scripts/autoload/game_data/GameDataPaths.gd:59
The party dodges the marked foe's attacks 15% more often.,El grupo esquiva los ataques del enemigo marcado un 15% más a menudo.,scripts/autoload/game_data/GameDataPaths.gd:60
+15% dodge while their Mark lives.,+15% de esquiva mientras viva su Marca.,scripts/autoload/game_data/GameDataPaths.gd:61
"When the Mark jumps, +2 Momentum.","Cuando la Marca salta, +2 de Ímpetu.",scripts/autoload/game_data/GameDataPaths.gd:62
Their hits on the Mark chain to another foe for 30%.,Sus golpes a la Marca rebotan a otro enemigo con un 30%.,scripts/autoload/game_data/GameDataPaths.gd:63
Vanish lasts 2 rounds.,Desvanecerse dura 2 rondas.,scripts/autoload/game_data/GameDataPaths.gd:64
"Heat goes up to 7, but the detonation hits only the target.","El Calor llega hasta 7, pero la detonación solo golpea al objetivo.",scripts/autoload/game_data/GameDataPaths.gd:65
Every spell burns its target lightly.,Cada hechizo quema levemente a su objetivo.,scripts/autoload/game_data/GameDataPaths.gd:66
Starts every fight at 2 Heat.,Empieza cada combate con 2 de Calor.,scripts/autoload/game_data/GameDataPaths.gd:67
Gains Heat when foes attack them too.,También gana Calor cuando los enemigos le atacan.,scripts/autoload/game_data/GameDataPaths.gd:68
"When a burning foe dies, its fire spreads to the rest.","Cuando muere un enemigo en llamas, su fuego se extiende al resto.",scripts/autoload/game_data/GameDataPaths.gd:69
Detonates at 4 Heat.,Detona con 4 de Calor.,scripts/autoload/game_data/GameDataPaths.gd:70
"Wards go on the ally a foe is about to hit, not the most-hurt one.","Las barreras van al aliado que un enemigo está a punto de golpear, no al más herido.",scripts/autoload/game_data/GameDataPaths.gd:71
A broken ward chills the attacker.,Una barrera rota congela al atacante.,scripts/autoload/game_data/GameDataPaths.gd:72
"Wards are 12%, front row only.","Las barreras son del 12%, solo en la fila delantera.",scripts/autoload/game_data/GameDataPaths.gd:73
Sigil costs 2 Momentum.,Sigilo cuesta 2 de Ímpetu.,scripts/autoload/game_data/GameDataPaths.gd:74
Mirror Ward also shatters a foe's wind-up.,Barrera Espejo también rompe la carga de un enemigo.,scripts/autoload/game_data/GameDataPaths.gd:75
The foe whose blow is cancelled takes +15% damage after.,El enemigo cuyo golpe se cancela recibe +15% de daño después.,scripts/autoload/game_data/GameDataPaths.gd:76
Allies who were warned of a hit heal 4% after it lands.,Los aliados avisados de un golpe se curan un 4% cuando les alcanza.,scripts/autoload/game_data/GameDataPaths.gd:77
"Once a fight, a fallen ally rises at 15%.","Una vez por combate, un aliado caído se levanta con un 15%.",scripts/autoload/game_data/GameDataPaths.gd:78
Twist Fate also heals the party 6%.,Torcer el destino también cura al grupo un 6%.,scripts/autoload/game_data/GameDataPaths.gd:79
Twist Fate also gives an ally 2 Momentum.,Torcer el destino también da 2 de Ímpetu a un aliado.,scripts/autoload/game_data/GameDataPaths.gd:80
Prophecy also strikes the winding-up foe with lightning.,Profecía también fulmina con un rayo al enemigo que carga.,scripts/autoload/game_data/GameDataPaths.gd:81
Their heals cleanse one ailment.,Sus curaciones purifican una dolencia.,scripts/autoload/game_data/GameDataPaths.gd:82
Overflow wards are half again as big.,Las barreras de Rebose son la mitad más grandes.,scripts/autoload/game_data/GameDataPaths.gd:83
Healed allies mend 3% more on each of the next 2 rounds.,Los aliados curados recuperan un 3% más en cada una de las 2 rondas siguientes.,scripts/autoload/game_data/GameDataPaths.gd:84
Benediction costs 2 Momentum.,Bendición cuesta 2 de Ímpetu.,scripts/autoload/game_data/GameDataPaths.gd:85
Benediction cleanses everyone.,Bendición purifica a todos.,scripts/autoload/game_data/GameDataPaths.gd:86
Miracle also wards the party for 15%.,Milagro también protege al grupo con una barrera del 15%.,scripts/autoload/game_data/GameDataPaths.gd:87
Miracle brings the ally back at 50%.,Milagro devuelve al aliado con un 50%.,scripts/autoload/game_data/GameDataPaths.gd:88
Front-row allies take a further 4% less.,Los aliados de la fila delantera reciben un 4% menos adicional.,scripts/autoload/game_data/GameDataPaths.gd:89
Sanctuary also mends the party 2% each round.,Santuario también cura al grupo un 2% cada ronda.,scripts/autoload/game_data/GameDataPaths.gd:90
Consecrate also gives its target +20% dodge next round.,Consagrar también da a su objetivo +20% de esquiva la ronda siguiente.,scripts/autoload/game_data/GameDataPaths.gd:91
Hallowed Ground triggers at 70% instead of 50%.,Tierra Sagrada se activa al 70% en vez de al 50%.,scripts/autoload/game_data/GameDataPaths.gd:92
The ally Fervor heals hits 5% harder on their next turn.,El aliado curado por Fervor golpea un 5% más fuerte en su siguiente turno.,scripts/autoload/game_data/GameDataPaths.gd:93
Their hits break a foe's wind-up.,Sus golpes rompen la carga de un enemigo.,scripts/autoload/game_data/GameDataPaths.gd:94
Their first attack each fight does +50%.,Su primer ataque de cada combate hace +50%.,scripts/autoload/game_data/GameDataPaths.gd:95
Smite finishes foes under 20% HP.,Castigo remata a enemigos con menos del 20% de PV.,scripts/autoload/game_data/GameDataPaths.gd:96
Smite costs 10% HP instead of Momentum.,Castigo cuesta un 10% de PV en vez de Ímpetu.,scripts/autoload/game_data/GameDataPaths.gd:97
Judgment triggers on any party kill.,Juicio se activa con cualquier muerte del grupo.,scripts/autoload/game_data/GameDataPaths.gd:98
Judgment also sets every foe burning.,Juicio también hace arder a todos los enemigos.,scripts/autoload/game_data/GameDataPaths.gd:99
Their kills add 10 Gold to the haul.,Sus muertes añaden 10 de Oro al botín.,scripts/autoload/game_data/GameDataPaths.gd:100
Their hits break wards.,Sus golpes rompen barreras.,scripts/autoload/game_data/GameDataPaths.gd:101
"After Shadowstep, they can't be targeted until their next turn.","Tras Paso sombrío, no puede ser objetivo hasta su siguiente turno.",scripts/autoload/game_data/GameDataPaths.gd:102
Execute damage heals them for 20% of it.,El daño de Rematar le cura un 20% de este.,scripts/autoload/game_data/GameDataPaths.gd:103
Deathmark can chain: up to 3 extra actions.,Marca Mortal puede encadenarse: hasta 3 acciones extra.,scripts/autoload/game_data/GameDataPaths.gd:104
Each dodge wards the most-hurt ally for 5%.,Cada esquiva protege al aliado más herido con una barrera del 5%.,scripts/autoload/game_data/GameDataPaths.gd:105
Rift hazards never hurt them.,Los peligros de la grieta nunca le hacen daño.,scripts/autoload/game_data/GameDataPaths.gd:106
Counter jabs hit for 60% instead of 30%.,Los contragolpes hacen un 60% en vez de un 30%.,scripts/autoload/game_data/GameDataPaths.gd:107
Counter jabs break wards.,Los contragolpes rompen barreras.,scripts/autoload/game_data/GameDataPaths.gd:108
Dodging the first hit of a fight gives 3 Momentum.,Esquivar el primer golpe de un combate da 3 de Ímpetu.,scripts/autoload/game_data/GameDataPaths.gd:109
Feint costs 2 Momentum.,Finta cuesta 2 de Ímpetu.,scripts/autoload/game_data/GameDataPaths.gd:110
Feint also saves the party from one wipe.,Finta también salva al grupo de una derrota total.,scripts/autoload/game_data/GameDataPaths.gd:111
Untouchable after the second dodge.,Intocable tras la segunda esquiva.,scripts/autoload/game_data/GameDataPaths.gd:112
Scrappy also heals the most-hurt ally for half as much.,Bravucón también cura al aliado más herido la mitad.,scripts/autoload/game_data/GameDataPaths.gd:113
Takes 10% less in the front row.,Recibe un 10% menos en la fila delantera.,scripts/autoload/game_data/GameDataPaths.gd:114
Attackers take 10% of their hit back.,Los atacantes reciben un 10% de su golpe de vuelta.,scripts/autoload/game_data/GameDataPaths.gd:115
Dirty Trick hits twice.,Truco sucio golpea dos veces.,scripts/autoload/game_data/GameDataPaths.gd:116
Second Wind triggers at 40%.,Segundo Aliento se activa al 40%.,scripts/autoload/game_data/GameDataPaths.gd:117
Path stage %d (trained at Rank %s),Etapa de Senda %d (entrenada en Rango %s),scripts/autoload/game_data/GameDataPaths.gd:323
Rank %s,Rango %s,scripts/autoload/game_data/GameDataPaths.gd:328
Opens at %s,Se abre en %s,scripts/autoload/game_data/GameDataPaths.gd:329
 or , o ,scripts/autoload/game_data/GameDataPaths.gd:329
Not in this hero's trees,No está en los árboles de este héroe,scripts/autoload/game_data/GameDataPaths.gd:329
+6% damage,+6% de daño,scripts/autoload/game_data/GameDataPaths.gd:425
"+12% damage, and a kill sets the other foes burning","+12% de daño, y una muerte hace arder a los demás enemigos",scripts/autoload/game_data/GameDataPaths.gd:425
foes act 5% slower,los enemigos actúan un 5% más lento,scripts/autoload/game_data/GameDataPaths.gd:426
"foes act 10% slower, and the fight's first foe hit is chilled","los enemigos actúan un 10% más lento, y el primer enemigo golpeado en el combate queda congelado",scripts/autoload/game_data/GameDataPaths.gd:426
+3% mending a round,+3% de curación por ronda,scripts/autoload/game_data/GameDataPaths.gd:427
+6% mending a round,+6% de curación por ronda,scripts/autoload/game_data/GameDataPaths.gd:427
+5% dodge,+5% de esquiva,scripts/autoload/game_data/GameDataPaths.gd:428
+10% dodge,+10% de esquiva,scripts/autoload/game_data/GameDataPaths.gd:428
+1 starting Momentum,+1 de Ímpetu inicial,scripts/autoload/game_data/GameDataPaths.gd:429
"+2 starting Momentum, and Abilities cost 1 less","+2 de Ímpetu inicial, y las Habilidades cuestan 1 menos",scripts/autoload/game_data/GameDataPaths.gd:429
Reckless Swing,Tajo temerario,scripts/autoload/game_data/GameDataSkills.gd:21
An all-in burst against the weakest foe.,Un estallido a todo o nada contra el enemigo más débil.,scripts/autoload/game_data/GameDataSkills.gd:21
Shield Brace,Escudo firme,scripts/autoload/game_data/GameDataSkills.gd:22
Cripples the greatest threat's damage output for the rest of this fight.,Merma el daño de la mayor amenaza durante el resto del combate.,scripts/autoload/game_data/GameDataSkills.gd:22
Stands ready: the next 3 hits on this hero are answered with a counter-strike.,Listo para responder: los 3 siguientes golpes a este héroe se contestan con un contraataque.,scripts/autoload/game_data/GameDataSkills.gd:23
Unyielding Wall,Muro inquebrantable,scripts/autoload/game_data/GameDataSkills.gd:24
Draws every foe's attacks this round (30% less from them) and wards themself for 30% of max HP.,Atrae los ataques de todos los enemigos esta ronda (un 30% menos de ellos) y se protege con una barrera del 30% de sus PV máx.,scripts/autoload/game_data/GameDataSkills.gd:24
Blood Frenzy,Frenesí de sangre,scripts/autoload/game_data/GameDataSkills.gd:25
Sacrifices own HP for a heavy burst on the weakest foe.,Sacrifica PV propios para un fuerte estallido contra el enemigo más débil.,scripts/autoload/game_data/GameDataSkills.gd:25
Fortify,Fortificar,scripts/autoload/game_data/GameDataSkills.gd:26
Braces the party against a wipe for the rest of this fight.,Prepara al grupo contra una derrota total durante el resto del combate.,scripts/autoload/game_data/GameDataSkills.gd:26
Open Wound,Herida abierta,scripts/autoload/game_data/GameDataSkills.gd:27
"For the rest of the fight, the party's hits heal the attacker for 20% of the damage.","Durante el resto del combate, los golpes del grupo curan al atacante un 20% del daño.",scripts/autoload/game_data/GameDataSkills.gd:27
Inscribed Strike,Golpe inscrito,scripts/autoload/game_data/GameDataSkills.gd:28
Inscribes every blade in the party — damage surges for the rest of this fight.,Inscribe cada hoja del grupo: el daño se dispara durante el resto del combate.,scripts/autoload/game_data/GameDataSkills.gd:28
Undying Vow,Voto imperecedero,scripts/autoload/game_data/GameDataSkills.gd:29
This round the hero takes half damage and can't fall below 1 HP.,Esta ronda el héroe recibe la mitad de daño y no puede bajar de 1 PV.,scripts/autoload/game_data/GameDataSkills.gd:116
Sovereign's Wrath,Ira del soberano,scripts/autoload/game_data/GameDataSkills.gd:30
Battlefield Patch,Parche de campaña,scripts/autoload/game_data/GameDataSkills.gd:32
Mends the whole party.,Cura a todo el grupo.,scripts/autoload/game_data/GameDataSkills.gd:114
Light Feet,Pies ligeros,scripts/autoload/game_data/GameDataSkills.gd:33
+35% dodge for the whole party until the round ends.,+35% de esquiva para todo el grupo hasta que acabe la ronda.,scripts/autoload/game_data/GameDataSkills.gd:119
First Through,El primero en pasar,scripts/autoload/game_data/GameDataSkills.gd:34
Two quick strikes at the target.,Dos golpes rápidos al objetivo.,scripts/autoload/game_data/GameDataSkills.gd:109
Unbothered,Impasible,scripts/autoload/game_data/GameDataSkills.gd:35
Wards every hero in the front row for 30% of their max HP.,Protege a cada héroe de la fila delantera con una barrera del 30% de sus PV máx.,scripts/autoload/game_data/GameDataSkills.gd:35
Growing Anger,Ira creciente,scripts/autoload/game_data/GameDataSkills.gd:36
Damage escalates faster for the rest of this fight.,El daño aumenta más rápido durante el resto del combate.,scripts/autoload/game_data/GameDataSkills.gd:120
On Principle,Por principios,scripts/autoload/game_data/GameDataSkills.gd:37
Meet the Charge,Recibir la carga,scripts/autoload/game_data/GameDataSkills.gd:38
A heavy blow at the target that stuns it (bosses only lose their wind-up).,Un golpe pesado al objetivo que lo aturde (los jefes solo pierden su carga).,scripts/autoload/game_data/GameDataSkills.gd:38
First Crack,Primera grieta,scripts/autoload/game_data/GameDataSkills.gd:39
Shatters the target's armor and ward; it takes 15% more damage for the rest of the fight.,Destroza la armadura y la barrera del objetivo; recibe un 15% más de daño el resto del combate.,scripts/autoload/game_data/GameDataSkills.gd:39
Snare Volley,Andanada de lazos,scripts/autoload/game_data/GameDataSkills.gd:41
Sets a snare: the next foe to attack is hit hard and loses that attack.,Coloca un lazo: el siguiente enemigo en atacar recibe un golpe fuerte y pierde ese ataque.,scripts/autoload/game_data/GameDataSkills.gd:41
Improvised Shot,Disparo improvisado,scripts/autoload/game_data/GameDataSkills.gd:42
A burst against the weakest foe.,Un estallido contra el enemigo más débil.,scripts/autoload/game_data/GameDataSkills.gd:42
Sure Footing,Paso seguro,scripts/autoload/game_data/GameDataSkills.gd:43
Shields the whole party lightly.,Escuda levemente a todo el grupo.,scripts/autoload/game_data/GameDataSkills.gd:104
One Arrow,Una flecha,scripts/autoload/game_data/GameDataSkills.gd:44
"A finishing blow against the weakest foe, stronger the lower they are.","Un golpe de gracia contra el enemigo más débil, más fuerte cuanto menos salud tenga.",scripts/autoload/game_data/GameDataSkills.gd:100
Opening Performance,Actuación inaugural,scripts/autoload/game_data/GameDataSkills.gd:45
A finishing sweep against every wounded foe.,Un barrido de gracia contra cada enemigo herido.,scripts/autoload/game_data/GameDataSkills.gd:45
Walked Worse Halls,He pisado salones peores,scripts/autoload/game_data/GameDataSkills.gd:46
Chase the Lightning,Perseguir el rayo,scripts/autoload/game_data/GameDataSkills.gd:47
"Lightning strikes three times, jumping between foes.","Un rayo golpea tres veces, saltando entre enemigos.",scripts/autoload/game_data/GameDataSkills.gd:47
Read the Room,Leer el ambiente,scripts/autoload/game_data/GameDataSkills.gd:48
+7 Momentum for the party (it costs 4).,+7 de Ímpetu para el grupo (cuesta 4).,scripts/autoload/game_data/GameDataSkills.gd:48
Reversed Trap,Trampa invertida,scripts/autoload/game_data/GameDataSkills.gd:49
Sets a heavy snare: the next foe to attack is hit hard and loses that attack.,Coloca un lazo pesado: el siguiente enemigo en atacar recibe un golpe fuerte y pierde ese ataque.,scripts/autoload/game_data/GameDataSkills.gd:49
Half-Step Out,Medio paso fuera,scripts/autoload/game_data/GameDataSkills.gd:50
+dodge chance for the rest of this fight.,+probabilidad de esquiva durante el resto del combate.,scripts/autoload/game_data/GameDataSkills.gd:108
Scent in the Dark,Rastro en la oscuridad,scripts/autoload/game_data/GameDataSkills.gd:52
Weakens every foe's damage for the rest of this fight.,Reduce el daño de cada enemigo durante el resto del combate.,scripts/autoload/game_data/GameDataSkills.gd:52
Exact Shot,Disparo exacto,scripts/autoload/game_data/GameDataSkills.gd:53
Finds the gap: breaks the target's armor and ward; it takes 15% more damage for the rest of the fight.,Encuentra el hueco: rompe la armadura y la barrera del objetivo; recibe un 15% más de daño el resto del combate.,scripts/autoload/game_data/GameDataSkills.gd:53
Watching the Dark,Vigilando la oscuridad,scripts/autoload/game_data/GameDataSkills.gd:54
Marks the target: it takes 30% more damage from every hero for the rest of the fight.,Marca al objetivo: recibe un 30% más de daño de cada héroe durante el resto del combate.,scripts/autoload/game_data/GameDataSkills.gd:54
Field Dressing,Vendaje de campaña,scripts/autoload/game_data/GameDataSkills.gd:55
Gone Before the Echo,Ido antes del eco,scripts/autoload/game_data/GameDataSkills.gd:56
+40% dodge for the whole party until the round ends.,+40% de esquiva para todo el grupo hasta que acabe la ronda.,scripts/autoload/game_data/GameDataSkills.gd:56
True on the Wind,Certero con el viento,scripts/autoload/game_data/GameDataSkills.gd:57
The One Seam,La única costura,scripts/autoload/game_data/GameDataSkills.gd:58
Tears every foe's armor and ward away and hits each of them.,Arranca la armadura y la barrera de cada enemigo y golpea a cada uno.,scripts/autoload/game_data/GameDataSkills.gd:58
Colder Every Shot,Más frío a cada disparo,scripts/autoload/game_data/GameDataSkills.gd:59
"Freezes the target: it loses its next two actions (a boss, one).","Congela al objetivo: pierde sus dos siguientes acciones (un jefe, una).",scripts/autoload/game_data/GameDataSkills.gd:59
Eclipse Volley,Andanada del eclipse,scripts/autoload/game_data/GameDataSkills.gd:60
Unsteady Spark,Chispa inestable,scripts/autoload/game_data/GameDataSkills.gd:62
First Spark,Primera chispa,scripts/autoload/game_data/GameDataSkills.gd:63
Sets every foe burning for three rounds.,Hace arder a todos los enemigos durante tres rondas.,scripts/autoload/game_data/GameDataSkills.gd:63
Half-Second Warning,Aviso de medio segundo,scripts/autoload/game_data/GameDataSkills.gd:64
Warming Cast,Conjuro de calentamiento,scripts/autoload/game_data/GameDataSkills.gd:65
Cold Study,Estudio en frío,scripts/autoload/game_data/GameDataSkills.gd:66
Faster Ward,Barrera rápida,scripts/autoload/game_data/GameDataSkills.gd:67
Shields the lowest-HP ally.,Escuda al aliado con menos PV.,scripts/autoload/game_data/GameDataSkills.gd:67
Building Storm,Tormenta creciente,scripts/autoload/game_data/GameDataSkills.gd:68
Wildfire,Fuego descontrolado,scripts/autoload/game_data/GameDataSkills.gd:69
Thunder's Door,La puerta del trueno,scripts/autoload/game_data/GameDataSkills.gd:70
"Thunder strikes three times, jumping between foes.","El trueno golpea tres veces, saltando entre enemigos.",scripts/autoload/game_data/GameDataSkills.gd:70
No Name Holds It,Ningún nombre lo contiene,scripts/autoload/game_data/GameDataSkills.gd:71
A heavy burst against the weakest foe.,Un fuerte estallido contra el enemigo más débil.,scripts/autoload/game_data/GameDataSkills.gd:71
Grown of Will,Nacido de la voluntad,scripts/autoload/game_data/GameDataSkills.gd:73
The Quiet Spell,El hechizo callado,scripts/autoload/game_data/GameDataSkills.gd:74
Bark and Stone,Corteza y piedra,scripts/autoload/game_data/GameDataSkills.gd:75
One More Round,Una ronda más,scripts/autoload/game_data/GameDataSkills.gd:76
Raises a fallen ally at 30% HP once a fight (or heals the most-hurt ally).,Levanta a un aliado caído con un 30% de PV una vez por combate (o cura al aliado más herido).,scripts/autoload/game_data/GameDataSkills.gd:76
Root and Leaf,Raíz y hoja,scripts/autoload/game_data/GameDataSkills.gd:77
"Heals the whole party 35% and cleanses burn, poison, chill, stun and curses.","Cura a todo el grupo un 35% y purifica quemaduras, veneno, congelación, aturdimiento y maldiciones.",scripts/autoload/game_data/GameDataSkills.gd:77
Sees It Land First,Lo ve caer antes,scripts/autoload/game_data/GameDataSkills.gd:78
Ends in Fire,Acaba en fuego,scripts/autoload/game_data/GameDataSkills.gd:79
Warded Before It Forms,Protegido antes de que se forme,scripts/autoload/game_data/GameDataSkills.gd:80
Quick Bandage,Vendaje rápido,scripts/autoload/game_data/GameDataSkills.gd:82
Mends and shields the lowest-HP ally at once.,Cura y escuda a la vez al aliado con menos PV.,scripts/autoload/game_data/GameDataSkills.gd:118
Quiet Prayer,Plegaria callada,scripts/autoload/game_data/GameDataSkills.gd:83
"Heals the whole party 30% and cleanses burn, poison, chill, stun and curses.","Cura a todo el grupo un 30% y purifica quemaduras, veneno, congelación, aturdimiento y maldiciones.",scripts/autoload/game_data/GameDataSkills.gd:83
Field Kit,Botiquín de campaña,scripts/autoload/game_data/GameDataSkills.gd:84
Censer Swing,Golpe de incensario,scripts/autoload/game_data/GameDataSkills.gd:85
A swing at the target that stuns it (bosses only lose their wind-up).,Un golpe al objetivo que lo aturde (los jefes solo pierden su carga).,scripts/autoload/game_data/GameDataSkills.gd:85
Keep Moving,Sigue moviéndote,scripts/autoload/game_data/GameDataSkills.gd:86
Faith and Blade,Fe y acero,scripts/autoload/game_data/GameDataSkills.gd:87
Pays 20% of their own HP: +3 Momentum and +15% party damage for the rest of the fight.,Paga un 20% de sus propios PV: +3 de Ímpetu y +15% de daño del grupo durante el resto del combate.,scripts/autoload/game_data/GameDataSkills.gd:87
Faster Than the Wounds,Más rápido que las heridas,scripts/autoload/game_data/GameDataSkills.gd:88
Raises a fallen ally at 35% HP once a fight (or heals the most-hurt ally).,Levanta a un aliado caído con un 35% de PV una vez por combate (o cura al aliado más herido).,scripts/autoload/game_data/GameDataSkills.gd:88
First Light,Primera luz,scripts/autoload/game_data/GameDataSkills.gd:89
Not Today,Hoy no,scripts/autoload/game_data/GameDataSkills.gd:90
Faster Brew,Brebaje rápido,scripts/autoload/game_data/GameDataSkills.gd:91
Last Light,Última luz,scripts/autoload/game_data/GameDataSkills.gd:92
Lit Candle,Vela encendida,scripts/autoload/game_data/GameDataSkills.gd:94
Lights every blade with sacred fire — damage surges for the rest of this fight.,Enciende cada hoja con fuego sagrado: el daño se dispara durante el resto del combate.,scripts/autoload/game_data/GameDataSkills.gd:94
Keeps the Chill Out,Aleja el frío,scripts/autoload/game_data/GameDataSkills.gd:95
Blessed Blade,Hoja bendita,scripts/autoload/game_data/GameDataSkills.gd:96
Fire in the Cold,Fuego en el frío,scripts/autoload/game_data/GameDataSkills.gd:97
Wards every hero in the front row for 35% of their max HP.,Protege a cada héroe de la fila delantera con una barrera del 35% de sus PV máx.,scripts/autoload/game_data/GameDataSkills.gd:97
Brief Absolution,Absolución breve,scripts/autoload/game_data/GameDataSkills.gd:98
Finishes the target outright if it's below 35% HP (not a boss); otherwise a heavy blow.,"Remata al objetivo si tiene menos del 35% de PV (salvo jefes); si no, un golpe pesado.",scripts/autoload/game_data/GameDataSkills.gd:121
Fasting Vigil,Vigilia de ayuno,scripts/autoload/game_data/GameDataSkills.gd:99
"Heals the whole party 40% and cleanses burn, poison, chill, stun and curses.","Cura a todo el grupo un 40% y purifica quemaduras, veneno, congelación, aturdimiento y maldiciones.",scripts/autoload/game_data/GameDataSkills.gd:99
Leads With Light,Guía con la luz,scripts/autoload/game_data/GameDataSkills.gd:100
First Word,Primera palabra,scripts/autoload/game_data/GameDataSkills.gd:101
Know the Puddles,Conoce los charcos,scripts/autoload/game_data/GameDataSkills.gd:103
+30% dodge for the whole party until the round ends.,+30% de esquiva para todo el grupo hasta que acabe la ronda.,scripts/autoload/game_data/GameDataSkills.gd:103
Never Fought Fair,Nunca peleó limpio,scripts/autoload/game_data/GameDataSkills.gd:104
Leaves With More,Se va con más,scripts/autoload/game_data/GameDataSkills.gd:105
"A burst against the weakest foe, healing the caster for a share of the damage.",Un estallido contra el enemigo más débil que cura al lanzador una parte del daño.,scripts/autoload/game_data/GameDataSkills.gd:105
Never Where You Struck,Nunca donde golpeaste,scripts/autoload/game_data/GameDataSkills.gd:106
Nobody Heard Them,Nadie los oyó,scripts/autoload/game_data/GameDataSkills.gd:107
+chance to counter-attack for the rest of this fight.,+probabilidad de contraatacar durante el resto del combate.,scripts/autoload/game_data/GameDataSkills.gd:107
Barely Noticed,Apenas notado,scripts/autoload/game_data/GameDataSkills.gd:108
Getting Faster,Cada vez más rápido,scripts/autoload/game_data/GameDataSkills.gd:109
Strikes From the Dark,Golpea desde la oscuridad,scripts/autoload/game_data/GameDataSkills.gd:110
"A heavy burst against the weakest foe, healing the caster for a share of the damage.",Un fuerte estallido contra el enemigo más débil que cura al lanzador una parte del daño.,scripts/autoload/game_data/GameDataSkills.gd:110
Two Footprints,Dos huellas,scripts/autoload/game_data/GameDataSkills.gd:111
Between Heartbeats,Entre latidos,scripts/autoload/game_data/GameDataSkills.gd:112
Unpoisoned Plants,Plantas sin veneno,scripts/autoload/game_data/GameDataSkills.gd:114
Warded Vault,Cámara protegida,scripts/autoload/game_data/GameDataSkills.gd:115
Picks every foe's armor and ward apart and hits each of them.,Desmonta la armadura y la barrera de cada enemigo y golpea a cada uno.,scripts/autoload/game_data/GameDataSkills.gd:115
Tougher Than It Looks,Más duro de lo que parece,scripts/autoload/game_data/GameDataSkills.gd:116
Reads the Seams,Lee las costuras,scripts/autoload/game_data/GameDataSkills.gd:117
Reads every seam: strips each foe's armor and ward and hits them.,Lee cada costura: quita la armadura y la barrera de cada enemigo y lo golpea.,scripts/autoload/game_data/GameDataSkills.gd:117
The Undergrowth Hides More,La maleza oculta más,scripts/autoload/game_data/GameDataSkills.gd:118
Half Out of Reality,Medio fuera de la realidad,scripts/autoload/game_data/GameDataSkills.gd:119
Thinner and Faster,Más fino y más rápido,scripts/autoload/game_data/GameDataSkills.gd:120
Already Struck,Ya golpeado,scripts/autoload/game_data/GameDataSkills.gd:121
Heals every ally for %d%% of their max HP.,Cura a cada aliado un %d%% de sus PV máx.,scripts/autoload/game_data/GameDataSkills.gd:179
Every foe deals %d%% less damage for the rest of the fight.,Cada enemigo inflige un %d%% menos de daño durante el resto del combate.,scripts/autoload/game_data/GameDataSkills.gd:180
+%d%% party damage for the rest of the fight.,+%d%% de daño del grupo durante el resto del combate.,scripts/autoload/game_data/GameDataSkills.gd:181
Hits the weakest foe for %d%% of the party's damage.,Golpea al enemigo más débil por el %d%% del daño del grupo.,scripts/autoload/game_data/GameDataSkills.gd:182
Hits every foe for %d%% of the party's damage.,Golpea a cada enemigo por el %d%% del daño del grupo.,scripts/autoload/game_data/GameDataSkills.gd:183
"Hits the weakest foe for %d%% of the party's damage, up to double against one near death.","Golpea al enemigo más débil por el %d%% del daño del grupo, hasta el doble contra uno a punto de morir.",scripts/autoload/game_data/GameDataSkills.gd:184
Shields the lowest-HP ally for %d%% of their max HP.,Escuda al aliado con menos PV con el %d%% de sus PV máx.,scripts/autoload/game_data/GameDataSkills.gd:185
+%d%% party dodge for the rest of the fight (60%% at most).,+%d%% de esquiva del grupo durante el resto del combate (60%% como máximo).,scripts/autoload/game_data/GameDataSkills.gd:187
The party's damage grows %d%% more each round for the rest of the fight.,El daño del grupo crece un %d%% más cada ronda durante el resto del combate.,scripts/autoload/game_data/GameDataSkills.gd:188
+%d%% chance to counter-attack for the rest of the fight (60%% at most).,+%d%% de probabilidad de contraatacar durante el resto del combate (60%% como máximo).,scripts/autoload/game_data/GameDataSkills.gd:189
"+%d%% chance the last hero standing survives a killing blow, once this fight (90%% at most).","+%d%% de probabilidad de que el último héroe en pie sobreviva a un golpe mortal, una vez en este combate (90%% como máximo).",scripts/autoload/game_data/GameDataSkills.gd:190
Costs 15%% of this hero's max HP; hits the weakest foe for %d%% of the party's damage.,Cuesta el 15%% de los PV máx. de este héroe; golpea al enemigo más débil por el %d%% del daño del grupo.,scripts/autoload/game_data/GameDataSkills.gd:191
The weakest foe deals %d%% less damage for the rest of the fight.,El enemigo más débil inflige un %d%% menos de daño durante el resto del combate.,scripts/autoload/game_data/GameDataSkills.gd:192
Shields every ally for %d%% of their max HP.,Escuda a cada aliado con el %d%% de sus PV máx.,scripts/autoload/game_data/GameDataSkills.gd:193
Hits every foe below half health for %d-%d%% of the party's damage.,Golpea a cada enemigo por debajo de media salud por el %d-%d%% del daño del grupo.,scripts/autoload/game_data/GameDataSkills.gd:194
Hits the target for %d%% of the party's damage and stuns it (a boss only loses a wind-up).,Golpea al objetivo por el %d%% del daño del grupo y lo aturde (un jefe solo pierde una carga).,scripts/autoload/game_data/GameDataSkills.gd:195
The target loses its next 2 actions and any wind-up (a boss: 1 action).,El objetivo pierde sus 2 siguientes acciones y cualquier carga (un jefe: 1 acción).,scripts/autoload/game_data/GameDataSkills.gd:196
Finishes off a foe below 35%% HP (not a boss); otherwise hits it for %d%% of the party's damage.,"Remata a un enemigo por debajo del 35%% de PV (salvo jefes); si no, lo golpea por el %d%% del daño del grupo.",scripts/autoload/game_data/GameDataSkills.gd:197
"Strips the target's armor and wards; it takes +15%% damage for the fight, and is hit for %d%% of the party's damage.",Quita la armadura y las barreras del objetivo; recibe +15%% de daño durante el combate y es golpeado por el %d%% del daño del grupo.,scripts/autoload/game_data/GameDataSkills.gd:198
The target takes +%d%% damage for the rest of the fight.,El objetivo recibe +%d%% de daño durante el resto del combate.,scripts/autoload/game_data/GameDataSkills.gd:199
"Two hits on the target, each %d%% of this hero's attack.","Dos golpes al objetivo, cada uno del %d%% del ataque de este héroe.",scripts/autoload/game_data/GameDataSkills.gd:200
"Every foe burns for %d rounds, each round for %d%% of the party's damage.","Cada enemigo arde durante %d rondas, cada ronda por el %d%% del daño del grupo.",scripts/autoload/game_data/GameDataSkills.gd:201
"3 strikes on random foes, each %d%% of the party's damage.","3 golpes a enemigos al azar, cada uno del %d%% del daño del grupo.",scripts/autoload/game_data/GameDataSkills.gd:202
Strips every foe's armor and wards and hits each for %d%% of the party's damage.,Quita la armadura y las barreras de cada enemigo y golpea a cada uno por el %d%% del daño del grupo.,scripts/autoload/game_data/GameDataSkills.gd:203
This hero answers the next 3 blows with %d%% of the party's damage.,Este héroe responde a los 3 siguientes golpes con el %d%% del daño del grupo.,scripts/autoload/game_data/GameDataSkills.gd:204
"Every foe attacks this hero this round, for 30%% less; they gain a shield of %d%% of their max HP.","Todos los enemigos atacan a este héroe esta ronda, con un 30%% menos; gana un escudo del %d%% de sus PV máx.",scripts/autoload/game_data/GameDataSkills.gd:205
This hero can't fall this round.,Este héroe no puede caer esta ronda.,scripts/autoload/game_data/GameDataSkills.gd:206
Raises a fallen ally with %d%% of their max HP.,Levanta a un aliado caído con el %d%% de sus PV máx.,scripts/autoload/game_data/GameDataSkills.gd:207
Hits the weakest foe for %d%% of the party's damage and heals this hero for 40%% of it.,Golpea al enemigo más débil por el %d%% del daño del grupo y cura a este héroe el 40%% de ello.,scripts/autoload/game_data/GameDataSkills.gd:208
The next foe to attack loses that attack and takes %d%% of the party's damage.,El siguiente enemigo en atacar pierde ese ataque y recibe el %d%% del daño del grupo.,scripts/autoload/game_data/GameDataSkills.gd:209
Heals the lowest-HP ally for %d%% of max HP and shields them for %d%%.,Cura al aliado con menos PV un %d%% de sus PV máx. y lo escuda con un %d%%.,scripts/autoload/game_data/GameDataSkills.gd:210
"Heals every ally for %d%% of max HP and clears their burns, poisons and curses.","Cura a cada aliado un %d%% de sus PV máx. y elimina sus quemaduras, venenos y maldiciones.",scripts/autoload/game_data/GameDataSkills.gd:211
Shields every front-row ally for %d%% of their max HP.,Escuda a cada aliado de la fila delantera con el %d%% de sus PV máx.,scripts/autoload/game_data/GameDataSkills.gd:212
Honed Edge,Filo afilado,scripts/autoload/game_data/GameDataSkills.gd:239
Thick Hide,Piel gruesa,scripts/autoload/game_data/GameDataSkills.gd:240
Trueshot Aim,Puntería certera,scripts/autoload/game_data/GameDataSkills.gd:243
Woodland Step,Paso del bosque,scripts/autoload/game_data/GameDataSkills.gd:244
Arcane Focus,Enfoque arcano,scripts/autoload/game_data/GameDataSkills.gd:247
Warding Sigil,Sigilo protector,scripts/autoload/game_data/GameDataSkills.gd:248
Devotion,Devoción,scripts/autoload/game_data/GameDataSkills.gd:251
Opening Strike,Golpe inicial,scripts/autoload/game_data/GameDataSkills.gd:255
Shadow Step,Paso de sombra,scripts/autoload/game_data/GameDataSkills.gd:256
Weapon Mastery,Maestría con armas,scripts/autoload/game_data/GameDataSkills.gd:281
Killing Instinct,Instinto asesino,scripts/autoload/game_data/GameDataSkills.gd:282
Opening Fury,Furia inicial,scripts/autoload/game_data/GameDataSkills.gd:283
Battle Fury,Furia de batalla,scripts/autoload/game_data/GameDataSkills.gd:284
Executioner's Edge,Filo del verdugo,scripts/autoload/game_data/GameDataSkills.gd:285
Bloodletter's Patience,Paciencia del sangrador,scripts/autoload/game_data/GameDataSkills.gd:286
Killing Blow,Golpe mortal,scripts/autoload/game_data/GameDataSkills.gd:287
Endless Fury,Furia sin fin,scripts/autoload/game_data/GameDataSkills.gd:288
Iron Skin,Piel de hierro,scripts/autoload/game_data/GameDataSkills.gd:291
Steady Guard,Guardia firme,scripts/autoload/game_data/GameDataSkills.gd:292
Fortified Stance,Postura fortificada,scripts/autoload/game_data/GameDataSkills.gd:294
Unbreakable,Irrompible,scripts/autoload/game_data/GameDataSkills.gd:295
Stone Sentinel,Centinela de piedra,scripts/autoload/game_data/GameDataSkills.gd:296
Immovable,Inamovible,scripts/autoload/game_data/GameDataSkills.gd:297
Bulwark's Ward,Barrera del baluarte,scripts/autoload/game_data/GameDataSkills.gd:298
Focused Opening,Apertura enfocada,scripts/autoload/game_data/GameDataSkills.gd:301
Light on Feet,Ligero de pies,scripts/autoload/game_data/GameDataSkills.gd:302
Precise Read,Lectura precisa,scripts/autoload/game_data/GameDataSkills.gd:303
Predator's Focus,Enfoque del depredador,scripts/autoload/game_data/GameDataSkills.gd:304
Perfect Opening,Apertura perfecta,scripts/autoload/game_data/GameDataSkills.gd:305
Assassin's Gambit,Gambito del asesino,scripts/autoload/game_data/GameDataSkills.gd:306
Flawless Strike,Golpe impecable,scripts/autoload/game_data/GameDataSkills.gd:307
Silent Kill,Muerte silenciosa,scripts/autoload/game_data/GameDataSkills.gd:308
Building Momentum,Ímpetu creciente,scripts/autoload/game_data/GameDataSkills.gd:311
Adrenaline,Adrenalina,scripts/autoload/game_data/GameDataSkills.gd:312
Second Breath,Segundo respiro,scripts/autoload/game_data/GameDataSkills.gd:313
Unstoppable Momentum,Ímpetu imparable,scripts/autoload/game_data/GameDataSkills.gd:315
Berserker's Peak,Cumbre del berserker,scripts/autoload/game_data/GameDataSkills.gd:316
Boundless Fury,Furia ilimitada,scripts/autoload/game_data/GameDataSkills.gd:317
Overwhelming Force,Fuerza abrumadora,scripts/autoload/game_data/GameDataSkills.gd:318
Mending Chant,Cántico sanador,scripts/autoload/game_data/GameDataSkills.gd:322
Ward of Mercy,Barrera de misericordia,scripts/autoload/game_data/GameDataSkills.gd:323
Battle Cleric's Vow,Voto del clérigo de batalla,scripts/autoload/game_data/GameDataSkills.gd:324
Guardian Angel,Ángel guardián,scripts/autoload/game_data/GameDataSkills.gd:325
Vengeful Light,Luz vengativa,scripts/autoload/game_data/GameDataSkills.gd:326
Divine Grace,Gracia divina,scripts/autoload/game_data/GameDataSkills.gd:327
Smiting Wrath,Ira fulminante,scripts/autoload/game_data/GameDataSkills.gd:328
Danger Sense,Sentido del peligro,scripts/autoload/game_data/GameDataSkills.gd:331
Preemptive Strike,Golpe preventivo,scripts/autoload/game_data/GameDataSkills.gd:332
Steady Hand,Mano firme,scripts/autoload/game_data/GameDataSkills.gd:333
Vigilant Heart,Corazón vigilante,scripts/autoload/game_data/GameDataSkills.gd:334
Unshakeable,Inquebrantable,scripts/autoload/game_data/GameDataSkills.gd:335
Riposte Mastery,Maestría en réplica,scripts/autoload/game_data/GameDataSkills.gd:336
Perfect Riposte,Réplica perfecta,scripts/autoload/game_data/GameDataSkills.gd:338
Evasive Training,Entrenamiento evasivo,scripts/autoload/game_data/GameDataSkills.gd:346
Fleeting Strike,Golpe fugaz,scripts/autoload/game_data/GameDataSkills.gd:347
Opening Gambit,Gambito inicial,scripts/autoload/game_data/GameDataSkills.gd:348
Phantom Step,Paso fantasma,scripts/autoload/game_data/GameDataSkills.gd:349
Shadow Strike,Golpe sombrío,scripts/autoload/game_data/GameDataSkills.gd:350
Untouchable Form,Forma intocable,scripts/autoload/game_data/GameDataSkills.gd:351
Riposte Flow,Flujo de réplica,scripts/autoload/game_data/GameDataSkills.gd:352
Killer's Shadow,Sombra del asesino,scripts/autoload/game_data/GameDataSkills.gd:353
Ghost Step,Paso espectral,scripts/autoload/game_data/GameDataSkills.gd:354
Counterflow Mastery,Maestría del contraflujo,scripts/autoload/game_data/GameDataSkills.gd:355
Vanguard Strike,Golpe de vanguardia,scripts/autoload/game_data/GameDataSkills.gd:359
Battle Instinct,Instinto de batalla,scripts/autoload/game_data/GameDataSkills.gd:360
Guardian's Resolve,Determinación del guardián,scripts/autoload/game_data/GameDataSkills.gd:361
Undying Vanguard,Vanguardia imperecedera,scripts/autoload/game_data/GameDataSkills.gd:363
Defiant to the End,Desafiante hasta el final,scripts/autoload/game_data/GameDataSkills.gd:364
Iron Will,Voluntad de hierro,scripts/autoload/game_data/GameDataSkills.gd:365
Arcane Buildup,Acumulación arcana,scripts/autoload/game_data/GameDataSkills.gd:374
Ward Sigil,Sigilo de barrera,scripts/autoload/game_data/GameDataSkills.gd:375
Arcane Slip,Desliz arcano,scripts/autoload/game_data/GameDataSkills.gd:376
Arcane Convergence,Convergencia arcana,scripts/autoload/game_data/GameDataSkills.gd:377
Cataclysm,Cataclismo,scripts/autoload/game_data/GameDataSkills.gd:378
World Ender,Fin del mundo,scripts/autoload/game_data/GameDataSkills.gd:379
Headsman's Creed,Credo del verdugo,scripts/autoload/game_data/GameDataSkills.gd:391
Bulwark Oath,Juramento del baluarte,scripts/autoload/game_data/GameDataSkills.gd:393
Ambush Doctrine,Doctrina de emboscada,scripts/autoload/game_data/GameDataSkills.gd:395
Slow Burn,Combustión lenta,scripts/autoload/game_data/GameDataSkills.gd:397
Martyr's Grace,Gracia del mártir,scripts/autoload/game_data/GameDataSkills.gd:399
Iron Discipline,Disciplina de hierro,scripts/autoload/game_data/GameDataSkills.gd:401
Phantom Riposte,Réplica fantasma,scripts/autoload/game_data/GameDataSkills.gd:403
Undying,Imperecedero,scripts/autoload/game_data/GameDataSkills.gd:405
Giantslayer,Matagigantes,scripts/autoload/game_data/GameDataSkills.gd:407
Shieldbearer,Portaescudos,scripts/autoload/game_data/GameDataSkills.gd:415
Hunter's Mark,Marca del cazador,scripts/autoload/game_data/GameDataSkills.gd:417
Arcane Surge,Oleada arcana,scripts/autoload/game_data/GameDataSkills.gd:419
Beacon,Faro,scripts/autoload/game_data/GameDataSkills.gd:421
Opportunist,Oportunista,scripts/autoload/game_data/GameDataSkills.gd:423
Stonebound Ability,Habilidad pétrea,scripts/autoload/game_data/GameDataSkills.gd:443
Riftborn,Nacido de la grieta,scripts/autoload/game_data/GameDataSkills.gd:446
+2 Momentum back,+2 de Ímpetu de vuelta,scripts/autoload/game_data/GameDataSkills.gd:523
also weakens every foe's damage slightly,también reduce levemente el daño de cada enemigo,scripts/autoload/game_data/GameDataSkills.gd:524
also grants the party a dodge boost,también otorga al grupo un aumento de esquiva,scripts/autoload/game_data/GameDataSkills.gd:525
also shields the caster,también escuda al lanzador,scripts/autoload/game_data/GameDataSkills.gd:526
also stacks a small permanent damage boost,también acumula un pequeño aumento de daño permanente,scripts/autoload/game_data/GameDataSkills.gd:527
Shield Bash,Golpe de escudo,scripts/autoload/game_data/GameDataSkills.gd:585
"Hits the target for 110% and stuns it: it loses its next action and any wind-up. Bosses only lose a wind-up, and a foe stunned this round or last shakes it off.","Golpea al objetivo por el 110% y lo aturde: pierde su siguiente acción y cualquier carga. Los jefes solo pierden una carga, y un enemigo aturdido esta ronda o la anterior se lo sacude.",scripts/autoload/game_data/GameDataSkills.gd:586
Taunt,Provocar,scripts/autoload/game_data/GameDataSkills.gd:587
"Every foe aims its attacks at this hero until the round ends, and this hero takes 30% less from them.","Cada enemigo dirige sus ataques a este héroe hasta que acabe la ronda, y este héroe recibe de ellos un 30% menos.",scripts/autoload/game_data/GameDataSkills.gd:588
Aimed Shot,Disparo certero,scripts/autoload/game_data/GameDataSkills.gd:591
A 180% shot at the target that ignores armor and wards.,Un disparo del 180% al objetivo que ignora armadura y barreras.,scripts/autoload/game_data/GameDataSkills.gd:592
Volley,Andanada,scripts/autoload/game_data/GameDataSkills.gd:593
Hits every foe for 70%.,Golpea a cada enemigo por el 70%.,scripts/autoload/game_data/GameDataSkills.gd:594
Arcane Bolt,Proyectil arcano,scripts/autoload/game_data/GameDataSkills.gd:597
A 170% bolt at the target.,Un proyectil del 170% al objetivo.,scripts/autoload/game_data/GameDataSkills.gd:598
Frost Nova,Nova de escarcha,scripts/autoload/game_data/GameDataSkills.gd:599
Hits every foe for 60% and breaks every wind-up.,Golpea a cada enemigo por el 60% y rompe todas las cargas.,scripts/autoload/game_data/GameDataSkills.gd:600
Heal,Curar,scripts/autoload/game_data/GameDataSkills.gd:603
Heals the most-hurt ally for 30% of their max HP.,Cura al aliado más herido un 30% de sus PV máx.,scripts/autoload/game_data/GameDataSkills.gd:604
"Wards every ally for 15% of their max HP and cleanses burn, poison, chill, stun and curses.","Protege a cada aliado con una barrera del 15% de sus PV máx. y purifica quemaduras, veneno, congelación, aturdimiento y maldiciones.",scripts/autoload/game_data/GameDataSkills.gd:606
Backstab,Puñalada trasera,scripts/autoload/game_data/GameDataSkills.gd:609
"Hits the target for 150%, or 250% if it is winding up or below half health.","Golpea al objetivo por el 150%, o el 250% si está cargando o por debajo de media salud.",scripts/autoload/game_data/GameDataSkills.gd:610
Smoke Bomb,Bomba de humo,scripts/autoload/game_data/GameDataSkills.gd:611
also wards the most-hurt ally for 10% of their max HP,también protege al aliado más herido con una barrera del 10% de sus PV máx.,scripts/autoload/game_data/GameDataSkills.gd:634
also heals this hero 10% of their max HP,también cura a este héroe un 10% de sus PV máx.,scripts/autoload/game_data/GameDataSkills.gd:635
and this hero dodges the next hit aimed at them,y este héroe esquiva el siguiente golpe dirigido a él,scripts/autoload/game_data/GameDataSkills.gd:636
and the target burns for two rounds,y el objetivo arde durante dos rondas,scripts/autoload/game_data/GameDataSkills.gd:637
the first skill each fight hits 50% harder,la primera habilidad de cada combate golpea un 50% más fuerte,scripts/autoload/game_data/GameDataSkills.gd:638
+50% damage against foes below 40% HP,+50% de daño contra enemigos por debajo del 40% de PV,scripts/autoload/game_data/GameDataSkills.gd:639
your camp,tu campamento,scripts/autoload/game_state/GameStateBreach.gd:37
"+%d Gold, +%d Essence.","+%d de Oro, +%d de Esencia.",scripts/autoload/game_state/GameStateBreach.gd:95
+%d Laurels.,+%d Laureles.,scripts/autoload/game_state/GameStateBreach.gd:97
The gate held!,¡La puerta resistió!,scripts/autoload/game_state/GameStateBreach.gd:98
The breach is held!,¡La brecha está contenida!,scripts/autoload/game_state/GameStateBreach.gd:98
Lost %d Gold and %d Essence.,Perdiste %d de Oro y %d de Esencia.,scripts/autoload/game_state/GameStateBreach.gd:100
Damaged: %s.,Dañado: %s.,scripts/autoload/game_state/GameStateBreach.gd:102
The breach overran the guild,La brecha arrolló al gremio,scripts/autoload/game_state/GameStateBreach.gd:103
Only a guild that broke the Accord faces the tides,Solo un gremio que rompió el Acuerdo se enfrenta a las mareas,scripts/autoload/game_state/GameStateBreach.gd:132
Needs %d Gold and %d Essence,Necesita %d de Oro y %d de Esencia,scripts/autoload/game_state/GameStateBreach.gd:135
A tidewall is raised against the Open Hollow (%d in all).,Se alza un muro de marea contra el Hueco Abierto (%d en total).,scripts/autoload/game_state/GameStateBreach.gd:147
The gate is under attack!,¡La puerta está bajo ataque!,scripts/autoload/game_state/GameStateBreach.gd:171
Something has climbed the cords to the Inverted City's gate. Defend it before your next rift run.,Algo ha trepado por las cuerdas hasta la puerta de la Ciudad Invertida. Defiéndela antes de tu próxima incursión.,scripts/autoload/game_state/GameStateBreach.gd:172
The rift has broken!,¡La grieta se ha roto!,scripts/autoload/game_state/GameStateBreach.gd:184
Monsters pour out near %s. Defend before your next rift run.,Brotan monstruos cerca de %s. Defiende antes de tu próxima incursión.,scripts/autoload/game_state/GameStateBreach.gd:185
A Rank %s rift broke near %s.,Una grieta de Rango %s se rompió cerca de %s.,scripts/autoload/game_state/GameStateBreach.gd:186
The City's gate,La puerta de la Ciudad,scripts/autoload/game_state/GameStateBreach.gd:197
Something is climbing the cords to close the Inverted City's gate. It reaches the gate in %d days: hold it.,Algo trepa por las cuerdas para cerrar la puerta de la Ciudad Invertida. Llega a la puerta en %d días: resiste.,scripts/autoload/game_state/GameStateBreach.gd:198
Tide %d of the Open Hollow,Marea %d del Hueco Abierto,scripts/autoload/game_state/GameStateBreach.gd:208
"It breaks over %s in %d days, %d%% stronger than the first. A tide can't be sealed away; it has to be held.","Rompe sobre %s en %d días, un %d%% más fuerte que la primera. Una marea no se puede sellar; hay que resistirla.",scripts/autoload/game_state/GameStateBreach.gd:209
A rift is swelling,Una grieta se está hinchando,scripts/autoload/game_state/GameStateBreach.gd:219
"A Rank %s rift near %s breaks in %d days. Seal a Rank %s rift or higher before then, or prepare to defend.","Una grieta de Rango %s cerca de %s se romperá en %d días. Sella antes una grieta de Rango %s o superior, o prepárate para defender.",scripts/autoload/game_state/GameStateBreach.gd:220
The swelling rift is closed,La grieta hinchada está cerrada,scripts/autoload/game_state/GameStateBreach.gd:229
Sealing that rift closed it before it broke. +%d Essence.,Sellar esa grieta la cerró antes de que se rompiera. +%d de Esencia.,scripts/autoload/game_state/GameStateBreach.gd:230
A swelling Rank %s rift was closed in time.,Una grieta hinchada de Rango %s se cerró a tiempo.,scripts/autoload/game_state/GameStateBreach.gd:231
The Inverted City's gate held.,La puerta de la Ciudad Invertida resistió.,scripts/autoload/game_state/GameStateBreach.gd:273
The guild held against a Rank %s Riftbreak.,El gremio resistió un Desborde de Rango %s.,scripts/autoload/game_state/GameStateBreach.gd:279
A Rank %s Riftbreak overran the defenders.,Un Desborde de Rango %s arrolló a los defensores.,scripts/autoload/game_state/GameStateBreach.gd:292
Nothing to repair.,Nada que reparar.,scripts/autoload/game_state/GameStateBreach.gd:322
Not enough Gold.,No hay suficiente Oro.,scripts/autoload/game_state/GameStateBreach.gd:325
Payday: a bill of %d Gold (you have %d),Día de paga: una cuenta de %d de Oro (tienes %d),scripts/autoload/game_state/GameStateBreach.gd:341
"Payday: a bill of %d Gold, %d short","Día de paga: una cuenta de %d de Oro, faltan %d",scripts/autoload/game_state/GameStateBreach.gd:341
Payday in %d day%s,Día de paga en %d día%s,scripts/autoload/game_state/GameStateBreach.gd:343
%s finishes training,%s termina su entrenamiento,scripts/autoload/game_state/GameStateBreach.gd:346
%s is back on their feet,%s vuelve a estar en pie,scripts/autoload/game_state/GameStateBreach.gd:349
The rift near %s breaks open,La grieta cerca de %s se abre,scripts/autoload/game_state/GameStateBreach.gd:351
%s (foretold),%s (presagiado),scripts/autoload/game_state/GameStateBreach.gd:353
An omen,Un presagio,scripts/autoload/game_state/GameStateBreach.gd:410
Something will come of it tomorrow.,Algo saldrá de ello mañana.,scripts/autoload/game_state/GameStateBreach.gd:410
Needs %d Gold,Necesita %d de Oro,scripts/autoload/game_state/GameStateBreach.gd:548
Needs %d Essence,Necesita %d de Esencia,scripts/autoload/game_state/GameStateBreach.gd:549
Buy %s (%d Gold),Comprar %s (%d de Oro),scripts/autoload/game_state/GameStateBreach.gd:555
Sold,Vendido,scripts/autoload/game_state/GameStateBreach.gd:555
Drill %s (%d Essence),Entrenar %s (%d de Esencia),scripts/autoload/game_state/GameStateBreach.gd:560
Gone,Ya no está,scripts/autoload/game_state/GameStateBreach.gd:560
Thank them,Agradecerles,scripts/autoload/game_state/GameStateBreach.gd:561
Hire them (%d Gold),Contratarlo (%d de Oro),scripts/autoload/game_state/GameStateBreach.gd:563
Roster is full.,La plantilla está llena.,scripts/autoload/game_state/GameStateBreach.gd:563
Let them go,Dejarlo ir,scripts/autoload/game_state/GameStateBreach.gd:564
Temper it (%d Gold),Templarlo (%d de Oro),scripts/autoload/game_state/GameStateBreach.gd:572
Pay for the lecture (%d Gold),Pagar la lección (%d de Oro),scripts/autoload/game_state/GameStateBreach.gd:575
Pay for the feast (%d Gold),Pagar el banquete (%d de Oro),scripts/autoload/game_state/GameStateBreach.gd:578
Stay away,Mantenerse lejos,scripts/autoload/game_state/GameStateBreach.gd:579
Shelter them (%d Gold),Darles refugio (%d de Oro),scripts/autoload/game_state/GameStateBreach.gd:581
Pay the debt (%d Gold),Pagar la deuda (%d de Oro),scripts/autoload/game_state/GameStateBreach.gd:584
Sell it (%d Gold),Venderlo (%d de Oro),scripts/autoload/game_state/GameStateBreach.gd:587
Pay a bucket line (%d Gold),Pagar una cadena de cubos (%d de Oro),scripts/autoload/game_state/GameStateBreach.gd:590
%s fights the fire (busy today),%s combate el fuego (ocupado hoy),scripts/autoload/game_state/GameStateBreach.gd:591
Let it burn (the building is damaged),Dejar que arda (el edificio se daña),scripts/autoload/game_state/GameStateBreach.gd:592
Pay a healer (%d Gold),Pagar a un sanador (%d de Oro),scripts/autoload/game_state/GameStateBreach.gd:594
%s tends the sick (busy today),%s atiende a los enfermos (ocupado hoy),scripts/autoload/game_state/GameStateBreach.gd:595
Let it run (a hero is laid up 2 days),Dejar que siga (un héroe queda en cama 2 días),scripts/autoload/game_state/GameStateBreach.gd:596
Pay them off (%d Gold),Pagarles (%d de Oro),scripts/autoload/game_state/GameStateBreach.gd:598
%s drives them off (busy today),%s los ahuyenta (ocupado hoy),scripts/autoload/game_state/GameStateBreach.gd:599
Let them take it (15% of the Gold above the bill),Dejar que se lo lleven (15% del Oro por encima de la cuenta),scripts/autoload/game_state/GameStateBreach.gd:600
Pay to shore up (%d Gold),Pagar el apuntalamiento (%d de Oro),scripts/autoload/game_state/GameStateBreach.gd:602
%s holds the roof (busy today),%s sostiene el techo (ocupado hoy),scripts/autoload/game_state/GameStateBreach.gd:603
Ride it out (the building is damaged),Aguantar (el edificio se daña),scripts/autoload/game_state/GameStateBreach.gd:604
Hire sellswords (%d Gold),Contratar mercenarios (%d de Oro),scripts/autoload/game_state/GameStateBreach.gd:606
"%s fights it (busy today, comes back hurt; Essence)","%s se enfrenta a ello (ocupado hoy, vuelve herido; Esencia)",scripts/autoload/game_state/GameStateBreach.gd:607
"Let it roam (Essence lost, the camp damaged)","Dejar que vague (se pierde Esencia, el campamento se daña)",scripts/autoload/game_state/GameStateBreach.gd:608
No idle cleric,No hay clérigo libre,scripts/autoload/game_state/GameStateBreach.gd:625
No idle warrior or rogue,No hay guerrero ni pícaro libre,scripts/autoload/game_state/GameStateBreach.gd:625
No idle hero,No hay héroe libre,scripts/autoload/game_state/GameStateBreach.gd:625
A hero,Un héroe,scripts/autoload/game_state/GameStateBreach.gd:626
Bought: %s.,Comprado: %s.,scripts/autoload/game_state/GameStateBreach.gd:654
%s trained with %s.,%s entrenó con %s.,scripts/autoload/game_state/GameStateBreach.gd:664
%s joins the guild.,%s se une al gremio.,scripts/autoload/game_state/GameStateBreach.gd:672
%s is tempered.,%s está templado.,scripts/autoload/game_state/GameStateBreach.gd:688
Every hero at camp learned something.,Cada héroe del campamento aprendió algo.,scripts/autoload/game_state/GameStateBreach.gd:694
The guild feasts with the village: morale up.,El gremio celebra un banquete con la aldea: la moral sube.,scripts/autoload/game_state/GameStateBreach.gd:701
The families are sheltered. Word travels: +5 Renown.,Las familias tienen refugio. Se corre la voz: +5 de Renombre.,scripts/autoload/game_state/GameStateBreach.gd:709
The guild's name suffers: -5 Renown.,El nombre del gremio sufre: -5 de Renombre.,scripts/autoload/game_state/GameStateBreach.gd:715
"Sold, and %s grows stronger.","Vendido, y %s se hace más fuerte.",scripts/autoload/game_state/GameStateBreach.gd:722
%+d Gold.,%+d de Oro.,scripts/autoload/game_state/GameStateBreach.gd:760
%+d Essence.,%+d de Esencia.,scripts/autoload/game_state/GameStateBreach.gd:763
%+d Renown.,%+d de Renombre.,scripts/autoload/game_state/GameStateBreach.gd:766
Morale up.,La moral sube.,scripts/autoload/game_state/GameStateBreach.gd:771
Morale down.,La moral baja.,scripts/autoload/game_state/GameStateBreach.gd:771
%+d Resolve for the next party.,%+d de Temple para el próximo grupo.,scripts/autoload/game_state/GameStateBreach.gd:774
You receive: %s.,Recibes: %s.,scripts/autoload/game_state/GameStateBreach.gd:783
"Paid, and it passed.","Pagado, y pasó.",scripts/autoload/game_state/GameStateBreach.gd:792
%s drove them off and took their purse: +%d Gold.,%s los ahuyentó y se quedó con su bolsa: +%d de Oro.,scripts/autoload/game_state/GameStateBreach.gd:800
"%s closed the tear, hurt but alive: +%d Essence.","%s cerró el desgarro, herido pero vivo: +%d de Esencia.",scripts/autoload/game_state/GameStateBreach.gd:805
%s saw to it.,%s se encargó.,scripts/autoload/game_state/GameStateBreach.gd:806
The %s is damaged: it works a level lower until repaired.,%s está dañado: funciona un nivel por debajo hasta que se repare.,scripts/autoload/game_state/GameStateBreach.gd:810
Laid up with fever for 2 days: %s.,En cama con fiebre durante 2 días: %s.,scripts/autoload/game_state/GameStateBreach.gd:818
The bandits took %d Gold.,Los bandidos se llevaron %d de Oro.,scripts/autoload/game_state/GameStateBreach.gd:822
It roamed the camp: -%d Essence%s.,Merodeó por el campamento: -%d de Esencia%s.,scripts/autoload/game_state/GameStateBreach.gd:827
", the %s damaged",", daños en %s",scripts/autoload/game_state/GameStateBreach.gd:827
Not enough Gold,No hay suficiente Oro,scripts/autoload/game_state/GameStateCore.gd:239
Not enough Essence,No hay suficiente Esencia,scripts/autoload/game_state/GameStateCore.gd:239
Built,Construido,scripts/autoload/game_state/GameStateCore.gd:403
Opens when Act I is done,Se abre al terminar el Acto I,scripts/autoload/game_state/GameStateCore.gd:405
No such wing,No existe esa ala,scripts/autoload/game_state/GameStateCore.gd:417
The %s is rebuilt.,%s ha sido reconstruido.,scripts/autoload/game_state/GameStateCore.gd:420
Story,Historia,scripts/autoload/game_state/GameStateCore.gd:476
Standard,Estándar,scripts/autoload/game_state/GameStateCore.gd:476
Hardship %d,Penuria %d,scripts/autoload/game_state/GameStateCore.gd:476
Day %d: %s,Día %d: %s,scripts/autoload/game_state/GameStateCore.gd:565
%s is already used for: %s,%s ya se usa para: %s,scripts/autoload/game_state/GameStateCore.gd:852
That doesn't look like a Guildhold save,Eso no parece una partida de Guildhold,scripts/autoload/game_state/GameStateCore.gd:1064
That save is from a newer version of the game,Esa partida es de una versión más reciente del juego,scripts/autoload/game_state/GameStateCore.gd:1066
Couldn't write the save slot,No se pudo escribir la ranura de guardado,scripts/autoload/game_state/GameStateCore.gd:1073
%s earned %s!,¡%s ha obtenido %s!,scripts/autoload/game_state/GameStateHeroes.gd:26
Quirk earned: %s,Rasgo obtenido: %s,scripts/autoload/game_state/GameStateHeroes.gd:27
%s gains %s.,%s obtiene %s.,scripts/autoload/game_state/GameStateHeroes.gd:37
Title earned: %s,Título obtenido: %s,scripts/autoload/game_state/GameStateHeroes.gd:45
%s is now called %s.,Ahora %s se llama %s.,scripts/autoload/game_state/GameStateHeroes.gd:46
No such hero.,No existe ese héroe.,scripts/autoload/game_state/GameStateHeroes.gd:68
A name needs 2 to 14 letters.,Un nombre necesita de 2 a 14 letras.,scripts/autoload/game_state/GameStateHeroes.gd:70
That name can't be used.,Ese nombre no se puede usar.,scripts/autoload/game_state/GameStateHeroes.gd:72
Build the Arcane Lab first,Construye primero el Laboratorio Arcano,scripts/autoload/game_state/GameStateHeroes.gd:95
Need %d Gold,Se necesitan %d de Oro,scripts/autoload/game_state/GameStateHeroes.gd:101
%s signed %s (Rank %s) off your recruit board.,%s contrató a %s (Rango %s) de tu tablón de reclutas.,scripts/autoload/game_state/GameStateHeroes.gd:294
No %s answered; try another role,Ningún %s respondió; prueba otro rol,scripts/autoload/game_state/GameStateHeroes.gd:312
Already at the top level.,Ya está en el nivel máximo.,scripts/autoload/game_state/GameStateHeroes.gd:447
Not enough Essence.,No hay suficiente Esencia.,scripts/autoload/game_state/GameStateHeroes.gd:449
%s — party %s,%s — grupo %s,scripts/autoload/game_state/GameStateHeroes.gd:483
Champions don't evolve,Los campeones no evolucionan,scripts/autoload/game_state/GameStateHeroes.gd:584
Already Rank S,Ya es Rango S,scripts/autoload/game_state/GameStateHeroes.gd:587
Must be Level 10 to evolve,Debe ser nivel 10 para evolucionar,scripts/autoload/game_state/GameStateHeroes.gd:589
 · stage %d training opens, · se abre el entrenamiento de etapa %d,scripts/autoload/game_state/GameStateHeroes.gd:624
Evolved — Rank %s,Evolucionado — Rango %s,scripts/autoload/game_state/GameStateHeroes.gd:625
"%s is level 1 again, with +%d%% XP for %d rift runs%s.","%s vuelve al nivel 1, con +%d%% de EXP durante %d incursiones%s.",scripts/autoload/game_state/GameStateHeroes.gd:625
Seal a Rank %s rift first,Sella primero una grieta de Rango %s,scripts/autoload/game_state/GameStateHeroes.gd:634
Trained: %s,Entrenado: %s,scripts/autoload/game_state/GameStateHeroes.gd:684
"%s is a %s now (%s, stage %d).","Ahora %s es %s (%s, etapa %d).",scripts/autoload/game_state/GameStateHeroes.gd:684
A calling: %s,Una vocación: %s,scripts/autoload/game_state/GameStateHeroes.gd:689
Learn the prerequisite skill(s) first,Aprende primero las habilidades requeridas,scripts/autoload/game_state/GameStateHeroes.gd:741
Master one of this tree's paths first,Domina primero una de las sendas de este árbol,scripts/autoload/game_state/GameStateHeroes.gd:743
Locked out — you already chose the other path,Bloqueado: ya elegiste la otra senda,scripts/autoload/game_state/GameStateHeroes.gd:746
Seal a Rank %s or higher rift first,Sella primero una grieta de Rango %s o superior,scripts/autoload/game_state/GameStateHeroes.gd:748
Not enough Skill Points,No hay suficientes Puntos de Habilidad,scripts/autoload/game_state/GameStateHeroes.gd:753
This hero has no Active Ability yet,Este héroe aún no tiene Habilidad Activa,scripts/autoload/game_state/GameStateHeroes.gd:792
Already awakened,Ya despertado,scripts/autoload/game_state/GameStateHeroes.gd:794
Can't reset this hero,No se puede reiniciar este héroe,scripts/autoload/game_state/GameStateHeroes.gd:921
Nothing to reset,Nada que reiniciar,scripts/autoload/game_state/GameStateHeroes.gd:924
Can't train this hero,No se puede entrenar a este héroe,scripts/autoload/game_state/GameStateHeroes.gd:971
Already training,Ya está entrenando,scripts/autoload/game_state/GameStateHeroes.gd:973
Pick a program and a length,Elige un programa y una duración,scripts/autoload/game_state/GameStateHeroes.gd:975
Not here to train,No está aquí para entrenar,scripts/autoload/game_state/GameStateHeroes.gd:977
Every station is taken,Todos los puestos están ocupados,scripts/autoload/game_state/GameStateHeroes.gd:979
Training done,Entrenamiento terminado,scripts/autoload/game_state/GameStateHeroes.gd:1024
%s is back from the Training Yard.,%s ha vuelto del Patio de Entrenamiento.,scripts/autoload/game_state/GameStateHeroes.gd:1024
Your belt is full (%d tonics),Tu cinturón está lleno (%d tónicos),scripts/autoload/game_state/GameStateItems.gd:10
Gear attuned,Equipo sintonizado,scripts/autoload/game_state/GameStateItems.gd:111
%s grows stronger (%d/%d),%s se hace más fuerte (%d/%d),scripts/autoload/game_state/GameStateItems.gd:111
No such item,No existe ese objeto,scripts/autoload/game_state/GameStateItems.gd:129
Fully tempered,Templado al máximo,scripts/autoload/game_state/GameStateItems.gd:132
Can't reforge this item,No se puede reforjar este objeto,scripts/autoload/game_state/GameStateItems.gd:159
No such stat,No existe ese atributo,scripts/autoload/game_state/GameStateItems.gd:162
Legendaries can't be rerolled,Los legendarios no se pueden volver a tirar,scripts/autoload/game_state/GameStateItems.gd:380
No trigger,Sin activador,scripts/autoload/game_state/GameStateItems.gd:386
No such effect,No existe ese efecto,scripts/autoload/game_state/GameStateItems.gd:393
Already max level,Ya está al nivel máximo,scripts/autoload/game_state/GameStateItems.gd:425
This Legendary relic's power is fixed: a level wouldn't change it,El poder de esta reliquia Legendaria es fijo: un nivel no lo cambiaría,scripts/autoload/game_state/GameStateItems.gd:427
Relic awakened,Reliquia despertada,scripts/autoload/game_state/GameStateItems.gd:444
%s gains a new power,%s obtiene un nuevo poder,scripts/autoload/game_state/GameStateItems.gd:444
A fragment: %s,Un fragmento: %s,scripts/autoload/game_state/GameStateLore.gd:128
"Kept in Library > Codex > Truths, for this guild and every guild after it.","Guardado en Biblioteca > Códice > Verdades, para este gremio y todos los que vengan después.",scripts/autoload/game_state/GameStateLore.gd:129
A truth,Una verdad,scripts/autoload/game_state/GameStateLore.gd:155
A truth: %s,Una verdad: %s,scripts/autoload/game_state/GameStateLore.gd:157
The Crown's auditors took %d Gold.,Los auditores de la Corona se llevaron %d de Oro.,scripts/autoload/game_state/GameStateLore.gd:298
The Crown takes its tithe: %d Gold.,La Corona cobra su diezmo: %d de Oro.,scripts/autoload/game_state/GameStateLore.gd:321
The Crown's pension arrives: %d Gold.,Llega la pensión de la Corona: %d de Oro.,scripts/autoload/game_state/GameStateLore.gd:324
Breach Rift,Grieta de brecha,scripts/autoload/game_state/GameStateModes.gd:59
"Act %s complete — +%d Essence, %s","Acto %s completado — +%d de Esencia, %s",scripts/autoload/game_state/GameStateModes.gd:209
 · %s unlocked, · %s desbloqueado,scripts/autoload/game_state/GameStateModes.gd:211
Act %s complete — +%d Essence,Acto %s completado — +%d de Esencia,scripts/autoload/game_state/GameStateModes.gd:212
 — sealed, — sellada,scripts/autoload/game_state/GameStateModes.gd:215
A champion is freed,Un campeón es liberado,scripts/autoload/game_state/GameStateModes.gd:221
"Deep in %s, held in a pillar of light, your guild finds %s. %s

%s

Champions oversee your rift runs (their Boon, and their Call) and fight in the Endless Rift. See Roster > Champions.","En lo profundo de %s, preso en un pilar de luz, tu gremio encuentra a %s. %s

%s

Los campeones supervisan tus incursiones (su Don y su Llamada) y luchan en la Grieta Infinita. Ver Plantilla > Campeones.",scripts/autoload/game_state/GameStateModes.gd:222
The Iron Chorus calls it harbouring a deserter (+%d Renown to them).,El Coro de Hierro lo llama dar cobijo a una desertora (+%d de Renombre para ellos).,scripts/autoload/game_state/GameStateModes.gd:293
"Vaelith was let go at the Breach, and joined the guild.","Vaelith fue liberada en la Brecha, y se unió al gremio.",scripts/autoload/game_state/GameStateModes.gd:299
"The archive was carried out of the Spire, and Hollin flooded.","El archivo fue sacado de la Aguja, y Hollin se inundó.",scripts/autoload/game_state/GameStateModes.gd:333
"Hollin was saved from the flood, and the Spire's archive drowned.","Hollin se salvó de la inundación, y el archivo de la Aguja se ahogó.",scripts/autoload/game_state/GameStateModes.gd:333
%s remembers: %s,%s recuerda: %s,scripts/autoload/game_state/GameStateModes.gd:361
A page of the Grandmaster's ledger,Una página del libro de la Gran Maestre,scripts/autoload/game_state/GameStateModes.gd:378
"Page %d of %d, found in the rift. Read it in Library > Codex > Chronicle.","Página %d de %d, hallada en la grieta. Léela en Biblioteca > Códice > Crónica.",scripts/autoload/game_state/GameStateModes.gd:379
"An echo, from the last rift","Un eco, de la última grieta",scripts/autoload/game_state/GameStateModes.gd:392
Given back · +%d Renown,Devuelto · +%d de Renombre,scripts/autoload/game_state/GameStateModes.gd:417
An echo was given back to the village: %s.,Se devolvió un eco a la aldea: %s.,scripts/autoload/game_state/GameStateModes.gd:418
An echo was kept: %s (+%d Essence).,Se conservó un eco: %s (+%d de Esencia).,scripts/autoload/game_state/GameStateModes.gd:421
Morrow can't be bought by this guild.,Este gremio no puede comprar a Morrow.,scripts/autoload/game_state/GameStateModes.gd:520
Turning Morrow takes %d Gold.,Poner a Morrow de tu lado cuesta %d de Oro.,scripts/autoload/game_state/GameStateModes.gd:523
"Captain Morrow was bought, and joined the guild.","El capitán Morrow fue comprado, y se unió al gremio.",scripts/autoload/game_state/GameStateModes.gd:540
Buying the Charter takes %d Gold.,Comprar la Carta cuesta %d de Oro.,scripts/autoload/game_state/GameStateModes.gd:572
The Royal Charter was bought.,La Carta Real fue comprada.,scripts/autoload/game_state/GameStateModes.gd:579
The kept echoes were poured into Ezra's lantern.,Los ecos conservados se vertieron en el farol de Ezra.,scripts/autoload/game_state/GameStateModes.gd:598
The End,Fin,scripts/autoload/game_state/GameStateModes.gd:652
The campaign is complete,La campaña está completa,scripts/autoload/game_state/GameStateModes.gd:652
"Thank you for playing. Your guild endures: push the Endless Rift, climb the rift ladder, and take on quests for as long as rifts keep opening.","Gracias por jugar. Tu gremio perdura: avanza en la Grieta Infinita, sube la escalera de grietas y acepta misiones mientras sigan abriéndose grietas.",scripts/autoload/game_state/GameStateModes.gd:652
the guild before you,el gremio que te precedió,scripts/autoload/game_state/GameStateModes.gd:672
A letter from the forty-first post,Una carta desde el puesto cuadragésimo primero,scripts/autoload/game_state/GameStateModes.gd:678
The forty-second line isn't open to this guild.,La línea cuadragésima segunda no está abierta para este gremio.,scripts/autoload/game_state/GameStateModes.gd:700
Hesper won't sign for this guild.,Hesper no firmará por este gremio.,scripts/autoload/game_state/GameStateModes.gd:703
Choose a hero to take the post.,Elige a un héroe para ocupar el puesto.,scripts/autoload/game_state/GameStateModes.gd:715
The guild needs at least one hero.,El gremio necesita al menos un héroe.,scripts/autoload/game_state/GameStateModes.gd:717
Took the forty-first post,Ocupó el puesto cuadragésimo primero,scripts/autoload/game_state/GameStateModes.gd:722
Act %s — %s,Acto %s — %s,scripts/autoload/game_state/GameStateModes.gd:770
Foe: %s,Enemigo: %s,scripts/autoload/game_state/GameStateModes.gd:770
II,II,scripts/autoload/game_state/GameStateModes.gd:774
III,III,scripts/autoload/game_state/GameStateModes.gd:774
"A crossing, %s","Un cruce, %s",scripts/autoload/game_state/GameStateModes.gd:809
%s: they sang the oath in the square.,%s: cantaron el juramento en la plaza.,scripts/autoload/game_state/GameStateModes.gd:837
%s: let through. The villages are frightened (-%d Renown).,%s: los dejaste pasar. Las aldeas tienen miedo (-%d de Renombre).,scripts/autoload/game_state/GameStateModes.gd:843
%s: let through. Hollin takes them in.,%s: los dejaste pasar. Hollin los acoge.,scripts/autoload/game_state/GameStateModes.gd:845
She joins the guild,Ella se une al gremio,scripts/autoload/game_state/GameStateModes.gd:858
%s: turned back. The Crown pays its bounty (+%d Gold).,%s: los hiciste volver. La Corona paga su recompensa (+%d de Oro).,scripts/autoload/game_state/GameStateModes.gd:862
The Descent · depth %d,El Descenso · profundidad %d,scripts/autoload/game_state/GameStateModes.gd:983
Rank %s rift,Grieta de Rango %s,scripts/autoload/game_state/GameStateModes.gd:985
 · daily twist, · giro diario,scripts/autoload/game_state/GameStateModes.gd:985
Act %s finale,Final del Acto %s,scripts/autoload/game_state/GameStateModes.gd:987
Rift,Grieta,scripts/autoload/game_state/GameStateModes.gd:988
"This charter is earned by a deed, not bought.","Esta carta se gana con una hazaña, no se compra.",scripts/autoload/game_state/GameStateModes.gd:1460
This charter needs a truth first.,Esta carta necesita primero una verdad.,scripts/autoload/game_state/GameStateModes.gd:1462
Not enough Laurels.,No hay suficientes Laureles.,scripts/autoload/game_state/GameStateModes.gd:1464
Only Keepers of the Vale restore the old halls,Solo los Guardianes del Valle restauran los viejos salones,scripts/autoload/game_state/GameStateModes.gd:1511
Restored,Restaurado,scripts/autoload/game_state/GameStateModes.gd:1513
Restore the other six halls first,Restaura primero los otros seis salones,scripts/autoload/game_state/GameStateModes.gd:1515
Keepers of the Vale,Guardianes del Valle,scripts/autoload/game_state/GameStateModes.gd:1533
%s is restored.,%s ha sido restaurado.,scripts/autoload/game_state/GameStateModes.gd:1534
"Evolve %s to Rank %s: %d Gold, %d Essence.","Evoluciona a %s a Rango %s: %d de Oro, %d de Esencia.",scripts/autoload/game_state/GameStateModes.gd:1574
"Train %s as a %s at the Training Yard (stage %d): %d Gold, %d Essence.","Entrena a %s como %s en el Patio de Entrenamiento (etapa %d): %d de Oro, %d de Esencia.",scripts/autoload/game_state/GameStateModes.gd:1583
"Hire %s from the recruit board: Rank %s, %d Gold. Your weakest hero is Rank %s.","Contrata a %s del tablón de reclutas: Rango %s, %d de Oro. Tu héroe más débil es Rango %s.",scripts/autoload/game_state/GameStateModes.gd:1595
"Build the Drill Yard to level %d: +4%% damage and health for every hero, %d Essence.","Mejora el Patio de Instrucción a nivel %d: +4%% de daño y salud para cada héroe, %d de Esencia.",scripts/autoload/game_state/GameStateModes.gd:1601
Upgrade %s on the Relic Altar to level %d: %d Essence.,Mejora %s en el Altar de Reliquias a nivel %d: %d de Esencia.,scripts/autoload/game_state/GameStateModes.gd:1612
"Build %s to level %d (Guild Management): %s, %d Essence.","Mejora %s a nivel %d (Gestión del Gremio): %s, %d de Esencia.",scripts/autoload/game_state/GameStateModes.gd:1627
"Rebuild the War Room (Guild Hall > Hall Works): +5%% damage and health for every hero, %d Gold.","Reconstruye la Sala de Guerra (Salón del Gremio > Obras del Salón): +5%% de daño y salud para cada héroe, %d de Oro.",scripts/autoload/game_state/GameStateModes.gd:1631
"Temper %s's %s at the Forge (their gear slot on the Roster): +%d%% to its stats, %d Gold.","Templa el equipo de %s (%s) en la Forja (su ranura de equipo en la Plantilla): +%d%% a sus atributos, %d de Oro.",scripts/autoload/game_state/GameStateModes.gd:1640
"Level %s to %d: a stronger Boon, %d Essence.","Sube %s a nivel %d: un Don más fuerte, %d de Esencia.",scripts/autoload/game_state/GameStateModes.gd:1643
Endowments open once the guild's legacy is written.,Las dotaciones se abren cuando el legado del gremio esté escrito.,scripts/autoload/game_state/GameStateModes.gd:1687
Gold set aside for the next guild: +1 Laurel.,Oro reservado para el próximo gremio: +1 Laurel.,scripts/autoload/game_state/GameStateModes.gd:1693
The Chronicle grows,La Crónica crece,scripts/autoload/game_state/GameStateModes.gd:1740
%s: +%d Laurels.,%s: +%d Laureles.,scripts/autoload/game_state/GameStateModes.gd:1741
Act %s done,Acto %s terminado,scripts/autoload/game_state/GameStateModes.gd:1788
Tower of Trials floor %d,"Torre de las Pruebas, piso %d",scripts/autoload/game_state/GameStateModes.gd:1789
seal %d rifts with a %s in the party (%d/%d),sella %d grietas con un %s en el grupo (%d/%d),scripts/autoload/game_state/GameStateModes.gd:1790
beat a rift boss by hand with no one down,vence a un jefe de grieta a mano sin que nadie caiga,scripts/autoload/game_state/GameStateModes.gd:1791
free a lost champion,libera a un campeón perdido,scripts/autoload/game_state/GameStateModes.gd:1792
seal a Rank %s rift,sella una grieta de Rango %s,scripts/autoload/game_state/GameStateModes.gd:1793
hold a Rank %s Riftbreak,resiste un Desborde de Rango %s,scripts/autoload/game_state/GameStateModes.gd:1794
 and , y ,scripts/autoload/game_state/GameStateModes.gd:1795
New training: %s,Nuevo entrenamiento: %s,scripts/autoload/game_state/GameStateModes.gd:1823
"A Legend for every %s Path, trained at Rank S.","Una Leyenda para cada Senda de %s, entrenada en Rango S.",scripts/autoload/game_state/GameStateModes.gd:1824
"%s, stage %d, at the Training Yard.","%s, etapa %d, en el Patio de Entrenamiento.",scripts/autoload/game_state/GameStateModes.gd:1824
Not the next stage,No es la siguiente etapa,scripts/autoload/game_state/GameStateModes.gd:1863
Opens at Rank %s,Se abre en Rango %s,scripts/autoload/game_state/GameStateModes.gd:1865
Locked: %s,Bloqueado: %s,scripts/autoload/game_state/GameStateModes.gd:1867
No such hero,No existe ese héroe,scripts/autoload/game_state/GameStateModes.gd:1885
Not a training this hero can take,No es un entrenamiento que este héroe pueda tomar,scripts/autoload/game_state/GameStateModes.gd:1888
%s took the contract: %s.,%s tomó el contrato: %s.,scripts/autoload/game_state/GameStateQuests.gd:1000
Contract failed: %s (-%d Renown).,Contrato fallido: %s (-%d de Renombre).,scripts/autoload/game_state/GameStateQuests.gd:137
Contract failed,Contrato fallido,scripts/autoload/game_state/GameStateQuests.gd:138
"%s ran out of time. -%d Renown, and the guild's morale dips.","%s se quedó sin tiempo. -%d de Renombre, y la moral del gremio baja.",scripts/autoload/game_state/GameStateQuests.gd:138
You can only take %d at a time,Solo puedes tomar %d a la vez,scripts/autoload/game_state/GameStateQuests.gd:150
You took the contract before %s could: %s.,Tomaste el contrato antes que %s: %s.,scripts/autoload/game_state/GameStateQuests.gd:157
Hunt: defeat %s ×%d,Caza: derrota a %s ×%d,scripts/autoload/game_state/GameStateQuests.gd:175
Hunt: win %d Elite fight%s,Caza: gana %d combate%s de élite,scripts/autoload/game_state/GameStateQuests.gd:176
Bounty: defeat %s,Recompensa: derrota a %s,scripts/autoload/game_state/GameStateQuests.gd:177
Seal: seal a Rank %s+ rift,Sello: sella una grieta de Rango %s+,scripts/autoload/game_state/GameStateQuests.gd:178
Seal: seal a Rank C+ rift,Sello: sella una grieta de Rango C+,scripts/autoload/game_state/GameStateQuests.gd:179
Trial: seal a rift with 2 heroes or fewer,Prueba: sella una grieta con 2 héroes o menos,scripts/autoload/game_state/GameStateQuests.gd:180
Trial: seal a rift without any hero going down,Prueba: sella una grieta sin que caiga ningún héroe,scripts/autoload/game_state/GameStateQuests.gd:181
Supply: craft %d item%s or relic%s,Suministro: fabrica %d objeto%s o reliquia%s,scripts/autoload/game_state/GameStateQuests.gd:182
Trial: win %d fight%s without a hero going down,Prueba: gana %d combate%s sin que caiga un héroe,scripts/autoload/game_state/GameStateQuests.gd:183
%d Gold,%d de Oro,scripts/autoload/game_state/GameStateQuests.gd:190
%d Essence,%d de Esencia,scripts/autoload/game_state/GameStateQuests.gd:192
%d Renown,%d de Renombre,scripts/autoload/game_state/GameStateQuests.gd:194
No request is waiting.,No hay ninguna petición pendiente.,scripts/autoload/game_state/GameStateQuests.gd:503
"%s — no answer by payday, taken as a no.","%s — sin respuesta antes del día de paga, se toma como un no.",scripts/autoload/game_state/GameStateQuests.gd:623
Volunteers joined the guild: %s.,Se unieron voluntarios al gremio: %s.,scripts/autoload/game_state/GameStateQuests.gd:662
Volunteers,Voluntarios,scripts/autoload/game_state/GameStateQuests.gd:663
%s joined for free. A guild short on heroes and Gold draws volunteers; Rank F rifts pay enough to rebuild.,%s se unió gratis. Un gremio corto de héroes y de Oro atrae voluntarios; las grietas de Rango F pagan lo suficiente para reconstruir.,scripts/autoload/game_state/GameStateQuests.gd:663
"Payday: %d Gold in wages, %s.","Día de paga: %d de Oro en sueldos, %s.",scripts/autoload/game_state/GameStateQuests.gd:673
%d in upkeep,%d de mantenimiento,scripts/autoload/game_state/GameStateQuests.gd:673
upkeep unpaid (-%d Renown),mantenimiento impagado (-%d de Renombre),scripts/autoload/game_state/GameStateQuests.gd:673
 Unpaid: %s., Sin paga: %s.,scripts/autoload/game_state/GameStateQuests.gd:675
 Walked out: %s., Se fueron: %s.,scripts/autoload/game_state/GameStateQuests.gd:677
%s the %s (Renown %d vs %d).,%s %s (Renombre %d contra %d).,scripts/autoload/game_state/GameStateQuests.gd:679
Your guild leads,Tu gremio aventaja a,scripts/autoload/game_state/GameStateQuests.gd:679
The guild trails,El gremio va por detrás de,scripts/autoload/game_state/GameStateQuests.gd:679
Your guild is level with,Tu gremio está a la par de,scripts/autoload/game_state/GameStateQuests.gd:679
 Recruits favor you this week: +1 offer., Los reclutas te prefieren esta semana: +1 oferta.,scripts/autoload/game_state/GameStateQuests.gd:679
 Recruits favor them this week: -1 offer., Los reclutas los prefieren esta semana: -1 oferta.,scripts/autoload/game_state/GameStateQuests.gd:679
"%d Gold in wages, %s","%d de Oro en sueldos, %s",scripts/autoload/game_state/GameStateQuests.gd:681
%d upkeep,%d de mantenimiento,scripts/autoload/game_state/GameStateQuests.gd:681
 · couldn't pay %s, · no se pudo pagar a %s,scripts/autoload/game_state/GameStateQuests.gd:683
 · %s walked out, · %s se fue,scripts/autoload/game_state/GameStateQuests.gd:685
Payday,Día de paga,scripts/autoload/game_state/GameStateQuests.gd:686
They're on a rift right now,Están en una grieta ahora mismo,scripts/autoload/game_state/GameStateQuests.gd:774
The guild needs at least one hero,El gremio necesita al menos un héroe,scripts/autoload/game_state/GameStateQuests.gd:776
%s left the guild.,%s dejó el gremio.,scripts/autoload/game_state/GameStateQuests.gd:778
Already feasted this week,Ya hubo banquete esta semana,scripts/autoload/game_state/GameStateQuests.gd:795
A feast in the hall: +%d morale for %d hero%s%s.,Un banquete en el salón: +%d de moral para %d héroe%s%s.,scripts/autoload/game_state/GameStateQuests.gd:805
 (no seats for %d), (sin asiento para %d),scripts/autoload/game_state/GameStateQuests.gd:805
"%s of %s: ""%s""","%s, de %s: ""%s""",scripts/autoload/game_state/GameStateQuests.gd:824
%s is courting %s,%s está cortejando a %s,scripts/autoload/game_state/GameStateQuests.gd:890
a hero,un héroe,scripts/autoload/game_state/GameStateQuests.gd:890
%s dares you to seal a Rank %s rift by payday,%s te reta a sellar una grieta de Rango %s antes del día de paga,scripts/autoload/game_state/GameStateQuests.gd:892
%s is after one of your posted contracts,%s va tras uno de tus contratos publicados,scripts/autoload/game_state/GameStateQuests.gd:894
"%s has offered %s a place, and better pay. Match it, or let %s choose: a hero stays at morale %d or above (now %d).","%s le ha ofrecido a %s un puesto, y mejor paga. Iguálala, o deja que %s elija: un héroe se queda con moral %d o más (ahora %d).",scripts/autoload/game_state/GameStateQuests.gd:904
You took the dare. Seal a Rank %s rift (or higher) before payday: +%d Renown and they lose %d. Miss it and they gain %d.,"Aceptaste el reto. Sella una grieta de Rango %s (o superior) antes del día de paga: +%d de Renombre y ellos pierden %d. Si fallas, ellos ganan %d.",scripts/autoload/game_state/GameStateQuests.gd:907
"%s says your guild can't seal a Rank %s rift before payday, and says it in every tavern.","%s dice que tu gremio no puede sellar una grieta de Rango %s antes del día de paga, y lo dice en cada taberna.",scripts/autoload/game_state/GameStateQuests.gd:908
"%s means to take the contract ""%s"" off the board. Take it on now, or let it go.","%s pretende quitar del tablón el contrato ""%s"". Tómalo ahora, o déjalo pasar.",scripts/autoload/game_state/GameStateQuests.gd:911
"Counter-offer: %d Gold, +%d morale","Contraoferta: %d de Oro, +%d de moral",scripts/autoload/game_state/GameStateQuests.gd:942
Let them choose (they'd %s),Dejar que elija (%s),scripts/autoload/game_state/GameStateQuests.gd:943
stay,se quedaría,scripts/autoload/game_state/GameStateQuests.gd:943
leave,se iría,scripts/autoload/game_state/GameStateQuests.gd:943
"Accept: +%d Renown if you do it, they gain %d if not","Aceptar: +%d de Renombre si lo logras, ellos ganan %d si no",scripts/autoload/game_state/GameStateQuests.gd:947
Decline: they gain %d Renown,Rechazar: ellos ganan %d de Renombre,scripts/autoload/game_state/GameStateQuests.gd:948
Take it on now (due in %d days),Tomarlo ahora (vence en %d días),scripts/autoload/game_state/GameStateQuests.gd:952
You already have %d contracts.,Ya tienes %d contratos.,scripts/autoload/game_state/GameStateQuests.gd:952
Let them have it,Dejar que se lo queden,scripts/autoload/game_state/GameStateQuests.gd:953
Nothing to answer.,Nada que responder.,scripts/autoload/game_state/GameStateQuests.gd:960
You matched %s's offer; %s stays.,Igualaste la oferta de %s; %s se queda.,scripts/autoload/game_state/GameStateQuests.gd:972
%s turned down %s and stays with the guild.,%s rechazó a %s y se queda con el gremio.,scripts/autoload/game_state/GameStateQuests.gd:976
%s left to join %s.,%s se fue para unirse a %s.,scripts/autoload/game_state/GameStateQuests.gd:979
A hero left,Un héroe se fue,scripts/autoload/game_state/GameStateQuests.gd:980
%s joined %s.,%s se unió a %s.,scripts/autoload/game_state/GameStateQuests.gd:980
You took %s's dare: a Rank %s rift by payday.,Aceptaste el reto de %s: una grieta de Rango %s antes del día de paga.,scripts/autoload/game_state/GameStateQuests.gd:985
You turned down %s's dare; they crow about it (+%d Renown to them).,Rechazaste el reto de %s; lo pregonan a los cuatro vientos (+%d de Renombre para ellos).,scripts/autoload/game_state/GameStateQuests.gd:990
"Dare won: a Rank %s rift sealed. +%d Renown, and %s loses %d.","Reto ganado: grieta de Rango %s sellada. +%d de Renombre, y %s pierde %d.",scripts/autoload/game_state/GameStateQuests.gd:1013
Dare won,Reto ganado,scripts/autoload/game_state/GameStateQuests.gd:1014
+%d Renown; %s loses %d.,+%d de Renombre; %s pierde %d.,scripts/autoload/game_state/GameStateQuests.gd:1014
Dare lost: no Rank %s rift by payday. %s gains %d Renown.,Reto perdido: ninguna grieta de Rango %s antes del día de paga. %s gana %d de Renombre.,scripts/autoload/game_state/GameStateQuests.gd:1025
Dare lost,Reto perdido,scripts/autoload/game_state/GameStateQuests.gd:1026
%s gains %d Renown.,%s gana %d de Renombre.,scripts/autoload/game_state/GameStateQuests.gd:1026
%s — no answer by payday.,%s — sin respuesta antes del día de paga.,scripts/autoload/game_state/GameStateQuests.gd:1029
"You won the month's contest, %d Renown to %d: +%d Gold, +%d Renown.","Ganaste el concurso del mes, %d de Renombre contra %d: +%d de Oro, +%d de Renombre.",scripts/autoload/game_state/GameStateQuests.gd:1059
Contest won,Concurso ganado,scripts/autoload/game_state/GameStateQuests.gd:1060
"%d Renown gained to %s's %d. +%d Gold, +%d Renown.","Ganaste %d de Renombre; %s, solo %d. +%d de Oro, +%d de Renombre.",scripts/autoload/game_state/GameStateQuests.gd:1060
"%s won the month's contest, %d Renown to your %d.","%s ganó el concurso del mes, %d de Renombre contra tus %d.",scripts/autoload/game_state/GameStateQuests.gd:1063
Contest lost,Concurso perdido,scripts/autoload/game_state/GameStateQuests.gd:1064
%s gained %d Renown to your %d and takes the prize.,%s ganó %d de Renombre contra tus %d y se lleva el premio.,scripts/autoload/game_state/GameStateQuests.gd:1064
The month's contest ends level at %d Renown each.,El concurso del mes termina empatado a %d de Renombre cada uno.,scripts/autoload/game_state/GameStateQuests.gd:1066
New: %s,Nuevo: %s,scripts/autoload/game_state/GameStateRuns.gd:90
New at camp,Novedades en el campamento,scripts/autoload/game_state/GameStateRuns.gd:93
 — check the tabs above., — revisa las pestañas de arriba.,scripts/autoload/game_state/GameStateRuns.gd:93
Sworn to fight By Hand: no Quick fight,Juramento de luchar A mano: sin Combate rápido,scripts/autoload/game_state/GameStateRuns.gd:310
A finale is fought in full,Un final se combate completo,scripts/autoload/game_state/GameStateRuns.gd:312
"Quick fight opens once you seal a Rank %s rift, or with a party at %d%% of Recommended power","El Combate rápido se abre al sellar una grieta de Rango %s, o con un grupo al %d%% del poder Recomendado",scripts/autoload/game_state/GameStateRuns.gd:316
Captain Morrow is beaten; the Hollow Crown Company is finished.,El capitán Morrow ha sido derrotado; la Compañía de la Corona Hueca está acabada.,scripts/autoload/game_state/GameStateRuns.gd:419
The party rests by the fire and recovers %d%% HP.,El grupo descansa junto al fuego y recupera un %d%% de PV.,scripts/autoload/game_state/GameStateRuns.gd:546
The party drills together: +%d XP each.,El grupo entrena junto: +%d de EXP cada uno.,scripts/autoload/game_state/GameStateRuns.gd:550
"Weapons sharpened, focus restored — the next fight starts with +4 Momentum.","Armas afiladas, concentración recuperada: el siguiente combate empieza con +4 de Ímpetu.",scripts/autoload/game_state/GameStateRuns.gd:553
%+d Resolve.,%+d de Temple.,scripts/autoload/game_state/GameStateRuns.gd:556
"%s check (%s, %d vs %d): %s.","Prueba de %s (%s, %d contra %d): %s.",scripts/autoload/game_state/GameStateRuns.gd:605
Luck is with you.,La suerte está de tu lado.,scripts/autoload/game_state/GameStateRuns.gd:610
Luck is not with you.,La suerte no está de tu lado.,scripts/autoload/game_state/GameStateRuns.gd:610
You move on.,Sigues adelante.,scripts/autoload/game_state/GameStateRuns.gd:615
+%d Gold.,+%d de Oro.,scripts/autoload/game_state/GameStateRuns.gd:652
+%d Essence.,+%d de Esencia.,scripts/autoload/game_state/GameStateRuns.gd:656
Every hero gains %d XP.,Cada héroe gana %d de EXP.,scripts/autoload/game_state/GameStateRuns.gd:664
The party heals %d%% HP.,El grupo se cura un %d%% de PV.,scripts/autoload/game_state/GameStateRuns.gd:668
Everyone loses %d%% HP.,Todos pierden un %d%% de PV.,scripts/autoload/game_state/GameStateRuns.gd:672
The next fight starts with +3 Momentum.,El siguiente combate empieza con +3 de Ímpetu.,scripts/autoload/game_state/GameStateRuns.gd:675
+%d Healing Tonic.,+%d Tónico Curativo.,scripts/autoload/game_state/GameStateRuns.gd:682
You can't carry another tonic.,No puedes llevar otro tónico.,scripts/autoload/game_state/GameStateRuns.gd:682
A %d-point shield against hazards.,Un escudo de %d puntos contra peligros.,scripts/autoload/game_state/GameStateRuns.gd:685
You receive: %s (%s).,Recibes: %s (%s).,scripts/autoload/game_state/GameStateRuns.gd:693
%s is tempered on the old anvil.,%s se templa en el viejo yunque.,scripts/autoload/game_state/GameStateRuns.gd:781
The shrine answers: %s learn the most.,"El santuario responde: %s, los que más aprenden.",scripts/autoload/game_state/GameStateRuns.gd:804
"The shrine answers, faintly: a little XP for everyone.","El santuario responde, débilmente: un poco de EXP para todos.",scripts/autoload/game_state/GameStateRuns.gd:804
%s trains with the echo: level %d.,%s entrena con el eco: nivel %d.,scripts/autoload/game_state/GameStateRuns.gd:816
%s trains with the echo: +%d attribute points.,%s entrena con el eco: +%d puntos de atributo.,scripts/autoload/game_state/GameStateRuns.gd:819
The Anchor Artifact snuffs the hazard before it strikes.,El Artefacto Ancla sofoca el peligro antes de que golpee.,scripts/autoload/game_state/GameStateRuns.gd:900
Relic wards absorb %d of the hazard.,Las barreras de reliquia absorben %d del peligro.,scripts/autoload/game_state/GameStateRuns.gd:905
The hazard deals %d damage across the party.,El peligro inflige %d de daño repartido entre el grupo.,scripts/autoload/game_state/GameStateRuns.gd:917
You scavenge %d Gold on the way through.,Rebuscas %d de Oro por el camino.,scripts/autoload/game_state/GameStateRuns.gd:926
Essence found in the rubble: +%d.,Esencia hallada entre los escombros: +%d.,scripts/autoload/game_state/GameStateRuns.gd:929
You pay %d Essence and bypass the hazard entirely.,Pagas %d de Esencia y evitas el peligro por completo.,scripts/autoload/game_state/GameStateRuns.gd:969
Fifty rifts,Cincuenta grietas,scripts/autoload/game_state/GameStateRuns.gd:1120
%s & %s,%s y %s,scripts/autoload/game_state/GameStateRuns.gd:1132
"A bond, written down","Un vínculo, por escrito",scripts/autoload/game_state/GameStateRuns.gd:1132
%s & %s (Lv%d),%s y %s (Nv%d),scripts/autoload/game_state/GameStateRuns.gd:1133
Bond deepened — Lv%d,Vínculo más profundo — Nv%d,scripts/autoload/game_state/GameStateRuns.gd:1134
%s & %s: +%d%% party damage while both stand,%s y %s: +%d%% de daño del grupo mientras ambos sigan en pie,scripts/autoload/game_state/GameStateRuns.gd:1134
Bonds deepen: %s.,Los vínculos se profundizan: %s.,scripts/autoload/game_state/GameStateRuns.gd:1136
%s: %s+%d essence,%s: %s+%d de Esencia,scripts/autoload/game_state/GameStateRuns.gd:1195
"+%d gold, ","+%d de Oro, ",scripts/autoload/game_state/GameStateRuns.gd:1195
", the relic %s",", la reliquia %s",scripts/autoload/game_state/GameStateRuns.gd:1200
", the title ""%s""",", el título ""%s""",scripts/autoload/game_state/GameStateRuns.gd:1202
"The pillar of light gives way, and %s steps out of it. %s

%s","El pilar de luz se deshace, y %s sale de él. %s

%s",scripts/autoload/game_state/GameStateRuns.gd:1226
%+d Resolve,%+d de Temple,scripts/autoload/game_state/GameStateRuns.gd:1383
The party fell at depth %d of the Descent and lost %d Gold and %d Essence on the way out.,El grupo cayó en la profundidad %d del Descenso y perdió %d de Oro y %d de Esencia al salir.,scripts/autoload/game_state/GameStateRuns.gd:1399
The party fell and lost %d Gold and %d Essence on the way out.,El grupo cayó y perdió %d de Oro y %d de Esencia al salir.,scripts/autoload/game_state/GameStateRuns.gd:1401
The party fled and dropped %d Gold and %d Essence on the way out.,El grupo huyó y soltó %d de Oro y %d de Esencia al salir.,scripts/autoload/game_state/GameStateRuns.gd:1401
Field Triage,Triaje de campaña,scripts/autoload/game_state/GameStateRuns.gd:1481
Needs %d idle hero%s at camp,Hacen falta %d héroe%s sin tarea en el campamento,scripts/autoload/game_state/GameStateRuns.gd:1505
No healer can do it,Ningún sanador puede hacerlo,scripts/autoload/game_state/GameStateRuns.gd:1518
A new guild can't leave anyone behind,Un gremio nuevo no puede dejar a nadie atrás,scripts/autoload/game_state/GameStateRuns.gd:1534
Found alive,Hallado con vida,scripts/autoload/game_state/GameStateRuns.gd:1549
%s is carried home from the sealed rift,%s es llevado a casa desde la grieta sellada,scripts/autoload/game_state/GameStateRuns.gd:1549
Lost in the rift,Perdido en la grieta,scripts/autoload/game_state/GameStateRuns.gd:1564
%s was left behind and never came back,%s quedó atrás y nunca volvió,scripts/autoload/game_state/GameStateRuns.gd:1564
Left behind in a %s,Abandonado en: %s,scripts/autoload/game_state/GameStateRuns.gd:1565
The party climbed out of the Descent at depth %d.,El grupo salió del Descenso en la profundidad %d.,scripts/autoload/game_state/GameStateRuns.gd:1700
Not researched yet,Aún no investigado,scripts/defense/DefenseRun.gd:365
Something is built here,Aquí hay algo construido,scripts/defense/DefenseRun.gd:367
Not enough supplies,No hay suficientes suministros,scripts/defense/DefenseRun.gd:369
Nothing built here,No hay nada construido aquí,scripts/defense/DefenseRun.gd:390
Research raises the tier cap,La investigación eleva el nivel máximo,scripts/defense/DefenseRun.gd:392
Fully upgraded,Mejorado al máximo,scripts/defense/DefenseRun.gd:392
"Build towers on the pads, then call the first wave",Construye torres en las plataformas y luego llama a la primera oleada,scripts/defense/DefenseView.gd:124
[A foe breaks through],[Un enemigo se abre paso],scripts/defense/DefenseView.gd:247
The last wave!,¡La última oleada!,scripts/defense/DefenseView.gd:251
A warden leads it,La lidera un guardián,scripts/defense/DefenseView.gd:251
[A warden approaches],[Se acerca un guardián],scripts/defense/DefenseView.gd:252
Wave %d of %d,Oleada %d de %d,scripts/defense/DefenseView.gd:254
Wave cleared,Oleada superada,scripts/defense/DefenseView.gd:256
Build and upgrade before the next one,Construye y mejora antes de la siguiente,scripts/defense/DefenseView.gd:256
+%d supplies,+%d suministros,scripts/defense/DefenseView.gd:258
[%s falls],[%s cae],scripts/defense/DefenseView.gd:263
%s is back,%s ha vuelto,scripts/defense/DefenseView.gd:265
Build a tower,Construir una torre,scripts/defense/DefenseView.gd:348
%s (tier %d),%s (nivel %d),scripts/defense/DefenseView.gd:366
Upgrade — %d,Mejorar — %d,scripts/defense/DefenseView.gd:377
Sell — +%d,Vender — +%d,scripts/defense/DefenseView.gd:383
Close,Cerrar,scripts/defense/DefenseView.gd:387
Game speed,Velocidad de juego,scripts/defense/DefenseView.gd:446
Pause,Pausa,scripts/defense/DefenseView.gd:452
Tap a pad to build · tap the ground to send your champion,Toca una plataforma para construir · toca el suelo para enviar a tu campeón,scripts/defense/DefenseView.gd:456
Tap a pad to build · tap the ground to send your champion · Space: next wave,Toca una plataforma para construir · toca el suelo para enviar a tu campeón · Space: siguiente oleada,scripts/defense/DefenseView.gd:456
Wave %d / %d,Oleada %d / %d,scripts/defense/DefenseView.gd:480
Integrity %d / %d,Integridad %d / %d,scripts/defense/DefenseView.gd:481
Supplies %d,Suministros %d,scripts/defense/DefenseView.gd:483
Next wave in %ds,Siguiente oleada en %ds,scripts/defense/DefenseView.gd:485
Wave in progress,Oleada en curso,scripts/defense/DefenseView.gd:485
Call it now (+%d),Llamarla ya (+%d),scripts/defense/DefenseView.gd:487
Paused,En pausa,scripts/defense/DefenseView.gd:577
Resume,Reanudar,scripts/defense/DefenseView.gd:579
Abandon the defense (counts as lost),Abandonar la defensa (cuenta como derrota),scripts/defense/DefenseView.gd:583
The defenders are overrun,Los defensores han sido arrollados,scripts/defense/DefenseView.gd:598
Integrity %d / %d · %d foes slain,Integridad %d / %d · %d enemigos abatidos,scripts/defense/DefenseView.gd:599
+%d gold · +%d essence,+%d de Oro · +%d de Esencia,scripts/defense/DefenseView.gd:601
Lost from the stores: %d gold · %d essence,Perdido de las reservas: %d de Oro · %d de Esencia,scripts/defense/DefenseView.gd:603
Damaged: %s — it works a level lower until repaired (Guild > Manage),Dañado: %s — funciona un nivel por debajo hasta que se repare (Gremio > Gestionar),scripts/defense/DefenseView.gd:605
Wounded: %s,Herido: %s,scripts/defense/DefenseView.gd:607
Return to the guild,Volver al gremio,scripts/defense/DefenseView.gd:614
+%d DMG · +%d Shield,+%d DAÑO · +%d Escudo,scripts/models/Relic.gd:34
The horde,La horda,scripts/survivors/SurvivorsRun.gd:30
A swarm,Un enjambre,scripts/survivors/SurvivorsRun.gd:31
"Weak but many, and fast","Débiles pero numerosos, y rápidos",scripts/survivors/SurvivorsRun.gd:31
An elite pack,Una manada de élite,scripts/survivors/SurvivorsRun.gd:32
Its leader carries a chest,Su líder lleva un cofre,scripts/survivors/SurvivorsRun.gd:32
Archers and casters,Arqueros y lanzadores,scripts/survivors/SurvivorsRun.gd:33
Step aside from their bolts,Apártate de sus proyectiles,scripts/survivors/SurvivorsRun.gd:33
A lull,Una tregua,scripts/survivors/SurvivorsRun.gd:34
A chest lies nearby,Hay un cofre cerca,scripts/survivors/SurvivorsRun.gd:34
"Every 5s: shoves foes around the hero, stunning them",Cada 5 s: empuja a los enemigos alrededor del héroe y los aturde,scripts/survivors/SurvivorsRun.gd:91
"Every 10s: draws every foe to this hero for 3s, taking 40% less","Cada 10 s: atrae a todos los enemigos hacia este héroe durante 3 s, recibiendo un 40% menos",scripts/survivors/SurvivorsRun.gd:92
Every 3s: a piercing shot at the toughest foe in sight,Cada 3 s: un disparo perforante al enemigo más duro a la vista,scripts/survivors/SurvivorsRun.gd:93
Every 4s: a ring of arrows,Cada 4 s: un anillo de flechas,scripts/survivors/SurvivorsRun.gd:94
Every 2.5s: a bursting bolt at the toughest foe near,"Cada 2,5 s: un proyectil explosivo al enemigo más duro cercano",scripts/survivors/SurvivorsRun.gd:95
Every 7s: freezes every foe close by,Cada 7 s: congela a todos los enemigos cercanos,scripts/survivors/SurvivorsRun.gd:96
Every 6s: heals the most-hurt hero 20%,Cada 6 s: cura al héroe más herido un 20%,scripts/survivors/SurvivorsRun.gd:97
Every 12s: heals the whole party 12%,Cada 12 s: cura a todo el grupo un 12%,scripts/survivors/SurvivorsRun.gd:98
"Every 3s: a heavy stab, heavier on a wounded foe","Cada 3 s: una puñalada pesada, más fuerte contra un enemigo herido",scripts/survivors/SurvivorsRun.gd:99
Every 10s: +40% dodge for the party for 3s,Cada 10 s: +40% de esquiva para el grupo durante 3 s,scripts/survivors/SurvivorsRun.gd:100
Aftershock,Réplica sísmica,scripts/survivors/SurvivorsRun.gd:110
fires again a moment later at half strength,vuelve a disparar un momento después a la mitad de fuerza,scripts/survivors/SurvivorsRun.gd:110
Kindled,Prendido,scripts/survivors/SurvivorsRun.gd:111
sets the foes it touches alight,prende fuego a los enemigos que toca,scripts/survivors/SurvivorsRun.gd:111
slows the foes it touches for 4s,ralentiza a los enemigos que toca durante 4 s,scripts/survivors/SurvivorsRun.gd:112
Expose,Exponer,scripts/survivors/SurvivorsRun.gd:113
marks the foes it touches: they take 30% more damage for 6s,marca a los enemigos que toca: reciben un 30% más de daño durante 6 s,scripts/survivors/SurvivorsRun.gd:113
Stagger,Tambaleo,scripts/survivors/SurvivorsRun.gd:114
stuns the foes it touches for 1s,aturde a los enemigos que toca durante 1 s,scripts/survivors/SurvivorsRun.gd:114
heals the party 2% for every foe it touches (up to 12%),cura al grupo un 2% por cada enemigo que toca (hasta un 12%),scripts/survivors/SurvivorsRun.gd:115
Shrapnel,Metralla,scripts/survivors/SurvivorsRun.gd:116
bursts into 8 piercing shards,estalla en 8 esquirlas perforantes,scripts/survivors/SurvivorsRun.gd:116
Radiance,Resplandor,scripts/survivors/SurvivorsRun.gd:117
"light bursts around every champion, burning nearby foes","la luz estalla alrededor de cada campeón, quemando a los enemigos cercanos",scripts/survivors/SurvivorsRun.gd:117
the party takes half damage for 3s,el grupo recibe la mitad de daño durante 3 s,scripts/survivors/SurvivorsRun.gd:118
the party hits 25% harder for 4s,el grupo golpea un 25% más fuerte durante 4 s,scripts/survivors/SurvivorsRun.gd:119
the party regains 3% HP a second for 5s,el grupo recupera un 3% de PV por segundo durante 5 s,scripts/survivors/SurvivorsRun.gd:120
Smokescreen,Cortina de humo,scripts/survivors/SurvivorsRun.gd:121
the party dodges far more for 3s,el grupo esquiva mucho más durante 3 s,scripts/survivors/SurvivorsRun.gd:121
Sharpened Steel,Acero afilado,scripts/survivors/SurvivorsRun.gd:136
+15% damage for the whole party,+15% de daño para todo el grupo,scripts/survivors/SurvivorsRun.gd:136
Battle Rhythm,Ritmo de batalla,scripts/survivors/SurvivorsRun.gd:137
Attacks come 10% faster,Los ataques llegan un 10% más rápido,scripts/survivors/SurvivorsRun.gd:137
Wide Arcs,Arcos amplios,scripts/survivors/SurvivorsRun.gd:138
+20% attack area and burst size,+20% de área de ataque y tamaño de explosión,scripts/survivors/SurvivorsRun.gd:138
Split Shot,Disparo dividido,scripts/survivors/SurvivorsRun.gd:139
Rangers and Mages fire one more projectile,Exploradores y Magos disparan un proyectil más,scripts/survivors/SurvivorsRun.gd:139
Vigor,Vigor,scripts/survivors/SurvivorsRun.gd:140
"+20% max HP, and heal 30% now","+20% de PV máx., y cura un 30% ahora",scripts/survivors/SurvivorsRun.gd:140
Heroes regain 1% HP every second,Los héroes recuperan un 1% de PV cada segundo,scripts/survivors/SurvivorsRun.gd:141
Tempered Plate,Placas templadas,scripts/survivors/SurvivorsRun.gd:142
Take 12% less damage from foes,Recibe un 12% menos de daño de los enemigos,scripts/survivors/SurvivorsRun.gd:142
Fleet Foot,Pie ligero,scripts/survivors/SurvivorsRun.gd:143
+12% move speed,+12% de velocidad de movimiento,scripts/survivors/SurvivorsRun.gd:143
Shard Lure,Señuelo de esquirlas,scripts/survivors/SurvivorsRun.gd:144
+50% pickup range,+50% de alcance de recogida,scripts/survivors/SurvivorsRun.gd:144
Focused Mind,Mente enfocada,scripts/survivors/SurvivorsRun.gd:145
Abilities come back 20% sooner,Las Habilidades vuelven un 20% antes,scripts/survivors/SurvivorsRun.gd:145
Barbed Guard,Guardia de púas,scripts/survivors/SurvivorsRun.gd:146
Foes that hit a hero take 40% of your damage back,Los enemigos que golpean a un héroe reciben de vuelta un 40% de tu daño,scripts/survivors/SurvivorsRun.gd:146
Warriors' sweeps reach 40% farther and strike twice,Los barridos de los Guerreros llegan un 40% más lejos y golpean dos veces,scripts/survivors/SurvivorsRun.gd:151
Thousand Cuts,Mil cortes,scripts/survivors/SurvivorsRun.gd:152
Rogues' stabs hit the three nearest foes,Las puñaladas de los Pícaros alcanzan a los tres enemigos más cercanos,scripts/survivors/SurvivorsRun.gd:152
Rangers' arrows pierce every foe in their path,Las flechas de los Exploradores atraviesan a cada enemigo en su camino,scripts/survivors/SurvivorsRun.gd:153
Starfall,Lluvia de estrellas,scripts/survivors/SurvivorsRun.gd:154
Mages' bolts burst twice as wide and set foes alight,Los proyectiles de los Magos estallan el doble de amplio y prenden fuego a los enemigos,scripts/survivors/SurvivorsRun.gd:154
Sanctum,Sanctasanctórum,scripts/survivors/SurvivorsRun.gd:155
Clerics' pulses reach 40% farther and heal the party 3%,Los pulsos de los Clérigos llegan un 40% más lejos y curan al grupo un 3%,scripts/survivors/SurvivorsRun.gd:155
Bloodfang,Colmillo de sangre,scripts/survivors/SurvivorsRun.gd:159
Every kill heals the party 0.2%,"Cada muerte cura al grupo un 0,2%",scripts/survivors/SurvivorsRun.gd:159
Gilded Idol,Ídolo dorado,scripts/survivors/SurvivorsRun.gd:160
+40% gold from this run,+40% de Oro en esta incursión,scripts/survivors/SurvivorsRun.gd:160
Echo Stone,Piedra del eco,scripts/survivors/SurvivorsRun.gd:161
Every Ability fires twice,Cada Habilidad se dispara dos veces,scripts/survivors/SurvivorsRun.gd:161
"The first time your lead falls, they rise at half health","La primera vez que tu líder cae, se levanta con media salud",scripts/survivors/SurvivorsRun.gd:162
Storm Crown,Corona de tormenta,scripts/survivors/SurvivorsRun.gd:163
Lightning strikes a foe near the party every 1.5s,"Un rayo golpea a un enemigo cerca del grupo cada 1,5 s",scripts/survivors/SurvivorsRun.gd:163
Lodestone,Piedra imán,scripts/survivors/SurvivorsRun.gd:164
"+60% pickup range, and every 30s every shard flies to you","+60% de alcance de recogida, y cada 30 s todas las esquirlas vuelan hacia ti",scripts/survivors/SurvivorsRun.gd:164
Sandglass,Reloj de arena,scripts/survivors/SurvivorsRun.gd:165
Foes move 15% slower,Los enemigos se mueven un 15% más lento,scripts/survivors/SurvivorsRun.gd:165
Ember Heart,Corazón de brasa,scripts/survivors/SurvivorsRun.gd:166
Foes that strike a hero catch fire,Los enemigos que golpean a un héroe se prenden fuego,scripts/survivors/SurvivorsRun.gd:166
Rift Aegis,Égida de la grieta,scripts/survivors/SurvivorsRun.gd:167
Every 20s the party takes half damage for 3s,Cada 20 s el grupo recibe la mitad de daño durante 3 s,scripts/survivors/SurvivorsRun.gd:167
Rift Warden,Guardián de la grieta,scripts/survivors/SurvivorsRun.gd:444
Fused: %s + %s,Fusionado: %s + %s,scripts/survivors/SurvivorsRun.gd:1451
Evolve: ,Evolucionar: ,scripts/survivors/SurvivorsRun.gd:1504
Fuse: %s + %s,Fusionar: %s + %s,scripts/survivors/SurvivorsRun.gd:1513
"%s and %s fire together, 25%% harder, and each carries the other's mods","%s y %s disparan juntos, un 25%% más fuerte, y cada uno lleva las mejoras del otro",scripts/survivors/SurvivorsRun.gd:1514
Fires 20% sooner and hits 30% harder,Dispara un 20% antes y golpea un 30% más fuerte,scripts/survivors/SurvivorsRun.gd:1526
%s: %s rank %d,%s: %s rango %d,scripts/survivors/SurvivorsRun.gd:1540
Button,Botón,scripts/survivors/SurvivorsView.gd:182
[The warden falls],[El guardián cae],scripts/survivors/SurvivorsView.gd:325
[An elite falls],[Cae una élite],scripts/survivors/SurvivorsView.gd:325
A lost champion's light!,¡La luz de un campeón perdido!,scripts/survivors/SurvivorsView.gd:337
Stand in it to free %s,Quédate en ella para liberar a %s,scripts/survivors/SurvivorsView.gd:337
[A lost champion calls out],[Un campeón perdido llama],scripts/survivors/SurvivorsView.gd:338
%s is free!,¡%s es libre!,scripts/survivors/SurvivorsView.gd:341
They join your champions when the run ends,Se une a tus campeones cuando acabe la incursión,scripts/survivors/SurvivorsView.gd:341
[A champion is freed],[Un campeón es liberado],scripts/survivors/SurvivorsView.gd:342
Fusion: %s + %s,Fusión: %s + %s,scripts/survivors/SurvivorsView.gd:345
"They fire together now, and share their mods",Ahora disparan juntos y comparten sus mejoras,scripts/survivors/SurvivorsView.gd:345
The Rift Warden: %s!,El Guardián de la grieta: ¡%s!,scripts/survivors/SurvivorsView.gd:354
Bring it down to seal the rift,Derríbalo para sellar la grieta,scripts/survivors/SurvivorsView.gd:354
%s emerges!,¡%s emerge!,scripts/survivors/SurvivorsView.gd:356
[%s roars],[%s ruge],scripts/survivors/SurvivorsView.gd:357
[A chest drops],[Cae un cofre],scripts/survivors/SurvivorsView.gd:362
Healed!,¡Curado!,scripts/survivors/SurvivorsView.gd:369
Shards come to you,Las esquirlas vienen a ti,scripts/survivors/SurvivorsView.gd:369
Boom!,¡Bum!,scripts/survivors/SurvivorsView.gd:369
[A slam hits the party],[Un golpe sacude al grupo],scripts/survivors/SurvivorsView.gd:379
[Ground slam],[Golpe al suelo],scripts/survivors/SurvivorsView.gd:381
The rift is sealed!,¡La grieta está sellada!,scripts/survivors/SurvivorsView.gd:383
%s calls the horde!,¡%s llama a la horda!,scripts/survivors/SurvivorsView.gd:386
[%s is down],[%s ha caído],scripts/survivors/SurvivorsView.gd:388
Drag to move,Arrastra para moverte,scripts/survivors/SurvivorsView.gd:543
"Move: WASD / arrows, or drag  ·  Pause: Esc","Mover: WASD / flechas, o arrastra  ·  Pausa: Esc",scripts/survivors/SurvivorsView.gd:543
%d kills,%d muertes,scripts/survivors/SurvivorsView.gd:579
Level %d,Nivel %d,scripts/survivors/SurvivorsView.gd:580
Everything is maxed — carry on,Todo está al máximo: sigue adelante,scripts/survivors/SurvivorsView.gd:733
A rift chest,Un cofre de grieta,scripts/survivors/SurvivorsView.gd:738
Take one relic for the rest of this run,Toma una reliquia para el resto de esta incursión,scripts/survivors/SurvivorsView.gd:740
Every relic found: take 60 gold,Todas las reliquias encontradas: toma 60 de Oro,scripts/survivors/SurvivorsView.gd:744
Upgrades: ,Mejoras: ,scripts/survivors/SurvivorsView.gd:813
none yet,ninguna aún,scripts/survivors/SurvivorsView.gd:813
Leave the rift (keep what you've earned),Salir de la grieta (conservas lo ganado),scripts/survivors/SurvivorsView.gd:822
The rift closes,La grieta se cierra,scripts/survivors/SurvivorsView.gd:855
Sealed at %d:%02d,Sellada en %d:%02d,scripts/survivors/SurvivorsView.gd:857
Survived %d:%02d,Sobreviviste %d:%02d,scripts/survivors/SurvivorsView.gd:857
  — a new best!,  — ¡un nuevo récord!,scripts/survivors/SurvivorsView.gd:857
%d kills · %d elites · %d wardens · reached level %d,%d muertes · %d élites · %d guardianes · nivel %d alcanzado,scripts/survivors/SurvivorsView.gd:858
Freed: %s — they join your champions,Liberado: %s — se une a tus campeones,scripts/survivors/SurvivorsView.gd:862
Found: %s,Encontrado: %s,scripts/survivors/SurvivorsView.gd:864
Milestone! ,¡Hito! ,scripts/survivors/SurvivorsView.gd:866
Space,Space,scripts/ui/BattleView.gd:273
Tab,Tab,scripts/ui/BattleView.gd:274
Press and hold,Mantén pulsado,scripts/ui/BattleView.gd:293
Hold a finger on anything to read what it does.,Mantén el dedo sobre cualquier cosa para leer qué hace.,scripts/ui/BattleView.gd:293
Escape,Escape,scripts/ui/BattleView.gd:380
Acting now: ,Actúa ahora: ,scripts/ui/BattleView.gd:557
[Heavy blow on %s],[Golpe pesado sobre %s],scripts/ui/BattleView.gd:768
"Auto paused: %s is about to fall. Defend, Guard or heal, then turn Auto back on.","Auto en pausa: %s está a punto de caer. Defiende, Protege o cura, y luego vuelve a activar Auto.",scripts/ui/BattleView.gd:1085
%s · %d HP,%s · %d PV,scripts/ui/BattleView.gd:1155
Resolve %d: foes strike first this fight.,Temple %d: los enemigos golpean primero en este combate.,scripts/ui/BattleView.gd:1161
"Resolve broken: foes strike first, no starting Momentum, %d%% less damage.","Temple quebrado: los enemigos golpean primero, sin Ímpetu inicial, un %d%% menos de daño.",scripts/ui/BattleView.gd:1161
A boss awaits.,Te espera un jefe.,scripts/ui/BattleView.gd:1179
An elite awaits.,Te espera una élite.,scripts/ui/BattleView.gd:1179
A pillar of light awaits.,Te espera un pilar de luz.,scripts/ui/BattleView.gd:1179
A fight awaits.,Te espera un combate.,scripts/ui/BattleView.gd:1179
"Feat: %s. %s By hand: +%d%% Gold and Essence, and an elite offers one more boon.","Hazaña: %s. %s A mano: +%d%% de Oro y Esencia, y una élite ofrece un don más.",scripts/ui/BattleView.gd:1184
%s is held in this pillar of light. Beat its keeper to free them.,%s está preso en este pilar de luz. Vence a su guardián para liberarlo.,scripts/ui/BattleView.gd:1188
+%d%% damage and HP,+%d%% de daño y PV,scripts/ui/BattleView.gd:1193
Vanguard first strike,Primer golpe de vanguardia,scripts/ui/BattleView.gd:1195
+3 starting Momentum,+3 de Ímpetu inicial,scripts/ui/BattleView.gd:1197
Drill Yard: ,Patio de Instrucción: ,scripts/ui/BattleView.gd:1199
Win by hand with no one down: +%d%% Gold and Essence.,Gana a mano sin que nadie caiga: +%d%% de Oro y Esencia.,scripts/ui/BattleView.gd:1203
Elites and bosses are fought in full: no Quick fight.,Las élites y los jefes se combaten completos: sin Combate rápido.,scripts/ui/BattleView.gd:1208
Quick fight  (Q),Combate rápido  (Q),scripts/ui/BattleView.gd:1211
Play the whole fight out instantly on Auto and jump to the result,Juega todo el combate al instante en Auto y salta al resultado,scripts/ui/BattleView.gd:1214
"At stake: if the party falls, %d Gold and %d Essence of this run's haul are lost. Party power %d of %d recommended. Retreat keeps it all.","En juego: si el grupo cae, se pierden %d de Oro y %d de Esencia del botín de esta incursión. Poder del grupo %d de %d recomendado. Retirarse lo conserva todo.",scripts/ui/BattleView.gd:1232
No one in the party can fight. Leave the rift: you keep your loot.,Nadie del grupo puede luchar. Sal de la grieta: conservas tu botín.,scripts/ui/BattleView.gd:1237
Leave rift,Salir de la grieta,scripts/ui/BattleView.gd:1240
Engage  (Space),Combatir  (Space),scripts/ui/BattleView.gd:1246
%s · %d round%s,%s · %d ronda%s,scripts/ui/BattleView.gd:1272
Hide log,Ocultar registro,scripts/ui/BattleView.gd:1273
Fight log,Registro del combate,scripts/ui/BattleView.gd:1273
Show or hide the full fight log,Mostrar u ocultar el registro completo del combate,scripts/ui/BattleView.gd:1273
Victory!,¡Victoria!,scripts/ui/BattleView.gd:1317
 (%d from Amplifiers), (%d de Amplificadores),scripts/ui/BattleView.gd:1328
  +%d Essence cache (Resonance),  +%d de Esencia en reserva (Resonancia),scripts/ui/BattleView.gd:1330
  +%d extracted,  +%d extraído,scripts/ui/BattleView.gd:1333
"Feat done: +%d Gold, +%d Essence.","Hazaña cumplida: +%d de Oro, +%d de Esencia.",scripts/ui/BattleView.gd:1339
"Flawless, by hand: +%d Gold, +%d Essence (no one went down and you played every turn).","Impecable, a mano: +%d de Oro, +%d de Esencia (nadie cayó y jugaste cada turno).",scripts/ui/BattleView.gd:1343
The pillar gives way: %s is free.,El pilar cede: %s es libre.,scripts/ui/BattleView.gd:1347
"%s made it through safely — +2 Renown, +1 Token.","%s salió a salvo — +2 de Renombre, +1 Ficha.",scripts/ui/BattleView.gd:1351
Continue,Continuar,scripts/ui/BattleView.gd:1362
Decide what happens to the downed hero first (above),Decide primero qué pasa con el héroe caído (arriba),scripts/ui/BattleView.gd:1371
You withdraw from the fight.,Te retiras del combate.,scripts/ui/BattleView.gd:1375
Defeat — the party is downed and recovering.,Derrota: el grupo ha caído y se está recuperando.,scripts/ui/BattleView.gd:1375
"The trial ends. Your heroes step out of the tower unharmed — this floor will be waiting, exactly as it was.","La prueba termina. Tus héroes salen ilesos de la torre: este piso los esperará, tal como estaba.",scripts/ui/BattleView.gd:1377
The party falls at depth %d of the Descent. Half of what it earned down here is lost on the way out.,El grupo cae en la profundidad %d del Descenso. La mitad de lo ganado aquí abajo se pierde al salir.,scripts/ui/BattleView.gd:1379
Back to the Tower,Volver a la Torre,scripts/ui/BattleView.gd:1393
Return to camp,Volver al campamento,scripts/ui/BattleView.gd:1393
Choose your reward,Elige tu recompensa,scripts/ui/BattleView.gd:1412
Take one. The others stay in the rift.,Toma una. Las demás se quedan en la grieta.,scripts/ui/BattleView.gd:1412
Skip the boon,Omitir el don,scripts/ui/BattleView.gd:1426
Choose a boon,Elige un don,scripts/ui/BattleView.gd:1430
It lasts the rest of this rift.,Dura el resto de esta grieta.,scripts/ui/BattleView.gd:1430
%s · you have %d,%s · tienes %d,scripts/ui/BattleView.gd:1517
Completes %s: %s,Completa %s: %s,scripts/ui/BattleView.gd:1525
Take  (%d),Tomar  (%d),scripts/ui/BattleView.gd:1532
Relic,Reliquia,scripts/ui/BattleView.gd:1577
Gear,Equipo,scripts/ui/BattleView.gd:1577
%s · %s,%s · %s,scripts/ui/BattleView.gd:1578
Why you lost,Por qué perdiste,scripts/ui/BattleView.gd:1627
%s %d-piece %s — %s,%s %d piezas %s — %s,scripts/ui/BattleView.gd:1667
Floor %d cleared!,¡Piso %d superado!,scripts/ui/BattleView.gd:1681
A weekly re-clear pays half.,Volver a superarlo cada semana paga la mitad.,scripts/ui/BattleView.gd:1692
Guardian's relic: %s,Reliquia del guardián: %s,scripts/ui/BattleView.gd:1694
 It's on the Relic Altar., Está en el Altar de Reliquias.,scripts/ui/BattleView.gd:1697
New guild title: %s,Nuevo título del gremio: %s,scripts/ui/BattleView.gd:1699
 — floor %d next, — siguiente: piso %d,scripts/ui/BattleView.gd:1705
Floor %d/%d,Piso %d/%d,scripts/ui/BattleView.gd:1731
Gold,Oro,scripts/ui/BattleView.gd:1736
Lv%d → Lv%d,Nv%d → Nv%d,scripts/ui/BattleView.gd:1757
Lv%d,Nv%d,scripts/ui/BattleView.gd:1757
Down,Caído,scripts/ui/BattleView.gd:1761
%d/%d HP,%d/%d PV,scripts/ui/BattleView.gd:1761
Found: ,Encontrado: ,scripts/ui/BattleView.gd:1776
Found: nothing this time,Encontrado: nada esta vez,scripts/ui/BattleView.gd:1776
%d hero%s lost,Perdidos: %d héroe%s,scripts/ui/BattleView.gd:1779
Floor %d/%d reached,Piso %d/%d alcanzado,scripts/ui/BattleView.gd:1790
"%+d Gold, %+d Essence this run","%+d de Oro, %+d de Esencia en esta incursión",scripts/ui/BattleView.gd:1793
"Lost on the way out: %d Gold, %d Essence","Perdido al salir: %d de Oro, %d de Esencia",scripts/ui/BattleView.gd:1796
Shield: absorbs the next %d damage,Escudo: absorbe los siguientes %d de daño,scripts/ui/BattleView.gd:1868
Defending — takes reduced damage this round,Defendiendo: recibe menos daño esta ronda,scripts/ui/BattleView.gd:1957
Shield — absorbs the next %d damage,Escudo: absorbe los siguientes %d de daño,scripts/ui/BattleView.gd:1960
Burning — %d damage a round for %d more round(s). A Healing Tonic puts it out.,Ardiendo: %d de daño por ronda durante %d ronda(s) más. Un Tónico Curativo lo apaga.,scripts/ui/BattleView.gd:1963
Chilled — acts late next round,Congelado: actúa tarde la ronda siguiente,scripts/ui/BattleView.gd:1965
Stunned — loses their next turn,Aturdido: pierde su siguiente turno,scripts/ui/BattleView.gd:1967
Poisoned — %d damage a round for %d more round(s),Envenenado: %d de daño por ronda durante %d ronda(s) más,scripts/ui/BattleView.gd:1970
Guarded by %s this round,Protegido por %s esta ronda,scripts/ui/BattleView.gd:1975
"Guarding an ally this round (takes their hits, 25% weaker)","Protegiendo a un aliado esta ronda (recibe sus golpes, un 25% más débiles)",scripts/ui/BattleView.gd:1977
Cursed — deals %d%% less damage for %d more round(s). Sanctuary cleanses it.,Maldito: inflige un %d%% menos de daño durante %d ronda(s) más. Santuario lo purifica.,scripts/ui/BattleView.gd:1979
Riposte — answers the next %d hit(s) with a counter-strike,Réplica: responde a los siguientes %d golpe(s) con un contraataque,scripts/ui/BattleView.gd:1981
Undying — half damage and can't fall this round,Imperecedero: mitad de daño y no puede caer esta ronda,scripts/ui/BattleView.gd:1983
Will dodge the next hit aimed at them,Esquivará el siguiente golpe dirigido a él,scripts/ui/BattleView.gd:1985
Branded — takes %d%% more damage for %d more round(s). Guard them.,Marcado a fuego: recibe un %d%% más de daño durante %d ronda(s) más. Protégelo.,scripts/ui/BattleView.gd:1987
"Taunting — every foe's attacks come here this round, %d%% weaker","Provocando: los ataques de todos los enemigos vienen aquí esta ronda, un %d%% más débiles",scripts/ui/BattleView.gd:1989
Enough Momentum for their Ability,Ímpetu suficiente para su Habilidad,scripts/ui/BattleView.gd:1991
Heat %d — +%d%% damage; at %d the next skill detonates on every foe,Calor %d: +%d%% de daño; con %d la siguiente habilidad detona sobre todos los enemigos,scripts/ui/BattleView.gd:2019
Combo %d — +%d%% on the same foe,Combo %d: +%d%% contra el mismo enemigo,scripts/ui/BattleView.gd:2022
Steady Aim — the next shot hits harder,Pulso firme: el siguiente disparo golpea más fuerte,scripts/ui/BattleView.gd:2025
Blood Price — the next hit does +50%,Precio de sangre: el siguiente golpe hace +50%,scripts/ui/BattleView.gd:2028
"Red Mist — hits every foe, can't be stunned or healed","Niebla Roja: golpea a todos los enemigos, no puede ser aturdido ni curado",scripts/ui/BattleView.gd:2030
Can't be targeted,No puede ser objetivo,scripts/ui/BattleView.gd:2032
Second Wind — the next %d attacks hit twice,Segundo Aliento: los siguientes %d ataques golpean dos veces,scripts/ui/BattleView.gd:2034
 (active), (activo),scripts/ui/BattleView.gd:2050
Armored — shrugs off %d%% of basic attacks (each hit chips it). Abilities ignore armor.,Acorazado: ignora el %d%% de los ataques básicos (cada golpe la desgasta). Las Habilidades ignoran la armadura.,scripts/ui/BattleView.gd:2061
Its hits can set a hero ablaze (damage over time),Sus golpes pueden prender fuego a un héroe (daño continuo),scripts/ui/BattleView.gd:2063
Its hits can chill a hero (acts late next round),Sus golpes pueden congelar a un héroe (actúa tarde la ronda siguiente),scripts/ui/BattleView.gd:2064
"Winding up a heavy blow. Shield Bash, Frost Nova or Backstab can punish it.","Carga un golpe pesado. Golpe de escudo, Nova de escarcha o Puñalada trasera pueden castigarlo.",scripts/ui/BattleView.gd:2066
Stunned — loses its next %s,Aturdido: pierde %s,scripts/ui/BattleView.gd:2068
%d actions,%d acciones,scripts/ui/BattleView.gd:2068
Burning — %d damage a round for %d more round(s),Ardiendo: %d de daño por ronda durante %d ronda(s) más,scripts/ui/BattleView.gd:2071
Marked — takes %d%% more damage from heroes,Marcado: recibe un %d%% más de daño de los héroes,scripts/ui/BattleView.gd:2073
Can also: %s (telegraphed a round ahead),También puede: %s (anunciado una ronda antes),scripts/ui/BattleView.gd:2077
Ward — absorbs the next %d damage,Barrera: absorbe los siguientes %d de daño,scripts/ui/BattleView.gd:2080
Marked — the whole party hits it 15% harder,Marcado: todo el grupo le golpea un 15% más fuerte,scripts/ui/BattleView.gd:2083
Snared — acts last,Atrapado: actúa el último,scripts/ui/BattleView.gd:2086
winding up a heavy blow,cargando un golpe pesado,scripts/ui/BattleView.gd:2151
Next round!,¡Siguiente ronda!,scripts/ui/BattleView.gd:2219
Incoming this round: %s,Llega esta ronda: %s,scripts/ui/BattleView.gd:2219
Winding up,Cargando,scripts/ui/BattleView.gd:2292
"Gathering strength this round. Next round it lands a heavy blow (×%s damage) that stuns its target unless they Defend. Defend, Guard, or move the likely target to the back row.","Acumula fuerza esta ronda. La siguiente asesta un golpe pesado (×%s de daño) que aturde a su objetivo salvo que Defienda. Defiende, Protege o mueve al probable objetivo a la fila trasera.",scripts/ui/BattleView.gd:2292
HEAVY BLOW on %s for about %d — it stuns unless they Defend. Defend (5) halves it; Guard (6) takes it for them; Shield Bash breaks it.,GOLPE PESADO sobre %s de unos %d: aturde salvo que Defienda. Defender (5) lo reduce a la mitad; Proteger (6) lo recibe por él; Golpe de escudo lo rompe.,scripts/ui/BattleView.gd:2295
Attacks %s this round for about %d%s,Ataca a %s esta ronda por unos %d%s,scripts/ui/BattleView.gd:2298
" — a heavy hit, consider Defending"," — un golpe fuerte, considera Defender",scripts/ui/BattleView.gd:2298
Round %d%s,Ronda %d%s,scripts/ui/BattleView.gd:2308
Feat: %s,Hazaña: %s,scripts/ui/BattleView.gd:2321
 (by hand only), (solo a mano),scripts/ui/BattleView.gd:2321
"%s Won by hand (no Auto), it pays +%d%% Gold and Essence, and an elite offers one more boon.","%s Ganado a mano (sin Auto), paga +%d%% de Oro y Esencia, y una élite ofrece un don más.",scripts/ui/BattleView.gd:2323
This rift is Rank %s on the rift ladder.,Esta grieta es de Rango %s en la escalera de grietas.,scripts/ui/BattleView.gd:2333
Attack %s,Atacar a %s,scripts/ui/BattleView.gd:2382
Target %s (click again to attack),Apuntar a %s (pulsa otra vez para atacar),scripts/ui/BattleView.gd:2382
%s on %s,%s sobre %s,scripts/ui/BattleView.gd:2389
"That's the core of every fight: read the tags above the foes, build Momentum with attacks and defence, and spend it on skills. Auto (A) plays turns for you whenever you like.","Esa es la base de cada combate: lee las etiquetas sobre los enemigos, acumula Ímpetu atacando y defendiendo, y gástalo en habilidades. Auto (A) juega los turnos por ti cuando quieras.",scripts/ui/BattleView.gd:2456
"Wind-ups. %s has wound up a heavy blow (the red tag above it). Next round it lands on one hero and stuns them unless they Defend. Press Defend (5) to take half and earn Momentum, or Guard (6) a hurt ally.","Cargas. %s ha cargado un golpe pesado (la etiqueta roja sobre él). La siguiente ronda caerá sobre un héroe y lo aturdirá salvo que Defienda. Pulsa Defender (5) para recibir la mitad y ganar Ímpetu, o Proteger (6) a un aliado herido.",scripts/ui/BattleView.gd:2469
Wind-ups. %s is winding up a heavy blow at %s: see the red tag above it. It lands next round and stuns unless the target Defends. %s,Cargas. %s está cargando un golpe pesado contra %s: mira la etiqueta roja sobre él. Cae la siguiente ronda y aturde salvo que el objetivo Defienda. %s,scripts/ui/BattleView.gd:2472
Press Defend (5) — %s takes half and earns Momentum.,Pulsa Defender (5): %s recibe la mitad y gana Ímpetu.,scripts/ui/BattleView.gd:2473
"Press Guard (6) and pick %s — %s takes the blow instead, 25%% weaker.","Pulsa Proteger (6) y elige a %s: %s recibe el golpe en su lugar, un 25%% más débil.",scripts/ui/BattleView.gd:2473
Attack. It's %s's turn: press Attack (1) or click a foe. Every attack adds 1 Momentum — the pips under %s's name.,Atacar. Es el turno de %s: pulsa Atacar (1) o haz clic en un enemigo. Cada ataque añade 1 de Ímpetu: las marcas bajo el nombre de %s.,scripts/ui/BattleView.gd:2475
"Skills. You have %d Momentum. %s's skill %s (2) spends %d of it for a stronger move — hover it to read it, then use it.","Habilidades. Tienes %d de Ímpetu. La habilidad de %s, %s (2), gasta %d para un movimiento más fuerte: pasa el cursor para leerla y luego úsala.",scripts/ui/BattleView.gd:2479
"Skills cost Momentum. Keep attacking until a skill (2-4) lights up, then use it.",Las habilidades cuestan Ímpetu. Sigue atacando hasta que se ilumine una habilidad (2-4) y luego úsala.,scripts/ui/BattleView.gd:2480
Step %d of 3,Paso %d de 3,scripts/ui/BattleView.gd:2495
Well fought,Bien luchado,scripts/ui/BattleView.gd:2495
Got it,Entendido,scripts/ui/BattleView.gd:2503
Skip tutorial,Omitir tutorial,scripts/ui/BattleView.gd:2503
"Momentum %d/%d — the party's shared pool for skills and Abilities. Attacks, kills, and hits taken while Defending or Guarding build it.","Ímpetu %d/%d: la reserva compartida del grupo para habilidades y Habilidades. Lo generan los ataques, las muertes y los golpes recibidos al Defender o Proteger.",scripts/ui/BattleView.gd:2613
Momentum,Ímpetu,scripts/ui/BattleView.gd:2615
Ghost,Fantasma,scripts/ui/BattleView.gd:2650
Which tonic?,¿Qué tónico?,scripts/ui/BattleView.gd:2710
%s (key %d),%s (tecla %d),scripts/ui/BattleView.gd:2729
Cancel,Cancelar,scripts/ui/BattleView.gd:2738
Guard whom?,¿A quién proteger?,scripts/ui/BattleView.gd:2741
%s for whom?,¿%s para quién?,scripts/ui/BattleView.gd:2741
Tonic,Tónico,locale/extra_msgids.txt
  (%d dmg incoming),  (%d de daño entrante),scripts/ui/BattleView.gd:2763
Key %d,Tecla %d,scripts/ui/BattleView.gd:2766
Already at full HP,Ya tiene los PV al máximo,scripts/ui/BattleView.gd:2771
%s: tap a foe,%s: toca un enemigo,scripts/ui/BattleView.gd:2786
%s: click a foe,%s: haz clic en un enemigo,scripts/ui/BattleView.gd:2786
%s's turn,Turno de %s,scripts/ui/BattleView.gd:2862
Lv%d %s · %d/%d HP,Nv%d %s · %d/%d PV,scripts/ui/BattleView.gd:2866
"Attack %s (1): +%d Momentum%s. Click a foe to pick another, Tab to cycle.","Atacar a %s (1): +%d de Ímpetu%s. Haz clic en otro enemigo para cambiar, Tab para rotar.",scripts/ui/BattleView.gd:2881
 (+1 for the kill: this hit should finish it), (+1 por la muerte: este golpe debería rematarlo),scripts/ui/BattleView.gd:2881
About %d damage.,Unos %d de daño.,scripts/ui/BattleView.gd:2883
"
From the back row a %s hits at half strength.","
Desde la fila trasera, un %s golpea a la mitad de fuerza.",scripts/ui/BattleView.gd:2885
Attack,Atacar,scripts/ui/BattleView.gd:2889
Attack ½,Atacar ½,scripts/ui/BattleView.gd:2889
"
%s row.","
Fila %s.",scripts/ui/BattleView.gd:2900
"
%s twist: %s.","
Giro de %s: %s.",scripts/ui/BattleView.gd:2900
"%s
Learned at level %d.","%s
Aprendida en el nivel %d.",scripts/ui/BattleView.gd:2903
Ability,Habilidad,scripts/ui/BattleView.gd:2906
%s (%s) — %d Momentum. %s%s,%s (%s) — %d de Ímpetu. %s%s,scripts/ui/BattleView.gd:2924
About %d damage to %s.,Unos %d de daño a %s.,scripts/ui/BattleView.gd:2927
Defend,Defender,scripts/ui/BattleView.gd:2938
Defend (5) — take half damage from hits this round. Each hit taken while Defending gives +1 Momentum (+2 for a heavy blow).,Defender (5): recibe la mitad de daño de los golpes esta ronda. Cada golpe recibido al Defender da +1 de Ímpetu (+2 si es un golpe pesado).,scripts/ui/BattleView.gd:2938
"More (M, or Start on a gamepad) — Guard (6), Move (7), Tonics (8)%s","Más (M, o Start en un mando): Proteger (6), Mover (7), Tónicos (8)%s",scripts/ui/BattleView.gd:2946
", Champion's Call (9)",", Llamada del campeón (9)",scripts/ui/BattleView.gd:2946
Less,Menos,scripts/ui/BattleView.gd:2950
More ★,Más ★,scripts/ui/BattleView.gd:2950
More,Más,scripts/ui/BattleView.gd:2950
"Guard (6) — pick an ally: attacks aimed at them this round hit you instead, 25% weaker, for +1 Momentum each.","Proteger (6): elige un aliado; los ataques dirigidos a él esta ronda te golpean a ti, un 25% más débiles, por +1 de Ímpetu cada uno.",scripts/ui/BattleView.gd:2964
%s's Call (9) — %s. Uses this hero's turn; %d left this rift.,Llamada de %s (9): %s. Usa el turno de este héroe; quedan %d en esta grieta.,scripts/ui/BattleView.gd:2970
To %s,Hacia: %s,scripts/ui/BattleView.gd:2976
Move (7) — step to the %s row. The front row draws most attacks; melee heroes hit at half strength from the back; some skills need a row.,Mover (7): pasa a la fila %s. La fila delantera atrae la mayoría de los ataques; los héroes cuerpo a cuerpo golpean a la mitad de fuerza desde atrás; algunas habilidades necesitan una fila.,scripts/ui/BattleView.gd:2977
Tonics ×%d,Tónicos ×%d,scripts/ui/BattleView.gd:2985
"Tonics (8) — Healing, Iron or Focus. Uses this hero's turn.","Tónicos (8): Curativo, de Hierro o de Enfoque. Usa el turno de este héroe.",scripts/ui/BattleView.gd:2985
"Target: %s
Space repeats your last action","Objetivo: %s
Space repite tu última acción",scripts/ui/BattleView.gd:3010
The party is down.,El grupo ha caído.,scripts/ui/BattleView.gd:3016
Enemy turn…,Turno enemigo…,scripts/ui/BattleView.gd:3016
"Battle speed: ×1, ×2, ×3 or Instant (click to change; also in Settings)","Velocidad de combate: ×1, ×2, ×3 o Instantánea (haz clic para cambiar; también en Ajustes)",scripts/ui/BattleView.gd:3034
Auto,Auto,scripts/ui/BattleView.gd:3041
Auto ✓,Auto ✓,scripts/ui/BattleView.gd:3041
"Auto (A), for this fight — heroes act on their own: Defend against heavy blows, use Abilities when ready, focus the weakest foe. It pauses when a hero is about to fall. An elite, a boss or any fight on a rank you haven't sealed, won by hand with no one down, pays +%d%% Gold and Essence.","Auto (A), para este combate: los héroes actúan solos: Defienden ante golpes pesados, usan Habilidades cuando están listas, se centran en el enemigo más débil. Se pausa cuando un héroe está a punto de caer. Una élite, un jefe o cualquier combate en un rango que no has sellado, ganado a mano sin que nadie caiga, paga +%d%% de Oro y Esencia.",scripts/ui/BattleView.gd:3041
Log,Registro,scripts/ui/BattleView.gd:3050
Show or hide the fight log,Mostrar u ocultar el registro del combate,scripts/ui/BattleView.gd:3050
Retreat — leave the fight (the run ends and %d%% of the haul is dropped),Retirarse: abandona el combate (la incursión termina y se pierde el %d%% del botín),scripts/ui/BattleView.gd:3055
Retreat — leave the fight (the run ends),Retirarse: abandona el combate (la incursión termina),scripts/ui/BattleView.gd:3055
gathers its strength,acumula fuerza,locale/extra_msgids.txt
strikes every foe,golpea a todos los enemigos,locale/extra_msgids.txt
Phoenix,Fénix,locale/extra_msgids.txt
uses ,usa ,locale/extra_msgids.txt
[A foe gathers its strength],[Un enemigo acumula fuerza],scripts/ui/BattleView.gd:3084
[%s roars: a second phase],[%s ruge: una segunda fase],scripts/ui/BattleView.gd:3093
%s enters its second phase,%s entra en su segunda fase,scripts/ui/BattleView.gd:3094
[A boss roars],[Un jefe ruge],scripts/ui/BattleView.gd:3098
[An elite snarls],[Una élite gruñe],scripts/ui/BattleView.gd:3098
Elite,Élite,scripts/ui/BattleView.gd:3111
Tower Guardian,Guardián de la Torre,scripts/ui/BattleView.gd:3111
Round %d,Ronda %d,scripts/ui/BattleView.gd:3118
+%d XP each,+%d de EXP cada uno,scripts/ui/BattleView.gd:3194
%s  Lv%d,%s  Nv%d,scripts/ui/BattleView.gd:3207
LEVEL UP!,¡SUBES DE NIVEL!,scripts/ui/BattleView.gd:3210
MVP,MVP,scripts/ui/BattleView.gd:3218
Most damage dealt this fight,Más daño infligido en este combate,scripts/ui/BattleView.gd:3221
Max level,Nivel máximo,scripts/ui/BattleView.gd:3229
%d / %d XP to Lv%d,%d / %d EXP para Nv%d,scripts/ui/BattleView.gd:3229
%d dmg · %d kill%s,%d daño · %d muerte%s,scripts/ui/BattleView.gd:3234
"For three hundred years, the guilds of the Accord kept the rifts shut.","Durante trescientos años, los gremios del Acuerdo mantuvieron cerradas las grietas.",scripts/ui/Cinematic.gd:24
"They swore one oath: close what opens,","Hicieron un solo juramento: cierra lo que se abra,",scripts/ui/Cinematic.gd:25
"share what you find, never sell a rift.","comparte lo que encuentres, nunca vendas una grieta.",scripts/ui/Cinematic.gd:26
"Then, in a single night, every rift in the Vale opened at once.","Entonces, en una sola noche, todas las grietas del Valle se abrieron a la vez.",scripts/ui/Cinematic.gd:27
Every guild of the Accord went in.,Todos los gremios del Acuerdo entraron.,scripts/ui/Cinematic.gd:28
"What they found there, no one living remembers.","Lo que encontraron allí, nadie vivo lo recuerda.",scripts/ui/Cinematic.gd:29
"By morning, their halls stood empty.","Al amanecer, sus salones estaban vacíos.",scripts/ui/Cinematic.gd:30
The villagers still need a guild.,Los aldeanos aún necesitan un gremio.,scripts/ui/Cinematic.gd:31
They have yours.,Tienen el tuyo.,scripts/ui/Cinematic.gd:32
Skip,Omitir,scripts/ui/Cinematic.gd:119
Esc skips the opening.,Esc omite la introducción.,scripts/ui/Cinematic.gd:120
Guild tier reached,Nivel de gremio alcanzado,scripts/ui/GuildViews.gd:14
Welcome to your guild,Bienvenido a tu gremio,scripts/ui/GuildViews.gd:19
"Rifts are tearing open across the land. Your first three heroes have signed on (Roster, key 1). Head to the Rift Hall (key 3) to seal a rift.","Las grietas se abren por todo el territorio. Tus tres primeros héroes se han alistado (Plantilla, tecla 1). Ve a la Sala de Grietas (tecla 3) para sellar una grieta.",scripts/ui/GuildViews.gd:19
Back at camp,De vuelta en el campamento,scripts/ui/GuildViews.gd:21
"Equip what you found on the Roster's Hero tab (key 1), spend skill points under Skills, and hire more heroes when you can afford them. Every rift run or rest is one day.","Equipa lo que encontraste en la pestaña Héroe de la Plantilla (tecla 1), gasta puntos de habilidad en Habilidades y contrata más héroes cuando puedas pagarlos. Cada incursión o descanso es un día.",scripts/ui/GuildViews.gd:21
 — the %s, — %s,scripts/ui/GuildViews.gd:128
 — tier %d/3 (%s Lv%d; grows at Lv3 and Lv5), — nivel %d/3 (%s Nv%d; crece en Nv3 y Nv5),scripts/ui/GuildViews.gd:130
 — grows with your guild tier, — crece con el nivel de tu gremio,scripts/ui/GuildViews.gd:132
 — grows with the campaign, — crece con la campaña,scripts/ui/GuildViews.gd:134
Guild status,Estado del gremio,scripts/ui/GuildViews.gd:295
Getting started — %d/%d,Primeros pasos — %d/%d,scripts/ui/GuildViews.gd:308
Hide,Ocultar,scripts/ui/GuildViews.gd:315
Hide the getting-started steps,Ocultar los primeros pasos,scripts/ui/GuildViews.gd:319
All quiet. The rifts are waiting.,Todo en calma. Las grietas esperan.,scripts/ui/GuildViews.gd:351
This week · payday in %d day%s,Esta semana · día de paga en %d día%s,scripts/ui/GuildViews.gd:380
Bill %d (wages %d + upkeep %d) · %s,Cuenta %d (sueldos %d + mantenimiento %d) · %s,scripts/ui/GuildViews.gd:395
short %d,faltan %d,scripts/ui/GuildViews.gd:395
Since last payday: %s%d Gold,Desde el último día de paga: %s%d de Oro,scripts/ui/GuildViews.gd:400
"Wages go out every %d days, heroes in roster order, then facility upkeep. Unpaid heroes lose morale; unpaid upkeep costs Renown. Click for the Ledger.","Los sueldos se pagan cada %d días, a los héroes en el orden de la plantilla, y luego el mantenimiento de las instalaciones. Los héroes sin paga pierden moral; el mantenimiento impagado cuesta Renombre. Haz clic para ver el Libro de cuentas.",scripts/ui/GuildViews.gd:402
Hire your first hero in Recruits,Contrata a tu primer héroe en Reclutas,scripts/ui/GuildViews.gd:416
The rift has broken! Defend near %s,¡La grieta se ha roto! Defiende cerca de %s,scripts/ui/GuildViews.gd:418
A Rank %s rift breaks in %d day%s,Una grieta de Rango %s se rompe en %d día%s,scripts/ui/GuildViews.gd:421
%d building%s damaged: repair in Manage,Dañados: %d edificio%s; repara en Gestionar,scripts/ui/GuildViews.gd:423
 — answer today, — responde hoy,scripts/ui/GuildViews.gd:425
Tomorrow: %s,Mañana: %s,scripts/ui/GuildViews.gd:427
 — answer before payday, — responde antes del día de paga,scripts/ui/GuildViews.gd:430
 — by payday, — antes del día de paga,scripts/ui/GuildViews.gd:432
%d hero%s with low morale,%d héroe%s con la moral baja,scripts/ui/GuildViews.gd:435
%d contract%s due within 2 days,%d contrato%s con vencimiento en 2 días,scripts/ui/GuildViews.gd:438
%d quest%s ready to claim,Por reclamar: %d recompensa%s de misión,scripts/ui/GuildViews.gd:441
%d recovering,%d en recuperación,scripts/ui/GuildViews.gd:447
%d wounded,%d heridos,scripts/ui/GuildViews.gd:449
%s · %d bed%s free,%s · %d cama%s sin ocupar,scripts/ui/GuildViews.gd:451
%d hero%s with points to spend,%d héroe%s con puntos por gastar,scripts/ui/GuildViews.gd:454
%s Lv%d,%s Nv%d,scripts/ui/GuildViews.gd:466
Upgrade ready: %s (%d Essence),Mejora lista: %s (%d de Esencia),scripts/ui/GuildViews.gd:468
The campaign is done: push the Endless Rift and the ladder to SSS,La campaña ha terminado: avanza en la Grieta Infinita y en la escalera hasta SSS,scripts/ui/GuildViews.gd:482
Face the finale: %s,Afronta el final: %s,scripts/ui/GuildViews.gd:484
Act %s: %s%s,Acto %s: %s%s,scripts/ui/GuildViews.gd:489
Grow,Crecer,scripts/ui/GuildViews.gd:498
"Seal a Rank %s rift: better gear, more Essence","Sella una grieta de Rango %s: mejor equipo, más Esencia",scripts/ui/GuildViews.gd:500
Optional,Opcional,scripts/ui/GuildViews.gd:503
Find a lost champion in the Endless Rift,Encuentra a un campeón perdido en la Grieta Infinita,scripts/ui/GuildViews.gd:503
Take a contract from the Quest board,Acepta un contrato del tablón de Misiones,scripts/ui/GuildViews.gd:505
Tower of Trials: floor %d next,"Torre de las Pruebas: siguiente, piso %d",scripts/ui/GuildViews.gd:507
Records,Registros,scripts/ui/GuildViews.gd:1209
Achievements %d/%d,Logros %d/%d,scripts/ui/GuildViews.gd:518
Statistics,Estadísticas,scripts/ui/GuildViews.gd:518
Run history,Historial de incursiones,scripts/ui/GuildViews.gd:518
The Vale this year: %s,El Valle este año: %s,scripts/ui/GuildViews.gd:528
Oaths sworn: %s,Juramentos hechos: %s,scripts/ui/GuildViews.gd:533
Retire the guild,Retirar el gremio,scripts/ui/GuildViews.gd:542
"A guild can retire once Act II is done: it joins the Hall of Guilds, leaves Laurels for your next guild, and up to two of its heroes come back as champions. Its save slot is freed.","Un gremio puede retirarse una vez terminado el Acto II: entra en la Sala de los Gremios, deja Laureles para tu próximo gremio, y hasta dos de sus héroes vuelven como campeones. Su ranura de guardado queda libre.",scripts/ui/GuildViews.gd:543
Retire this guild…,Retirar este gremio…,scripts/ui/GuildViews.gd:544
Renown,Renombre,scripts/ui/GuildViews.gd:1105
Done,Hecho,scripts/ui/GuildViews.gd:571
%s (power %d),%s (poder %d),scripts/ui/GuildViews.gd:591
Days passed,Días transcurridos,scripts/ui/GuildViews.gd:593
Runs finished,Incursiones terminadas,scripts/ui/GuildViews.gd:594
Rifts sealed,Grietas selladas,scripts/ui/GuildViews.gd:595
Monsters defeated,Monstruos derrotados,scripts/ui/GuildViews.gd:596
Elites / Bosses defeated,Élites / Jefes derrotados,scripts/ui/GuildViews.gd:597
Flawless fights,Combates impecables,scripts/ui/GuildViews.gd:598
Feats done,Hazañas cumplidas,scripts/ui/GuildViews.gd:599
Campaign,Campaña,scripts/ui/GuildViews.gd:2317
Act %s,Acto %s,scripts/ui/GuildViews.gd:600
"Tower of Trials, best floor","Torre de las Pruebas, mejor piso",scripts/ui/GuildViews.gd:601
Daily twists sealed,Giros diarios sellados,scripts/ui/GuildViews.gd:602
%d (streak %d),%d (racha de %d),scripts/ui/GuildViews.gd:602
Items and relics crafted,Objetos y reliquias fabricados,scripts/ui/GuildViews.gd:603
Heroes lost,Héroes perdidos,scripts/ui/GuildViews.gd:605
Strongest hero,Héroe más fuerte,scripts/ui/GuildViews.gd:606
Most-defeated foe,Enemigo más derrotado,scripts/ui/GuildViews.gd:607
"Endless Rift, best time","Grieta Infinita, mejor tiempo",scripts/ui/GuildViews.gd:610
No runs yet. Your last %d runs will be listed here.,Aún no hay incursiones. Aquí aparecerán tus últimas %d incursiones.,scripts/ui/GuildViews.gd:623
Day %d · %s · floor %s,Día %d · %s · piso %s,scripts/ui/GuildViews.gd:633
Day %d · %s · %d:%02d · %d kills,Día %d · %s · %d:%02d · %d muertes,scripts/ui/GuildViews.gd:635
%+d Gold  %+d Essence,%+d de Oro  %+d de Esencia,scripts/ui/GuildViews.gd:639
Party: ,Grupo: ,scripts/ui/GuildViews.gd:640
"
Boons: ","
Dones: ",scripts/ui/GuildViews.gd:642
Memorial,Memorial,scripts/ui/GuildViews.gd:1210
Heroes lost for good. Their names stay with the guild.,Héroes perdidos para siempre. Sus nombres permanecen con el gremio.,scripts/ui/GuildViews.gd:650
No one has fallen. May it stay that way.,Nadie ha caído. Que siga así.,scripts/ui/GuildViews.gd:652
"%s — Rank %s, Level %d","%s — Rango %s, Nivel %d",scripts/ui/GuildViews.gd:663
"%s, on day %d. %d rift%s sealed, %d foe%s felled.","%s, el día %d. Selló %d grieta%s y abatió a %d enemigo%s.",scripts/ui/GuildViews.gd:664
No answer by payday counts as a no.,No responder antes del día de paga cuenta como un no.,scripts/ui/GuildViews.gd:699
No answer by tomorrow: %s.,Sin respuesta para mañana: %s.,scripts/ui/GuildViews.gd:724
No answer by payday: they choose for themselves.,Sin respuesta antes del día de paga: deciden por sí mismos.,scripts/ui/GuildViews.gd:737
No answer by payday counts as declining.,No responder antes del día de paga cuenta como rechazo.,scripts/ui/GuildViews.gd:737
No answer by payday: they take it.,Sin respuesta antes del día de paga: se lo quedan.,scripts/ui/GuildViews.gd:738
%d day%s to payday.,%d día%s para el día de paga.,scripts/ui/GuildViews.gd:740
Decide later,Decidir más tarde,scripts/ui/GuildViews.gd:773
 Answer in Guild > Ledger., Responde en Gremio > Libro de cuentas.,scripts/ui/GuildViews.gd:784
Payday · %d Gold,Día de paga · %d de Oro,scripts/ui/GuildViews.gd:813
Wages %d + upkeep %d Gold; you have %d.,Sueldos %d + mantenimiento %d de Oro; tienes %d.,scripts/ui/GuildViews.gd:814
Request closes,Cierra una petición,scripts/ui/GuildViews.gd:816
Dare due,Vence un reto,scripts/ui/GuildViews.gd:818
Rival waits,El rival espera,scripts/ui/GuildViews.gd:818
Foretold: %s,Presagio: %s,scripts/ui/GuildViews.gd:822
Contract due,Vence un contrato,scripts/ui/GuildViews.gd:825
Rift breaks,Se rompe una grieta,scripts/ui/GuildViews.gd:827
A Rank %s rift breaks near %s.,Una grieta de Rango %s se rompe cerca de %s.,scripts/ui/GuildViews.gd:827
Contest ends,Termina el concurso,scripts/ui/GuildViews.gd:829
The month's Renown contest with %s ends.,Termina el concurso mensual de Renombre con %s.,scripts/ui/GuildViews.gd:829
Today,Hoy,scripts/ui/GuildViews.gd:839
Day %d,Día %d,scripts/ui/GuildViews.gd:839
in %d day%s,en %d día%s,scripts/ui/GuildViews.gd:850
A day passes with every rift run or rest.,Pasa un día con cada incursión o descanso.,scripts/ui/GuildViews.gd:854
Guild Ledger,Libro de cuentas del gremio,scripts/ui/GuildViews.gd:864
Paying the guild,Pagar al gremio,scripts/ui/GuildViews.gd:865
"A day passes with every rift run or rest; wages are due every %d days. An unpaid hero loses %d morale, and a hero unpaid twice in a row, or at rock-bottom morale on payday, walks out. Every Guild Management level also costs %d Gold a week in upkeep.","Pasa un día con cada incursión o descanso; los sueldos vencen cada %d días. Un héroe sin paga pierde %d de moral, y un héroe sin paga dos veces seguidas, o con la moral por los suelos el día de paga, se va. Cada nivel de Gestión del Gremio también cuesta %d de Oro a la semana en mantenimiento.",scripts/ui/GuildViews.gd:865
Guild news,Noticias del gremio,scripts/ui/GuildViews.gd:879
Treasury,Tesorería,scripts/ui/GuildViews.gd:907
Gold in the vault,Oro en la cámara,scripts/ui/GuildViews.gd:910
Wages %d + upkeep %d Gold (%d a week per Guild Management level).,Sueldos %d + mantenimiento %d de Oro (%d a la semana por nivel de Gestión del Gremio).,scripts/ui/GuildViews.gd:912
Left after payday,Restante tras el día de paga,scripts/ui/GuildViews.gd:913
Since last payday,Desde el último día de paga,scripts/ui/GuildViews.gd:915
Gold gained or spent since the last payday.,Oro ganado o gastado desde el último día de paga.,scripts/ui/GuildViews.gd:915
The vault against the bill.,La cámara frente a la cuenta.,scripts/ui/GuildViews.gd:919
Put some heroes on half pay below,Pon a algunos héroes a media paga abajo,scripts/ui/GuildViews.gd:922
"About %d rift run%s at your recent pay would cover it, or put some heroes on half pay below","Unas %d salida%s con tu paga reciente lo cubrirían, o pon a algunos héroes a media paga abajo",scripts/ui/GuildViews.gd:924
%d Gold paid,%d de Oro pagado,scripts/ui/GuildViews.gd:930
unpaid: %s,sin paga: %s,scripts/ui/GuildViews.gd:932
walked out: %s,se fueron: %s,scripts/ui/GuildViews.gd:934
Last payday (day %d): %s.,Último día de paga (día %d): %s.,scripts/ui/GuildViews.gd:935
At the pay table,En la mesa de pagos,scripts/ui/GuildViews.gd:945
"Wen keeps the guild's chronicle, Dobbs keeps its books, and Old Hesper is the last of an Accord guild: she had a fever on the Night of Breaking and missed it.","Wen lleva la crónica del gremio, Dobbs lleva sus cuentas, y la vieja Hesper es la última de un gremio del Acuerdo: tenía fiebre la Noche de la Ruptura y se la perdió.",scripts/ui/GuildViews.gd:951
Hold a feast · %d Gold,Celebrar un banquete · %d de Oro,scripts/ui/GuildViews.gd:957
"+%d morale for up to %d heroes, lowest morale first. Once a week.","+%d de moral para hasta %d héroes, empezando por la moral más baja. Una vez por semana.",scripts/ui/GuildViews.gd:964
Already feasted this week — the next one after payday.,"Ya hubo banquete esta semana: el próximo, después del día de paga.",scripts/ui/GuildViews.gd:964
Training Yard: %d of %d stations in use,Patio de Entrenamiento: %d de %d puestos en uso,scripts/ui/GuildViews.gd:966
Half,Media,scripts/ui/GuildViews.gd:974
Full,Completa,scripts/ui/GuildViews.gd:974
Bonus,Prima,scripts/ui/GuildViews.gd:974
Payroll,Nómina,scripts/ui/GuildViews.gd:984
%d Gold a week,%d de Oro a la semana,scripts/ui/GuildViews.gd:987
Half pay saves Gold but costs %d morale each payday; a bonus pays %d%% more for +%d morale. Wages go out top to bottom while the Gold lasts.,La media paga ahorra Oro pero cuesta %d de moral cada día de paga; una prima paga un %d%% más por +%d de moral. Los sueldos se pagan de arriba abajo mientras dure el Oro.,scripts/ui/GuildViews.gd:993
Rank %s · Lv%d,Rango %s · Nv%d,scripts/ui/GuildViews.gd:1016
 · unpaid if payday came now, · sin paga si el día de paga fuera ahora,scripts/ui/GuildViews.gd:1016
Morale %d · %s%s%s,Moral %d · %s%s%s,scripts/ui/GuildViews.gd:1028
 (%+d%% damage), (%+d%% de daño),scripts/ui/GuildViews.gd:1028
 · unpaid %d week%s, · sin paga %d semana%s,scripts/ui/GuildViews.gd:1028
Sealing a rift +%d · a lost rift %d · knocked out %d · unpaid %d · a week without a rift %d · a failed contract %d · a feast +%d,Sellar una grieta +%d · una grieta perdida %d · noqueado %d · sin paga %d · una semana sin grieta %d · un contrato fallido %d · un banquete +%d,scripts/ui/GuildViews.gd:1030
%s %d,%s %d,scripts/ui/GuildViews.gd:1041
%s: %d Gold a week%s.,%s: %d de Oro a la semana%s.,scripts/ui/GuildViews.gd:1043
", %+d morale each payday",", %+d de moral cada día de paga",scripts/ui/GuildViews.gd:1043
Confirm: let them go,Confirmar: dejarlo ir,scripts/ui/GuildViews.gd:1051
Dismiss,Despedir,scripts/ui/GuildViews.gd:1051
They leave the guild for good; their gear goes back to the stockpile. No more wages.,Deja el gremio para siempre; su equipo vuelve al almacén. No más sueldos.,scripts/ui/GuildViews.gd:1063
Rival: %s,Rival: %s,scripts/ui/GuildViews.gd:1083
Led by %s,Liderado por %s,scripts/ui/GuildViews.gd:1084
Renown — you %d · them %d (%s),Renombre — tú %d · ellos %d (%s),scripts/ui/GuildViews.gd:1088
you lead by %d,vas %d por delante,scripts/ui/GuildViews.gd:1088
they lead by %d,van %d por delante,scripts/ui/GuildViews.gd:1088
level,empate,scripts/ui/GuildViews.gd:1088
"Renown is the one race with the rival. They gain it every day and sometimes take a posted contract before you do. At payday the leader gets the pick of next week's recruits (one more offer for you, or one fewer); every 20 you earn arms an Epic relic at your next Shop. Seal rifts and finish contracts to gain it; failed contracts and unpaid upkeep cost it.","El Renombre es la única carrera contra el rival. Lo ganan cada día y a veces toman un contrato publicado antes que tú. El día de paga, quien va en cabeza elige primero entre los reclutas de la semana siguiente (una oferta más para ti, o una menos); cada 20 que ganas prepara una reliquia Épica en tu próxima Tienda. Sella grietas y termina contratos para ganarlo; los contratos fallidos y el mantenimiento impagado lo cuestan.",scripts/ui/GuildViews.gd:1090
"This month: Renown gained — you %d · them %d · %d day%s left. Prize: %d Gold, %d Renown.","Este mes: Renombre ganado — tú %d · ellos %d · quedan %d día%s. Premio: %d de Oro, %d de Renombre.",scripts/ui/GuildViews.gd:1094
"The Crown's herald counts Renown toward the Royal Charter: one guild, every contract, for a generation.","El heraldo de la Corona cuenta el Renombre para la Carta Real: un gremio, todos los contratos, durante una generación.",scripts/ui/GuildViews.gd:1098
Guild Standings,Clasificación de gremios,scripts/ui/GuildViews.gd:1100
Guild,Gremio,scripts/ui/GuildViews.gd:1105
Tower floor,Piso de la Torre,scripts/ui/GuildViews.gd:1105
Endless best,Mejor Infinita,scripts/ui/GuildViews.gd:1105
 (you), (tú),scripts/ui/GuildViews.gd:1111
 — rival, — rival,scripts/ui/GuildViews.gd:1111
The other guilds' records grow every day. Top the Renown column for an achievement.,Los registros de los otros gremios crecen cada día. Encabeza la columna de Renombre para obtener un logro.,scripts/ui/GuildViews.gd:1117
Assemble a party in the Rift Hall and enter a rift,Forma un grupo en la Sala de Grietas y entra en una grieta,scripts/ui/GuildViews.gd:1132
Equip an item on a hero (Roster > Heroes),Equipa un objeto a un héroe (Plantilla > Héroes),scripts/ui/GuildViews.gd:1133
Spend a skill point (Roster > Heroes > Skills),Gasta un punto de habilidad (Plantilla > Héroes > Habilidades),scripts/ui/GuildViews.gd:1134
Seal your first rift by beating its boss,Sella tu primera grieta venciendo a su jefe,scripts/ui/GuildViews.gd:1135
%d SP,%d PH,scripts/ui/GuildViews.gd:1151
can evolve,puede evolucionar,scripts/ui/GuildViews.gd:1153
can train a subclass,puede entrenar una subclase,scripts/ui/GuildViews.gd:1155
empty %s slot,ranura de %s vacía,scripts/ui/GuildViews.gd:1158
%d hero(es) wounded or downed,%d héroe(s) herido(s) o caído(s),scripts/ui/GuildViews.gd:1166
%d recruit(s) you can afford,%d recluta(s) que puedes pagar,scripts/ui/GuildViews.gd:1170
%d craft(s) ready in Crafting,%d fabricación(es) lista(s) en Fabricación,scripts/ui/GuildViews.gd:1184
%d relic slot(s) empty — equip a relic under Items > Relics,%d ranura(s) de reliquia vacía(s): equipa una reliquia en Objetos > Reliquias,scripts/ui/GuildViews.gd:1188
%d quest(s) ready to claim,%d misión(es) lista(s) para reclamar,scripts/ui/GuildViews.gd:1191
Hall Works,Obras del Salón,scripts/ui/GuildViews.gd:1206
Ledger,Libro de cuentas,scripts/ui/GuildViews.gd:1207
Codex,Códice,scripts/ui/GuildViews.gd:1208
%s (locked),%s (bloqueado),scripts/ui/GuildViews.gd:1225
Freed at the end of Act %s.,Liberado al final del Acto %s.,scripts/ui/GuildViews.gd:1255
Lost in the Endless Rift: survive past %d:%02d to find their light.,Perdido en la Grieta Infinita: sobrevive más de %d:%02d para encontrar su luz.,scripts/ui/GuildViews.gd:1259
"Lost in the Endless Rift: their light waits in a pillar of the Descent, or of a Rank B+ rift.","Perdido en la Grieta Infinita: su luz espera en un pilar del Descenso, o de una grieta de Rango B+.",scripts/ui/GuildViews.gd:1259
%s · Level %d/%d,%s · Nivel %d/%d,scripts/ui/GuildViews.gd:1268
Boon: ,Don: ,scripts/ui/GuildViews.gd:1269
Call: %s — %s (%s),Llamada: %s — %s (%s),scripts/ui/GuildViews.gd:1274
twice a rift,dos veces por grieta,scripts/ui/GuildViews.gd:1274
once a rift,una vez por grieta,scripts/ui/GuildViews.gd:1274
Overseeing,Supervisando,scripts/ui/GuildViews.gd:1281
Oversee rifts,Supervisar grietas,scripts/ui/GuildViews.gd:1281
"The overseer's Boon lifts the whole party in every rift run, and any hero can spend their turn on the Call.","El Don del supervisor fortalece a todo el grupo en cada incursión, y cualquier héroe puede gastar su turno en la Llamada.",scripts/ui/GuildViews.gd:1286
Level up — %d Essence,Subir de nivel — %d de Esencia,scripts/ui/GuildViews.gd:1290
%s reaches level %d,%s alcanza el nivel %d,scripts/ui/GuildViews.gd:1296
Boon and Call grow stronger,El Don y la Llamada se fortalecen,scripts/ui/GuildViews.gd:1296
"Each level: Boon and Call +%d%%, and +%d%% HP and damage in the Endless Rift. At level %d the Call works twice a rift.","Cada nivel: Don y Llamada +%d%%, y +%d%% de PV y daño en la Grieta Infinita. En el nivel %d la Llamada funciona dos veces por grieta.",scripts/ui/GuildViews.gd:1299
Each level: Boon and Call +%d%%. At level %d the Call works twice a rift.,Cada nivel: Don y Llamada +%d%%. En el nivel %d la Llamada funciona dos veces por grieta.,scripts/ui/GuildViews.gd:1299
"Champions are freed by the story and rescued in the Endless Rift. One oversees your rift runs: the whole party gets their Boon, and any hero can spend a turn on their Call. In the Endless Rift your champions are the party. Spend Essence here to level them up.","Los campeones se liberan con la historia y se rescatan en la Grieta Infinita. Uno supervisa tus incursiones: todo el grupo recibe su Don, y cualquier héroe puede gastar un turno en su Llamada. En la Grieta Infinita tus campeones son el grupo. Gasta Esencia aquí para subirlos de nivel.",scripts/ui/GuildViews.gd:1308
Essence: %d,Esencia: %d,scripts/ui/GuildViews.gd:1312
Spend it to level up champions. The Endless Rift pays the most.,Gástala para subir de nivel a los campeones. La Grieta Infinita es la que más paga.,scripts/ui/GuildViews.gd:1314
%d of %d champions found. Every new guild meets a different twelve.,%d de %d campeones encontrados. Cada gremio nuevo conoce a doce distintos.,scripts/ui/GuildViews.gd:1319
Hiring heroes,Contratar héroes,scripts/ui/GuildViews.gd:1333
Recruit heroes below; higher ranks are stronger.,Recluta héroes abajo; los rangos más altos son más fuertes.,scripts/ui/GuildViews.gd:1333
New faces arrive every day and wait a few days; payday fills the board. Each reroll or commission doubles the next until payday (back to %d Gold).%s,Llegan caras nuevas cada día y esperan unos días; el día de paga llena el tablón. Cada renovación o encargo duplica el siguiente hasta el día de paga (vuelve a %d de Oro).%s,scripts/ui/GuildViews.gd:1334
 The rival may sign your best offer first., El rival puede fichar tu mejor oferta primero.,scripts/ui/GuildViews.gd:1334
Rank odds: %s%s,Probabilidades de rango: %s%s,scripts/ui/GuildViews.gd:1335
  ·  Scouts' Lodge: a C+ recruit is assured each payday,  ·  Pabellón de Exploradores: un recluta C+ asegurado cada día de paga,scripts/ui/GuildViews.gd:1335
Hero Recruits — %d/%d roster slots,Reclutas — %d/%d plazas en la plantilla,scripts/ui/GuildViews.gd:1338
Your roster is full. The Barracks (Guild > Manage > Operations) adds 2 slots a level; you can also let a hero go from the Ledger.,Tu plantilla está llena. El Cuartel (Gremio > Gestionar > Operaciones) añade 2 plazas por nivel; también puedes despedir a un héroe desde el Libro de cuentas.,scripts/ui/GuildViews.gd:1340
No one is looking for work right now. New faces arrive every day.,Nadie busca trabajo ahora mismo. Llegan caras nuevas cada día.,scripts/ui/GuildViews.gd:1344
Commission a recruit (%d Gold):,Encargar un recluta (%d de Oro):,scripts/ui/GuildViews.gd:1349
A %s joins the offers at the usual rank odds (the last offer leaves).,Un %s se suma a las ofertas con las probabilidades de rango habituales (la última oferta se va).,scripts/ui/GuildViews.gd:1360
Rank %s %s · %d Gold · Power %d · %d HP · wage %d/week,Rango %s %s · %d de Oro · Poder %d · %d PV · sueldo %d/semana,scripts/ui/GuildViews.gd:1383
Brings %d skill and %d attribute points,Trae %d puntos de habilidad y %d de atributo,scripts/ui/GuildViews.gd:1386
A fresh recruit,Un recluta novato,scripts/ui/GuildViews.gd:1386
trains a Path at Rank D,entrena una Senda en Rango D,scripts/ui/GuildViews.gd:1392
ready for stage %d training,listo para el entrenamiento de etapa %d,scripts/ui/GuildViews.gd:1392
Last day,Último día,scripts/ui/GuildViews.gd:1396
Leaves tomorrow,Se va mañana,scripts/ui/GuildViews.gd:1396
Leaves in %d days,Se va en %d días,scripts/ui/GuildViews.gd:1396
"Waits on the board until day %d, then takes work elsewhere.",Espera en el tablón hasta el día %d; luego busca trabajo en otra parte.,scripts/ui/GuildViews.gd:1399
Reroll (%d Gold),Renovar (%d de Oro),scripts/ui/GuildViews.gd:1403
"Swap this offer for a new face. The next reroll costs double, until payday.","Cambia esta oferta por una cara nueva. La siguiente renovación cuesta el doble, hasta el día de paga.",scripts/ui/GuildViews.gd:1410
Recruit,Reclutar,scripts/ui/GuildViews.gd:1412
%s joins the guild!,¡%s se une al gremio!,scripts/ui/GuildViews.gd:1418
"Leans on %s. Might: damage and HP · Agility: speed, dodge, first strike · Focus: ability power, mending.","Se apoya en %s. Fuerza: daño y PV · Agilidad: velocidad, esquiva, primer golpe · Enfoque: poder de habilidad, curación.",scripts/ui/GuildViews.gd:1437
Medical Bay — %d/%d beds occupied,Enfermería — %d/%d camas ocupadas,scripts/ui/GuildViews.gd:1456
"Field Triage: once per rift, get a downed hero back up mid-rift.","Triaje de campaña: una vez por grieta, levanta a un héroe caído a mitad de la grieta.",scripts/ui/GuildViews.gd:1458
%d/%d HP · %s,%d/%d PV · %s,scripts/ui/GuildViews.gd:1484
Empty bed,Cama vacía,scripts/ui/GuildViews.gd:1487
Recovering without a bed (slower):,Recuperándose sin cama (más lento):,scripts/ui/GuildViews.gd:1494
%s — %d/%d HP (%s) · %s,%s — %d/%d PV (%s) · %s,scripts/ui/GuildViews.gd:1498
downed,caído,scripts/ui/GuildViews.gd:1498
wounded,herido,scripts/ui/GuildViews.gd:1498
Put in a bed,Acostar en una cama,scripts/ui/GuildViews.gd:1502
Every bed is taken,Todas las camas están ocupadas,scripts/ui/GuildViews.gd:1507
A downed hero comes back a run sooner; a wounded one is fully healed after the next run.,Un héroe caído vuelve una incursión antes; uno herido se cura del todo tras la siguiente incursión.,scripts/ui/GuildViews.gd:1507
Rest the guild (pass one run's time),Descansar el gremio (pasa el tiempo de una incursión),scripts/ui/GuildViews.gd:1513
Heroes recover as if a run had ended.,Los héroes se recuperan como si hubiera terminado una incursión.,scripts/ui/GuildViews.gd:1517
"Recovery counts rift runs, not real time: a downed hero sits out %d run(s) (a bed takes one off); a wounded hero regains %d%% HP each run (all of it in a bed).","La recuperación cuenta incursiones, no tiempo real: un héroe caído se pierde %d incursión(es) (una cama le quita una); un héroe herido recupera un %d%% de PV por incursión (todo en una cama).",scripts/ui/GuildViews.gd:1520
Training Yard — %d/%d stations in use,Patio de Entrenamiento — %d/%d puestos en uso,scripts/ui/GuildViews.gd:1530
"Each day a hero spends here: +1 point in their program (up to %d trained per hero). Courses of 2 or 3 days also give XP, up to your best hero's level (Lv%d). Trainees sit out runs; a day passes with every run or rest. Upgrade the Drill Yard for more stations.","Cada día que un héroe pasa aquí: +1 punto en su programa (hasta %d entrenados por héroe). Los cursos de 2 o 3 días también dan EXP, hasta el nivel de tu mejor héroe (Nv%d). Los aprendices no van a incursiones; pasa un día con cada incursión o descanso. Mejora el Patio de Instrucción para tener más puestos.",scripts/ui/GuildViews.gd:1531
%s · day %d of %d,%s · día %d de %d,scripts/ui/GuildViews.gd:1550
Recall,Retirar,scripts/ui/GuildViews.gd:1552
Recalled: %d Gold back for the days not started.,Retirado: %d de Oro devuelto por los días no empezados.,scripts/ui/GuildViews.gd:1554
"Days done are kept; today's training and its fee are lost, the days not started are refunded.","Los días hechos se conservan; el entrenamiento de hoy y su tarifa se pierden, y los días no empezados se reembolsan.",scripts/ui/GuildViews.gd:1557
Free station,Puesto libre,scripts/ui/GuildViews.gd:1561
Send a hero to train,Enviar a un héroe a entrenar,scripts/ui/GuildViews.gd:1572
%s · Lv%d,%s · Nv%d,scripts/ui/GuildViews.gd:1581
in a rift,en una grieta,scripts/ui/GuildViews.gd:1582
not fit to train,no está en condiciones de entrenar,scripts/ui/GuildViews.gd:1582
Trained %d/%d,Entrenado %d/%d,scripts/ui/GuildViews.gd:1583
%d day%s · %d,%d día%s · %d,scripts/ui/GuildViews.gd:1595
%d day%s of %s: +%d point%s%s,%d día%s de %s: +%d punto%s%s,scripts/ui/GuildViews.gd:1601
 and XP, y EXP,scripts/ui/GuildViews.gd:1601
Subclass training,Entrenamiento de subclase,scripts/ui/GuildViews.gd:1611
"At Rank D a hero can train into a Path's first subclass, at Rank B the second, at Rank S the third (or a Legend). New subclasses unlock with acts, Tower floors and deeds (Codex › Paths).","En Rango D un héroe puede entrenar la primera subclase de una Senda, en Rango B la segunda, en Rango S la tercera (o una Leyenda). Las nuevas subclases se desbloquean con actos, pisos de la Torre y hazañas (Códice › Sendas).",scripts/ui/GuildViews.gd:1612
No hero is ready yet: the first training opens at Rank D.,Ningún héroe está listo aún: el primer entrenamiento se abre en Rango D.,scripts/ui/GuildViews.gd:1614
%s · Rank %s · stage %d,%s · Rango %s · etapa %d,scripts/ui/GuildViews.gd:1622
%s · Legend,%s · Leyenda,scripts/ui/GuildViews.gd:1656
 (change Path), (cambiar Senda),scripts/ui/GuildViews.gd:1659
"Rule, %s: %s","Regla, %s: %s",scripts/ui/GuildViews.gd:1663
"Technique, %s: %s","Técnica, %s: %s",scripts/ui/GuildViews.gd:1664
Legend: %s,Leyenda: %s,scripts/ui/GuildViews.gd:1665
"Signature, %s: %s","Firma, %s: %s",scripts/ui/GuildViews.gd:1665
Twist: %s,Giro: %s,scripts/ui/GuildViews.gd:1668
Train · %d Gold · %d Essence · %d days,Entrenar · %d de Oro · %d de Esencia · %d días,scripts/ui/GuildViews.gd:1672
back in %d run%s,vuelve en %d salida%s,scripts/ui/GuildViews.gd:1689
full after next run,completo tras la siguiente incursión,scripts/ui/GuildViews.gd:1691
+%d%% HP per run,+%d%% de PV por incursión,scripts/ui/GuildViews.gd:1692
%d/3 — need %d more,%d/3 — faltan %d,scripts/ui/GuildViews.gd:1719
%d owned — ready to craft%s,%d en posesión: listo para fabricar%s,scripts/ui/GuildViews.gd:1720
Combine 3 of the same kind and rarity into 1 of the next rarity up.,Combina 3 del mismo tipo y rareza en 1 de la rareza superior.,scripts/ui/GuildViews.gd:1725
No craftable (unequipped Common/Rare) items.,No hay objetos fabricables (Comunes/Raros sin equipar).,scripts/ui/GuildViews.gd:1741
Craft → %s,Fabricar → %s,scripts/ui/GuildViews.gd:1748
No craftable (unequipped Common/Rare) relics.,No hay reliquias fabricables (Comunes/Raras sin equipar).,scripts/ui/GuildViews.gd:1773
poisons its target for a few rounds,envenena a su objetivo durante unas rondas,scripts/ui/GuildViews.gd:1805
heals its allies each round,cura a sus aliados cada ronda,scripts/ui/GuildViews.gd:1806
starts the fight behind a ward,empieza el combate tras una barrera,scripts/ui/GuildViews.gd:1807
hits harder when badly hurt,golpea más fuerte cuando está malherido,scripts/ui/GuildViews.gd:1808
heals itself from the damage it deals,se cura con el daño que inflige,scripts/ui/GuildViews.gd:1809
reflects part of the damage it takes,refleja parte del daño que recibe,scripts/ui/GuildViews.gd:1810
Monsters,Monstruos,scripts/ui/GuildViews.gd:1819
Monster,Monstruo,scripts/ui/GuildViews.gd:1819
Elites,Élites,scripts/ui/GuildViews.gd:1820
Rift Wardens,Guardianes de grieta,scripts/ui/GuildViews.gd:1821
Boss,Jefe,scripts/ui/GuildViews.gd:1821
%s — %d/%d met,%s — %d/%d vistos,scripts/ui/GuildViews.gd:1826
Hazards — %d/%d met,Peligros — %d/%d vistos,scripts/ui/GuildViews.gd:1835
%s · finds %s,%s · encuentra %s,scripts/ui/GuildViews.gd:1851
Met by a past guild,Visto por un gremio anterior,scripts/ui/GuildViews.gd:1874
Telegraphs: %s,Anuncia: %s,scripts/ui/GuildViews.gd:1884
Brings a random warden mechanic each fight. %s,Trae una mecánica de guardián al azar en cada combate. %s,scripts/ui/GuildViews.gd:1887
Defeated.,Derrotado.,scripts/ui/GuildViews.gd:1887
Not yet defeated.,Aún no derrotado.,scripts/ui/GuildViews.gd:1887
"Heroes are hired as base classes and train into a Path at the Training Yard: stage 1 at Rank D, stage 2 at Rank B, stage 3 at Rank S. Each subclass is a stage of one Path with its own Twist. Unlocked subclasses are remembered; a new guild can carry them over with Laurels.","Los héroes se contratan con su clase base y entrenan una Senda en el Patio de Entrenamiento: etapa 1 en Rango D, etapa 2 en Rango B, etapa 3 en Rango S. Cada subclase es una etapa de una Senda con su propio Giro. Las subclases desbloqueadas se recuerdan; un gremio nuevo puede conservarlas con Laureles.",scripts/ui/GuildViews.gd:1895
%d of %d subclasses unlocked,%d de %d subclases desbloqueadas,scripts/ui/GuildViews.gd:1908
%s — %s,%s — %s,scripts/ui/GuildViews.gd:1914
Rule,Regla,scripts/ui/GuildViews.gd:1917
Technique,Técnica,scripts/ui/GuildViews.gd:1917
Signature,Firma,scripts/ui/GuildViews.gd:1917
"Stage %d · %s, %s: %s","Etapa %d · %s, %s: %s",scripts/ui/GuildViews.gd:1918
Legend (%s): %s,Leyenda (%s): %s,scripts/ui/GuildViews.gd:1919
%s %s,%s %s,scripts/ui/GuildViews.gd:1926
 (locked), (bloqueado),scripts/ui/GuildViews.gd:1926
Unlock: %s,Desbloqueo: %s,scripts/ui/GuildViews.gd:1929
Chronicle,Crónica,scripts/ui/GuildViews.gd:1941
Truths,Verdades,scripts/ui/GuildViews.gd:1941
Accounts,Relatos,scripts/ui/GuildViews.gd:1941
Paths,Sendas,scripts/ui/GuildViews.gd:1941
Systems,Sistemas,scripts/ui/GuildViews.gd:1941
Compendium,Compendio,scripts/ui/GuildViews.gd:1955
Hall of Guilds · %d Laurels,Sala de los Gremios · %d Laureles,scripts/ui/GuildViews.gd:1976
"most Laurels: %d, %s","más Laureles: %d, %s",scripts/ui/GuildViews.gd:1988
"most oaths kept: %d, %s","más juramentos cumplidos: %d, %s",scripts/ui/GuildViews.gd:1990
"most tides held: %d, %s","más mareas resistidas: %d, %s",scripts/ui/GuildViews.gd:1992
Records — %s,Registros — %s,scripts/ui/GuildViews.gd:1993
Renewed the Accord,Renovó el Acuerdo,scripts/ui/GuildViews.gd:2016
Broke the Accord,Rompió el Acuerdo,scripts/ui/GuildViews.gd:2016
Rewrote the Terms,Reescribió los Términos,scripts/ui/GuildViews.gd:2016
Retired in Act %s,Retirado en el Acto %s,scripts/ui/GuildViews.gd:2016
 · oaths kept: %d, · juramentos cumplidos: %d,scripts/ui/GuildViews.gd:2019
 · kept the doors open, · mantuvo las puertas abiertas,scripts/ui/GuildViews.gd:2020
 · closed the doors, · cerró las puertas,scripts/ui/GuildViews.gd:2020
 · read the first page aloud, · leyó en voz alta la primera página,scripts/ui/GuildViews.gd:2021
 · burned the first page, · quemó la primera página,scripts/ui/GuildViews.gd:2021
%s · day %d · %d rifts sealed · +%d Laurels%s,%s · día %d · %d grietas selladas · +%d Laureles%s,scripts/ui/GuildViews.gd:2022
 · remembered: %s, · recordado: %s,scripts/ui/GuildViews.gd:2023
Truths · %d of %d known · %d fragments found,Verdades · %d de %d conocidas · %d fragmentos hallados,scripts/ui/GuildViews.gd:2031
"Fragments turn up in rifts, letters, relics and at the pay table, and they're kept for every guild after this one. Any two of a truth's fragments make it known. Some only turn up after a past guild did something.","Los fragmentos aparecen en grietas, cartas, reliquias y en la mesa de pagos, y se conservan para todos los gremios posteriores. Dos fragmentos cualesquiera de una verdad la dan a conocer. Algunos solo aparecen después de que un gremio anterior hiciera algo.",scripts/ui/GuildViews.gd:2032
Opens: %s,Se abre: %s,scripts/ui/GuildViews.gd:2046
Nothing found yet.,Aún no se ha encontrado nada.,scripts/ui/GuildViews.gd:2049
"Everyone tells the Night of Breaking their own way. What each witness has told you, across every guild. A truth you learn strikes a claim through, or confirms it.","Cada cual cuenta la Noche de la Ruptura a su manera. Lo que cada testigo te ha contado, a través de todos los gremios. Una verdad que descubres tacha una afirmación, o la confirma.",scripts/ui/GuildViews.gd:2062
struck through,tachado,scripts/ui/GuildViews.gd:2078
confirmed,confirmado,scripts/ui/GuildViews.gd:2080
half true,verdad a medias,scripts/ui/GuildViews.gd:2082
%d empty chair%s: witnesses you haven't heard yet,%d silla%s sin ocupar: testigos que aún no has oído,scripts/ui/GuildViews.gd:2087
Watch the opening,Ver la introducción,scripts/ui/GuildViews.gd:2091
What this guild can still finish · +%d Laurels each,Lo que este gremio aún puede terminar · +%d Laureles cada uno,scripts/ui/GuildViews.gd:2096
Tides of the Open Hollow: %d held of %d,Mareas del Hueco Abierto: %d resistidas de %d,scripts/ui/GuildViews.gd:2102
The world,El mundo,scripts/ui/GuildViews.gd:2104
The story so far,La historia hasta ahora,scripts/ui/GuildViews.gd:2110
??? — seal Act %s's finale,??? — sella el final del Acto %s,scripts/ui/GuildViews.gd:2119
The Grandmaster's ledger — %d/%d pages,El libro de la Gran Maestre — %d/%d páginas,scripts/ui/GuildViews.gd:2132
Pages turn up in sealed rifts as the campaign goes on; a finale always yields one.,Las páginas aparecen en grietas selladas a medida que avanza la campaña; un final siempre da una.,scripts/ui/GuildViews.gd:2133
%d page%s still missing,Aún faltan %d página%s,scripts/ui/GuildViews.gd:2138
What the champions remember — %d/%d freed,Lo que recuerdan los campeones — %d/%d liberados,scripts/ui/GuildViews.gd:2142
Each act's finale frees a champion of the old guilds; more wait in the Endless Rift.,El final de cada acto libera a un campeón de los viejos gremios; más esperan en la Grieta Infinita.,scripts/ui/GuildViews.gd:2144
"Items are hero-bound gear. Weapon items fill a hero's weapon slots (1, or 2 for a dual-wield class); Armor and Focus items share one ""gear"" slot pool that grows with hero rank. A Common rolls one stat, a Rare one bigger stat and a named effect, an Epic two stats and a stronger effect (some effects only come on Epics). Legendaries are unique.","Los objetos son equipo ligado a un héroe. Las armas ocupan las ranuras de arma de un héroe (1, o 2 para una clase de doble empuñadura); los objetos de Armadura y de Enfoque comparten una reserva de ranuras de ""equipo"" que crece con el rango del héroe. Un Común tiene un atributo, un Raro un atributo mayor y un efecto con nombre, un Épico dos atributos y un efecto más fuerte (algunos efectos solo salen en Épicos). Los Legendarios son únicos.",scripts/ui/GuildViews.gd:2160
Stats: %s,Atributos: %s,scripts/ui/GuildViews.gd:2169
 (Epic), (Épico),scripts/ui/GuildViews.gd:2171
Damage,Daño,scripts/ui/GuildViews.gd:2174
Chance,Probabilidad,scripts/ui/GuildViews.gd:2174
Defense,Defensa,scripts/ui/GuildViews.gd:2174
Fortune,Fortuna,scripts/ui/GuildViews.gd:2174
"Relics sit on the Relic Altar (Inventory) and work for the whole party. Each adds damage and a shield, plus a special; Rare and Epic relics also carry a trigger that fires in battle. Rarity scales the numbers (a Rare's by 1.4, an Epic's by 1.9). A relic levelled to 5 awakens a second special, and any special or trigger can be rerolled for Essence.","Las reliquias se colocan en el Altar de Reliquias (Inventario) y funcionan para todo el grupo. Cada una añade daño y un escudo, más un especial; las reliquias Raras y Épicas también llevan un activador que se dispara en combate. La rareza escala los números (una Rara por 1,4, una Épica por 1,9). Una reliquia subida a nivel 5 despierta un segundo especial, y cualquier especial o activador se puede volver a tirar con Esencia.",scripts/ui/GuildViews.gd:2178
Types and their specials,Tipos y sus especiales,scripts/ui/GuildViews.gd:2181
A relic's type picks its special from its own family 60% of the time (any other family otherwise). Values shown are a Common's.,"El tipo de una reliquia elige su especial de su propia familia el 60% de las veces (de cualquier otra familia, si no). Los valores mostrados son los de una Común.",scripts/ui/GuildViews.gd:2182
Triggers (Rare and Epic),Activadores (Raras y Épicas),scripts/ui/GuildViews.gd:2199
"One per relic, rolled from this list. Values shown are the base; a Rare rolls them about 18% stronger, an Epic about 38%.","Uno por reliquia, elegido al azar de esta lista. Los valores mostrados son los base; una Rara los saca un 18% más fuertes, una Épica un 38%.",scripts/ui/GuildViews.gd:2200
"An act's finale, or a very rare drop","El final de un acto, o un botín muy raro",scripts/ui/GuildViews.gd:2209
"Tower of Trials, floor %d guardian","Torre de las Pruebas, guardián del piso %d",scripts/ui/GuildViews.gd:2211
An Endless Rift milestone,Un hito de la Grieta Infinita,scripts/ui/GuildViews.gd:2213
Legendaries — %d/%d found,Legendarios — %d/%d encontrados,scripts/ui/GuildViews.gd:2216
Crafting (Arcane Lab) turns three unequipped items or relics of one kind and rarity into one of the next rarity up.,La fabricación (Laboratorio Arcano) convierte tres objetos o reliquias sin equipar de un mismo tipo y rareza en uno de la rareza superior.,scripts/ui/GuildViews.gd:2254
[color=#%s]3 × %s[/color]  →  [color=#%s]1 × %s[/color]   [color=#%s](numbers × %s)[/color],[color=#%s]3 × %s[/color]  →  [color=#%s]1 × %s[/color]   [color=#%s](números × %s)[/color],scripts/ui/GuildViews.gd:2258
"Items: three of the same category (Weapon, Armor or Focus). The new item rolls fresh stats at the best rank among the three.","Objetos: tres de la misma categoría (Arma, Armadura o Enfoque). El nuevo objeto saca atributos nuevos con el mejor rango de los tres.",scripts/ui/GuildViews.gd:2264
"Relics: three of the same type (Ember, Frost...). The new relic keeps that type and rolls fresh effects.","Reliquias: tres del mismo tipo (Ascua, Escarcha...). La nueva reliquia conserva ese tipo y saca efectos nuevos.",scripts/ui/GuildViews.gd:2265
Equipped gear never goes in. Legendaries can't be crafted or fed in: they are fixed finds.,El equipo equipado nunca entra. Los Legendarios no se pueden fabricar ni usar como material: son hallazgos fijos.,scripts/ui/GuildViews.gd:2266
relic,reliquia,scripts/ui/GuildViews.gd:2278
Ready now — %d,Listo ahora — %d,scripts/ui/GuildViews.gd:2282
Nothing yet: no three spare pieces of one kind and rarity.,Nada aún: no hay tres piezas sobrantes de un mismo tipo y rareza.,scripts/ui/GuildViews.gd:2284
"%s: %d spare, %d craft%s","%s: %d de sobra, %d lote%s",scripts/ui/GuildViews.gd:2286
Open Crafting,Abrir Fabricación,scripts/ui/GuildViews.gd:2288
Guild Management,Gestión del Gremio,scripts/ui/GuildViews.gd:2295
"Spend Essence on 9 upgrades across 4 branches, and Gold on Wardcraft (Armory, Quartermaster, Palisade, Watchtower), which softens breaches. Every level adds its effect; some levels unlock a perk (a first-strike bonus, a boss Essence cache, extra relic slots…). Guild Tier tracks total levels. A building damaged by a breach works a level lower until you repair it with Gold.","Gasta Esencia en 9 mejoras repartidas en 4 ramas, y Oro en el Arte de la Guardia (Armería, Intendencia, Empalizada, Atalaya), que suaviza las brechas. Cada nivel añade su efecto; algunos niveles desbloquean una ventaja (una bonificación de primer golpe, una reserva de Esencia del jefe, ranuras de reliquia extra…). El Nivel del Gremio sigue el total de niveles. Un edificio dañado por una brecha funciona un nivel por debajo hasta que lo repares con Oro.",scripts/ui/GuildViews.gd:2295
"Once you have sealed a rift, the Rift Ladder offers a twist each day: a rule and a starting boon that come from the date, so every guild faces the same one. Tick it and your next ladder rift (any rank) carries it; one try a day. Sealing it pays bonus Essence and grows your streak. Records (in the Guild Hall) track achievements, lifetime statistics and your last 30 runs; the Memorial remembers heroes lost for good.","Una vez que hayas sellado una grieta, la Escalera de Grietas ofrece un giro cada día: una regla y un don inicial que dependen de la fecha, así que todos los gremios se enfrentan al mismo. Márcalo y tu próxima grieta de la escalera (de cualquier rango) lo llevará; un intento al día. Sellarla paga Esencia extra y alarga tu racha. Los Registros (en el Salón del Gremio) guardan logros, estadísticas totales y tus últimas 30 incursiones; el Memorial recuerda a los héroes perdidos para siempre.",scripts/ui/GuildViews.gd:2296
Endless Rift,Grieta Infinita,scripts/ui/GuildViews.gd:2297
"A real-time survival run in the region you pick, and only champions go in (up to 4). You steer the first (WASD, arrows, drag or stick); the rest follow and fight on their own, and each fires their signature move on a timer (the ring over their head fills as it recharges). Your equipped relics come along. Every five minutes the rift runs the same cycle: the horde, a swarm, an elite pack (its leader carries a chest), archers and casters, then a lull with a chest nearby, and a warden at the end of it. At 20:00 the Rift Warden comes: beat it to seal the rift. The rift's strength (shown before you enter) starts gentle and grows with every champion you free and every act you pass. A run pays Essence and a little Gold, and costs the guild a day.","Una incursión de supervivencia en tiempo real en la región que elijas, y solo entran campeones (hasta 4). Tú controlas al primero (WASD, flechas, arrastrar o palanca); los demás lo siguen y luchan solos, y cada uno lanza su movimiento característico de forma periódica (el anillo sobre su cabeza se llena al recargarse). Tus reliquias equipadas te acompañan. Cada cinco minutos la grieta repite el mismo ciclo: la horda, un enjambre, una manada de élite (su líder lleva un cofre), arqueros y lanzadores, luego una tregua con un cofre cerca, y un guardián al final. A las 20:00 llega el Guardián de la grieta: derrótalo para sellar la grieta. La fuerza de la grieta (mostrada antes de entrar) empieza suave y crece con cada campeón que liberas y cada acto que superas. Una incursión paga Esencia y algo de Oro, y le cuesta un día al gremio.",scripts/ui/GuildViews.gd:2297
Endless picks,Elecciones en la Infinita,scripts/ui/GuildViews.gd:2298
"Collect shards to level up and pick 1 of 3; one card is always a signature pick while any are left. Party upgrades (damage, speed, health…), a champion's role skill, a rank in their signature (up to 3: sooner and harder), or one of their two signature mods once it has a rank (Aftershock, Kindled, Frostbite, Expose, Stagger, Leech, Shrapnel, Radiance, Bulwark, Fervor, Renewal, Smokescreen). From level 10, two champions whose signatures are rank 2 can fuse: they fire together, 25% harder, and carry each other's mods. Max an upgrade and the matching role's attack can evolve (Whirlwind, Thousand Cuts, Arrow Storm, Starfall, Sanctum). Chests give one of three rift relics for the run.","Recoge esquirlas para subir de nivel y elige 1 de 3; una carta es siempre una elección característica mientras quede alguna. Mejoras del grupo (daño, velocidad, salud…), la habilidad de rol de un campeón, un rango en su movimiento característico (hasta 3: antes y más fuerte), o una de sus dos mejoras características cuando tenga un rango (Réplica sísmica, Prendido, Congelación, Exponer, Tambaleo, Sanguijuela, Metralla, Resplandor, Baluarte, Fervor, Renovación, Cortina de humo). Desde el nivel 10, dos campeones con su movimiento característico en rango 2 pueden fusionarse: disparan juntos, un 25% más fuerte, y llevan las mejoras del otro. Lleva una mejora al máximo y el ataque del rol correspondiente puede evolucionar (Torbellino, Mil cortes, Tormenta de Flechas, Lluvia de estrellas, Sanctasanctórum). Los cofres dan una de tres reliquias de grieta para la incursión.",scripts/ui/GuildViews.gd:2298
Endless ground,Terreno de la Infinita,scripts/ui/GuildViews.gd:2299
"The Vale has pillars that block foes, the Marches have pools that slow everyone, the Wastes have lava that burns foes and your lead. Braziers break when you walk into or hit them, dropping a heal, a magnet for shards or a bomb. Elites and wardens slam: step out of the red circle before it fills. Your first 5, 10 and 15 minutes and your first sealed rift each pay once, with two Endless relics and guild titles.","El Valle tiene pilares que bloquean a los enemigos, las Marismas tienen charcos que ralentizan a todos, los Páramos tienen lava que quema a los enemigos y a tu líder. Los braseros se rompen cuando entras en ellos o los golpeas, y sueltan una curación, un imán de esquirlas o una bomba. Las élites y los guardianes golpean el suelo: sal del círculo rojo antes de que se llene. Tus primeros 5, 10 y 15 minutos y tu primera grieta sellada pagan una vez, con dos reliquias de la Infinita y títulos de gremio.",scripts/ui/GuildViews.gd:2299
Hero voices,Voces de los héroes,scripts/ui/GuildViews.gd:2300
"A hero's born quirk sets their personality (Bold, Quick, Stoic, Nervous, Devout or Scholarly), shown on their sheet. They speak up in fights when they land a big kill, hang on at low health or see an ally fall, and one of them sums up every win.","El rasgo innato de un héroe define su personalidad (Audaz, Veloz, Estoico, Nervioso, Devoto o Erudito), visible en su ficha. Hablan en combate cuando logran una gran muerte, aguantan con poca salud o ven caer a un aliado, y uno de ellos resume cada victoria.",scripts/ui/GuildViews.gd:2300
Boss phases,Fases de los jefes,scripts/ui/GuildViews.gd:2301
"Every boss changes once it drops to half health: Call the Horde (two foes join), Fury (hits 20% harder and winds up more often) or Last Bastion (a ward worth 12% of its health). Its plate shows which, and the warning bar calls it out as it gets close, so save burst and Defend for the turn.","Cada jefe cambia cuando baja a media salud: Llamar a la horda (se unen dos enemigos), Furia (golpea un 20% más fuerte y carga más a menudo) o Último Bastión (una barrera equivalente al 12% de su salud). Su placa muestra cuál, y la barra de aviso lo anuncia cuando se acerca, así que guarda la ráfaga y Defiende en ese turno.",scripts/ui/GuildViews.gd:2301
Elite affixes,Afijos de élite,scripts/ui/GuildViews.gd:2302
"Elites roll an affix: Vampiric, Thorned, Shielded, Venomous, Juggernaut, Blazing, Hasted (acts twice) or Commander (brings two escorts). Rank B+ rifts give them two. Hover the badges on their plate to read them.","Las élites sacan un afijo: Vampírico, Espinoso, Escudado, Venenoso, Coloso, Llameante, Acelerado (actúa dos veces) o Comandante (trae dos escoltas). Las grietas de Rango B+ les dan dos. Pasa el cursor sobre las insignias de su placa para leerlas.",scripts/ui/GuildViews.gd:2302
Boons,Dones,scripts/ui/GuildViews.gd:2303
"Beating an elite in a rift offers 1 of 3 boons that last until that rift ends. Boons come in seven families (Ember, Frost, Blood, Steel, Storm, Shadow, Holy); owning 2 of a family adds a set bonus and 4 a strong capstone, so a run can grow into a build. Not offered in the Tower.","Vencer a una élite en una grieta ofrece 1 de 3 dones que duran hasta que termina esa grieta. Los dones pertenecen a siete familias (Ascua, Escarcha, Sangre, Acero, Tormenta, Sombra, Sagrado); tener 2 de una familia añade una bonificación de conjunto y 4 un potente remate, así que una incursión puede convertirse en una build. No se ofrecen en la Torre.",scripts/ui/GuildViews.gd:2303
Guild Orders,Órdenes del gremio,scripts/ui/GuildViews.gd:2304
"Lv2 of the Infirmary, Drill Yard, Trade Network and Scouts' Lodge each unlock an order you can call inside a rift: Supply Drop (heal 35% between fights), Rally (act first and hit 30% harder this round), Requisition (reroll a fight's loot) and Scout Ahead (reroll a fork). 1 order per rift, 2 at Renowned tier, 3 at Legendary.","El Nv2 de la Enfermería, el Patio de Instrucción, la Red Comercial y el Pabellón de Exploradores desbloquean cada uno una orden que puedes dar dentro de una grieta: Suministros (cura un 35% entre combates), Arenga (actúa primero y golpea un 30% más fuerte esta ronda), Requisa (vuelve a tirar el botín de un combate) y Explorar (vuelve a tirar una bifurcación). 1 orden por grieta, 2 en el nivel Renombrado, 3 en Legendario.",scripts/ui/GuildViews.gd:2304
Rift Ladder,Escalera de grietas,scripts/ui/GuildViews.gd:2305
"Rifts come in ranks, F to SSS. F-D are Lesser rifts, C and up Greater rifts (open after Act I). Each rank hits harder than the last and pays more; from B up they add rules (more elites, harsher hazards, fewer shops, bosses with two mechanics). Seal a rank to open the next. Gear drops at the rank of the rift it came from.","Las grietas tienen rangos, de F a SSS. F-D son grietas Menores, C en adelante grietas Mayores (se abren tras el Acto I). Cada rango golpea más fuerte que el anterior y paga más; desde B añaden reglas (más élites, peligros más duros, menos tiendas, jefes con dos mecánicas). Sella un rango para abrir el siguiente. El equipo cae con el rango de la grieta de la que sale.",scripts/ui/GuildViews.gd:2305
Bonds,Vínculos,scripts/ui/GuildViews.gd:2306
"Heroes who seal rifts together grow a bond: level 1, 2 and 3 after 2, 5 and 10 rifts. Each level adds 2% party damage while both stand in a fight (up to the cap). Bonds show on the hero sheet's History tab.","Los héroes que sellan grietas juntos forjan un vínculo: nivel 1, 2 y 3 tras 2, 5 y 10 grietas. Cada nivel añade un 2% de daño del grupo mientras ambos sigan en pie en un combate (hasta el límite). Los vínculos aparecen en la pestaña Historial de la ficha del héroe.",scripts/ui/GuildViews.gd:2306
Ability Awakening,Despertar de Habilidad,scripts/ui/GuildViews.gd:2307
"Spend Skill Points once to give a hero's Ability a secondary effect (by ability: +2 Momentum back, a lingering debuff, a party dodge boost, a self-shield, or a small damage stack).","Gasta Puntos de Habilidad una vez para dar a la Habilidad de un héroe un efecto secundario (según la habilidad: +2 de Ímpetu de vuelta, un perjuicio persistente, un aumento de esquiva del grupo, un autoescudo o una pequeña acumulación de daño).",scripts/ui/GuildViews.gd:2307
"Heroes stand in the front or back row. Foes aim most attacks at the front row; Snipes hunt the back. Warriors and rogues hit at half strength with a basic attack from the back row, and some skills need a row. Move (7) switches rows for a turn. Back-row foes take less damage from attacks.","Los héroes se colocan en la fila delantera o trasera. Los enemigos dirigen la mayoría de los ataques a la fila delantera; los Disparos letales cazan la trasera. Guerreros y pícaros golpean a la mitad de fuerza con un ataque básico desde la fila trasera, y algunas habilidades necesitan una fila. Mover (7) cambia de fila por un turno. Los enemigos de la fila trasera reciben menos daño de los ataques.",scripts/ui/GuildViews.gd:2308
Controls,Controles,scripts/ui/GuildViews.gd:2309
"Keyboard: 1-5 switch camp tabs; in a fight 1 Attack, 2-4 skills, 5 Defend, M opens More (6 Guard, 7 Move, 8 Tonics, 9 Call; their keys work either way), Space repeats the last action, Tab cycles targets, A toggles Auto, Esc goes back. Endless Rift: WASD or arrows (or drag), Esc pauses. Riftbreak defense: click a pad to build, the ground to send your champion, Space calls the next wave, Esc pauses. Gamepad: D-pad and A work every menu, B goes back, LB/RB switch camp tabs. In a fight A repeats the last action, X Defends, Y uses the Ability, LB/RB the two skills, Start opens More (Guard, Move, Tonics, Call), the D-pad cycles targets, Select toggles Auto. Endless Rift: left stick or D-pad steer, Start pauses.","Teclado: 1-5 cambian de pestaña en el campamento; en combate 1 Atacar, 2-4 habilidades, 5 Defender, M abre Más (6 Proteger, 7 Mover, 8 Tónicos, 9 Llamada; sus teclas funcionan de ambas formas), Space repite la última acción, Tab rota objetivos, A activa o desactiva Auto, Esc vuelve atrás. Grieta Infinita: WASD o flechas (o arrastrar), Esc pausa. Defensa de Desborde: haz clic en una plataforma para construir, en el suelo para enviar a tu campeón, Space llama a la siguiente oleada, Esc pausa. Mando: la cruceta y A funcionan en todos los menús, B vuelve atrás, LB/RB cambian de pestaña en el campamento. En combate A repite la última acción, X Defiende, Y usa la Habilidad, LB/RB las dos habilidades, Start abre Más (Proteger, Mover, Tónicos, Llamada), la cruceta rota objetivos, Select activa o desactiva Auto. Grieta Infinita: stick izquierdo o cruceta para moverse, Start pausa.",scripts/ui/GuildViews.gd:2309
Momentum and skills,Ímpetu y habilidades,scripts/ui/GuildViews.gd:2310
"Momentum is the party's shared pool (up to 10, starting at 3). Each basic attack adds 1, each kill 1, and each hit taken while Defending or Guarding 1 (2 for a heavy blow). Every hero has two role skills (Lv1 and Lv6) and their subclass Ability (Lv3). Skills cost 2-4 Momentum, Abilities 4.","El Ímpetu es la reserva compartida del grupo (hasta 10, empezando en 3). Cada ataque básico añade 1, cada muerte 1, y cada golpe recibido al Defender o Proteger 1 (2 si es un golpe pesado). Cada héroe tiene dos habilidades de rol (Nv1 y Nv6) y la Habilidad de su subclase (Nv3). Las habilidades cuestan 2-4 de Ímpetu, las Habilidades 4.",scripts/ui/GuildViews.gd:2310
Enemy moves,Movimientos enemigos,scripts/ui/GuildViews.gd:2311
"Each round a foe shows its next move above its health bar: an attack on a hero, a wind-up (a heavy blow next round), or a special move: Sweep (hits everyone), Snipe (the most-hurt back-row hero), Curse (40% less damage for 2 rounds), Ward, Mend or Roar. Shield Bash stuns a foe; Shield Bash and Frost Nova break wind-ups.","Cada ronda un enemigo muestra su siguiente movimiento sobre su barra de salud: un ataque a un héroe, una carga (un golpe pesado la ronda siguiente) o un movimiento especial: Barrido (golpea a todos), Disparo letal (al héroe más herido de la fila trasera), Maldición (un 40% menos de daño durante 2 rondas), Barrera, Curación o Rugido. Golpe de escudo aturde a un enemigo; Golpe de escudo y Nova de escarcha rompen cargas.",scripts/ui/GuildViews.gd:2311
Designed encounters,Encuentros diseñados,scripts/ui/GuildViews.gd:2312
"About six regular fights in ten are one of a region's named encounters (Scarecrow Line, Reed Snipers, Forge Guard...), groups whose members play off each other: a warder shielding a brute, a healer behind a wall, snipers behind a tank. The name and a tactical hint open the fight log; hover the round label to read the hint again.","Unos seis de cada diez combates normales son uno de los encuentros con nombre de una región (Hilera de espantapájaros, Francotiradores del juncal, Guardia de la fragua...), grupos cuyos miembros se complementan: un protector que escuda a un bruto, un sanador tras un muro, francotiradores tras un tanque. El nombre y una pista táctica abren el registro del combate; pasa el cursor sobre la etiqueta de la ronda para volver a leer la pista.",scripts/ui/GuildViews.gd:2312
Rift bosses,Jefes de grieta,scripts/ui/GuildViews.gd:2313
"Each boss is always the same fight. Vaelith's Harvest hits everyone and heals her, and she calls a Crier and a Warden at half health. Nyxara's Drowning Tide chills and weakens the party. Korrath's Sunder tears the wards off the front row. Drevok Brands a hero to take 50% more damage and calls fire cultists. Sythrane Immolates the party while she regenerates and enrages. Their signature moves are telegraphed like any other.","Cada jefe es siempre el mismo combate. La Cosecha de Vaelith golpea a todos y la cura, y llama a un Pregonero y a un Guardián a media salud. La Marea ahogadora de Nyxara congela y debilita al grupo. Quebrar de Korrath arranca las barreras de la fila delantera. Drevok marca a fuego a un héroe para que reciba un 50% más de daño y llama a cultistas del fuego. Sythrane inmola al grupo mientras se regenera y se enfurece. Sus movimientos característicos se anuncian como cualquier otro.",scripts/ui/GuildViews.gd:2313
"Every monster, boss, and hazard you've encountered is tracked as a silhouette-to-full-color reveal — pure record-keeping, no reward tied to completion.","Cada monstruo, jefe y peligro que has encontrado queda registrado, de silueta a color completo: puro registro, sin recompensa por completarlo.",scripts/ui/GuildViews.gd:2314
"Opens with Act II, in the Rift Hall. 100 fixed floors, one fight each: a floor is always the same fight, so a loss is something to plan around. Heroes fight at full HP and leave as they came (no downing, scars or days passing). Most floors carry a rule (armored or burning foes, a swarm, a party cap). Every 10th floor is a guardian that gives a unique relic, and floors 10/25/50/75/100 earn guild titles. Only a first clear pays; floors 91-100 reshuffle their rules every week and pay half for a re-clear.","Se abre con el Acto II, en la Sala de Grietas. 100 pisos fijos, un combate cada uno: un piso es siempre el mismo combate, así que una derrota es algo que planificar. Los héroes luchan con los PV al máximo y salen como entraron (sin caídas, cicatrices ni días que pasen). La mayoría de los pisos tienen una regla (enemigos acorazados o en llamas, un enjambre, un límite de grupo). Cada 10 pisos hay un guardián que da una reliquia única, y los pisos 10/25/50/75/100 otorgan títulos de gremio. Solo paga la primera vez; los pisos 91-100 cambian sus reglas cada semana y pagan la mitad al repetirlos.",scripts/ui/GuildViews.gd:2315
Foes & regions,Enemigos y regiones,scripts/ui/GuildViews.gd:2316
"Each rift is in a region (the Vale, the Marshes, the Ashen Wastes) with its own foes. Some foes wind up a heavy blow a turn ahead (x2.5, stuns unless the target Defends); armored foes shrug off part of every basic attack (each hit chips the armor; abilities ignore it); fire foes can burn and frost foes can chill (act late). A Field Tonic cleanses burn, chill, poison and stun.","Cada grieta está en una región (el Valle, las Marismas, los Páramos de Ceniza) con sus propios enemigos. Algunos enemigos cargan un golpe pesado un turno antes (x2,5, aturde salvo que el objetivo Defienda); los enemigos acorazados ignoran parte de cada ataque básico (cada golpe desgasta la armadura; las habilidades la ignoran); los enemigos de fuego pueden quemar y los de escarcha congelar (actuar tarde). Un Tónico de campaña purifica quemaduras, congelación, veneno y aturdimiento.",scripts/ui/GuildViews.gd:2316
"Three acts, each ending in a finale rift against a named foe. Meet an act\'s objectives (shown in the Rift Hall) to open its finale; sealing it pays a reward and a Legendary relic. Act I opens Greater Rifts, Act II the Endless Rift.","Tres actos, cada uno termina en una grieta final contra un enemigo con nombre. Cumple los objetivos de un acto (en la Sala de Grietas) para abrir su final; sellarlo paga una recompensa y una reliquia Legendaria. El Acto I abre las Grietas Mayores, el Acto II la Grieta Infinita.",scripts/ui/GuildViews.gd:2317
"Relics sit on the Relic Altar (Inventory) and empower the whole party. Every relic has a special; rare and epic ones also have a trigger that fires in battle (on a kill, every third round, when an ally falls...). Level a relic to 5 to awaken a new effect, or reroll any effect for Essence. Legendary relics have unique powers.","Las reliquias se colocan en el Altar de Reliquias (Inventario) y potencian a todo el grupo. Cada reliquia tiene un especial; las raras y épicas también tienen un activador que se dispara en combate (al matar, cada tercera ronda, cuando cae un aliado...). Sube una reliquia a nivel 5 para despertar un nuevo efecto, o vuelve a tirar cualquier efecto con Esencia. Las reliquias Legendarias tienen poderes únicos.",scripts/ui/GuildViews.gd:2318
Quirks,Rasgos,scripts/ui/GuildViews.gd:2319
"Everything personal about a hero beyond class, skills and gear: at most one born quirk (it sets their voice), up to 2 scars from being knocked out (a wound with a small upside), and quirks earned by what they've done. Bad born quirks and scars can be treated for Gold at the Arcane Lab.","Todo lo personal de un héroe más allá de clase, habilidades y equipo: como mucho un rasgo innato (define su voz), hasta 2 cicatrices por quedar noqueado (una herida con una pequeña ventaja) y rasgos ganados por lo que ha hecho. Los rasgos innatos malos y las cicatrices se pueden tratar con Oro en el Laboratorio Arcano.",scripts/ui/GuildViews.gd:2319
Riftbreaks,Desbordes,scripts/ui/GuildViews.gd:2320
"From Act II a rift swells every so often: a rank, a place and a countdown in days (Rift Hall and the camp's status board). Seal a rift of that rank or higher before it runs out to close it, for a little Essence. Otherwise it breaks, and every rift run waits until your guild holds it: a breach rift of back-to-back fights (a fight, an elite and the breach's warden; the Inverted City's gate adds an elite) with no camp, shop or campfire between them. Ranks below S break out in a region; from S up they break at your camp. Holding pays Gold and Essence. Falling or turning back costs a share of your Essence and of the Gold beyond the coming payday's wages, and damages a building (two at the camp). Wardcraft in Guild Management softens all of it.","Desde el Acto II, de vez en cuando una grieta se hincha: un rango, un lugar y una cuenta atrás en días (Sala de Grietas y el tablero de estado del campamento). Sella una grieta de ese rango o superior antes de que se agote para cerrarla, a cambio de algo de Esencia. Si no, se rompe, y toda incursión espera hasta que tu gremio la contenga: una grieta de brecha de combates seguidos (un combate, una élite y el guardián de la brecha; la puerta de la Ciudad Invertida añade una élite) sin campamento, tienda ni hoguera entre ellos. Los rangos por debajo de S se desbordan en una región; desde S, en tu campamento. Contenerla paga Oro y Esencia. Caer o retirarse cuesta una parte de tu Esencia y del Oro que exceda los sueldos del próximo día de paga, y daña un edificio (dos en el campamento). El Arte de la Guardia en Gestión del Gremio lo suaviza todo.",scripts/ui/GuildViews.gd:2320
Defending,Defensa,scripts/ui/GuildViews.gd:2321
"Foes walk the roads toward the goal. Build towers on the round pads with supplies (you start with some and earn more for every kill); click a tower to upgrade or sell it. Ballistas shoot far, Fire Braziers splash and burn, Frost Totems slow, Ward Stones shield nearby heroes, Chapels mend them; research in the Defenses branch opens the last three and tier 3. Idle heroes stand at posts: warriors and rogues hold foes in place, rangers and mages shoot. Steer one champion by clicking where to go. Every foe that gets through costs integrity (an elite 3, a warden 10); at 0 the defense is lost. Call a wave early for bonus supplies.","Los enemigos recorren los caminos hacia la meta. Construye torres en las plataformas redondas con suministros (empiezas con algunos y ganas más con cada muerte); haz clic en una torre para mejorarla o venderla. Las Balistas disparan lejos, los Braseros de fuego salpican y queman, los Tótems de escarcha ralentizan, las Piedras de guarda escudan a los héroes cercanos y las Capillas los curan; la investigación de la rama Defensas abre las tres últimas y el nivel 3. Los héroes libres ocupan puestos: guerreros y pícaros retienen a los enemigos, exploradores y magos disparan. Dirige a un campeón haciendo clic adonde ir. Cada enemigo que pasa cuesta integridad (una élite 3, un guardián 10); en 0 la defensa se pierde. Llama a una oleada antes de tiempo para obtener suministros extra.",scripts/ui/GuildViews.gd:2321
"Each new guild meets twelve champions, drawn from a pool of twenty-four: three are freed at the end of Acts I, II and III, and nine are lost in the Endless Rift, where a pillar of light marks each one (stand in it to free them). A champion never joins the roster. In rift runs one oversees the party: their Boon lifts everyone, and any hero can spend a turn on their Call (once a rift, twice from level 3). In the Endless Rift your champions are the party, each with their Call as a signature move. Essence levels them up (to 5).","Cada gremio nuevo conoce a doce campeones, sacados de una reserva de veinticuatro: tres se liberan al final de los Actos I, II y III, y nueve están perdidos en la Grieta Infinita, donde un pilar de luz marca a cada uno (quédate en él para liberarlo). Un campeón nunca se une a la plantilla. En las incursiones uno supervisa al grupo: su Don fortalece a todos, y cualquier héroe puede gastar un turno en su Llamada (una vez por grieta, dos desde el nivel 3). En la Grieta Infinita tus campeones son el grupo, cada uno con su Llamada como movimiento característico. La Esencia los sube de nivel (hasta 5).",scripts/ui/GuildViews.gd:2322
Attributes,Atributos,scripts/ui/GuildViews.gd:2323
"Might (damage, HP), Agility (speed, dodge, first strike) and Focus (ability power, mend). Heroes gain 3 points per level to spend on the Roster's Hero tab; gear adds more, and better gear needs a minimum in its attribute to equip. Train up to 8 extra points with Gold, or reset a hero's points for 5 Essence per level (gear they no longer qualify for comes off).","Fuerza (daño, PV), Agilidad (velocidad, esquiva, primer golpe) y Enfoque (poder de habilidad, curación). Los héroes ganan 3 puntos por nivel para gastar en la pestaña Héroe de la Plantilla; el equipo añade más, y el mejor equipo necesita un mínimo en su atributo para equiparse. Entrena hasta 8 puntos extra con Oro, o reinicia los puntos de un héroe por 5 de Esencia por nivel (el equipo para el que ya no cumple se le quita).",scripts/ui/GuildViews.gd:2323
Quests & Milestones,Misiones e hitos,scripts/ui/GuildViews.gd:2324
"The quest board posts 6 quests (hunts, boss bounties, rift seals, trials); take up to 3 at a time. Unaccepted postings are replaced every 3 days (a day passes with each rift run or rest). Milestones are a static checklist, auto-granted the moment they're met. Renown occasionally arms a guaranteed Epic relic at the next Shop. A rare escort NPC can also tag along on a fight — surviving pays a small bonus.","El tablón de misiones publica 6 misiones (cacerías, recompensas por jefes, sellados de grietas, pruebas); acepta hasta 3 a la vez. Los anuncios no aceptados se reemplazan cada 3 días (pasa un día con cada incursión o descanso). Los hitos son una lista fija que se otorga automáticamente en cuanto se cumplen. El Renombre a veces prepara una reliquia Épica garantizada en la siguiente Tienda. Un raro PNJ de escolta también puede acompañarte en un combate: si sobrevive, paga una pequeña bonificación.",scripts/ui/GuildViews.gd:2324
"Wages, morale and the rival","Sueldos, moral y el rival",scripts/ui/GuildViews.gd:2325
"Every 7 days (a day = one rift run or rest) heroes draw wages by rank and level, and every Guild Management level costs upkeep; see Guild > Ledger. Unpaid upkeep costs Renown. The Training Yard trains only a few attribute points a week (more with the Drill Yard), and a feast seats a limited number of heroes, lowest morale first (more with the Trade Network). The unpaid lose morale, and a hero unpaid twice in a row, or at rock-bottom morale on payday, walks out. Morale (0-100) rises with sealed rifts and feasts and falls with defeats, knockouts, idle weeks and failed contracts: Inspired heroes deal +10% damage, Shaken -10%, Breaking -20%. Taken contracts are due in 6-10 days. A rival guild gains Renown daily, and once a week it may make a move you answer before payday: court one of your heroes (match their offer, or they choose, staying only at morale 50 or above), dare you to seal a rift by payday (Renown rides on it), or go for a posted contract (take it on or lose it). Requests and the rival's moves pop up at camp and wait in the Ledger, whose week board shows each day to payday. At payday, the leader on Renown gets the better recruits. Every 28 days, whichever guild gained more Renown wins a prize.","Cada 7 días (un día = una incursión o descanso) los héroes cobran sueldos según rango y nivel, y cada nivel de Gestión del Gremio cuesta mantenimiento; ver Gremio > Libro de cuentas. El mantenimiento impagado cuesta Renombre. El Patio de Entrenamiento solo entrena unos pocos puntos de atributo por semana (más con el Patio de Instrucción), y un banquete sienta a un número limitado de héroes, empezando por la moral más baja (más con la Red Comercial). Los que no cobran pierden moral, y un héroe sin paga dos veces seguidas, o con la moral por los suelos el día de paga, se va. La moral (0-100) sube con grietas selladas y banquetes y baja con derrotas, noqueos, semanas ociosas y contratos fallidos: los héroes Inspirados infligen +10% de daño, los Inquietos -10%, los Desmoronados -20%. Los contratos aceptados vencen en 6-10 días. Un gremio rival gana Renombre cada día, y una vez por semana puede hacer un movimiento que respondes antes del día de paga: cortejar a uno de tus héroes (iguala su oferta, o el héroe elige, y solo se queda con moral 50 o más), retarte a sellar una grieta antes del día de paga (con Renombre en juego), o ir a por un contrato publicado (tómalo o piérdelo). Las peticiones y los movimientos del rival aparecen en el campamento y esperan en el Libro de cuentas, cuyo tablero semanal muestra cada día hasta el día de paga. El día de paga, quien va en cabeza en Renombre obtiene mejores reclutas. Cada 28 días, el gremio que más Renombre haya ganado se lleva un premio.",scripts/ui/GuildViews.gd:2325
Hero requests,Peticiones de los héroes,scripts/ui/GuildViews.gd:2326
"Mid-week a hero may ask for something: time off (away a few days), a raise (a bigger wage for good), Gold for kit, a Training Yard slot, or your side in a feud with another hero. Saying yes costs something; saying no costs morale. Answer in the Ledger before payday, or it counts as a no.","A mitad de semana un héroe puede pedir algo: tiempo libre (ausente unos días), un aumento (un sueldo mayor para siempre), Oro para equipo, un puesto en el Patio de Entrenamiento, o tu apoyo en una disputa con otro héroe. Decir que sí cuesta algo; decir que no cuesta moral. Responde en el Libro de cuentas antes del día de paga, o cuenta como un no.",scripts/ui/GuildViews.gd:2326
Camp events,Sucesos del campamento,scripts/ui/GuildViews.gd:2327
"On about a third of days something happens at camp, and each is a choice: a travelling merchant, a renowned hero who drills one of yours, a wandering recruit, a relic peddler, a smith's apprentice, a scholar; a festival, refugees, a debt, the rival's quartermaster. Threats (fire, fever, bandits, a storm, a rift tremor) are foretold the evening before (the status board and the week's calendar): pay, send a hero who stays home that day, or take the loss. An event left unanswered takes its last option the next day. Act I brings only opportunities.","Aproximadamente un día de cada tres pasa algo en el campamento, y cada suceso es una elección: un mercader ambulante, un héroe renombrado que entrena a uno de los tuyos, un recluta errante, un buhonero de reliquias, el aprendiz de un herrero, un erudito; una fiesta, refugiados, una deuda, el intendente del rival. Las amenazas (incendio, fiebre, bandidos, una tormenta, un temblor de grieta) se presagian la tarde anterior (el tablero de estado y el calendario semanal): paga, envía a un héroe que se queda en casa ese día, o asume la pérdida. Un suceso sin respuesta toma su última opción al día siguiente. El Acto I solo trae oportunidades.",scripts/ui/GuildViews.gd:2327
The rift map,El mapa de la grieta,scripts/ui/GuildViews.gd:2328
"A ranked rift is a map of lanes: Ranks F-E have 3, D-B 4, A and up 5. Each node leads on to its own lane and one or both neighbours on the next floor, so plan a route: an elite on the way to a treasure, a shop before the boss. Every route ends at a campfire before the boss. Anvils temper a worn piece for free, a Path's shrine teaches the party (its Path's heroes most), and a trainer's echo gives one hero a level. From Rank S, floors more than two ahead are unseen unless a Trapper or a Stalker scouts.","Una grieta con rango es un mapa de sendas: los Rangos F-E tienen 3, D-B 4, A en adelante 5. Cada nodo conduce a su propia senda y a una o ambas vecinas en el siguiente piso, así que planea una ruta: una élite camino de un tesoro, una tienda antes del jefe. Toda ruta termina en una hoguera antes del jefe. Los yunques templan gratis una pieza gastada, el santuario de una Senda enseña al grupo (sobre todo a los héroes de esa Senda) y el eco de un instructor da un nivel a un héroe. Desde el Rango S, los pisos a más de dos de distancia no se ven salvo que explore un Trampero o un Acechador.",scripts/ui/GuildViews.gd:2328
Wanted,Se busca,scripts/ui/GuildViews.gd:2339
Seal the Rift,Sella la grieta,scripts/ui/GuildViews.gd:2339
Trial,Prueba,scripts/ui/GuildViews.gd:2340
Supply,Suministro,scripts/ui/GuildViews.gd:2340
Day %d  ·  Taken %d/%d  ·  new postings in %d day%s,Día %d  ·  Aceptadas %d/%d  ·  nuevos anuncios en %d día%s,scripts/ui/GuildViews.gd:2376
A day passes with every rift run or rest. Unaccepted postings are replaced when the board refreshes; quests you've taken stay.,Pasa un día con cada incursión o descanso. Los anuncios no aceptados se reemplazan cuando se renueva el tablón; las misiones que has aceptado se quedan.,scripts/ui/GuildViews.gd:2381
Nothing posted — new postings in %d day%s.,Nada publicado: nuevos anuncios en %d día%s.,scripts/ui/GuildViews.gd:2393
Every 20 Renown arms a guaranteed Epic relic at your next Shop.,Cada 20 de Renombre prepara una reliquia Épica garantizada en tu próxima Tienda.,scripts/ui/GuildViews.gd:2397
Milestones,Hitos,scripts/ui/GuildViews.gd:2400
Claimed,Reclamado,scripts/ui/GuildViews.gd:2406
Quest,Misión,scripts/ui/GuildViews.gd:2432
Due in %d day%s,Vence en %d día%s,scripts/ui/GuildViews.gd:2453
Due today,Vence hoy,scripts/ui/GuildViews.gd:2453
%d days once taken,%d días una vez aceptada,scripts/ui/GuildViews.gd:2458
Difficulty,Dificultad,scripts/ui/GuildViews.gd:2465
Reward: ,Recompensa: ,scripts/ui/GuildViews.gd:2468
Take on,Aceptar,scripts/ui/GuildViews.gd:2478
You already have %d quests — finish or abandon one first,Ya tienes %d misiones: termina o abandona una primero,scripts/ui/GuildViews.gd:2485
Only progress made after taking it counts,Solo cuenta el progreso hecho después de aceptarla,scripts/ui/GuildViews.gd:2485
Claim reward,Reclamar recompensa,scripts/ui/GuildViews.gd:2490
Abandon,Abandonar,scripts/ui/GuildViews.gd:2504
Take it down,Retirarla,scripts/ui/GuildViews.gd:2512
DONE,HECHA,scripts/ui/GuildViews.gd:2536
TAKEN,ACEPTADA,scripts/ui/GuildViews.gd:2536
FAILED,FALLIDA,scripts/ui/GuildViews.gd:2536
Keepers of the Vale · %d/%d halls restored,Guardianes del Valle · %d/%d salones restaurados,scripts/ui/GuildViews.gd:2556
"The rifts are shut. The old Accord guilds' halls stand empty across the Vale; restore them, and each keeps giving.","Las grietas están cerradas. Los salones de los viejos gremios del Acuerdo están vacíos por todo el Valle; restáuralos, y cada uno seguirá dando.",scripts/ui/GuildViews.gd:2557
Restore · %d Gold · %d Essence,Restaurar · %d de Oro · %d de Esencia,scripts/ui/GuildViews.gd:2586
Listen,Escuchar,scripts/ui/GuildViews.gd:2609
Hear it again,Oírlo otra vez,scripts/ui/GuildViews.gd:2612
The Open Hollow · %d tides held of %d,El Hueco Abierto · %d mareas resistidas de %d,scripts/ui/GuildViews.gd:2621
"The Hollow is out. A tide breaks every week, and each one held makes the next stronger. Every tidewall holds a little of it back.","El Hueco anda suelto. Cada semana rompe una marea, y cada una que resistes hace más fuerte la siguiente. Cada muro de marea contiene un poco.",scripts/ui/GuildViews.gd:2630
Tidewalls: %d,Muros de marea: %d,scripts/ui/GuildViews.gd:2636
"The next tide: %d%% of the first one's strength, %d%% against your walls","La próxima marea: %d%% de la fuerza de la primera, %d%% contra tus muros",scripts/ui/GuildViews.gd:2637
Raise a tidewall · %d Gold · %d Essence,Alzar un muro de marea · %d de Oro · %d de Esencia,scripts/ui/GuildViews.gd:2640
Every tide is %d%% weaker against the guild for each wall.,Cada marea es un %d%% más débil contra el gremio por cada muro.,scripts/ui/GuildViews.gd:2644
Endow the next guild · %d so far,Dotar al próximo gremio · %d hasta ahora,scripts/ui/GuildViews.gd:2656
Dobbs sets coin aside for whoever founds the next guild. Each Laurel costs more than the last.,Dobbs aparta monedas para quien funde el próximo gremio. Cada Laurel cuesta más que el anterior.,scripts/ui/GuildViews.gd:2657
+1 Laurel · %d Gold,+1 Laurel · %d de Oro,scripts/ui/GuildViews.gd:2659
Hall Works · every wing rebuilt,Obras del Salón · todas las alas reconstruidas,scripts/ui/GuildViews.gd:2673
Hall Works · rebuild the hall with Gold · opens when Act I is done,Obras del Salón · reconstruye el salón con Oro · se abre al terminar el Acto I,scripts/ui/GuildViews.gd:2682
Hall Works · %d/%d wings · next wing %d Gold,Obras del Salón · %d/%d alas · siguiente ala %d de Oro,scripts/ui/GuildViews.gd:2684
"Rebuild the hall with Gold, one wing at a time, in any order. Each wing helps the whole guild for good; each costs more than the last.","Reconstruye el salón con Oro, un ala cada vez, en cualquier orden. Cada ala ayuda a todo el gremio para siempre; cada una cuesta más que la anterior.",scripts/ui/GuildViews.gd:2686
Build · %d Gold,Construir · %d de Oro,scripts/ui/GuildViews.gd:2707
%s rebuilt,%s reconstruido,scripts/ui/GuildViews.gd:2711
 Branch, (rama),scripts/ui/GuildViews.gd:2733
Click again to confirm reset,Haz clic otra vez para confirmar el reinicio,scripts/ui/GuildViews.gd:2753
Reset Guild,Reiniciar gremio,scripts/ui/GuildViews.gd:2753
Lv %d/%d,Nv %d/%d,scripts/ui/GuildViews.gd:2798
Damaged in a Riftbreak: works at Lv %d until repaired.,Dañado en un Desborde: funciona en Nv %d hasta que se repare.,scripts/ui/GuildViews.gd:2821
Repair a level — %d Gold,Reparar un nivel — %d de Oro,scripts/ui/GuildViews.gd:2824
%s repaired,%s reparado,scripts/ui/GuildViews.gd:2827
Works at Lv %d,Funciona en Nv %d,scripts/ui/GuildViews.gd:2827
Each level: %s · upkeep +%d Gold a week,Cada nivel: %s · mantenimiento +%d de Oro a la semana,scripts/ui/GuildViews.gd:2830
%s Lv%d — %s,%s Nv%d — %s,scripts/ui/GuildViews.gd:2835
⌂ Camp: the %s is rebuilt at Lv3 and Lv5 (now tier %d/3),⌂ Campamento: %s se reconstruye en Nv3 y Nv5 (ahora nivel %d/3),scripts/ui/GuildViews.gd:2841
⌂ Camp: every level grows the Guild Hall (guild tier),⌂ Campamento: cada nivel amplía el Salón del Gremio (nivel del gremio),scripts/ui/GuildViews.gd:2843
Upgrade to Lv%d — %d Gold,Mejorar a Nv%d — %d de Oro,scripts/ui/GuildViews.gd:2848
Upgrade to Lv%d — %d Essence,Mejorar a Nv%d — %d de Esencia,scripts/ui/GuildViews.gd:2848
%s — Lv%d,%s — Nv%d,scripts/ui/GuildViews.gd:2855
Next: %s%s,Siguiente: %s%s,scripts/ui/GuildViews.gd:2858
"
Unlocks: ","
Desbloquea: ",scripts/ui/GuildViews.gd:2858
navigator.storage && navigator.storage.persist && navigator.storage.persist();,navigator.storage && navigator.storage.persist && navigator.storage.persist();,scripts/ui/Main.gd:36
(new URLSearchParams(location.search)).get('receive')||'',(new URLSearchParams(location.search)).get('receive')||'',scripts/ui/Main.gd:39
"history.replaceState(null,'',location.pathname)","history.replaceState(null,'',location.pathname)",scripts/ui/Main.gd:41
"setTimeout(function(){ try { screen.orientation.lock('landscape').catch(function(){}); } catch (e) {} }, 400);","setTimeout(function(){ try { screen.orientation.lock('landscape').catch(function(){}); } catch (e) {} }, 400);",scripts/ui/Main.gd:170
Click to dismiss,Haz clic para cerrar,scripts/ui/Main.gd:270
"%d achievements, see Records","%d logros, ver Registros",scripts/ui/Main.gd:351
Achievement: %s,Logro: %s,scripts/ui/Main.gd:356
Achievement earned,Logro obtenido,scripts/ui/Main.gd:358
Back up your guild,Haz una copia de tu gremio,scripts/ui/Main.gd:362
It lives in this browser only. Settings > Backup > Export save keeps a copy.,Solo existe en este navegador. Ajustes > Copia de seguridad > Exportar partida guarda una copia.,scripts/ui/Main.gd:363
Turn your phone sideways,Gira el teléfono,scripts/ui/Main.gd:509
Guildhold plays in landscape.,Guildhold se juega en horizontal.,scripts/ui/Main.gd:515
Let her through,Dejarla pasar,scripts/ui/Main.gd:572
Turn her back,Hacerla volver,scripts/ui/Main.gd:573
-%d Renown: the villages are frightened,-%d de Renombre: las aldeas tienen miedo,scripts/ui/Main.gd:575
No Renown lost: Hollin takes them in,No se pierde Renombre: Hollin los acoge,scripts/ui/Main.gd:575
Let them through,Dejarlos pasar,scripts/ui/Main.gd:576
Turn them back,Hacerlos volver,scripts/ui/Main.gd:577
+%d Gold: the Crown's bounty,+%d de Oro: la recompensa de la Corona,scripts/ui/Main.gd:577
Let them sing in the square,Dejar que canten en la plaza,scripts/ui/Main.gd:579
"+%d Renown and +%d morale for every hero; the song carries down, and a Riftbreak swells in two days","+%d de Renombre y +%d de moral para cada héroe; la canción llega abajo, y un Desborde se hincha en dos días",scripts/ui/Main.gd:582
Leave him holding,Dejar que siga sosteniéndola,scripts/ui/Main.gd:586
The City's gate holds: Act VI's gate objective is met,La puerta de la Ciudad resiste: el objetivo de la puerta del Acto VI se cumple,scripts/ui/Main.gd:586
Free him,Liberarlo,scripts/ui/Main.gd:587
Brannoch joins as a champion; the City's gate comes at Rank SS,Brannoch se une como campeón; la puerta de la Ciudad llega en Rango SS,scripts/ui/Main.gd:587
Read it aloud,Leerla en voz alta,scripts/ui/Main.gd:589
"Every later guild: the Vale's Moot instead of the Crown, less Gold and Essence, more Laurels, Hollow-born heroes from the start","Todos los gremios posteriores: la Asamblea del Valle en lugar de la Corona, menos Oro y Esencia, más Laureles, héroes nacidos del Hueco desde el principio",scripts/ui/Main.gd:589
Burn the first page,Quemar la primera página,scripts/ui/Main.gd:590
"A royal pension for this guild. Every later guild: royal patronage, richer contracts, the Crown's tithe, the Iron Chorus as rival","Una pensión real para este gremio. Todos los gremios posteriores: patronazgo real, contratos más ricos, el diezmo de la Corona, el Coro de Hierro como rival",scripts/ui/Main.gd:590
Carry out the archive,Sacar el archivo,scripts/ui/Main.gd:592
"-%d Renown. Ledger pages and the Vale's story turn up half again as often, and Act IV's finale is %d%% weaker","-%d de Renombre. Las páginas del libro y la historia del Valle aparecen la mitad más a menudo, y el final del Acto IV es un %d%% más débil",scripts/ui/Main.gd:592
Save Hollin,Salvar Hollin,scripts/ui/Main.gd:593
"+%d Renown, and Hollin will remember","+%d de Renombre, y Hollin lo recordará",scripts/ui/Main.gd:593
Drive her back,Hacerla retroceder,scripts/ui/Main.gd:595
As the story goes: she falls back through the Breach,Como cuenta la historia: vuelve a caer por la Brecha,scripts/ui/Main.gd:595
Let her go,Dejarla ir,scripts/ui/Main.gd:596
No relic from this finale and half its Essence. She joins as a champion; Act IV's finale is %d%% weaker,Sin reliquia de este final y la mitad de su Esencia. Se une como campeona; el final del Acto IV es un %d%% más débil,scripts/ui/Main.gd:596
Accept the verdict,Aceptar el veredicto,scripts/ui/Main.gd:598
The Charter goes to the guild with more Renown,La Carta va al gremio con más Renombre,scripts/ui/Main.gd:598
Buy the Charter (%d Gold),Comprar la Carta (%d de Oro),scripts/ui/Main.gd:599
"Contracts pay 10% more, not 20%. No Laurels for it, and the Crown's auditors come in Act IV","Los contratos pagan un 10% más, no un 20%. Sin Laureles por ello, y los auditores de la Corona llegan en el Acto IV",scripts/ui/Main.gd:599
Keep the key,Quedarse la llave,scripts/ui/Main.gd:602
Choose each rift's region; every Riftbreak comes a rank higher,Elige la región de cada grieta; cada Desborde llega un rango más alto,scripts/ui/Main.gd:602
Break it,Romperla,scripts/ui/Main.gd:603
"+%d Renown, a day more warning before Riftbreaks; the Grandmaster's Hall costs a quarter more","+%d de Renombre, un día más de aviso antes de los Desbordes; el Salón de la Gran Maestre cuesta una cuarta parte más",scripts/ui/Main.gd:603
Keep your echoes,Quedarte tus ecos,scripts/ui/Main.gd:606
Ezra goes on his way,Ezra sigue su camino,scripts/ui/Main.gd:606
Pour them into the lantern,Verterlos en el farol,scripts/ui/Main.gd:607
"-%d Essence and Echo-Touched heroes lose the quirk; contracts pay 10%% more Essence, and the Vale remembers what you gave","-%d de Esencia y los héroes Tocados por el Eco pierden el rasgo; los contratos pagan un 10%% más de Esencia, y el Valle recuerda lo que diste",scripts/ui/Main.gd:607
Keep the doors open,Mantener las puertas abiertas,scripts/ui/Main.gd:609
"Both worlds: Hollow-born heroes join your recruit board, in later guilds too","Ambos mundos: héroes nacidos del Hueco se suman a tu tablón de reclutas, también en gremios posteriores",scripts/ui/Main.gd:609
Close every door,Cerrar todas las puertas,scripts/ui/Main.gd:610
"Ours: +%d Laurels, and the Hollow's foes leave the ladder","El nuestro: +%d Laureles, y los enemigos del Hueco dejan la escalera",scripts/ui/Main.gd:610
Expose the Company,Exponer a la Compañía,scripts/ui/Main.gd:658
+%d Renown. The Company will strike back: a Riftbreak at your door.,+%d de Renombre. La Compañía contraatacará: un Desborde a tu puerta.,scripts/ui/Main.gd:661
Keep quiet,Guardar silencio,scripts/ui/Main.gd:663
Contracts pay %d%% more Gold for the rest of the campaign. The Accord said: never sell a rift.,Los contratos pagan un %d%% más de Oro durante el resto de la campaña. El Acuerdo decía: nunca vendas una grieta.,scripts/ui/Main.gd:666
Turn Morrow (%d Gold),Comprar a Morrow (%d de Oro),scripts/ui/Main.gd:670
You know who pays him. Morrow joins as a Rank S rogue on double wages and the Company stops hunting; the Crown will remember at its hearing.,Sabes quién le paga. Morrow se une como pícaro de Rango S con el doble de sueldo y la Compañía deja de cazar; la Corona lo recordará en su audiencia.,scripts/ui/Main.gd:674
Give it back (+%d Renown),Devolverlo (+%d de Renombre),scripts/ui/Main.gd:685
Keep it (+%d Essence),Quedártelo (+%d de Esencia),scripts/ui/Main.gd:689
Who takes the forty-first post?,¿Quién ocupa el puesto cuadragésimo primero?,scripts/ui/Main.gd:706
"%s — Rank %s, Lv%d","%s — Rango %s, Nv%d",scripts/ui/Main.gd:708
They leave the guild forever and go on the Memorial. Riftbreaks end.,Deja el gremio para siempre y pasa al Memorial. Los Desbordes terminan.,scripts/ui/Main.gd:714
"Hesper signs the forty-first line herself. You keep every hero; she leaves the pay table, in every later guild too, until a guild rewrites the Terms.","Hesper firma ella misma la línea cuadragésima primera. Conservas a todos tus héroes; ella deja la mesa de pagos, también en todos los gremios posteriores, hasta que un gremio reescriba los Términos.",scripts/ui/Main.gd:723
Back,Atrás,locale/extra_msgids.txt
Sign the last line. One of your heroes holds the forty-first post forever; Riftbreaks end.,Firma la última línea. Uno de tus héroes ocupará el puesto cuadragésimo primero para siempre; los Desbordes terminan.,scripts/ui/Main.gd:732
"Burn the Terms. Every champion of the old guilds comes home; a tide of the Hollow breaks every week, stronger for each one you hold.","Quema los Términos. Todos los campeones de los viejos gremios vuelven a casa; cada semana rompe una marea del Hueco, más fuerte por cada una que resistes.",scripts/ui/Main.gd:737
"Write the forty-second line: the posts are held in turns. Every champion comes home, Riftbreaks end, and the old halls can be restored.","Escribe la línea cuadragésima segunda: los puestos se ocupan por turnos. Todos los campeones vuelven a casa, los Desbordes terminan y los viejos salones pueden restaurarse.",scripts/ui/Main.gd:743
Retire the %s,Retirar %s,scripts/ui/Main.gd:785
The Vale will remember the %s,El Valle recordará a %s,scripts/ui/Main.gd:785
"The guild leaves its save slot for the Hall of Guilds, where its record stays. It can't be played again.","El gremio deja su ranura de guardado por la Sala de los Gremios, donde queda su registro. No se puede volver a jugar.",scripts/ui/Main.gd:790
"Your guild's story is told. Choose up to two heroes the Vale will remember: they come back as champions in your later guilds, waiting to be freed in the Endless Rift.","La historia de tu gremio está contada. Elige hasta dos héroes que el Valle recordará: volverán como campeones en tus gremios posteriores, esperando ser liberados en la Grieta Infinita.",scripts/ui/Main.gd:791
Laurels this guild leaves: %d,Laureles que deja este gremio: %d,scripts/ui/Main.gd:792
"5 for each act finished, 10 for the Accord's ending (20 for rewriting it), 2 for each lost champion freed, 5 for the Royal Charter, 3 for Captain Morrow, 1 for each echo given back, and up to 60% more for oaths kept. After the ending, the Sky Beneath, the postgame and the Chronicle add more. Spent when founding your next guild.","5 por cada acto terminado, 10 por el final del Acuerdo (20 por reescribirlo), 2 por cada campeón perdido liberado, 5 por la Carta Real, 3 por el capitán Morrow, 1 por cada eco devuelto, y hasta un 60% más por juramentos cumplidos. Tras el final, el Cielo de Abajo, el postjuego y la Crónica añaden más. Se gastan al fundar tu próximo gremio.",scripts/ui/Main.gd:794
"%s, who took the forty-first post, will be remembered too.","%s, que ocupó el puesto cuadragésimo primero, también será recordado.",scripts/ui/Main.gd:797
"No hero has reached Rank C or sealed 25 rifts yet, so none can be remembered.","Ningún héroe ha alcanzado el Rango C ni sellado 25 grietas aún, así que ninguno puede ser recordado.",scripts/ui/Main.gd:801
Remember (%d/%d):,Recordar (%d/%d):,scripts/ui/Main.gd:803
Rank %s %s · %d rifts,Rango %s %s · %d grietas,scripts/ui/Main.gd:817
Write it in the Chronicle,Escribirlo en la Crónica,scripts/ui/Main.gd:830
The %s joined the Hall of Guilds: +%d Laurels.,%s se unió a la Sala de los Gremios: +%d Laureles.,scripts/ui/Main.gd:834
Charter,Carta,scripts/ui/Main.gd:853
%s · unlock for %d Laurels,%s · desbloquear por %d Laureles,scripts/ui/Main.gd:875
%d Laurels,%d Laureles,scripts/ui/Main.gd:891
%s: needs a truth from %s,%s: necesita una verdad de %s,scripts/ui/Main.gd:895
%s: %s,%s: %s,scripts/ui/Main.gd:1010
%d more locked,%d más bloqueados,scripts/ui/Main.gd:905
The game as designed.,El juego tal como se diseñó.,scripts/ui/Main.gd:945
%d. %s,%d. %s,scripts/ui/Main.gd:948
+%d%% Laurels.,+%d%% de Laureles.,scripts/ui/Main.gd:949
Reach an ending at your highest Hardship to open the next.,Alcanza un final en tu mayor Penuria para abrir la siguiente.,scripts/ui/Main.gd:953
Hardships open once a guild reaches Act IV or an ending.,Las Penurias se abren cuando un gremio llega al Acto IV o a un final.,scripts/ui/Main.gd:953
The Vale this year,El Valle este año,scripts/ui/Main.gd:963
Roll again · %d Laurels,Volver a tirar · %d Laureles,scripts/ui/Main.gd:969
Oaths · +%d%% Laurels,Juramentos · +%d%% de Laureles,scripts/ui/Main.gd:987
Oaths (optional; they can't be dropped later),Juramentos (opcionales; no se pueden abandonar después),scripts/ui/Main.gd:987
%s · +%d%%,%s · +%d%%,scripts/ui/Main.gd:996
%s · needs %d truths,%s · necesita %d verdades,scripts/ui/Main.gd:999
Laurels: %d (from %d past guild%s),Laureles: %d (legado de %d gremio%s),scripts/ui/Main.gd:1024
%s · %d,%s · %d,scripts/ui/Main.gd:1034
%s · needs a truth,%s · necesita una verdad,scripts/ui/Main.gd:1037
"Learn more of the Vale's story, in this guild or another, to open this gift.","Descubre más de la historia del Valle, en este gremio o en otro, para abrir este regalo.",scripts/ui/Main.gd:1039
Subclasses past guilds unlocked: carry their training here,Subclases desbloqueadas por gremios anteriores: trae aquí su entrenamiento,scripts/ui/Main.gd:1050
A Legend,Una Leyenda,scripts/ui/Main.gd:1061
Party Assembly,Formación del grupo,scripts/ui/Main.gd:1137
Riftbreak,Desborde,scripts/ui/Main.gd:1138
Hold the breach,Contén la brecha,scripts/ui/Main.gd:1138
Tower of Trials — Floor %d,Torre de las Pruebas — Piso %d,scripts/ui/Main.gd:1139
The Descent — Depth %d,El Descenso — Profundidad %d,scripts/ui/Main.gd:1140
Rift Run — Floor %d/%d,Incursión — Piso %d/%d,scripts/ui/Main.gd:1141
Settings,Ajustes,scripts/ui/Main.gd:1143
Camp,Campo,scripts/ui/Main.gd:1144
Camp — %s,Campamento — %s,scripts/ui/Main.gd:1144
★ RANK S ★,★ RANGO S ★,scripts/ui/Main.gd:1192
is offered as a Champion!,¡se ofrece como Campeón!,scripts/ui/Main.gd:1195
is available to recruit!,¡está disponible para reclutar!,scripts/ui/Main.gd:1195
"Gold — recruit and train heroes, buy from rift shops and supplies, reroll offers.","Oro: recluta y entrena héroes, compra en las tiendas de grieta y suministros, renueva ofertas.",scripts/ui/Main.gd:1224
"Essence — earned by fighting and sealing rifts. Evolves heroes, upgrades relics and the guild, reforges gear, resets attributes.","Esencia: se gana luchando y sellando grietas. Evoluciona héroes, mejora reliquias y el gremio, reforja equipo, reinicia atributos.",scripts/ui/Main.gd:1225
Roster,Plantilla,scripts/ui/Main.gd:1253
%s  (key %s),%s  (tecla %s),scripts/ui/Main.gd:1340
Tower,Torre,scripts/ui/Main.gd:1434
Back to %s,Volver a %s,scripts/ui/Main.gd:1481
%d Guild Management levels,%d niveles de Gestión del Gremio,scripts/ui/Main.gd:1514
 · %d more to %s, · %d más para %s,scripts/ui/Main.gd:1516
. The tier grows with Guild Management levels; the Guild Hall grows with it.,. El nivel crece con los niveles de Gestión del Gremio; el Salón del Gremio crece con él.,scripts/ui/Main.gd:1517
Guild titles — Tower of Trials (best floor %d) and the Endless Rift (best %d:%02d),Títulos del gremio — Torre de las Pruebas (mejor piso %d) y Grieta Infinita (mejor %d:%02d),scripts/ui/Main.gd:1536
Guild title — Tower of Trials (best floor %d),Título del gremio — Torre de las Pruebas (mejor piso %d),scripts/ui/Main.gd:1536
Day %d · End day,Día %d · Fin del día,scripts/ui/Main.gd:1554
Day %d. End the day and rest. Tomorrow:,Día %d. Termina el día y descansa. Mañana:,scripts/ui/Main.gd:1558
Renown %d — %s %s (%d). The leader at payday gets the better recruits; every 20 arms an Epic at your next rift shop. See Guild > Ledger.,Renombre %d — %s %s (%d). Quien va en cabeza el día de paga obtiene mejores reclutas; cada 20 prepara una Épica en tu próxima tienda de grieta. Ver Gremio > Libro de cuentas.,scripts/ui/Main.gd:1580
you lead,vas por delante de,scripts/ui/Main.gd:1581
you trail,vas por detrás de,scripts/ui/Main.gd:1581
level with,vas a la par de,scripts/ui/Main.gd:1581
Guildhold,Guildhold,scripts/ui/Main.gd:1626
A guild-management roguelite,Un roguelite de gestión de gremios,scripts/ui/Main.gd:1634
Test build %s · what's new is %s,Versión de prueba %s · las novedades están %s,scripts/ui/Main.gd:1635
below,abajo,scripts/ui/Main.gd:1635
on the right,a la derecha,scripts/ui/Main.gd:1635
New Game,Nueva partida,scripts/ui/Main.gd:1643
Load Game,Cargar partida,scripts/ui/Main.gd:1651
Receive a guild,Recibir un gremio,scripts/ui/Main.gd:1655
Credits,Créditos,scripts/ui/Main.gd:1660
Feedback,Comentarios,scripts/ui/Main.gd:1665
Quit,Salir,scripts/ui/Main.gd:1672
"This test build is made for a computer with a keyboard and mouse (or a gamepad). It runs on a phone, but small screens are cramped.","Esta versión de prueba está pensada para un ordenador con teclado y ratón (o un mando). Funciona en un teléfono, pero las pantallas pequeñas quedan apretadas.",scripts/ui/Main.gd:1677
What's new in %s,Novedades de %s,scripts/ui/Main.gd:1761
"Your save lives in this browser. Clearing site data erases it, so back it up under Load Game > Backup now and then.","Tu partida vive en este navegador. Borrar los datos del sitio la elimina, así que haz una copia de vez en cuando en Cargar partida > Copia de seguridad.",scripts/ui/Main.gd:1766
Version %s (%s),Versión %s (%s),scripts/ui/Main.gd:1778
"Day %d, Act %d, %d heroes, %d rifts sealed, best rank %s, Endless best %d:%02d, Tower floor %d","Día %d, Acto %d, %d héroes, %d grietas selladas, mejor rango %s, mejor Infinita %d:%02d, piso de la Torre %d",scripts/ui/Main.gd:1780
Started with Act I skipped (playtest shortcut),Empezó con el Acto I omitido (atajo de prueba),scripts/ui/Main.gd:1784
"

What happened:

What you expected:

Anything confusing, too hard or too easy:
","

Qué pasó:

Qué esperabas:

Algo confuso, demasiado difícil o demasiado fácil:
",scripts/ui/Main.gd:1786
Played %dh %02dm,Jugado %dh %02dm,scripts/ui/Main.gd:1794
"Fights: %d by hand (%d won), %d on Auto (%d won)","Combates: %d a mano (%d ganados), %d en Auto (%d ganados)",scripts/ui/Main.gd:1795
Last %d runs: %s,Últimas %d incursiones: %s,scripts/ui/Main.gd:1801
"Unspent: %d Gold, %d Essence, %d skill points, %d attribute points","Sin gastar: %d de Oro, %d de Esencia, %d puntos de habilidad, %d puntos de atributo",scripts/ui/Main.gd:1807
Renown %d vs rival %d; heroes lost %d,Renombre %d contra rival %d; héroes perdidos %d,scripts/ui/Main.gd:1808
Milestones (minutes played): %s,Hitos (minutos jugados): %s,scripts/ui/Main.gd:1811
Send feedback,Enviar comentarios,scripts/ui/Main.gd:1820
"Found a bug, or something felt off? Tell us on Discord. This report already says which build you're on and how far your guild is: copy it, then paste it into your message.","¿Encontraste un error, o algo no te convenció? Cuéntanoslo en Discord. Este informe ya dice qué versión usas y hasta dónde ha llegado tu gremio: cópialo y pégalo en tu mensaje.",scripts/ui/Main.gd:1821
Copy report,Copiar informe,scripts/ui/Main.gd:1827
Copied. Paste it into a message on the Discord.,Copiado. Pégalo en un mensaje en Discord.,scripts/ui/Main.gd:1829
Copy and open Discord,Copiar y abrir Discord,scripts/ui/Main.gd:1831
Leave fullscreen,Salir de pantalla completa,scripts/ui/Main.gd:1848
Fullscreen,Pantalla completa,scripts/ui/Main.gd:1848
F11 or Alt+Enter,F11 o Alt+Enter,scripts/ui/Main.gd:1850
"A roguelite guild-management game — recruit heroes, evolve their subclasses, and send them through the Rifts.","Un roguelite de gestión de gremios: recluta héroes, haz evolucionar sus subclases y envíalos a las Grietas.",scripts/ui/Main.gd:1868
Version %s,Versión %s,scripts/ui/Main.gd:1870
Built with Godot Engine 4.7,Hecho con Godot Engine 4.7,scripts/ui/Main.gd:1871
Pixel art generated with PixelLab,Pixel art generado con PixelLab,scripts/ui/Main.gd:1872
"Sound effects by Kenney, rubberduck and artisticdude (CC0)","Efectos de sonido de Kenney, rubberduck y artisticdude (CC0)",scripts/ui/Main.gd:1873
Founding testers,Probadores fundadores,scripts/ui/Main.gd:1875
Play this test build and send your feedback (Feedback on the title screen) to have your name here.,Juega esta versión de prueba y envía tus comentarios (Comentarios en la pantalla de título) para que tu nombre aparezca aquí.,scripts/ui/Main.gd:1877
Ashen,Ceniza,scripts/ui/Main.gd:1909
Silver,Plata,scripts/ui/Main.gd:1909
Iron,Hierro,scripts/ui/Main.gd:1909
Dawn,Alba,scripts/ui/Main.gd:1909
Hollow,Hueco,scripts/ui/Main.gd:1909
Raven,Cuervo,scripts/ui/Main.gd:1909
Gilded,Oro,scripts/ui/Main.gd:1909
Last,Ocaso,scripts/ui/Main.gd:1909
Lantern,Linterna,scripts/ui/Main.gd:1910
Crows,Cuervos,scripts/ui/Main.gd:1910
Wardens,Guardianes,scripts/ui/Main.gd:1910
Blades,Espadas,scripts/ui/Main.gd:1910
Oath,Juramento,scripts/ui/Main.gd:1910
Company,Compañía,scripts/ui/Main.gd:1910
Watch,Guardia,scripts/ui/Main.gd:1910
Hearth,Hogar,scripts/ui/Main.gd:1910
Banner,Estandarte,scripts/ui/Main.gd:1910
Vigil,Vigilia,scripts/ui/Main.gd:1910
Save Slot %d,Ranura %d,scripts/ui/Main.gd:1916
Name Your Guild,Nombra tu gremio,scripts/ui/Main.gd:1926
Guild name,Nombre del gremio,scripts/ui/Main.gd:1928
Your crest,Tu emblema,scripts/ui/Main.gd:1935
Random name,Nombre al azar,scripts/ui/Main.gd:1941
The %s %s,%s y %s,scripts/ui/Main.gd:1942
New crest,Nuevo emblema,scripts/ui/Main.gd:1946
Found the Guild,Fundar el gremio,scripts/ui/Main.gd:1952
Name your guild first,Primero ponle nombre a tu gremio,scripts/ui/Main.gd:1958
%d oath%s,%d juramento%s,scripts/ui/Main.gd:2001
no oaths,sin juramentos,scripts/ui/Main.gd:2001
%d gift%s,%d regalo%s,scripts/ui/Main.gd:2003
skipping Act I,omitiendo el Acto I,scripts/ui/Main.gd:2007
Founding options,Opciones de fundación,scripts/ui/Main.gd:2008
"Charter, oaths, Laurel gifts, the Vale's year and banner colour. All optional.","Carta, juramentos, regalos de Laureles, el año del Valle y el color del estandarte. Todo opcional.",scripts/ui/Main.gd:2013
Banner colour and the playtest shortcut. All optional.,Color del estandarte y el atajo de prueba. Todo opcional.,scripts/ui/Main.gd:2013
Banner colour,Color del estandarte,scripts/ui/Main.gd:2020
Earned: %s,Obtenido: %s,scripts/ui/Main.gd:2033
"Playtest: skip Act I (start with it done, and the heroes, gear and Gold a guild has by then)","Prueba: omitir el Acto I (empezar con él terminado, y con los héroes, el equipo y el Oro que un gremio tiene para entonces)",scripts/ui/Main.gd:2046
"For testers who want to see the middle game: champions, Riftbreaks and the rival's moves. Your Feedback report will say you skipped Act I.","Para probadores que quieren ver la parte media del juego: campeones, Desbordes y los movimientos del rival. Tu informe de Comentarios dirá que omitiste el Acto I.",scripts/ui/Main.gd:2051
"The Sky Beneath is behind you. Rifts still open: push the Endless Rift, climb the rift ladder to SSS, take on quests, and finish what the Chronicle lists.","El Cielo de Abajo ha quedado atrás. Las grietas aún se abren: avanza en la Grieta Infinita, sube la escalera de grietas hasta SSS, acepta misiones y termina lo que enumera la Crónica.",scripts/ui/Main.gd:2073
Recommended power %d,Poder recomendado %d,scripts/ui/Main.gd:2108
Complete every objective above first,Completa primero todos los objetivos de arriba,scripts/ui/Main.gd:2108
Your best,Tu mejor,scripts/ui/Main.gd:2115
"Your best party is at %d%% of what the finale expects. Seal more rifts at your top rank for gear, evolve heroes at level 10, level your champion, and build the Drill Yard.","Tu mejor grupo está al %d%% de lo que espera el final. Sella más grietas en tu rango más alto para conseguir equipo, haz evolucionar héroes en el nivel 10, sube de nivel a tu campeón y construye el Patio de Instrucción.",scripts/ui/Main.gd:2119
Next step: %s,Siguiente paso: %s,scripts/ui/Main.gd:2123
Also: %s,Además: %s,scripts/ui/Main.gd:2126
"Payday in %d day%s: %d Gold due, you have %d — ","Día de paga en %d día%s: se deben %d de Oro, tienes %d — ",scripts/ui/Main.gd:2139
covered.,cubierto.,locale/extra_msgids.txt
short %d; about %d rift%s at your recent pay (%d each) covers it.,faltan %d; unas %d grieta%s con tu paga reciente (%d cada una) lo cubren.,scripts/ui/Main.gd:2143
short %d.,faltan %d.,scripts/ui/Main.gd:2145
Choosing a rift,Elegir una grieta,scripts/ui/Main.gd:2159
"Rifts come in ranks, F to SSS. Seal a rank to open the next. The readout compares your best party's power with what the rift expects — Deadly, Risky, Even or Favored. Your very first rift is a shorter training run.","Las grietas tienen rangos, de F a SSS. Sella un rango para abrir el siguiente. El indicador compara el poder de tu mejor grupo con lo que espera la grieta: Mortal, Arriesgada, Pareja o Favorable. Tu primerísima grieta es una incursión de entrenamiento más corta.",scripts/ui/Main.gd:2159
Rank %s Rift,Grieta de Rango %s,scripts/ui/Main.gd:2194
Endless Rift — locked,Grieta Infinita — bloqueada,scripts/ui/Main.gd:2195
Ranks C-SSS — locked,Rangos C-SSS — bloqueados,scripts/ui/Main.gd:2197
Rank C — %s,Rango C — %s,scripts/ui/Main.gd:2197
Two ways down. Either one can free the lost champions.,Dos caminos hacia abajo. Cualquiera de los dos puede liberar a los campeones perdidos.,scripts/ui/Main.gd:2345
Choose,Elegir,scripts/ui/Main.gd:2357
The Descent,El Descenso,scripts/ui/Main.gd:2380
"Turn-based, with your heroes: depth after depth, each harder; lost champions wait in pillars · deepest %d","Por turnos, con tus héroes: profundidad tras profundidad, cada una más difícil; los campeones perdidos esperan en pilares · máxima %d",scripts/ui/Main.gd:2380
Opens when you complete Act II,Se abre al completar el Acto II,scripts/ui/Main.gd:2381
Assemble party,Formar grupo,scripts/ui/Main.gd:2381
"Real-time, with your champions: steer them through endless waves · best %d:%02d","En tiempo real, con tus campeones: guíalos a través de oleadas sin fin · mejor %d:%02d",scripts/ui/Main.gd:2382
100 fixed floors · best floor %d,100 pisos fijos · mejor piso %d,scripts/ui/Main.gd:2384
Enter the Tower,Entrar en la Torre,scripts/ui/Main.gd:2385
Your best party,Tu mejor grupo,scripts/ui/Main.gd:2409
Go,Ir,scripts/ui/Main.gd:2449
Next: Rank %s — %s,Siguiente: Rango %s — %s,scripts/ui/Main.gd:2473
Rank %s — %s,Rango %s — %s,scripts/ui/Main.gd:2484
Rank %s — sealed,Rango %s — sellado,scripts/ui/Main.gd:2486
Pip's Key:,Llave de Pip:,scripts/ui/Main.gd:2492
Any region,Cualquier región,scripts/ui/Main.gd:2498
Rank %s · %d floors,Rango %s · %d pisos,scripts/ui/Main.gd:2515
Foes: base,Enemigos: base,scripts/ui/Main.gd:2530
"Foes: ×%s health, ×%s damage","Enemigos: ×%s salud, ×%s daño",scripts/ui/Main.gd:2530
%s%s · Rewards ×%s%s,%s%s · Recompensas ×%s%s,scripts/ui/Main.gd:2531
Best floor %d / %d%s,Mejor piso %d / %d%s,scripts/ui/Main.gd:2546
The Tower,La Torre,scripts/ui/Main.gd:2547
"Every floor is always the same fight — if you lose, study it, change your party and come back. Heroes fight at full HP and leave exactly as they came, so a loss costs nothing. Each floor pays the first time you clear it; every 10th floor is a guardian with its own relic.","Cada piso es siempre el mismo combate: si pierdes, estúdialo, cambia tu grupo y vuelve. Los héroes luchan con los PV al máximo y salen tal como entraron, así que una derrota no cuesta nada. Cada piso paga la primera vez que lo superas; cada 10 pisos hay un guardián con su propia reliquia.",scripts/ui/Main.gd:2547
You've cleared this week's ladder. Floors %d–%d reshuffle their rules in %d day%s.,Has superado la escalera de esta semana. Los pisos %d–%d cambian sus reglas en %d día%s.,scripts/ui/Main.gd:2551
Guardians,Guardianes,scripts/ui/Main.gd:2558
Floor %d,Piso %d,scripts/ui/Main.gd:2569
%s (floor %d),%s (piso %d),scripts/ui/Main.gd:2582
Titles: ,Títulos: ,scripts/ui/Main.gd:2583
Guardian: ,Guardián: ,scripts/ui/Main.gd:2601
Elite fight,Combate de élite,scripts/ui/Main.gd:2601
Fight,Combate,scripts/ui/Main.gd:2601
  ·  weekly ladder,  ·  escalera semanal,scripts/ui/Main.gd:2602
Rule · %s — %s,Regla · %s — %s,scripts/ui/Main.gd:2611
No special rules on this floor.,Sin reglas especiales en este piso.,scripts/ui/Main.gd:2615
Assemble party (up to %d),Formar grupo (hasta %d),scripts/ui/Main.gd:2621
First clear:,Primera vez:,scripts/ui/Main.gd:2640
This week's re-clear:,Repetición de esta semana:,scripts/ui/Main.gd:2640
Floor %d — %s,Piso %d — %s,scripts/ui/Main.gd:2677
 · streak %d, · racha %d,scripts/ui/Main.gd:2691
Today's twist is done%s. A new one tomorrow.,El giro de hoy está hecho%s. Mañana habrá uno nuevo.,scripts/ui/Main.gd:2693
"Today's twist: %s, start with %s · +%d Essence%s","Giro de hoy: %s, empieza con %s · +%d de Esencia%s",scripts/ui/Main.gd:2695
"Rule: %s
Starting boon: %s (%s)
One try a day, any rank. Every guild faces the same twist today; seal it for +%d Essence and a longer streak.","Regla: %s
Don inicial: %s (%s)
Un intento al día, cualquier rango. Todos los gremios se enfrentan hoy al mismo giro; séllalo para +%d de Esencia y una racha más larga.",scripts/ui/Main.gd:2700
Hold the breach — Rank %s near %s,Contén la brecha — Rango %s cerca de %s,scripts/ui/Main.gd:2741
"%d fights in a row with no camp, shop or campfire between them, the last against the breach's warden. Hold, and the guild is paid; fall or turn back, and it costs part of your Essence and of the Gold above the coming bill, and damages a building. Up to 4 heroes; it takes the day.","%d combates seguidos sin campamento, tienda ni hoguera entre ellos, el último contra el guardián de la brecha. Resiste, y el gremio cobra; cae o retírate, y te cuesta parte de tu Esencia y del Oro que exceda la próxima cuenta, y daña un edificio. Hasta 4 héroes; ocupa el día.",scripts/ui/Main.gd:2744
Rank %s Rift — today's twist: %s,Grieta de Rango %s — giro de hoy: %s,scripts/ui/Main.gd:2747
Rule: %s Starting boon: %s (%s). Sealing it pays +%d Essence. Up to 4 heroes.,Regla: %s Don inicial: %s (%s). Sellarla paga +%d de Esencia. Hasta 4 héroes.,scripts/ui/Main.gd:2748
Up to %d heroes. Everyone fights at full HP and leaves as they came.%s,Hasta %d héroes. Todos luchan con los PV al máximo y salen como entraron.%s,scripts/ui/Main.gd:2752
 Rules: , Reglas: ,scripts/ui/Main.gd:2752
The Descent — Rank %s,El Descenso — Rango %s,scripts/ui/Main.gd:2754
"Depths of %d floors, each harder and better paid than the last. Every second depth ends at a pillar where a lost champion waits. Climb out whenever you like and keep everything; fall, and lose half of what the Descent earned. Up to 4 heroes; it costs a day.","Profundidades de %d pisos, cada una más difícil y mejor pagada que la anterior. Cada dos profundidades se llega a un pilar donde espera un campeón perdido. Sal cuando quieras y consérvalo todo; si caes, pierdes la mitad de lo ganado en el Descenso. Hasta 4 héroes; cuesta un día.",scripts/ui/Main.gd:2755
Finale — %s,Final — %s,scripts/ui/Main.gd:2757
A harder %s Rift that ends in %s. Up to 4 heroes.,Una grieta de %s más difícil que termina en %s. Hasta 4 héroes.,scripts/ui/Main.gd:2758
Assemble Party (up to 4),Formar grupo (hasta 4),scripts/ui/Main.gd:2760
Pick your party,Elige tu grupo,scripts/ui/Main.gd:2761
"Pick who goes, then Enter the Rift. The front row takes most of the hits; the back row is attacked far less.",Elige quién va y luego Entra en la grieta. La fila delantera recibe la mayoría de los golpes; la fila trasera es atacada mucho menos.,scripts/ui/Main.gd:2761
No heroes yet — recruit some under Roster > Recruits first.,Aún no hay héroes: recluta algunos primero en Plantilla > Reclutas.,scripts/ui/Main.gd:2769
"Roster — click a hero to add them, or drag them onto a slot","Plantilla: haz clic en un héroe para añadirlo, o arrástralo a una ranura",scripts/ui/Main.gd:2773
Add strongest,Añadir a los más fuertes,scripts/ui/Main.gd:2779
"Fill the party with your strongest ready heroes, each in the row they stood in last.","Llena el grupo con tus héroes listos más fuertes, cada uno en la fila donde estuvo la última vez.",scripts/ui/Main.gd:2785
Clear,Vaciar,scripts/ui/Main.gd:2788
Your overseer,Tu supervisor,scripts/ui/Main.gd:2806
"A champion never fights in a rift run. They oversee it: their Boon lifts the whole party, and any hero can spend a turn on their Call. (In the Endless Rift champions are the party; in a defense you steer one.)","Un campeón nunca lucha en una incursión. La supervisa: su Don fortalece a todo el grupo, y cualquier héroe puede gastar un turno en su Llamada. (En la Grieta Infinita los campeones son el grupo; en una defensa diriges a uno.)",scripts/ui/Main.gd:2806
"Starting Relic (pick one, optional)","Reliquia inicial (elige una, opcional)",scripts/ui/Main.gd:2811
F = Front row: takes most of the enemy's attacks.   B = Back row: attacked far less.,F = Fila delantera: recibe la mayoría de los ataques enemigos.   B = Fila trasera: es atacada mucho menos.,scripts/ui/Main.gd:2874
Foes ›,Enemigos ›,scripts/ui/Main.gd:2886
Add a hero,Añadir un héroe,scripts/ui/Main.gd:2929
Front row,Fila delantera,scripts/ui/Main.gd:2938
Back row,Fila trasera,scripts/ui/Main.gd:2938
Front row: takes most of the enemy's attacks,Fila delantera: recibe la mayoría de los ataques enemigos,scripts/ui/Main.gd:2945
Back row: attacked far less,Fila trasera: es atacada mucho menos,scripts/ui/Main.gd:2945
Send home,Enviar a casa,scripts/ui/Main.gd:2958
Power %d,Poder %d,scripts/ui/Main.gd:2981
Fights best in Front,Lucha mejor delante,scripts/ui/Main.gd:2986
Fights best in Back,Lucha mejor detrás,scripts/ui/Main.gd:2986
Click to send home,Haz clic para enviarlo a casa,scripts/ui/Main.gd:3016
"Click to add to the party, or drag onto a slot","Haz clic para añadirlo al grupo, o arrástralo a una ranura",scripts/ui/Main.gd:3016
Lv%d %s · Power %d,Nv%d %s · Poder %d,scripts/ui/Main.gd:3053
Out %d run%s,Fuera %d salida%s,scripts/ui/Main.gd:3055
Away %d run%s,Ausente %d salida%s,scripts/ui/Main.gd:3055
In the party · Front,En el grupo · Delante,scripts/ui/Main.gd:3057
In the party · Back,En el grupo · Detrás,scripts/ui/Main.gd:3057
Choose a hero,Elige un héroe,scripts/ui/Main.gd:3100
Swap in a hero,Cambiar por un héroe,scripts/ui/Main.gd:3100
 · swaps places, · intercambia posiciones,scripts/ui/Main.gd:3121
No other hero is ready to go.,Ningún otro héroe está listo para ir.,scripts/ui/Main.gd:3131
Send this one home,Enviar a este a casa,scripts/ui/Main.gd:3137
Loadouts,Configuraciones,scripts/ui/Main.gd:3158
%d · %s,%d · %s,scripts/ui/Main.gd:3171
%d · empty,%d · vacía,scripts/ui/Main.gd:3171
"Left out (recovering, away or over the cap): %s","Fuera (recuperándose, ausentes o por encima del límite): %s",scripts/ui/Main.gd:3175
"Load this party, each hero in their saved row.","Carga este grupo, cada héroe en su fila guardada.",scripts/ui/Main.gd:3178
Save,Guardar,scripts/ui/Main.gd:3181
Loadout %d saved.,Configuración %d guardada.,scripts/ui/Main.gd:3183
"Save the party above, with their rows, as loadout %d.","Guarda el grupo de arriba, con sus filas, como configuración %d.",scripts/ui/Main.gd:3187
Overseer: %s,Supervisor: %s,scripts/ui/Main.gd:3199
none,ninguno,scripts/ui/Main.gd:3199
Boon: %s  ·  Call: %s — %s,Don: %s  ·  Llamada: %s — %s,scripts/ui/Main.gd:3202
None,Ninguno,scripts/ui/Main.gd:3219
Endless Rift — your champions (up to 4),Grieta Infinita: tus campeones (hasta 4),scripts/ui/Main.gd:3230
Champions only,Solo campeones,scripts/ui/Main.gd:3231
"Only champions go into the Endless Rift. You steer the first one you pick; the others follow and fight on their own, each with their Call as a signature move. Somewhere in the rift, lost champions wait in pillars of light: stand in one to free them. A run costs the guild a day.","Solo los campeones entran en la Grieta Infinita. Tú diriges al primero que elijas; los demás lo siguen y luchan solos, cada uno con su Llamada como movimiento característico. En algún lugar de la grieta, los campeones perdidos esperan en pilares de luz: quédate en uno para liberarlos. Una incursión le cuesta un día al gremio.",scripts/ui/Main.gd:3231
Party power %d,Poder del grupo %d,scripts/ui/Main.gd:3247
%d lost champions still wait in the rift.,%d campeones perdidos aún esperan en la grieta.,scripts/ui/Main.gd:3250
Every lost champion has been found.,Todos los campeones perdidos han sido encontrados.,scripts/ui/Main.gd:3250
Rift strength %d%% — it grows with every champion you free and every act you pass.,Fuerza de la grieta %d%%: crece con cada campeón que liberas y cada acto que superas.,scripts/ui/Main.gd:3251
Enter the Rift,Entrar en la grieta,scripts/ui/Main.gd:3253
%s · Level %d,%s · Nivel %d,scripts/ui/Main.gd:3284
Signature: %s,Característico: %s,scripts/ui/Main.gd:3285
You steer this one,Tú diriges a este,scripts/ui/Main.gd:3287
Remove,Quitar,scripts/ui/Main.gd:3288
Add,Añadir,scripts/ui/Main.gd:3288
You have no champions yet. The first is freed at the end of Act I.,Aún no tienes campeones. El primero se libera al final del Acto I.,scripts/ui/Main.gd:3301
%s ×%d: %s,%s ×%d: %s,scripts/ui/Main.gd:3333
Resonance — %s,Resonancia — %s,scripts/ui/Main.gd:3335
Add at least one hero to the party.,Añade al menos un héroe al grupo.,scripts/ui/Main.gd:3340
Wounded: %s — they start the rift hurt.,Herido: %s — empieza la grieta lastimado.,scripts/ui/Main.gd:3342
"Endless Rift: you steer %s (the first hero you picked); the others follow and fight on their own. Your build comes along: gear, skills, equipped relics, dodge and mending, and each hero's Ability. Survive the waves, and beat the Rift Warden at 20:00 to seal the rift.","Grieta Infinita: diriges a %s (el primer héroe que elegiste); los demás lo siguen y luchan solos. Tu build te acompaña: equipo, habilidades, reliquias equipadas, esquiva y curación, y la Habilidad de cada héroe. Sobrevive a las oleadas y vence al Guardián de la grieta a las 20:00 para sellar la grieta.",scripts/ui/Main.gd:3350
Begin the trial,Empezar la prueba,scripts/ui/Main.gd:3352
Region:,Región:,scripts/ui/Main.gd:3422
The ,El ,scripts/ui/Main.gd:3432
Your best time in %s. It sets the foes you'll meet and the Rift Warden at 20:00 (%s).,Tu mejor tiempo en %s. Determina los enemigos que encontrarás y el Guardián de la grieta a las 20:00 (%s).,scripts/ui/Main.gd:3435
%d gold,%d de Oro,scripts/ui/Main.gd:3447
%d essence,%d de Esencia,scripts/ui/Main.gd:3448
the relic %s,la reliquia %s,scripts/ui/Main.gd:3450
"the title ""%s""","el título ""%s""",scripts/ui/Main.gd:3452
Beat the Rift Warden at 20:00,Vence al Guardián de la grieta a las 20:00,scripts/ui/Main.gd:3453
Survive %d:00,Sobrevive %d:00,scripts/ui/Main.gd:3453
Next milestone: %s for %s.,Siguiente hito: %s por %s.,scripts/ui/Main.gd:3454
⚠ A Rank %s rift near %s breaks in %d day%s — seal a Rank %s rift or higher to close it,⚠ Una grieta de Rango %s cerca de %s se rompe en %d día%s: sella una grieta de Rango %s o superior para cerrarla,scripts/ui/Main.gd:3473
Or let it break and hold it: back-to-back fights with no camp between them (Guild > Manage > Wardcraft softens them).,O deja que se rompa y contenla: combates seguidos sin campamento entre ellos (Gremio > Gestionar > Arte de la Guardia los suaviza).,scripts/ui/Main.gd:3474
The rift has broken! Rank %s near %s,¡La grieta se ha roto! Rango %s cerca de %s,scripts/ui/Main.gd:3494
Monsters are pouring out. Rift runs wait until your guild defends.,Brotan monstruos. Las incursiones esperan hasta que tu gremio defienda.,scripts/ui/Main.gd:3497
Riftbreak — Rank %s near %s,Desborde — Rango %s cerca de %s,scripts/ui/Main.gd:3525
"Foes walk the roads toward your outpost. Build towers on the round pads with supplies: you start with some and earn more for every kill. Tap a built tower to upgrade or sell it. Heroes at posts stand by the road: warriors and rogues hold foes in place, rangers and mages shoot. Tap the ground to send your champion. Every foe that gets through costs integrity; at 0 the defense is lost.","Los enemigos recorren los caminos hacia tu puesto avanzado. Construye torres en las plataformas redondas con suministros: empiezas con algunos y ganas más con cada muerte. Toca una torre construida para mejorarla o venderla. Los héroes en sus puestos esperan junto al camino: guerreros y pícaros retienen a los enemigos, exploradores y magos disparan. Toca el suelo para enviar a tu campeón. Cada enemigo que pasa cuesta integridad; en 0 la defensa se pierde.",scripts/ui/Main.gd:3526
%d waves · integrity %d · %d starting supplies,%d oleadas · integridad %d · %d suministros iniciales,scripts/ui/Main.gd:3531
Towers: %s · up to tier %d,Torres: %s · hasta nivel %d,scripts/ui/Main.gd:3532
"Holding pays Gold and Essence. If it falls, you lose %d%% of your spare Gold and your Essence, %d building%s is damaged, and posted heroes who fell come back wounded.","Resistir paga Oro y Esencia. Si cae, pierdes el %d%% de tu Oro sobrante y de tu Esencia, hay daños en %d edificio%s, y los héroes apostados que cayeron vuelven heridos.",scripts/ui/Main.gd:3534
Posts (%d/%d),Puestos (%d/%d),scripts/ui/Main.gd:3536
No idle heroes can stand guard: towers and your champion will have to hold.,No hay héroes libres para hacer guardia: las torres y tu campeón tendrán que aguantar.,scripts/ui/Main.gd:3538
%s · Lv%d · Power %d,%s · Nv%d · Poder %d,scripts/ui/Main.gd:3553
Stand down,Retirar,scripts/ui/Main.gd:3554
Post,Apostar,scripts/ui/Main.gd:3554
Champion: %s,Campeón: %s,scripts/ui/Main.gd:3566
Press a key…,Pulsa una tecla…,scripts/ui/Main.gd:3691
Reset keys,Restablecer teclas,scripts/ui/Main.gd:3698
The Night of Breaking: how the old guilds vanished. About a minute; Esc skips.,La Noche de la Ruptura: cómo desaparecieron los viejos gremios. Alrededor de un minuto; Esc la omite.,scripts/ui/Main.gd:3730
Hide feedback,Ocultar comentarios,scripts/ui/Main.gd:3732
Audio,Audio,scripts/ui/Main.gd:3740
Spoken lines: on,Diálogos hablados: sí,scripts/ui/Main.gd:3756
Spoken lines: off,Diálogos hablados: no,scripts/ui/Main.gd:3756
"The narrator reads the story cards, and the guild's people speak at the pay table and in rival letters. English only for now.","El narrador lee las tarjetas de la historia, y la gente del gremio habla en la mesa de pagos y en las cartas de los rivales. Por ahora solo en inglés.",scripts/ui/Main.gd:3764
Battle speed,Velocidad de combate,scripts/ui/Main.gd:3770
Instant,Instantánea,scripts/ui/Main.gd:3772
Fights resolve with no animation; the screen updates when it's your turn,Los combates se resuelven sin animación; la pantalla se actualiza cuando es tu turno,scripts/ui/Main.gd:3779
Battle animations at %d× speed,Animaciones de combate a velocidad %d×,scripts/ui/Main.gd:3779
Display,Pantalla,scripts/ui/Main.gd:3784
Text & UI size,Tamaño de texto e interfaz,scripts/ui/Main.gd:3789
The game fits your browser window automatically.,El juego se ajusta automáticamente a la ventana del navegador.,scripts/ui/Main.gd:3804
Window: %s,Ventana: %s,scripts/ui/Main.gd:3813
Accessibility,Accesibilidad,scripts/ui/Main.gd:3823
Reduce motion: %s,Reducir movimiento: %s,scripts/ui/Main.gd:3826
on,sí,scripts/ui/Main.gd:3826
off,no,scripts/ui/Main.gd:3826
"No screen shake, zooms, knockbacks, idle sway or flashing in fights","Sin temblores de pantalla, zooms, retrocesos, balanceo en reposo ni destellos en combate",scripts/ui/Main.gd:3830
Colour-blind mode: %s,Modo daltónico: %s,scripts/ui/Main.gd:3832
"Blue instead of green wherever it sits against red (HP, fight readouts, stat changes), and a rarity letter on every item","Azul en lugar de verde siempre que esté junto al rojo (PV, datos de combate, cambios de atributos), y una letra de rareza en cada objeto",scripts/ui/Main.gd:3836
Key hints: %s,Atajos de teclado: %s,scripts/ui/Main.gd:3838
"Show each fight command's key (1-9, Space, A) on its button. Off, the keys still work and every tooltip names them.","Muestra la tecla de cada orden de combate (1-9, Space, A) en su botón. Desactivado, las teclas siguen funcionando y cada descripción las indica.",scripts/ui/Main.gd:3842
Hearing aid: %s,Ayuda auditiva: %s,scripts/ui/Main.gd:3844
"Sounds that tell you something also show as captions at the bottom of the screen (a boss arriving, a heavy blow, a hero going down, a wind-up, a chest dropping), and the biggest ones pulse the screen's edges","Los sonidos que te dicen algo también aparecen como subtítulos en la parte inferior de la pantalla (la llegada de un jefe, un golpe pesado, un héroe que cae, una carga, un cofre que cae), y los más importantes hacen latir los bordes de la pantalla",scripts/ui/Main.gd:3848
Tips,Consejos,scripts/ui/Main.gd:3856
Tips: %s,Consejos: %s,scripts/ui/Main.gd:3859
Show all tips again,Mostrar de nuevo todos los consejos,scripts/ui/Main.gd:3864
Save Slots,Ranuras de guardado,scripts/ui/Main.gd:3873
Backup,Copia de seguridad,scripts/ui/Main.gd:3896
Saves live in this browser/device only; clearing site data erases them. Export one to keep a copy or move it to another device. The previous save is also kept automatically in case one gets damaged.,Las partidas solo existen en este navegador o dispositivo; borrar los datos del sitio las elimina. Exporta una para guardar una copia o llevarla a otro dispositivo. La partida anterior también se conserva automáticamente por si alguna se daña.,scripts/ui/Main.gd:3898
Saves live in the Guildhold folder on this computer. Export one to keep a copy in its backups folder or move it to another device. The previous save is also kept automatically in case one gets damaged.,Las partidas se guardan en la carpeta Guildhold de este ordenador. Exporta una para guardar una copia en su carpeta de copias de seguridad o llevarla a otro dispositivo. La partida anterior también se conserva automáticamente por si alguna se daña.,scripts/ui/Main.gd:3900
Last exported: %s,Última exportación: %s,scripts/ui/Main.gd:3902
day %d (today is day %d),día %d (hoy es el día %d),scripts/ui/Main.gd:3902
Export save,Exportar partida,scripts/ui/Main.gd:3907
Nothing to export in this slot yet.,Aún no hay nada que exportar en esta ranura.,scripts/ui/Main.gd:3910
"Downloaded, and copied to the clipboard.","Descargada, y copiada al portapapeles.",scripts/ui/Main.gd:3915
"Saved to the backups folder, and copied to the clipboard.","Guardada en la carpeta de copias de seguridad, y copiada al portapapeles.",scripts/ui/Main.gd:3922
Copied to the clipboard — paste it somewhere safe.,Copiada al portapapeles: pégala en un lugar seguro.,scripts/ui/Main.gd:3924
Open saves folder,Abrir carpeta de partidas,scripts/ui/Main.gd:3930
Import save…,Importar partida…,scripts/ui/Main.gd:3933
Cancel import,Cancelar importación,scripts/ui/Main.gd:3933
Paste an exported save below%s. It replaces Slot %d%s.,Pega abajo una partida exportada%s. Reemplaza la Ranura %d%s.,scripts/ui/Main.gd:3943
 or pick the file, o elige el archivo,scripts/ui/Main.gd:3943
Choose file…,Elegir archivo…,scripts/ui/Main.gd:3945
"{""guild_name"": ...}","{""guild_name"": ...}",scripts/ui/Main.gd:3950
Replace Slot %d with this save,Reemplazar la Ranura %d con esta partida,scripts/ui/Main.gd:3954
Save imported.,Partida importada.,scripts/ui/Main.gd:3962
Send to another device,Enviar a otro dispositivo,scripts/ui/Main.gd:3977
Gives you a code (and a QR code) to open this guild on your phone or another computer.,Te da un código (y un código QR) para abrir este gremio en tu teléfono u otro ordenador.,scripts/ui/Main.gd:3979
Receive from another device,Recibir de otro dispositivo,scripts/ui/Main.gd:3981
Cancel receiving,Cancelar recepción,scripts/ui/Main.gd:3981
"On your other device, scan this with the camera, or open Guildhold, choose Receive a guild and type the code. It works once, for the next 15 minutes.","En tu otro dispositivo, escanea esto con la cámara, o abre Guildhold, elige Recibir un gremio y escribe el código. Funciona una vez, durante los próximos 15 minutos.",scripts/ui/Main.gd:4008
ABC 123,ABC 123,scripts/ui/Main.gd:4017
Receive,Recibir,scripts/ui/Main.gd:4024
%s arrived (%d rifts sealed). Where should it go?,Ha llegado %s (%d grietas selladas). ¿Dónde debe ir?,scripts/ui/Main.gd:4029
Slot %d (empty),Ranura %d (vacía),scripts/ui/Main.gd:4036
Replace Slot %d: %s,Reemplazar la Ranura %d: %s,scripts/ui/Main.gd:4036
Nothing to send in this slot yet.,Aún no hay nada que enviar en esta ranura.,scripts/ui/Main.gd:4060
Sending…,Enviando…,scripts/ui/Main.gd:4064
Couldn't reach the transfer service. Check your connection and try again.,No se pudo conectar con el servicio de transferencia. Comprueba tu conexión e inténtalo de nuevo.,scripts/ui/Main.gd:4070
?receive=,?receive=,scripts/ui/Main.gd:4073
A transfer code is 6 letters and numbers.,Un código de transferencia tiene 6 letras y números.,scripts/ui/Main.gd:4081
Receiving…,Recibiendo…,scripts/ui/Main.gd:4085
That code has expired or was already used. Send the guild again from the other device.,Ese código ha caducado o ya se usó. Vuelve a enviar el gremio desde el otro dispositivo.,scripts/ui/Main.gd:4092
Content-Type: text/plain,Content-Type: text/plain,scripts/ui/Main.gd:4122
"(function(u){if(typeof qrcode==='undefined')return '';var q=qrcode(0,'M');q.addData(u);q.make();var n=q.getModuleCount(),s='';for(var r=0;r<n;r++)for(var c=0;c<n;c++)s+=q.isDark(r,c)?'1':'0';return n+':'+s;})(","(function(u){if(typeof qrcode==='undefined')return '';var q=qrcode(0,'M');q.addData(u);q.make();var n=q.getModuleCount(),s='';for(var r=0;r<n;r++)for(var c=0;c<n;c++)s+=q.isDark(r,c)?'1':'0';return n+':'+s;})(",scripts/ui/Main.gd:4132
Choose a save,Elige una partida,scripts/ui/Main.gd:4163
*.json,*.json,scripts/ui/Main.gd:4164
Slot %d — Empty,Ranura %d — Vacía,scripts/ui/Main.gd:4179
Slot %d — %s (%d rift%s sealed),Ranura %d — %s (%d grieta%s en su haber),scripts/ui/Main.gd:4182
  (Active),  (Activa),scripts/ui/Main.gd:4186
Play,Jugar,scripts/ui/Main.gd:4194
Click again to confirm delete,Haz clic otra vez para confirmar el borrado,scripts/ui/Main.gd:4200
Delete,Borrar,scripts/ui/Main.gd:4200
"Combat — 1-3 monsters. Gold, Essence and a loot pick.","Combate: 1-3 monstruos. Oro, Esencia y una elección de botín.",scripts/ui/RiftRunView.gd:12
"Elite — one tough foe (double HP, harder hits). +40% rewards.","Élite: un enemigo duro (doble de PV, golpes más fuertes). +40% de recompensas.",scripts/ui/RiftRunView.gd:13
Shop — spend Gold on items and relics. No fighting.,Tienda: gasta Oro en objetos y reliquias. Sin combate.,scripts/ui/RiftRunView.gd:14
Hazard — a trap that hurts the party (hazard guard helps). May drop Gold or Essence.,Peligro: una trampa que daña al grupo (la protección contra peligros ayuda). Puede soltar Oro o Esencia.,scripts/ui/RiftRunView.gd:15
"Boss — the rift's warden, with a special mechanic. Win to seal the rift.","Jefe: el guardián de la grieta, con una mecánica especial. Gana para sellar la grieta.",scripts/ui/RiftRunView.gd:16
"Campfire — rest (heal), train (XP) or sharpen (abilities ready). No fighting.","Hoguera: descansar (curar), entrenar (EXP) o afilar (habilidades listas). Sin combate.",scripts/ui/RiftRunView.gd:17
Event — a strange encounter with a few choices; each says what it does.,Suceso: un encuentro extraño con algunas opciones; cada una dice lo que hace.,scripts/ui/RiftRunView.gd:18
Treasure — pick one of two loot drops. No fighting.,Tesoro: elige uno de dos botines. Sin combate.,scripts/ui/RiftRunView.gd:19
Pillar — a lost champion is held in this light. Its keeper fights like a rift warden; win to free them.,Pilar: un campeón perdido está preso en esta luz. Su guardián lucha como un guardián de grieta; gana para liberarlo.,scripts/ui/RiftRunView.gd:20
"Anvil — temper one piece your party wears, one Forge level, free. No fighting.","Yunque: templa una pieza que lleve tu grupo, un nivel de Forja, gratis. Sin combate.",scripts/ui/RiftRunView.gd:21
"Shrine — a Path's shrine: XP for the party, most for heroes on that Path. No fighting.","Santuario: el santuario de una Senda: EXP para el grupo, sobre todo para los héroes de esa Senda. Sin combate.",scripts/ui/RiftRunView.gd:22
Trainer's echo — one hero trains with an old master's echo and gains a level. No fighting.,Eco de instructor: un héroe entrena con el eco de un viejo maestro y gana un nivel. Sin combate.,scripts/ui/RiftRunView.gd:23
Unseen — too deep to make out. A Trapper or a Stalker in the party scouts the whole rift.,Oculto: demasiado profundo para distinguirlo. Un Trampero o un Acechador en el grupo explora toda la grieta.,scripts/ui/RiftRunView.gd:24
"
(click to take this path)","
(haz clic para tomar esta senda)",scripts/ui/RiftRunView.gd:75
Choose your path — click a node on the map.,Elige tu senda: haz clic en un nodo del mapa.,scripts/ui/RiftRunView.gd:191
Choose your path — click a lit node on the map.,Elige tu senda: haz clic en un nodo iluminado del mapa.,scripts/ui/RiftRunView.gd:289
Echo,Eco,scripts/ui/RiftRunView.gd:310
Anvil,Yunque,scripts/ui/RiftRunView.gd:310
Shrine,Santuario,scripts/ui/RiftRunView.gd:310
 — Floor %d, — Piso %d,scripts/ui/RiftRunView.gd:344
" — the Descent, depth %d"," — el Descenso, profundidad %d",scripts/ui/RiftRunView.gd:346
This rift's region sets which foes you'll meet.,La región de esta grieta determina qué enemigos encontrarás.,scripts/ui/RiftRunView.gd:349
Relic ward %d,Barrera de reliquia %d,scripts/ui/RiftRunView.gd:370
Haul %d Gold · %d Essence,Botín %d de Oro · %d de Esencia,scripts/ui/RiftRunView.gd:375
"Yours once the party is home. If the party falls, %d%% of it is lost; fleeing a fight drops %d%%. Leaving between floors keeps it all.","Es tuyo cuando el grupo vuelva a casa. Si el grupo cae, se pierde el %d%%; huir de un combate hace perder el %d%%. Salir entre pisos lo conserva todo.",scripts/ui/RiftRunView.gd:377
Resolve %d,Temple %d,scripts/ui/RiftRunView.gd:387
Broken,Quebrado,scripts/ui/RiftRunView.gd:389
Wavering,Vacilante,scripts/ui/RiftRunView.gd:389
"The party's grit. Each floor costs %d, an elite won %d more, a hazard %d (%d if you risk it), fleeing a fight %d. A campfire's Rest gives back %d (its other choices %d), a shrine %d.
At %d or less the party wavers: foes act first in round 1. At 0 it breaks: also no starting Momentum and %d%% less damage.","El aguante del grupo. Cada piso cuesta %d, una élite ganada %d más, un peligro %d (%d si te arriesgas), huir de un combate %d. El Descanso de una hoguera devuelve %d (sus otras opciones %d), un santuario %d.
Con %d o menos el grupo vacila: los enemigos actúan primero en la ronda 1. En 0 se quiebra: además, sin Ímpetu inicial y un %d%% menos de daño.",scripts/ui/RiftRunView.gd:393
Climb out of the Descent? You keep everything it has earned.,¿Salir del Descenso? Conservas todo lo que has ganado.,scripts/ui/RiftRunView.gd:408
Leave the rift? You keep your loot but miss the sealing reward.,¿Salir de la grieta? Conservas tu botín pero pierdes la recompensa por sellarla.,scripts/ui/RiftRunView.gd:408
Stay,Quedarse,scripts/ui/RiftRunView.gd:417
Climb out,Salir,scripts/ui/RiftRunView.gd:419
Retreat,Retirarse,scripts/ui/RiftRunView.gd:419
"Leave the rift now — keep your loot, no sealing reward","Salir de la grieta ahora: conservas tu botín, sin recompensa por sellarla",scripts/ui/RiftRunView.gd:420
This rift is on the rift ladder at Rank %s. Its rules:,Esta grieta está en la escalera de grietas en Rango %s. Sus reglas:,scripts/ui/RiftRunView.gd:434
 · down, · caído,scripts/ui/RiftRunView.gd:454
Open %s's page,Abrir la página de %s,scripts/ui/RiftRunView.gd:460
Hero pages,Páginas de héroes,scripts/ui/RiftRunView.gd:483
"Gear, attributes and skills. Or click a hero.","Equipo, atributos y habilidades. O haz clic en un héroe.",scripts/ui/RiftRunView.gd:486
Guild Orders  %d/%d,Órdenes del gremio  %d/%d,scripts/ui/RiftRunView.gd:505
Orders from your Guild Management upgrades. You get %d per rift (more at Renowned and Legendary guild tier).,Órdenes de las mejoras de Gestión del Gremio. Tienes %d por grieta (más en los niveles de gremio Renombrado y Legendario).,scripts/ui/RiftRunView.gd:508
Today's twist · %s — %s,Giro de hoy · %s — %s,scripts/ui/RiftRunView.gd:557
Training rift — shorter and gentler than a real one. Beat the boss at the end to seal it.,Grieta de entrenamiento: más corta y suave que una real. Vence al jefe del final para sellarla.,scripts/ui/RiftRunView.gd:566
Choosing a path,Elegir una senda,scripts/ui/RiftRunView.gd:571
"Each floor offers a choice. Fights give gold and loot; elites hit harder and pay more; shops, campfires, events and treasure help in other ways. The last floor is the boss.","Cada piso ofrece una elección. Los combates dan Oro y botín; las élites golpean más fuerte y pagan más; las tiendas, hogueras, sucesos y tesoros ayudan de otras formas. El último piso es el jefe.",scripts/ui/RiftRunView.gd:571
The haul,El botín,scripts/ui/RiftRunView.gd:573
"What this run has earned is only safe once the party is home. If the party falls, half of it is lost; fleeing a fight drops a quarter. Leaving between floors keeps it all, so a hurt party can take its haul home instead of facing the boss.","Lo ganado en esta incursión solo está a salvo cuando el grupo vuelve a casa. Si el grupo cae, se pierde la mitad; huir de un combate hace perder una cuarta parte. Salir entre pisos lo conserva todo, así que un grupo herido puede llevarse el botín a casa en lugar de enfrentarse al jefe.",scripts/ui/RiftRunView.gd:573
How fights work,Cómo funcionan los combates,scripts/ui/RiftRunView.gd:575
"Heroes and foes act in the turn order shown under the arena. The tag above each foe shows its next move: who it hits, or a Sweep, Snipe, Curse, Ward, Mend or Roar. Attacks build Momentum (the pips under the hero's name); skills (2-4) spend it. Defend (5) halves damage and Guard (6) takes a hit for an ally, both earning Momentum. Foes ""winding up"" land a heavy blow next round: Defend, or break it with Shield Bash or Frost Nova. Melee heroes hit at half strength from the back row.","Héroes y enemigos actúan en el orden de turnos que se muestra bajo la arena. La etiqueta sobre cada enemigo muestra su siguiente movimiento: a quién golpea, o un Barrido, Disparo letal, Maldición, Barrera, Curación o Rugido. Los ataques acumulan Ímpetu (las marcas bajo el nombre del héroe); las habilidades (2-4) lo gastan. Defender (5) reduce el daño a la mitad y Proteger (6) recibe un golpe por un aliado, y ambos dan Ímpetu. Los enemigos que están ""cargando"" asestan un golpe pesado la ronda siguiente: Defiende, o rómpelo con Golpe de escudo o Nova de escarcha. Los héroes cuerpo a cuerpo golpean a la mitad de fuerza desde la fila trasera.",scripts/ui/RiftRunView.gd:575
Picking loot,Elegir botín,scripts/ui/RiftRunView.gd:577
Choose one reward. Items are worn by one hero: equip them on the hero's page (click a hero in the bar at the top); relics go on the Relic Altar and help the whole party.,Elige una recompensa. Los objetos los lleva un héroe: equípalos en la página del héroe (haz clic en un héroe en la barra superior); las reliquias van al Altar de Reliquias y ayudan a todo el grupo.,scripts/ui/RiftRunView.gd:577
Rift Sealed! +%d Essence%s%s,¡Grieta sellada! +%d de Esencia%s%s,scripts/ui/RiftRunView.gd:596
 (+%d%% Wardstones), (+%d%% Piedras de guarda),scripts/ui/RiftRunView.gd:598
 · Rift Cache found: +%d Gold!, · ¡Alijo de grieta encontrado: +%d de Oro!,scripts/ui/RiftRunView.gd:599
Daily twist sealed! +%d Essence · streak %d,¡Giro diario sellado! +%d de Esencia · racha %d,scripts/ui/RiftRunView.gd:609
Daily score: %d,Puntuación diaria: %d,scripts/ui/RiftRunView.gd:645
Post to today's board,Publicar en el tablero de hoy,scripts/ui/RiftRunView.gd:647
Posting…,Publicando…,scripts/ui/RiftRunView.gd:648
You're #%d today.,Hoy eres el n.º %d.,scripts/ui/RiftRunView.gd:655
Couldn't reach the board. Try again later.,No se pudo conectar con el tablero. Inténtalo más tarde.,scripts/ui/RiftRunView.gd:657
Shares your guild's name and this score on today's public board.,Comparte el nombre de tu gremio y esta puntuación en el tablero público de hoy.,scripts/ui/RiftRunView.gd:659
Path relic: %s,Reliquia de Senda: %s,scripts/ui/RiftRunView.gd:680
+%d Essence instead of a relic,+%d de Esencia en vez de una reliquia,scripts/ui/RiftRunView.gd:680
A Path relic answers the seal. Take one:,Una reliquia de Senda responde al sello. Toma una:,scripts/ui/RiftRunView.gd:684
For %s heroes,Para héroes de %s,scripts/ui/RiftRunView.gd:693
Take %d Essence instead,Tomar %d de Esencia en su lugar,scripts/ui/RiftRunView.gd:697
Rift Hallway Shop,Tienda del pasillo de la grieta,scripts/ui/RiftRunView.gd:712
Trade Network: -%d%% prices,Red Comercial: -%d%% en precios,scripts/ui/RiftRunView.gd:714
Reroll offers (%d Gold),Renovar ofertas (%d de Oro),scripts/ui/RiftRunView.gd:721
Replace every offer you haven't bought. Costs more each time.,Reemplaza cada oferta que no hayas comprado. Cuesta más cada vez.,scripts/ui/RiftRunView.gd:725
Bought,Comprado,scripts/ui/RiftRunView.gd:761
Buy — %d Gold,Comprar — %d de Oro,scripts/ui/RiftRunView.gd:763
Bought: %s,Comprado: %s,scripts/ui/RiftRunView.gd:766
Mild,Leve,scripts/ui/RiftRunView.gd:793
Moderate,Moderado,scripts/ui/RiftRunView.gd:795
Severe,Grave,scripts/ui/RiftRunView.gd:796
Downed — decide before moving on,Caído: decide antes de seguir,scripts/ui/RiftRunView.gd:805
Carry out (+1 day),Sacarlo (+1 día),scripts/ui/RiftRunView.gd:839
The party carries them home. A day passes and the quest board moves on.,El grupo lo lleva a casa. Pasa un día y el tablón de misiones avanza.,scripts/ui/RiftRunView.gd:839
Send %d from camp,Enviar %d desde el campamento,scripts/ui/RiftRunView.gd:843
%s fetch them — away %d run%s.,%s van a buscarlo: fuera %d salida%s.,scripts/ui/RiftRunView.gd:844
"Needs %d idle hero%s at camp (not in this rift, not recovering).",Hacen falta %d héroe%s sin tarea en el campamento (fuera de esta grieta y sin recuperarse).,scripts/ui/RiftRunView.gd:844
Heal (%s),Curar (%s),scripts/ui/RiftRunView.gd:846
"Back up at %d%% HP, %d%% less max HP until the rift ends. Once per rift.","De vuelta con un %d%% de PV, un %d%% menos de PV máx. hasta que acabe la grieta. Una vez por grieta.",scripts/ui/RiftRunView.gd:847
"Needs a Rank %s+ Cleric in the party, a Cleric Champion, or Field Triage (Medical) — once per rift.","Necesita un Clérigo de Rango %s+ en el grupo, un Campeón Clérigo o Triaje de campaña (Enfermería): una vez por grieta.",scripts/ui/RiftRunView.gd:847
Leave them,Dejarlo,scripts/ui/RiftRunView.gd:849
They stay in the rift. Seal it and they're found alive; retreat or fall and they're lost for good.,"Se queda en la grieta. Séllala y lo encontrarán con vida; si te retiras o caes, se pierde para siempre.",scripts/ui/RiftRunView.gd:849
A new guild can't leave anyone behind (seal 3 rifts first).,Un gremio nuevo no puede dejar a nadie atrás (sella primero 3 grietas).,scripts/ui/RiftRunView.gd:849
Campfire,Hoguera,scripts/ui/RiftRunView.gd:875
A sheltered corner of the rift. There's time for one thing before moving on.,Un rincón resguardado de la grieta. Hay tiempo para una cosa antes de seguir.,scripts/ui/RiftRunView.gd:880
Rest,Descansar,scripts/ui/RiftRunView.gd:885
Every hero heals %d%% HP,Cada héroe se cura un %d%% de PV,scripts/ui/RiftRunView.gd:886
%d of %d hurt right now,%d de %d heridos ahora mismo,scripts/ui/RiftRunView.gd:886
Train,Entrenar,scripts/ui/RiftRunView.gd:888
Every hero gains %d XP,Cada héroe gana %d de EXP,scripts/ui/RiftRunView.gd:889
Sharpen,Afilar,scripts/ui/RiftRunView.gd:891
The next fight starts with +4 Momentum,El siguiente combate empieza con +4 de Ímpetu,scripts/ui/RiftRunView.gd:892
%d%% — %s has %s %d (needs %d),%d%% — %s tiene %s %d (necesita %d),scripts/ui/RiftRunView.gd:918
You can't afford this,No puedes permitírtelo,scripts/ui/RiftRunView.gd:920
Treasure,Tesoro,scripts/ui/RiftRunView.gd:931
You take your pick and pack it away.,Eliges y lo guardas.,scripts/ui/RiftRunView.gd:933
A forgotten stash. There's only room to carry one of these.,Un alijo olvidado. Solo hay sitio para llevar uno de estos.,scripts/ui/RiftRunView.gd:936
An old anvil,Un viejo yunque,scripts/ui/RiftRunView.gd:959
Shrine of %s,Santuario de %s,scripts/ui/RiftRunView.gd:959
A trainer's echo,El eco de un instructor,scripts/ui/RiftRunView.gd:959
"A smith's anvil, still warm, left in the rift. One piece your party wears can be tempered here, free.","Un yunque de herrero, aún caliente, abandonado en la grieta. Aquí se puede templar gratis una pieza que lleve tu grupo.",scripts/ui/RiftRunView.gd:969
%s (%s) → +%d,%s (%s) → +%d,scripts/ui/RiftRunView.gd:973
Nothing the party wears can take more tempering.,Nada de lo que lleva el grupo admite más templado.,scripts/ui/RiftRunView.gd:977
"A shrine to the %s Path, its candles still lit. Kneel, and the party learns: %d%% of a level for heroes on this Path, %d%% for the rest.","Un santuario de la Senda de %s, con sus velas aún encendidas. Arrodíllate y el grupo aprende: un %d%% de nivel para los héroes de esta Senda, un %d%% para el resto.",scripts/ui/RiftRunView.gd:979
Kneel,Arrodillarse,scripts/ui/RiftRunView.gd:980
The echo of an old guild's trainer still drills in this hall. One hero can train with it and gain a level (at level 10: attribute points).,El eco del instructor de un viejo gremio aún entrena en esta sala. Un héroe puede entrenar con él y ganar un nivel (en el nivel 10: puntos de atributo).,scripts/ui/RiftRunView.gd:984
%s (Lv%d),%s (Nv%d),scripts/ui/RiftRunView.gd:986
Your Anchor Artifact blocks it — no damage,Tu Artefacto Ancla lo bloquea: sin daño,scripts/ui/RiftRunView.gd:1015
No damage (fully warded),Sin daño (barrera total),scripts/ui/RiftRunView.gd:1017
"%d damage, about %d per hero","%d de daño, unos %d por héroe",scripts/ui/RiftRunView.gd:1018
 (wards absorb %d), (las barreras absorben %d),scripts/ui/RiftRunView.gd:1020
Knocks out: %s,Noquea a: %s,scripts/ui/RiftRunView.gd:1038
Back to the rift,Volver a la grieta,scripts/ui/RiftRunView.gd:1064
Rank %s: harsher hazards. %s,Rango %s: peligros más duros. %s,scripts/ui/RiftRunView.gd:1094
Push Through,Abrirse paso,scripts/ui/RiftRunView.gd:1116
"%d-%d %s, %d%% chance of double","%d-%d %s, %d%% de probabilidad de doble",scripts/ui/RiftRunView.gd:1117
Bypass,Rodear,scripts/ui/RiftRunView.gd:1119
"No damage, no reward","Sin daño, sin recompensa",scripts/ui/RiftRunView.gd:1120
Costs %d Essence (you have %d),Cuesta %d de Esencia (tienes %d),scripts/ui/RiftRunView.gd:1120
Risk it for double,Arriesgarse por el doble,scripts/ui/RiftRunView.gd:1122
A sure double: %d-%d %s,Doble asegurado: %d-%d %s,scripts/ui/RiftRunView.gd:1123
No heroes recruited yet.,Aún no has reclutado héroes.,scripts/ui/RosterView.gd:20
Power,Poder,scripts/ui/RosterView.gd:47
Level,Nivel,scripts/ui/RosterView.gd:48
Rank,Rango,scripts/ui/RosterView.gd:49
Base class · no Path yet,Clase base · aún sin Senda,scripts/ui/RosterView.gd:70
At Rank D this hero can train into one of these Paths at the Training Yard.,En Rango D este héroe puede entrenar una de estas Sendas en el Patio de Entrenamiento.,scripts/ui/RosterView.gd:71
%s · stage %d,%s · etapa %d,scripts/ui/RosterView.gd:90
%s · trained at Rank %s,%s · entrenado en Rango %s,scripts/ui/RosterView.gd:90
Twist (%s): %s,Giro (%s): %s,scripts/ui/RosterView.gd:94
 · %d/%d XP to Lv%d, · %d/%d EXP para Nv%d,scripts/ui/RosterView.gd:144
 · ready to evolve to Rank %s, · listo para evolucionar a Rango %s,scripts/ui/RosterView.gd:146
 · +%d%% XP for %d more run%s, · +%d%% de EXP durante %d salida%s más,scripts/ui/RosterView.gd:148
Seasoned: +%d%% HP and damage for %d rank%s climbed,Experimentado: +%d%% de PV y daño por subir %d rango%s,scripts/ui/RosterView.gd:151
Evolve to Rank %s · %d Gold · %d Essence,Evolucionar a Rango %s · %d de Oro · %d de Esencia,scripts/ui/RosterView.gd:162
"Back to level 1 at Rank %s: stronger for good, +%d%% XP for %d rift runs.","Vuelve al nivel 1 en Rango %s: más fuerte para siempre, +%d%% de EXP durante %d incursiones.",scripts/ui/RosterView.gd:170
Train stage %d at the Training Yard,Entrenar la etapa %d en el Patio de Entrenamiento,scripts/ui/RosterView.gd:176
RenameField,RenameField,scripts/ui/RosterView.gd:197
Titles: %s,Títulos: %s,scripts/ui/RosterView.gd:223
Rename,Renombrar,scripts/ui/RosterView.gd:227
Lv%d %s,Nv%d %s,scripts/ui/RosterView.gd:231
Hero,Héroe,scripts/ui/RosterView.gd:252
Path,Senda,scripts/ui/RosterView.gd:253
Skills,Habilidades,scripts/ui/RosterView.gd:254
History,Historial,scripts/ui/RosterView.gd:255
Passive — ,Pasiva — ,scripts/ui/RosterView.gd:280
Build: ,Build: ,scripts/ui/RosterView.gd:280
%s twist on every skill: %s.,Giro de %s en cada habilidad: %s.,scripts/ui/RosterView.gd:285
costs HP,cuesta PV,scripts/ui/RosterView.gd:301
%d Momentum,%d de Ímpetu,scripts/ui/RosterView.gd:301
%s: %s · %s%s,%s: %s · %s%s,scripts/ui/RosterView.gd:302
Skill,Habilidad,scripts/ui/RosterView.gd:302
 · %s row, · fila %s,scripts/ui/RosterView.gd:302
Unlocks at Rank %s,Se desbloquea en Rango %s,scripts/ui/RosterView.gd:306
Ability: %s,Habilidad: %s,scripts/ui/RosterView.gd:315
Awakened (%s),Despertada (%s),scripts/ui/RosterView.gd:319
"Awaken (%d SP, %s)","Despertar (%d PH, %s)",scripts/ui/RosterView.gd:321
Hide %s,Ocultar %s,scripts/ui/RosterView.gd:341
Skill Points: %d,Puntos de Habilidad: %d,scripts/ui/RosterView.gd:350
A glowing node can be learned now: click it. Each shows its cost in skill points (SP); a hero earns one per level. Lines lead from what a node needs. Path nodes are one choice: taking one locks the others. Hover a node for what it does.,Un nodo brillante se puede aprender ahora: haz clic en él. Cada uno muestra su coste en puntos de habilidad (PH); un héroe gana uno por nivel. Las líneas salen de lo que necesita un nodo. Los nodos de Senda son una sola elección: tomar uno bloquea los demás. Pasa el cursor sobre un nodo para ver lo que hace.,scripts/ui/RosterView.gd:354
Respec this tree (%d Gold),Reasignar este árbol (%d de Oro),scripts/ui/RosterView.gd:364
%s · Morale %d %s,%s · Moral %d %s,scripts/ui/RosterView.gd:374
Personality (from their born quirk) — e.g. “%s”,"Personalidad (de su rasgo innato), p. ej. “%s”",scripts/ui/RosterView.gd:375
No deeds yet — send this hero into a rift.,Aún sin hazañas: envía a este héroe a una grieta.,scripts/ui/RosterView.gd:383
Equip best (%d),Equipar lo mejor (%d),scripts/ui/RosterView.gd:421
Equipped best gear,Mejor equipo equipado,scripts/ui/RosterView.gd:424
Power %d → %d,Poder %d → %d,scripts/ui/RosterView.gd:424
Fill this hero's slots with the strongest free gear that fits them. Gear worn by other heroes is left alone.,Llena las ranuras de este héroe con el equipo libre más fuerte que le sirva. No se toca el equipo que llevan otros héroes.,scripts/ui/RosterView.gd:426
Another gear slot opens at rank %s,Otra ranura de equipo se abre en rango %s,scripts/ui/RosterView.gd:438
No unequipped gear this hero can use.,No hay equipo sin equipar que este héroe pueda usar.,scripts/ui/RosterView.gd:468
"Unequipped gear that fits · %d usable%s — drag onto a slot, or click a slot","Equipo sin equipar que le sirve · %d utilizables%s: arrástralo a una ranura, o haz clic en una ranura",scripts/ui/RosterView.gd:471
 · %d need more attributes, · %d necesitan más atributos,scripts/ui/RosterView.gd:471
Quirks:,Rasgos:,scripts/ui/RosterView.gd:490
born with it,innato,scripts/ui/RosterView.gd:499
a scar,una cicatriz,scripts/ui/RosterView.gd:499
from the far side,del otro lado,scripts/ui/RosterView.gd:499
sworn to the Accord a past guild kept,juramentado al Acuerdo que un gremio anterior mantuvo,scripts/ui/RosterView.gd:499
hardened by the tides a past guild let in,curtido por las mareas que un gremio anterior dejó entrar,scripts/ui/RosterView.gd:499
child of %s,descendiente de %s,scripts/ui/RosterView.gd:501
Treat (%d Gold),Tratar (%d de Oro),scripts/ui/RosterView.gd:506
HP,PV,scripts/ui/RosterView.gd:517
first strike,golpe inicial,scripts/ui/RosterView.gd:518
ability power,poder de habilidad,scripts/ui/RosterView.gd:518
%d point%s to spend,%d punto%s por gastar,scripts/ui/RosterView.gd:536
No points to spend,No hay puntos por gastar,scripts/ui/RosterView.gd:536
Spend them the %s way,Gástalos a la manera de %s,scripts/ui/RosterView.gd:545
(%+d gear),(%+d equipo),scripts/ui/RosterView.gd:563
"
%d is the baseline: above it adds, below it takes a little away.
","
%d es la base: por encima suma, por debajo resta un poco.
",scripts/ui/RosterView.gd:577
at the baseline,en la base,scripts/ui/RosterView.gd:579
below the baseline,por debajo de la base,scripts/ui/RosterView.gd:579
small gains,pequeñas ganancias,scripts/ui/RosterView.gd:579
Training Yard (%d/%d trained),Entrenamiento (%d/%d),scripts/ui/RosterView.gd:593
"Send heroes to the Training Yard for 1-3 days: +1 attribute point a day, and XP on longer courses.","Envía héroes al Patio de Entrenamiento durante 1-3 días: +1 punto de atributo por día, y EXP en los cursos más largos.",scripts/ui/RosterView.gd:597
Confirm — %d,Confirmar — %d,scripts/ui/RosterView.gd:607
Keep,Conservar,scripts/ui/RosterView.gd:614
Reset %d,Reiniciar %d,scripts/ui/RosterView.gd:616
Refund all %d spent points for %d Essence (you have %d),Devuelve los %d puntos gastados por %d de Esencia (tienes %d),scripts/ui/RosterView.gd:621
Stats,Estadísticas,scripts/ui/RosterView.gd:682
Learned,Aprendida,scripts/ui/RosterView.gd:739
Locked out: you took %s. A Path is one choice; respec the tree to switch.,Bloqueado: elegiste %s. Una Senda es una sola elección; reasigna el árbol para cambiar.,scripts/ui/RosterView.gd:742
Requires Lv%d,Requiere Nv%d,scripts/ui/RosterView.gd:744
Learn %s first,Aprende primero %s,scripts/ui/RosterView.gd:747
Learn one of %s first,Aprende primero una de %s,scripts/ui/RosterView.gd:747
Seal a Rank %s+ rift first,Sella primero una grieta de Rango %s+,scripts/ui/RosterView.gd:749
Needs %d SP,Necesita %d PH,scripts/ui/RosterView.gd:753
Learn (%d SP%s),Aprender (%d PH%s),scripts/ui/RosterView.gd:755
 + %d Essence, + %d de Esencia,scripts/ui/RosterView.gd:755
"
Cheaper: your quirks suit this path","
Más barato: sus rasgos encajan con esta senda",scripts/ui/RosterView.gd:757
"
%s+%s if a party ally has reached %s's capstone","
%s+%s si un aliado del grupo ha alcanzado el remate de %s",scripts/ui/RosterView.gd:762
(Active) ,(Activa) ,scripts/ui/RosterView.gd:763
Tier 1,Nivel 1,scripts/ui/RosterView.gd:814
Tier 2,Nivel 2,scripts/ui/RosterView.gd:814
Mastery,Maestría,scripts/ui/RosterView.gd:814
Keystone & Rift,Piedra angular y grieta,scripts/ui/RosterView.gd:814
Lv%d %s (%s) · %d/%d HP%s,Nv%d %s (%s) · %d/%d PV%s,scripts/ui/RosterView.gd:928
 · away %d run%s, · fuera %d salida%s,scripts/ui/RosterView.gd:928
Unspent skill points or gear that fits an empty slot,Puntos de habilidad sin gastar o equipo que encaja en una ranura vacía,scripts/ui/RosterView.gd:936
%s — choose a weapon,%s — elige un arma,scripts/ui/RosterView.gd:1007
%s — choose gear,%s — elige equipo,scripts/ui/RosterView.gd:1007
Wearing,Lleva puesto,scripts/ui/RosterView.gd:1019
Temper %d/%d · %d Gold,Templado %d/%d · %d de Oro,scripts/ui/RosterView.gd:1026
Every rolled stat on this item grows %d%%. Each temper costs more than the last.,Cada atributo de este objeto crece un %d%%. Cada templado cuesta más que el anterior.,scripts/ui/RosterView.gd:1032
Unequip,Desequipar,scripts/ui/RosterView.gd:1034
No unequipped %s this hero can use.,No hay %s sin equipar que este héroe pueda usar.,scripts/ui/RosterView.gd:1045
gains: ,gana: ,scripts/ui/RosterView.gd:1077
loses: ,pierde: ,scripts/ui/RosterView.gd:1080
needs %d %s,necesita %d %s,scripts/ui/RosterView.gd:1103
Power %+d,Poder %+d,scripts/ui/RosterView.gd:1111
+%d more (hover),+%d más (pasa el cursor),scripts/ui/RosterView.gd:1125
Equip,Equipar,scripts/ui/RosterView.gd:1129
Needs %d %s,Necesita %d %s,scripts/ui/RosterView.gd:1135
Items  %d,Objetos  %d,scripts/ui/RosterView.gd:1150
Relics  %d,Reliquias  %d,scripts/ui/RosterView.gd:1150
Supplies  %d,Suministros  %d,scripts/ui/RosterView.gd:1150
All,Todo,scripts/ui/RosterView.gd:1172
Weapons,Armas,scripts/ui/RosterView.gd:1172
Rarity,Rareza,scripts/ui/RosterView.gd:1185
Value,Valor,scripts/ui/RosterView.gd:1186
Name,Nombre,scripts/ui/RosterView.gd:1187
No unequipped items here — loot drops in rifts.,No hay objetos sin equipar: el botín cae en las grietas.,scripts/ui/RosterView.gd:1198
Click an item to see it and equip it.  + fills someone's empty slot.,Haz clic en un objeto para verlo y equiparlo.  + llena la ranura vacía de alguien.,scripts/ui/RosterView.gd:1200
%s — click for details,%s — haz clic para ver detalles,scripts/ui/RosterView.gd:1261
Equip → %s,Equipar → %s,scripts/ui/RosterView.gd:1324
Swap → %s,Cambiar → %s,scripts/ui/RosterView.gd:1324
Equip on,Equipar a,scripts/ui/RosterView.gd:1331
Needs %d %s: %s,Necesita %d %s: %s,scripts/ui/RosterView.gd:1334
Forge — tempered %d/%d,Forja — templado %d/%d,scripts/ui/RosterView.gd:1339
Temper +%d%% stats · %d Gold,Templar +%d%% atributos · %d de Oro,scripts/ui/RosterView.gd:1344
Reforge — reroll one stat (%d Essence),Reforjar: vuelve a tirar un atributo (%d de Esencia),scripts/ui/RosterView.gd:1356
Reroll %s value,Volver a tirar el valor de %s,scripts/ui/RosterView.gd:1364
Reroll %s,Volver a tirar %s,scripts/ui/RosterView.gd:1364
The value rerolls; the kind stays.,El valor se vuelve a tirar; el tipo se mantiene.,scripts/ui/RosterView.gd:1371
Rerolls into any stat this item doesn't already have (or the same one).,Se vuelve a tirar en cualquier atributo que este objeto aún no tenga (o el mismo).,scripts/ui/RosterView.gd:1371
Sell,Vender,scripts/ui/RosterView.gd:1377
Salvage +%d,Desguazar +%d,scripts/ui/RosterView.gd:1383
"Tonics — belt %d/%d · drink one in a fight on a hero's turn (Tonics, key 8)","Tónicos — cinturón %d/%d · bebe uno en combate en el turno de un héroe (Tónicos, tecla 8)",scripts/ui/RosterView.gd:1399
Buy,Comprar,scripts/ui/RosterView.gd:1402
%s (%d Gold) — %s · carrying %d,%s (%d de Oro) — %s · llevas %d,scripts/ui/RosterView.gd:1409
Relic Altar — %d/%d slots · every relic empowers the whole party,Altar de Reliquias — %d/%d ranuras · cada reliquia potencia a todo el grupo,scripts/ui/RosterView.gd:1421
Collection (%d),Colección (%d),scripts/ui/RosterView.gd:1433
"No spare relics — they drop from fights, treasure and shops.","No hay reliquias de sobra: caen en combates, tesoros y tiendas.",scripts/ui/RosterView.gd:1435
Empty slot — pick a relic from your collection,Ranura vacía: elige una reliquia de tu colección,scripts/ui/RosterView.gd:1469
%s · Lv%d%s,%s · Nv%d%s,scripts/ui/RosterView.gd:1488
 · Awakened, · Despertada,scripts/ui/RosterView.gd:1488
"%s
%s
Click for details","%s
%s
Haz clic para ver detalles",scripts/ui/RosterView.gd:1499
Lv%d%s,Nv%d%s,scripts/ui/RosterView.gd:1545
%s %s relic · Lv%d/%d%s,Reliquia %s %s · Nv%d/%d%s,scripts/ui/RosterView.gd:1590
+%d party damage · +%d rift shield,+%d de daño del grupo · +%d de escudo de grieta,scripts/ui/RosterView.gd:1591
Combo: stronger with %s%s,Combo: más fuerte con %s%s,scripts/ui/RosterView.gd:1602
 (active!), (¡activo!),scripts/ui/RosterView.gd:1602
Reroll,Volver a tirar,scripts/ui/RosterView.gd:1615
Reroll this effect for %d Essence (each reroll costs more),Vuelve a tirar este efecto por %d de Esencia (cada vez cuesta más),scripts/ui/RosterView.gd:1622
Reaches Lv%d: awakens with one more effect.,Al llegar a Nv%d: despierta con un efecto más.,scripts/ui/RosterView.gd:1626
Place on the altar,Colocar en el altar,scripts/ui/RosterView.gd:1639
Every altar slot is full — take a relic off first,Todas las ranuras del altar están llenas: quita primero una reliquia,scripts/ui/RosterView.gd:1645
Its power is fixed: Legendary relics like this one don't level.,Su poder es fijo: las reliquias Legendarias como esta no suben de nivel.,scripts/ui/RosterView.gd:1648
Scrap,Desguazar,scripts/ui/RosterView.gd:1666
"\\s*\\((?:(?:key|tuş)\\s*)?(?:Space|Boşluk|Esc|Tab|Q|M|A|[1-9](?:-[1-9])?)\\)|,\\s*(?:key|tuş)\\s*[1-9]","\\s*\\((?:(?:key|tuş|tecla)\\s*)?(?:Space|Boşluk|Esc|Tab|Q|M|A|[1-9](?:-[1-9])?)\\)|,\\s*(?:key|tuş|tecla)\\s*[1-9]",scripts/ui/UiKit.gd:331
Foes ×%s HP · ×%s damage,Enemigos ×%s PV · ×%s daño,scripts/ui/UiKit.gd:387
Rank %s foes have %s× the HP and %s× the damage of a base %s Rift.,Los enemigos de Rango %s tienen %s× los PV y %s× el daño de una grieta %s base.,scripts/ui/UiKit.gd:388
Training %s · %d day%s left,Entrenando %s · quedan %d día%s,scripts/ui/UiKit.gd:489
"Relic (whole party, a relic slot)","Reliquia (todo el grupo, una ranura de reliquia)",scripts/ui/UiKit.gd:915
Weapon (a hero's weapon slot),Arma (una ranura de arma del héroe),scripts/ui/UiKit.gd:916
%s (a hero's gear slot),%s (una ranura de equipo del héroe),scripts/ui/UiKit.gd:916
 [combo active!], [¡combo activo!],scripts/ui/UiKit.gd:929
Unique,Único,scripts/ui/UiKit.gd:935
Rank %s · %s,Rango %s · %s,scripts/ui/UiKit.gd:939
Base: %s · %s,Base: %s · %s,scripts/ui/UiKit.gd:951
 (needs %d), (necesita %d),scripts/ui/UiKit.gd:953
Out of position — suits the %s row (%s),Fuera de posición: le va la fila %s (%s),scripts/ui/UiKit.gd:966
%s row · %s: %s,Fila %s · %s: %s,scripts/ui/UiKit.gd:970
"[hint=""%s — %s""][u]%s[/u][/hint]","[hint=""%s — %s""][u]%s[/u][/hint]",scripts/ui/UiKit.gd:1051
"

[color=#%s]Keywords[/color]
[color=#%s]%s[/color]","

[color=#%s]Palabras clave[/color]
[color=#%s]%s[/color]",scripts/ui/UiKit.gd:1066
History: ,Historial: ,scripts/ui/UiKit.gd:1079
Earned: [b]%s[/b] — %s  %s,Obtenido: [b]%s[/b] — %s  %s,scripts/ui/UiKit.gd:1085
Next quirk: %s (%d/%d %s),Próximo rasgo: %s (%d/%d %s),scripts/ui/UiKit.gd:1092
%s Lv%d (%d rifts),%s Nv%d (%d grietas),scripts/ui/UiKit.gd:1099
Bonds: ,Vínculos: ,scripts/ui/UiKit.gd:1101
[color=#%s]%s[/color],[color=#%s]%s[/color],scripts/ui/UiKit.gd:1111
weapon slot,ranura de arma,scripts/ui/UiKit.gd:1127
gear slot,ranura de equipo,scripts/ui/UiKit.gd:1127
 · Rank %s, · Rango %s,scripts/ui/UiKit.gd:1129
  (%s has %d),  (%s tiene %d),scripts/ui/UiKit.gd:1135
Requires %d %s%s,Requiere %d %s%s,scripts/ui/UiKit.gd:1136
Base: ,Base: ,scripts/ui/UiKit.gd:1138
Drawback: ,Desventaja: ,scripts/ui/UiKit.gd:1147
%s only,Solo %s,scripts/ui/UiKit.gd:1149
Tempered %d/%d (+%d%% stats),Templado %d/%d (+%d%% atributos),scripts/ui/UiKit.gd:1154
 · %d/%d wins to next, · %d/%d victorias para el siguiente,scripts/ui/UiKit.gd:1156
Attuned %d/%d (+%d%% stats)%s,Sintonizado %d/%d (+%d%% atributos)%s,scripts/ui/UiKit.gd:1157
If equipped on %s%s:,Si se equipa a %s%s:,scripts/ui/UiKit.gd:1163
 (replacing %s), (reemplaza %s),scripts/ui/UiKit.gd:1163
▼ loses: ,▼ pierde: ,scripts/ui/UiKit.gd:1185
No stat change,Sin cambio de atributos,scripts/ui/UiKit.gd:1188
Party power,Poder del grupo,scripts/ui/UiKit.gd:1197
Deadly,Mortal,scripts/ui/UiKit.gd:1199
Risky,Arriesgada,scripts/ui/UiKit.gd:1199
Even fight,Combate parejo,scripts/ui/UiKit.gd:1199
Favored,Favorable,scripts/ui/UiKit.gd:1199
%s %d / Recommended %d — %s,%s %d / Recomendado %d — %s,scripts/ui/UiKit.gd:1201
"Power = damage ×2 + effective health ÷3.
Damage counts ability power and ramp; health counts dodge, mending and relic wards.
At Recommended, a party seals about 2 rifts in 3.","Poder = daño ×2 + salud efectiva ÷3.
El daño cuenta el poder de habilidad y el aumento progresivo; la salud cuenta la esquiva, la curación y las barreras de reliquia.
Con el poder Recomendado, un grupo sella unas 2 grietas de cada 3.",scripts/ui/UiKit.gd:1203
Skill:,Habilidad:,scripts/ui/UiKit.gd:1224
Combo:,Combo:,scripts/ui/UiKit.gd:1224
Keystone,Piedra angular,scripts/ui/UiKit.gd:1224
Innate,Innato,scripts/ui/UiKit.gd:1224
Quirk:,Rasgo:,scripts/ui/UiKit.gd:1224
Battered,Maltrecho,scripts/ui/UiKit.gd:1224
Party,Grupo,scripts/ui/UiKit.gd:1232
Equipped relics (whole party),Reliquias equipadas (todo el grupo),scripts/ui/UiKit.gd:1257
This rift's boons,Dones de esta grieta,scripts/ui/UiKit.gd:1260
Bonds in the party,Vínculos en el grupo,scripts/ui/UiKit.gd:1263
Situational:,Según la situación:,scripts/ui/UiKit.gd:1282
vs ,contra ,scripts/ui/UiKit.gd:1328
Into an empty slot,En una ranura vacía,scripts/ui/UiKit.gd:1328
Relic slots %d/%d — %s,Ranuras de reliquia %d/%d — %s,scripts/ui/UiKit.gd:1338
equips right away,se equipa al instante,scripts/ui/UiKit.gd:1338
goes to your Inventory,va a tu Inventario,scripts/ui/UiKit.gd:1338
No one in this party can use it,Nadie de este grupo puede usarlo,scripts/ui/UiKit.gd:1341
Needs %d %s — no one here has that yet,Necesita %d %s: nadie aquí lo tiene aún,scripts/ui/UiKit.gd:1344
Fills an empty slot on %s,Llena una ranura vacía de %s,scripts/ui/UiKit.gd:1348
For %s — hover to compare,Para %s: pasa el cursor para comparar,scripts/ui/UiKit.gd:1349
No tips,Sin consejos,scripts/ui/UiKit.gd:1661
Turn every tip off (Settings can turn them back on),Desactiva todos los consejos (puedes reactivarlos en Ajustes),scripts/ui/UiKit.gd:1667
%s — locked,%s — bloqueado,scripts/ui/UiKit.gd:1679
Not open yet,Aún no está abierto,scripts/ui/UiKit.gd:1680
First-Strike Damage,Daño inicial,scripts/ui/UiKit.gd:1975
Escalating Damage,Daño creciente,scripts/ui/UiKit.gd:1976
Mend (HP over time),Curación (PV con el tiempo),scripts/ui/UiKit.gd:1976
Hazard Guard,Protección contra peligros,scripts/ui/UiKit.gd:1977
Dodge Chance,Esquiva,scripts/ui/UiKit.gd:1977
Turn Speed,Velocidad de turno,scripts/ui/UiKit.gd:1977
Ability Power,Poder de habilidad,scripts/ui/UiKit.gd:1977
Wipe Guard (survive a wipe),Protección contra derrota total (sobrevive a una),scripts/ui/UiKit.gd:1978
Boss Alpha Strike,Golpe inicial contra jefes,scripts/ui/UiKit.gd:1978
Loot Rarity,Rareza del botín,scripts/ui/UiKit.gd:1979
Counter-Attack Chance,Probabilidad de contraataque,scripts/ui/UiKit.gd:1979
Momentum on Evade,Ímpetu al esquivar,scripts/ui/UiKit.gd:1980
On-Kill Shield,Escudo al matar,scripts/ui/UiKit.gd:1980
Sort: %s,Ordenar: %s,scripts/ui/UiKit.gd:1993
Front,delantera,locale/extra_msgids.txt
front,delantera,locale/extra_msgids.txt
back,trasera,locale/extra_msgids.txt
all,todos,locale/extra_msgids.txt
stunned,aturd,locale/extra_msgids.txt
ablaze,fuego,locale/extra_msgids.txt
chilled,congel,locale/extra_msgids.txt
shield,escud,locale/extra_msgids.txt
mends,cura,locale/extra_msgids.txt
Shard,Esquirla,locale/extra_msgids.txt
Idol,Ídolo,locale/extra_msgids.txt
Emblem,Emblema,locale/extra_msgids.txt
Lesser,Menor,locale/extra_msgids.txt
Greater,Mayor,locale/extra_msgids.txt
item:Guard,Protector,locale/extra_msgids.txt
dmg,daño,locale/extra_msgids.txt
speed,velocidad,locale/extra_msgids.txt
dodge,esquiva,locale/extra_msgids.txt
mend,curación,locale/extra_msgids.txt
weapon,arma,locale/extra_msgids.txt
gear,equipo,locale/extra_msgids.txt
Sealed,Sellada,locale/extra_msgids.txt
Retreated,Retirada,locale/extra_msgids.txt
Defeated,Derrota,locale/extra_msgids.txt
Left,Abandonada,locale/extra_msgids.txt
Survived,Sobrevivió,locale/extra_msgids.txt
On hit,Al golpear,locale/extra_msgids.txt
On a kill,Al matar,locale/extra_msgids.txt
Every third round,Cada tercera ronda,locale/extra_msgids.txt
When an ally falls,Cuando cae un aliado,locale/extra_msgids.txt
When dodging or hit hard,Al esquivar o recibir un golpe fuerte,locale/extra_msgids.txt
Whenever the party mends,Cada vez que el grupo se cura,locale/extra_msgids.txt
When an ally is attacked,Cuando atacan a un aliado,locale/extra_msgids.txt
first-strike,primer golpe\\w*,locale/extra_msgids.txt
opener,apertura\\w*,locale/extra_msgids.txt
attrition,desgaste\\w*,locale/extra_msgids.txt
guardian,guardi[aá]n\\w*,locale/extra_msgids.txt
evasion,evasi[oó]n\\w*,locale/extra_msgids.txt
sustain,aguante\\w*,locale/extra_msgids.txt
executioner,verdugo\\w*,locale/extra_msgids.txt
 (Awakened), (Despertada),locale/extra_msgids.txt
passed,superada,locale/extra_msgids.txt
failed,fallida,locale/extra_msgids.txt
action,su siguiente acción,locale/extra_msgids.txt
covered,cubierta,locale/extra_msgids.txt
never,nunca,locale/extra_msgids.txt
weapons,armas,locale/extra_msgids.txt
Established,Establecido,locale/extra_msgids.txt
Renowned,Renombrado,locale/extra_msgids.txt
Founding,Fundador,locale/extra_msgids.txt
Battle-Hardened,Endurecido en batalla,locale/extra_msgids.txt
Frail,Frágil,locale/extra_msgids.txt
Reckless,Temerario,locale/extra_msgids.txt
Slothful,Perezoso,locale/extra_msgids.txt
Deadeye,Ojo certero,locale/extra_msgids.txt
Overtuned,Sobreexigido,locale/extra_msgids.txt
Zealous Mercy,Piedad fervorosa,locale/extra_msgids.txt
Glass Dagger,Daga de cristal,locale/extra_msgids.txt
Shell-Shocked,Conmocionado,locale/extra_msgids.txt
Trembling Hands,Manos temblorosas,locale/extra_msgids.txt
Battle Fatigue,Fatiga de combate,locale/extra_msgids.txt
Haunted,Atormentado,locale/extra_msgids.txt
Flinching,Asustadizo,locale/extra_msgids.txt
Bosskiller,Matajefes,locale/extra_msgids.txt
Elite Hunter,Cazador de élites,locale/extra_msgids.txt
Seasoned,Experimentado,locale/extra_msgids.txt
Survivor,Superviviente,locale/extra_msgids.txt
Veteran,Veterano,locale/extra_msgids.txt
Old Guard,Vieja guardia,locale/extra_msgids.txt
Echo-Touched,Tocado por el Eco,locale/extra_msgids.txt
Hollow-born,Nacido del Hueco,locale/extra_msgids.txt
Accord-Sworn,Juramentado del Acuerdo,locale/extra_msgids.txt
Tide-Hardened,Curtido por la marea,locale/extra_msgids.txt
Heir,Heredero,locale/extra_msgids.txt
