English,Türkçe,Where
Music,Müzik,scripts/autoload/AudioManager.gd:95
SFX,Efektler,scripts/autoload/AudioManager.gd:99
A %s blocks the way (%d HP).,Yolu bir %s kesiyor (%d Can).,scripts/autoload/Combat.gd:51
%d foes block the way: %s.,Yolu %d düşman kesiyor: %s.,scripts/autoload/Combat.gd:56
An opening volley lands for %d!,Açılış yaylımı %d vuruyor!,scripts/autoload/Combat.gd:71
%s: %s (shielded),%s: %s (kalkanlı),scripts/autoload/Combat.gd:82
"A %s tags along, hoping to survive the crossing.",Bir %s geçişten sağ çıkmayı umarak peşinize takılıyor.,scripts/autoload/Combat.gd:106
Unlocks at level 3,3. seviyede açılır,scripts/autoload/Combat.gd:163
Not learned yet,Henüz öğrenilmedi,scripts/autoload/Combat.gd:165
%s row only,Yalnızca %s sıra,scripts/autoload/Combat.gd:168
Needs %d Momentum,%d İvme gerekir,scripts/autoload/Combat.gd:170
Warded — dodge won't help this round.,Korumalı — bu tur kaçınma işe yaramaz.,scripts/autoload/Combat.gd:202
Enraged — retaliation is empowered this round.,Öfkeli — karşılığı bu tur güçlü.,scripts/autoload/Combat.gd:205
Regenerating — it will heal after this exchange.,Yenileniyor — bu çatışmadan sonra iyileşecek.,scripts/autoload/Combat.gd:207
Frenzied — its blows already hit harder.,Çılgın — darbeleri şimdiden daha sert.,scripts/autoload/Combat.gd:209
%s is close to %d%% health: %s.,"%s, canının %%%d seviyesine yaklaşıyor: %s.",scripts/autoload/Combat.gd:216
"At half health, ","Yarı canda, ",scripts/autoload/Combat.gd:216
At half health ,Yarı canda ,scripts/autoload/Combat.gd:216
A heavy blow is coming — consider Defending.,Ağır bir darbe geliyor — Savunmayı düşün.,scripts/autoload/Combat.gd:237
Damage is stacking — every attack counts more now.,Hasar birikiyor — artık her saldırı daha çok sayılıyor.,scripts/autoload/Combat.gd:239
%s shakes off the stun.,%s sersemlemeyi üstünden atıyor.,scripts/autoload/Combat.gd:418
The Gambler's Gold shines bright — damage is doubled this round!,Kumarbazın Altını parlıyor — bu tur hasar iki katı!,scripts/autoload/Combat.gd:505
The Gambler's Gold shows its dark face — damage is halved this round.,Kumarbazın Altını karanlık yüzünü gösteriyor — bu tur hasar yarıya indi.,scripts/autoload/Combat.gd:508
%s's armor turns aside %d.,%s zırhı %d hasarı savuşturuyor.,scripts/autoload/Combat.gd:687
%s's ward absorbs %d damage.,%s koruması %d hasarı emiyor.,scripts/autoload/Combat.gd:694
%s strikes %s for %d.,"%s, %s hedefine %d vuruyor.",scripts/autoload/Combat.gd:696
%s's surface reflects %d damage back at %s.,%s yüzeyi %d hasarı %s üzerine yansıtıyor.,scripts/autoload/Combat.gd:701
%s uses %s!,"%s, %s kullanıyor!",scripts/autoload/Combat.gd:716
%s is stunned!,%s sersemledi!,scripts/autoload/Combat.gd:1003
%s's wind-up is broken!,%s güç toplaması bozuldu!,scripts/autoload/Combat.gd:771
%s shrugs off the stun: a boss only loses a wind-up.,%s sersemlemeye aldırmıyor: bir boss yalnızca güç toplamasını kaybeder.,scripts/autoload/Combat.gd:773
Every foe turns on %s.,Tüm düşmanlar %s üzerine dönüyor.,scripts/autoload/Combat.gd:777
%s is healed for %d.,"%s, %d iyileşti.",scripts/autoload/Combat.gd:802
A sanctuary shelters the party.,Bir sığınak ekibi koruyor.,scripts/autoload/Combat.gd:809
Smoke fills the field — the party is hard to hit.,Alanı duman kaplıyor — ekibi vurmak zor.,scripts/autoload/Combat.gd:812
%s moves to the %s row.,"%s, %s sıraya geçiyor.",scripts/autoload/Combat.gd:851
%s gives %s a Healing Tonic: +%d HP.,"%s, %s için Şifa Toniği kullanıyor ve iyileştiriyor: +%d Can.",scripts/autoload/Combat.gd:864
%s gives %s an Iron Tonic: a %d ward.,"%s, %s için Demir Toniği kullanıyor: %d koruma.",scripts/autoload/Combat.gd:869
%s drinks a Focus Tonic: +%d Momentum.,%s Odak Toniği içiyor: +%d İvme.,scripts/autoload/Combat.gd:872
%s moves to guard %s.,"%s, %s kahramanını korumaya geçiyor.",scripts/autoload/Combat.gd:881
%s calls on %s: %s!,%s çağırıyor — %s: %s!,scripts/autoload/Combat.gd:907
%s uses %s%s!,"%s, %s%s kullanıyor!",scripts/autoload/Combat.gd:909
The party mends.,Ekip iyileşiyor.,scripts/autoload/Combat.gd:917
The enemies' strength is sapped.,Düşmanların gücü emiliyor.,scripts/autoload/Combat.gd:921
A burst lands on %s for %d!,Bir patlama %s hedefine %d vuruyor!,scripts/autoload/Combat.gd:929
A wave of damage sweeps every foe.,Bir hasar dalgası tüm düşmanları süpürüyor.,scripts/autoload/Combat.gd:935
A finishing blow strikes %s for %d!,Bitirici bir darbe %s hedefine %d vuruyor!,scripts/autoload/Combat.gd:942
%s is shielded for %d.,%s %d kalkan kazandı.,scripts/autoload/Combat.gd:946
+7 Momentum.,+7 İvme.,scripts/autoload/Combat.gd:949
The party moves lighter on its feet.,Ekip daha çevik hareket ediyor.,scripts/autoload/Combat.gd:952
Every attack counts for more now.,Artık her saldırı daha çok sayılıyor.,scripts/autoload/Combat.gd:955
The party stands ready to strike back.,Ekip karşılık vermeye hazır.,scripts/autoload/Combat.gd:958
The party braces against disaster.,Ekip felakete karşı hazırlanıyor.,scripts/autoload/Combat.gd:961
%s sacrifices %d HP for a burst on %s for %d!,"%s %d can feda ediyor, %s hedefine %d patlama!",scripts/autoload/Combat.gd:969
"%s is crippled, dealing far less damage.","%s sakatlandı, çok daha az hasar veriyor.",scripts/autoload/Combat.gd:974
The whole party is shielded.,Tüm ekip kalkan kazandı.,scripts/autoload/Combat.gd:979
Every wounded foe is finished off.,Yaralı tüm düşmanlar bitirildi.,scripts/autoload/Combat.gd:987
%s is staggered — its wind-up breaks!,%s sendeliyor — güç toplaması bozuldu!,scripts/autoload/Combat.gd:1001
%s is frozen solid!,%s kaskatı dondu!,scripts/autoload/Combat.gd:1008
%s is finished off!,%s bitirildi!,scripts/autoload/Combat.gd:1012
%s's defences shatter.,%s savunması paramparça.,scripts/autoload/Combat.gd:1020
%s is marked.,%s işaretlendi.,scripts/autoload/Combat.gd:1023
Every foe is set ablaze.,Tüm düşmanlar alev aldı.,scripts/autoload/Combat.gd:1032
Lightning leaps between the foes.,Şimşek düşmanlar arasında sıçrıyor.,scripts/autoload/Combat.gd:1043
Every ward and plate is torn away.,Tüm korumalar ve zırhlar söküldü.,scripts/autoload/Combat.gd:1050
%s stands ready to answer every blow.,%s her darbeye karşılık vermeye hazır.,scripts/autoload/Combat.gd:1053
%s plants their feet — every foe turns on them.,%s ayaklarını yere basıyor — tüm düşmanlar ona yöneliyor.,scripts/autoload/Combat.gd:1059
%s will not fall this round.,%s bu tur düşmeyecek.,scripts/autoload/Combat.gd:1062
%s is raised back to their feet!,%s yeniden ayağa kaldırıldı!,scripts/autoload/Combat.gd:1068
%s is mended.,%s iyileşti.,scripts/autoload/Combat.gd:1075
A cleansing light washes over the party.,Arındırıcı bir ışık ekibi sarıyor.,scripts/autoload/Combat.gd:1081
The front row locks shields.,Ön sıra kalkanlarını kenetliyor.,scripts/autoload/Combat.gd:1087
The party slips out of reach.,Ekip menzilin dışına süzülüyor.,scripts/autoload/Combat.gd:1090
A snare is set.,Bir tuzak kuruldu.,scripts/autoload/Combat.gd:1093
Every wound the party deals now feeds it.,Ekibin açtığı her yara artık onu besliyor.,scripts/autoload/Combat.gd:1096
"%s pays in blood: +3 Momentum, and the party hits harder.",%s kanla ödüyor: +3 İvme ve ekip daha sert vuruyor.,scripts/autoload/Combat.gd:1101
"%s drains %d from %s, healing %d!","%s, %d can emiyor: %s; %d iyileşiyor!",scripts/autoload/Combat.gd:1109
%s is mended and shielded.,%s iyileşti ve kalkan kazandı.,scripts/autoload/Combat.gd:1120
%s is frozen in time by the Stopped Clock.,"%s, Durmuş Saat tarafından zamanda donduruldu.",scripts/autoload/Combat.gd:1177
The %s strikes %s for %d!,"%s, %s hedefine %d vuruyor!",scripts/autoload/Combat.gd:1183
%s doesn't survive the fight.,%s dövüşten sağ çıkamıyor.,scripts/autoload/Combat.gd:1185
%s is stunned and loses its action.,%s sersemledi ve hamlesini kaybediyor.,scripts/autoload/Combat.gd:1195
%s gathers its strength — a heavy blow is coming!,%s güç topluyor — ağır bir darbe geliyor!,scripts/autoload/Combat.gd:1200
%s wards %s for %d.,"%s, %s için %d koruma sağlıyor.",scripts/autoload/Combat.gd:1221
%s mends %s for %d.,"%s, %s için %d iyileştiriyor.",scripts/autoload/Combat.gd:1226
%s roars — every foe hits harder!,%s kükrüyor — tüm düşmanlar daha sert vuruyor!,scripts/autoload/Combat.gd:1234
%s curses %s: %d%% less damage for %d rounds.,"%s, %s hedefini lanetliyor: %%%d daha az hasar, %d tur boyunca.",scripts/autoload/Combat.gd:1241
%s sweeps the whole party!,%s tüm ekibi süpürüyor!,scripts/autoload/Combat.gd:1244
%s reaps the whole party!,%s tüm ekibi biçiyor!,scripts/autoload/Combat.gd:1250
%s drinks in the harvest (+%d).,%s hasadı içiyor (+%d).,scripts/autoload/Combat.gd:1262
%s calls the Drowning Tide!,%s Boğan Dalga'yı çağırıyor!,scripts/autoload/Combat.gd:1266
%s sets the party ablaze!,%s ekibi alevlere boğuyor!,scripts/autoload/Combat.gd:1275
%s sunders the front line!,%s ön hattı parçalıyor!,scripts/autoload/Combat.gd:1286
%s brands %s: they take %d%% more damage for %d rounds.,"%s, %s hedefini damgalıyor: %%%d daha fazla hasar alır, %d tur boyunca.",scripts/autoload/Combat.gd:1297
"%s springs the snare: %d damage, and its attack is lost!",%s tuzağa basıyor: %d hasar ve saldırısı boşa gidiyor!,scripts/autoload/Combat.gd:1322
%s takes the blow meant for %s!,"%s darbeyi üstleniyor, %s kurtuldu!",scripts/autoload/Combat.gd:1343
%s saw it coming and slips the blow!,%s geldiğini gördü ve darbeden sıyrıldı!,scripts/autoload/Combat.gd:1373
%s evades %s's retaliation!,"%s, %s karşılığından kaçıyor!",scripts/autoload/Combat.gd:1376
%s's shield absorbs %d damage.,%s kalkanı %d hasarı emiyor.,scripts/autoload/Combat.gd:1389
Last Stand! %s clings to life with %d HP.,Son Direniş! %s %d canla hayata tutunuyor.,scripts/autoload/Combat.gd:1396
The %s hits %s for %d.,"%s, %s hedefine %d vuruyor.",scripts/autoload/Combat.gd:1399
%s is stunned by the blow!,%s darbeyle sersemledi!,scripts/autoload/Combat.gd:1406
%s is set ablaze!,%s alev aldı!,scripts/autoload/Combat.gd:1412
%s is chilled — they'll act late next round.,%s üşüdü — sonraki tur geç davranacak.,scripts/autoload/Combat.gd:1415
%s is poisoned!,%s zehirlendi!,scripts/autoload/Combat.gd:1418
%s drains %d HP from the blow.,%s darbeden %d can emiyor.,scripts/autoload/Combat.gd:1422
%s is knocked out!,%s bayıldı!,scripts/autoload/Combat.gd:1424
"%s ripostes, striking %s for %d!","%s karşılık veriyor, %s hedefine %d vuruyor!",scripts/autoload/Combat.gd:1429
Underpowered: party power %d vs %d recommended,"Güç yetersiz: ekip gücü %d, önerilen %d",scripts/autoload/Combat.gd:1453
%d heavy blow%s landed undefended (%d damage),%d ağır darbe%s savunmasız yere indi (%d hasar),scripts/autoload/Combat.gd:1457
Burn and poison did %d damage (%d%% of the total),Yanma ve zehir %d hasar verdi (toplamda %%%d),scripts/autoload/Combat.gd:1462
Your foes healed %d HP,Düşmanların %d can iyileşti,scripts/autoload/Combat.gd:1469
The party started the fight at %d%% HP,Ekip dövüşe %%%d canla başladı,scripts/autoload/Combat.gd:1473
No Abilities were used,Hiç Yetenek kullanılmadı,scripts/autoload/Combat.gd:1476
%s fell in the front row,%s ön sırada düştü,scripts/autoload/Combat.gd:1480
No healer in a long fight,Uzun bir dövüşte şifacı yoktu,scripts/autoload/Combat.gd:1483
%s regenerates %d HP.,%s %d can yeniliyor.,scripts/autoload/Combat.gd:1505
%s burns for %d.,%s %d hasarla yanıyor.,scripts/autoload/Combat.gd:1515
%s suffers %d poison damage.,%s %d zehir hasarı alıyor.,scripts/autoload/Combat.gd:1548
The party mends its wounds.,Ekip yaralarını iyileştiriyor.,scripts/autoload/Combat.gd:1569
The %s falls!,%s düşüyor!,scripts/autoload/Combat.gd:1581
All foes defeated!,Tüm düşmanlar yenildi!,scripts/autoload/Combat.gd:1581
The Phoenix Feather flares — the party rises from the ashes!,Anka Tüyü parlıyor — ekip küllerinden doğuyor!,scripts/autoload/Combat.gd:1593
Rally! The guild's order rings out: the party moves first and hits 30% harder this round.,Toparlan! Loncanın emri yankılanıyor: ekip bu tur önce davranır ve %30 daha sert vurur.,scripts/autoload/Combat.gd:1617
%s is stunned and loses the turn.,%s sersemledi ve sırasını kaybediyor.,scripts/autoload/Combat.gd:1648
The party withdraws from the fight.,Ekip dövüşten çekiliyor.,scripts/autoload/Combat.gd:1698
Your party is overwhelmed...,Ekibin ezildi...,scripts/autoload/Combat.gd:1707
%s is left with a lasting scar: %s.,%s kalıcı bir yara izi aldı: %s.,scripts/autoload/Combat.gd:1722
Save restored,Kayıt geri yüklendi,scripts/autoload/GameState.gd:138
"Your last save was damaged, so the one just before it was loaded.","Son kaydın bozulmuştu, bu yüzden ondan hemen önceki yüklendi.",scripts/autoload/GameState.gd:139
Heroes have attributes now,Kahramanların artık nitelikleri var,scripts/autoload/GameState.gd:157
"Might, Agility and Focus — each hero has points from their past levels to spend (Roster > Hero).","Kudret, Çeviklik ve Odak — her kahramanın geçmiş seviyelerinden harcayacak puanı var (Kadro > Kahraman).",scripts/autoload/GameState.gd:158
Guild Management rebuilt,Lonca Yönetimi yeniden düzenlendi,scripts/autoload/GameState.gd:206
Upgrades are fewer and much stronger now. %d Essence spent on the old tree were refunded.,Geliştirmeler artık daha az ve çok daha güçlü. Eski ağaca harcanan %d Öz iade edildi.,scripts/autoload/GameState.gd:207
Champions have changed,Şampiyonlar değişti,scripts/autoload/GameState.gd:269
"Champions are no longer hired: they're freed by the story and rescued in the Endless Rift, and oversee your rift runs. Champions you hired stay on as heroes.","Şampiyonlar artık kiralanmıyor: hikâyede kurtarılıyor, Sonsuz Yarık'ta bulunuyor ve yarık seferlerini gözetiyorlar. Kiraladığın şampiyonlar kahraman olarak kalıyor.",scripts/autoload/GameState.gd:270
The Endless Rift has changed,Sonsuz Yarık değişti,scripts/autoload/GameState.gd:312
Your Endless run was closed: it's a real-time survival run now (Rift Hall).,Sonsuz koşun kapatıldı: artık gerçek zamanlı bir hayatta kalma koşusu (Yarık Salonu).,scripts/autoload/GameState.gd:313
Only inside a rift,Yalnızca bir yarığın içinde,scripts/autoload/GameState.gd:407
The Tower is a trial: no orders,Kule bir sınavdır: emir yok,scripts/autoload/GameState.gd:409
Not unlocked,Açılmadı,scripts/autoload/GameState.gd:411
No orders left this rift,Bu yarıkta emir kalmadı,scripts/autoload/GameState.gd:413
Not during a fight,Dövüş sırasında olmaz,scripts/autoload/GameState.gd:419
Everyone is at full HP,Herkesin canı tam,scripts/autoload/GameState.gd:421
Only during a fight,Yalnızca dövüş sırasında,scripts/autoload/GameState.gd:424
Only when choosing a fight's loot,Yalnızca dövüş ganimeti seçerken,scripts/autoload/GameState.gd:428
Only when choosing a path,Yalnızca yol seçerken,scripts/autoload/GameState.gd:431
Not built yet,Henüz yapılmadı,scripts/autoload/combat/CombatEffects.gd:37
+%d hero slots,+%d kahraman yeri,scripts/autoload/combat/CombatEffects.gd:39
-%d%% recovery time · %d bed%s,-%%%d toparlanma süresi · %d yatak%s,scripts/autoload/combat/CombatEffects.gd:40
+%d%% party damage and max HP,+%%%d ekip hasarı ve en yüksek can,scripts/autoload/combat/CombatEffects.gd:41
+%d%% Essence from fights,Dövüşlerden +%%%d Öz,scripts/autoload/combat/CombatEffects.gd:42
-%d%% hazard damage · +%d%% Essence for sealing,-%%%d tehlike hasarı · mühürleme için +%%%d Öz,scripts/autoload/combat/CombatEffects.gd:43
-%d%% shop prices · -%d%% auction fees · +%d%% Rift Cache chance,-%%%d dükkân fiyatları · -%%%d müzayede ücretleri · +%%%d Yarık Zulası şansı,scripts/autoload/combat/CombatEffects.gd:44
%d recruit offers,%d aday teklifi,scripts/autoload/combat/CombatEffects.gd:45
%d starting relic choices · %d relic slots,%d başlangıç kalıntısı seçeneği · %d kalıntı yuvası,scripts/autoload/combat/CombatEffects.gd:48
+%d%% element-set bonuses,+%%%d element seti bonusu,scripts/autoload/combat/CombatEffects.gd:49
+%d%% tower damage,+%%%d kule hasarı,scripts/autoload/combat/CombatEffects.gd:50
-%d%% tower costs,-%%%d kule maliyeti,scripts/autoload/combat/CombatEffects.gd:51
+%d integrity · +%d starting supplies,+%d bütünlük · +%d başlangıç erzakı,scripts/autoload/combat/CombatEffects.gd:52
posted heroes +%d%% max HP,nöbetteki kahramanlar +%%%d azami can,scripts/autoload/combat/CombatEffects.gd:53
%s's %s finds the killing blow!,%s kahramanının %s etkisi öldürücü darbeyi buluyor!,scripts/autoload/combat/CombatEffects.gd:294
%s drains %d HP from the strike.,%s vuruştan %d can emiyor.,scripts/autoload/combat/CombatEffects.gd:299
+%d HP,+%d Can,scripts/autoload/combat/CombatEffects.gd:300
The %s shields %s for %d.,"%s, %s için %d kalkan sağlıyor.",scripts/autoload/combat/CombatEffects.gd:304
Shield +%d,Kalkan +%d,scripts/autoload/combat/CombatEffects.gd:305
"%s counters, striking %s for %d!","%s karşı saldırıyor, %s hedefine %d vuruyor!",scripts/autoload/combat/CombatEffects.gd:311
The %s hums — +1 Momentum!,%s uğulduyor — +1 İvme!,scripts/autoload/combat/CombatEffects.gd:316
%s's %s — they act again!,%s kahramanının %s etkisi — yeniden davranıyor!,scripts/autoload/combat/CombatEffects.gd:324
%s steps in front of the blow meant for %s!,"%s darbenin önüne atılıyor, %s kurtuldu!",scripts/autoload/combat/CombatEffects.gd:330
%s's %s blunts %s's strength.,%s kahramanının %s etkisi %s gücünü köreltiyor.,scripts/autoload/combat/CombatEffects.gd:335
The %s mends the party.,%s ekibi iyileştiriyor.,scripts/autoload/combat/CombatEffects.gd:341
The %s strikes every foe for %d!,%s tüm düşmanlara vuruyor: %d!,scripts/autoload/combat/CombatEffects.gd:348
The %s shields the party.,%s ekibe kalkan sağlıyor.,scripts/autoload/combat/CombatEffects.gd:355
Up to %s as HP drops,Can düştükçe en fazla %s,scripts/autoload/combat/CombatEffects.gd:377
%s per Speed above 10,10'un üstündeki her Hız puanı için %s,scripts/autoload/combat/CombatEffects.gd:378
finish foes left below %s HP,canı %s altına düşen düşmanları bitir,scripts/autoload/combat/CombatEffects.gd:382
heal for %s of damage dealt,verilen hasarın %s kadarı iyileştir,scripts/autoload/combat/CombatEffects.gd:383
shield the lowest-HP ally for %s of their max HP,canı en düşük müttefike en yüksek canının %s kadarı kalkan ver,scripts/autoload/combat/CombatEffects.gd:384
%s chance to counter-attack,%s karşı saldırı şansı,scripts/autoload/combat/CombatEffects.gd:385
%s chance to gain 1 Momentum,%s ihtimalle 1 İvme kazan,scripts/autoload/combat/CombatEffects.gd:386
act again (once per round),yeniden hamle yap (tur başına bir kez),scripts/autoload/combat/CombatEffects.gd:387
%s chance your healthiest hero takes the hit for an ally below half HP,"%s ihtimalle en sağlıklı kahramanın, canı yarının altındaki bir müttefikin yerine darbeyi alır",scripts/autoload/combat/CombatEffects.gd:388
%s chance this hero takes the hit for an ally below half HP,"%s ihtimalle bu kahraman, canı yarının altındaki bir müttefikin yerine darbeyi alır",scripts/autoload/combat/CombatEffects.gd:388
cut the attacker's damage by %s,saldırganın hasarını %s azalt,scripts/autoload/combat/CombatEffects.gd:389
mend every ally for %s of their max HP,her müttefiki en yüksek canının %s kadarı iyileştir,scripts/autoload/combat/CombatEffects.gd:390
strike every foe for %s of the party's damage,tüm düşmanlara ekip hasarının %s kadarı vur,scripts/autoload/combat/CombatEffects.gd:391
shield every ally for %s of their max HP,her müttefike en yüksek canının %s kadarı kalkan ver,scripts/autoload/combat/CombatEffects.gd:392
in round 1,1. turda,scripts/autoload/combat/CombatEffects.gd:407
in the first %d rounds,ilk %d turda,scripts/autoload/combat/CombatEffects.gd:407
from round %d on,%d. turdan itibaren,scripts/autoload/combat/CombatEffects.gd:408
while above %s HP,canı %s üstündeyken,scripts/autoload/combat/CombatEffects.gd:409
while below %s HP,canı %s altındayken,scripts/autoload/combat/CombatEffects.gd:410
against bosses,bosslara karşı,scripts/autoload/combat/CombatEffects.gd:411
outside boss fights,boss dövüşleri dışında,scripts/autoload/combat/CombatEffects.gd:411
in the %s row,%s sırada,scripts/autoload/combat/CombatEffects.gd:412
vs foes below %s HP,canı %s altındaki düşmanlara karşı,scripts/autoload/combat/CombatEffects.gd:413
while an ally is below %s HP,bir müttefikin canı %s altındayken,scripts/autoload/combat/CombatEffects.gd:414
when acting first in the round,turda ilk davrandığında,scripts/autoload/combat/CombatEffects.gd:415
when acting last in the round,turda son davrandığında,scripts/autoload/combat/CombatEffects.gd:416
Mends %s HP/round,Tur başına %s can iyileştirir,scripts/autoload/combat/CombatGen.gd:99
+%s dodge chance,+%s kaçınma şansı,scripts/autoload/combat/CombatGen.gd:100
+%s dmg/round (stacking),Tur başına +%s hasar (birikir),scripts/autoload/combat/CombatGen.gd:101
-%s hazard severity,-%s tehlike şiddeti,scripts/autoload/combat/CombatGen.gd:102
+%s first-strike damage,+%s ilk vuruş hasarı,scripts/autoload/combat/CombatGen.gd:103
+%s odds toward Rare/Epic loot,Nadir/Destansı ganimet için +%s şans,scripts/autoload/combat/CombatGen.gd:104
Relic ward: survive a wipe at %d%% HP,Kalıntı koruması: tüm ekip düşerken %%%d canla hayatta kal,scripts/autoload/combat/CombatGen.gd:105
+%d%% opening volley vs Bosses,Bosslara karşı +%%%d açılış yaylımı,scripts/autoload/combat/CombatGen.gd:106
+%d%% chance to counter when evading or hit hard,Kaçınınca ya da sert darbe alınca +%%%d karşı saldırı şansı,scripts/autoload/combat/CombatGen.gd:107
+%d%% chance to gain 1 Momentum when evading or hit hard,Kaçınınca ya da sert darbe alınca +%%%d ihtimalle 1 İvme kazan,scripts/autoload/combat/CombatGen.gd:108
"On a kill, shield the weakest ally for %d%% of max HP",Öldürünce en zayıf müttefike en yüksek canının %%%d kadarı kalkan ver,scripts/autoload/combat/CombatGen.gd:109
Skill: %s,Beceri: %s,scripts/autoload/combat/CombatStats.gd:64
Combo: %s,Kombo: %s,scripts/autoload/combat/CombatStats.gd:71
Keystone drawback: %s,Kilit taşı dezavantajı: %s,scripts/autoload/combat/CombatStats.gd:77
Innate (%s),Doğuştan (%s),scripts/autoload/combat/CombatStats.gd:82
Morale: %s,Moral: %s,scripts/autoload/combat/CombatStats.gd:99
Quirk: %s,Huy: %s,scripts/autoload/combat/CombatStats.gd:101
%s%s%% damage,%s%%%s hasar,scripts/autoload/combat/CombatStats.gd:190
%s%s%% HP,%s%%%s can,scripts/autoload/combat/CombatStats.gd:191
%s%s%% first-strike damage,%s%%%s ilk vuruş hasarı,scripts/autoload/combat/CombatStats.gd:192
%s%s%% damage per round (stacking),Tur başına %s%%%s hasar (birikir),scripts/autoload/combat/CombatStats.gd:193
Mends %s%% of the party's HP pool each round,Her tur ekibin can havuzunun %%%s kadarını iyileştirir,scripts/autoload/combat/CombatStats.gd:194
-%s%% party mending per round,Tur başına -%%%s ekip iyileşmesi,scripts/autoload/combat/CombatStats.gd:194
%s%s%% hazard severity,%s%%%s tehlike şiddeti,scripts/autoload/combat/CombatStats.gd:195
%s%% chance to block a retaliation,Karşılık vuruşu engelleme şansı %%%s,scripts/autoload/combat/CombatStats.gd:196
-%s%% chance to block a retaliation,Karşılık vuruşu engelleme şansı -%%%s,scripts/autoload/combat/CombatStats.gd:196
%s%s%% turn speed,%s%%%s sıra hızı,scripts/autoload/combat/CombatStats.gd:197
%s%s%% ability power,%s%%%s yetenek gücü,scripts/autoload/combat/CombatStats.gd:198
"Once per rift, survive a wipe at %s%% HP","Yarık başına bir kez, ekip düşünce %%%s canla ayakta kal",scripts/autoload/combat/CombatStats.gd:199
-%s%% HP on a survived wipe,Atlatılan yenilgide -%%%s can,scripts/autoload/combat/CombatStats.gd:199
Opens every Boss fight with a free strike,Her boss dövüşünü bedava bir vuruşla açar,scripts/autoload/combat/CombatStats.gd:200
Wounded Survivor,Yaralı Kurtulan,scripts/autoload/game_data/GameDataArt.gd:54
Lost Scout,Kayıp İzci,scripts/autoload/game_data/GameDataArt.gd:54
Stranded Merchant,Mahsur Tüccar,scripts/autoload/game_data/GameDataArt.gd:54
Frightened Pilgrim,Korkmuş Hacı,scripts/autoload/game_data/GameDataArt.gd:54
Inventory,Envanter,scripts/autoload/game_data/GameDataArt.gd:64
Opens once you find your first item or relic,İlk eşyanı ya da kalıntını bulunca açılır,scripts/autoload/game_data/GameDataArt.gd:64
Loot you find is kept here — equip items on the Roster's Hero tab.,Bulduğun ganimet burada saklanır — eşyaları Kadro'nun Kahraman sekmesinde kuşan.,scripts/autoload/game_data/GameDataArt.gd:64
Medical Bay,Revir,scripts/autoload/game_data/GameDataArt.gd:65
Opens after your first rift run,İlk yarık koşundan sonra açılır,scripts/autoload/game_data/GameDataArt.gd:65
Wounded and downed heroes recover faster in a bed.,Yaralı ve düşmüş kahramanlar yatakta daha hızlı toparlanır.,scripts/autoload/game_data/GameDataArt.gd:65
Bestiary,Canavar Kitabı,scripts/autoload/game_data/GameDataArt.gd:66
Opens after your first fight,İlk dövüşünden sonra açılır,scripts/autoload/game_data/GameDataArt.gd:66
Every foe you meet is recorded here.,Karşılaştığın her düşman buraya kaydedilir.,scripts/autoload/game_data/GameDataArt.gd:66
Quests,Görevler,scripts/autoload/game_data/GameDataArt.gd:67
Opens after you seal your first rift,İlk yarığını mühürleyince açılır,scripts/autoload/game_data/GameDataArt.gd:67
"Take on quests for Gold, Essence and Renown.","Altın, Öz ve Ün için görevler üstlen.",scripts/autoload/game_data/GameDataArt.gd:67
Management,Yönetim,scripts/autoload/game_data/GameDataArt.gd:68
Opens after you seal 2 rifts,2 yarık mühürleyince açılır,scripts/autoload/game_data/GameDataArt.gd:68
Spend Essence on lasting guild upgrades.,Öz'ü kalıcı lonca geliştirmelerine harca.,scripts/autoload/game_data/GameDataArt.gd:68
Crafting,Zanaat,scripts/autoload/game_data/GameDataArt.gd:69
Opens after you seal 3 rifts,3 yarık mühürleyince açılır,scripts/autoload/game_data/GameDataArt.gd:69
Combine 3 spare items or relics into a better one.,3 yedek eşyayı ya da kalıntıyı daha iyi bir taneye birleştir.,scripts/autoload/game_data/GameDataArt.gd:69
Daily twist,Günün cilvesi,scripts/autoload/game_data/GameDataArt.gd:70
"Once a day a ladder rift can carry a twist: a special rule and a starting boon, for extra Essence. Tick it in the Rift Hall.","Günde bir kez bir merdiven yarığı bir cilve taşıyabilir: özel bir kural ve başlangıç lütfu, karşılığında ek Öz. Yarık Salonu'nda işaretle.",scripts/autoload/game_data/GameDataArt.gd:70
Rival moves,Rakip hamleleri,scripts/autoload/game_data/GameDataArt.gd:71
"Once a week the rival guild may court a hero, dare you, or go after a contract. Answer before payday.","Rakip lonca haftada bir kahramanlarından birine göz dikebilir, sana meydan okuyabilir ya da bir sözleşmenin peşine düşebilir. Maaş gününden önce cevap ver.",scripts/autoload/game_data/GameDataArt.gd:71
Tower of Trials,Sınav Kulesi,scripts/autoload/game_data/GameDataArt.gd:72
Opens when you complete Act I,I. Perde'yi bitirince açılır,scripts/autoload/game_data/GameDataArt.gd:72
"100 fixed floors in the Rift Hall. Each floor is always the same fight, and pays the first time you clear it.",Yarık Salonu'nda 100 sabit kat. Her kat hep aynı dövüştür ve ilk temizlediğinde ödül verir.,scripts/autoload/game_data/GameDataArt.gd:72
Champions,Şampiyonlar,scripts/autoload/game_data/GameDataArt.gd:73
Opens when you free your first champion (the end of Act I),İlk şampiyonunu kurtardığında açılır (I. Perde'nin sonu),scripts/autoload/game_data/GameDataArt.gd:73
A champion oversees your rift runs: their Boon for the party and their Call. Choose one and level them up under Roster > Champions.,Bir şampiyon yarık seferlerini gözetir: ekibe Lütfu ve Çağrısı. Kadro > Şampiyonlar'dan birini seç ve seviyesini yükselt.,scripts/autoload/game_data/GameDataArt.gd:73
English,,scripts/autoload/game_data/GameDataArt.gd:113
Türkçe (beta),,scripts/autoload/game_data/GameDataArt.gd:113
"The Vale this year: after your first guild, each new one is founded in a different year. Two of eight year modifiers (a dry year, restless rifts, the Hollow stirring in one region, a hard winter...) each change the campaign one way for better and one for worse, and the rival has a temperament: hiring, boasting or undercutting. Roll the year again for 2 Laurels; Guild > Records shows it.","Vadi'de bu yıl: ilk loncandan sonra her yeni lonca farklı bir yılda kurulur. Sekiz yıl özelliğinden ikisi (kurak bir yıl, huzursuz yarıklar, bir bölgede kıpırdanan Oyuk, sert bir kış...) seferi birer yönden iyileştirir, birer yönden zorlaştırır; rakibin de bir mizacı olur: adam topluyor, böbürleniyor ya da fiyat kırıyor. Yılı 2 Defne karşılığında yeniden çekebilirsin; Lonca > Kayıtlar'da görünür.",scripts/autoload/game_data/GameDataArt.gd:116
"The Descent: a new way into the Endless Rift, turn-based, with your heroes. Go down depth after depth, each harder and better paid; every second depth ends at a pillar where a lost champion waits. Climb out any time and keep everything. Pillars also turn up on Rank B and higher rifts, and the real-time Endless Rift is still there for your champions. Act IV now asks you to free a lost champion by any of the three.","İniş: Sonsuz Yarık'a yeni bir yol, sıra tabanlı ve kahramanlarınla. Derinlik ardına derinlik in, her biri daha zor ve daha iyi ödüllü; her ikinci derinlik kayıp bir şampiyonun beklediği bir ışık sütununda biter. İstediğin an tırmanıp çık ve her şeyi koru. Sütunlar B ve üstü rütbeli yarıklarda da çıkar, gerçek zamanlı Sonsuz Yarık da şampiyonların için hâlâ orada. IV. Perde artık bu üçünden herhangi biriyle kayıp bir şampiyonu kurtarmanı istiyor.",scripts/autoload/game_data/GameDataArt.gd:117
"Two new founding gifts for your next guild (Laurels): Veteran start begins with Act I already done, with the heroes, gear and Gold a guild has by then; Old contacts puts two Rank C recruits on the first board.","Bir sonraki loncan için iki yeni kuruluş hediyesi (Defne): Kıdemli başlangıç, I. Perde bitmiş olarak, bir loncanın o noktada sahip olduğu kahramanlar, teçhizat ve Altınla başlar; Eski tanıdıklar ilk ilan tahtasına iki C Rütbe aday koyar.",scripts/autoload/game_data/GameDataArt.gd:118
"Tidewalls: a guild that broke the Accord can raise walls against the Open Hollow (Guild > Management). Each makes every tide 6% weaker against the guild, and costs more than the last; Gold and Essence finally have somewhere to go in that postgame.",Gelgit duvarları: Ahit'i bozan bir lonca Açık Oyuk'a karşı duvarlar yükseltebilir (Lonca > Yönetim). Her duvar her gelgiti loncaya karşı %6 zayıflatır ve bir öncekinden pahalıdır; o oyun sonunda Altın ve Öz sonunda bir işe yarıyor.,scripts/autoload/game_data/GameDataArt.gd:119
"Postgame tuning: the old Accord halls cost about half as much (all seven: 45,000 Gold and 40,000 Essence). Tides of the Open Hollow now really break every week, with three days' warning, and grow 15% stronger only with each tide you hold: losing one doesn't make the next harder.","Oyun sonu ayarı: eski Ahit salonları artık yaklaşık yarı fiyatına (yedisi birden: 45.000 Altın ve 40.000 Öz). Açık Oyuk'un gelgitleri artık gerçekten her hafta, üç gün önceden haber vererek kırılıyor ve yalnızca dayandığın her gelgitle %15 güçleniyor: birini kaybetmek bir sonrakini zorlaştırmaz.",scripts/autoload/game_data/GameDataArt.gd:120
"Hesper, Wen and Dobbs remember your past guilds: on a quiet payday the talk at the pay table can turn to one of them, and to the heroes it left behind.","Hesper, Wen ve Dobbs geçmiş loncalarını hatırlıyor: sakin bir maaş gününde maaş masasındaki sohbet onlardan birine ve geride bıraktığı kahramanlara dönebilir.",scripts/autoload/game_data/GameDataArt.gd:121
"Your past guilds' banners now hang in camp, either side of the Guild Hall. Hover one for its record; click it for the Hall of Guilds.","Geçmiş loncalarının sancakları artık kampta, Lonca Salonu'nun iki yanında asılı. Kaydını görmek için birinin üzerine gel; Loncalar Salonu için tıkla.",scripts/autoload/game_data/GameDataArt.gd:122
"After your first guild: found the next one under a charter (Mercenary Company, Temple Order, the Lantern's Smugglers, Last of the Accord) and swear oaths for more Laurels. And the ending now sets the postgame: Keepers of the Vale restore the old Accord halls; a guild that broke the Accord holds back a tide of the Open Hollow every week. The Chronicle lists what a guild can still finish.","İlk loncandan sonra: bir sonrakini bir kuruluşla kur (Paralı Asker Bölüğü, Tapınak Tarikatı, Fener'in Kaçakçıları, Ahit'in Sonuncusu) ve daha fazla Defne için yemin et. Son artık oyun sonrasını da belirliyor: Vadi'nin Bekçileri eski Ahit salonlarını yeniden açar; Ahit'i bozan bir lonca her hafta Açık Oyuk'un bir gelgitine dayanır. Tarihçe, bir loncanın hâlâ bitirebileceklerini listeler.",scripts/autoload/game_data/GameDataArt.gd:123
"Legacy: when your guild chooses the Accord's ending (or retires, from Act III on, under Guild > Records), it joins the Hall of Guilds. Up to two of its heroes come back as champions in your later guilds, waiting to be freed in the Endless Rift, and it leaves Laurels to spend on gifts when you found the next one.",Miras: loncan Ahit'in sonunu seçtiğinde (ya da III. Perde'den itibaren Lonca > Kayıtlar altından emekliye ayrıldığında) Loncalar Salonu'na katılır. En fazla iki kahramanı sonraki loncalarında şampiyon olarak geri döner ve Sonsuz Yarık'ta kurtarılmayı bekler; ayrıca bir sonraki loncanı kurarken hediyelere harcayacağın Defne bırakır.,scripts/autoload/game_data/GameDataArt.gd:124
"Captain Morrow is a real fight now: tougher than other bosses of his rank, and he whistles up his sellswords twice, at two-thirds and again at one-third health.","Yüzbaşı Morrow artık gerçek bir dövüş: kendi rütbesindeki diğer patronlardan daha dayanıklı ve paralı askerlerini iki kez, canı üçte ikiye ve sonra üçte bire inince ıslıkla çağırıyor.",scripts/autoload/game_data/GameDataArt.gd:125
"Party Assembly is simpler: your party stands on four slots facing the foes. Press + on a slot to pick a hero, or drag one from the roster onto it (onto someone to swap). Each hero has a small F/B switch for the Front or Back row.",Ekip Kurma artık daha basit: ekibin düşmanlara bakan dört yuvada duruyor. Bir kahraman seçmek için yuvadaki +'ya bas ya da kadrodan birini üzerine sürükle (birinin üzerine bırakırsan yer değiştirirler). Her kahramanın Ön veya Arka sıra için küçük bir Ö/A düğmesi var.,scripts/autoload/game_data/GameDataArt.gd:126
"The boon after an elite is now a pop-up too: one card per boon in its family's colours, with the set it would complete, Take (or keys 1-3) and Skip.","Seçkin bir düşmandan sonraki lütuf da artık açılır pencerede: her lütuf kendi ailesinin renklerinde bir kart, tamamlayacağı set, Al (ya da 1-3 tuşları) ve Atla.",scripts/autoload/game_data/GameDataArt.gd:127
"After a won fight, choosing your reward is now its own pop-up: the loot as cards with every stat on its own line, who it suits, and a Take button (or keys 1-3).","Kazanılan bir dövüşten sonra ödül seçimi artık kendi açılır penceresinde: ganimet kartlar halinde, her özellik ayrı satırda, kime uyduğu ve bir Al düğmesiyle (ya da 1-3 tuşları).",scripts/autoload/game_data/GameDataArt.gd:128
"Move a guild between devices: Settings > Backup > Send to another device gives a short code and a QR code. Scan it with your phone, or choose Receive a guild on the title screen and type the code. A code works once, for 15 minutes.",Loncanı cihazlar arasında taşı: Ayarlar > Yedek > Başka bir cihaza gönder kısa bir kod ve bir QR kodu verir. Telefonunla tara ya da başlık ekranında Lonca al'ı seçip kodu yaz. Kod bir kez ve 15 dakika boyunca geçerli.,scripts/autoload/game_data/GameDataArt.gd:129
"Easier to read: the game's text is now set in Lato, wider and clearer at 1080p and below, and the opening's captions sit on a dark plate in a sturdier book face. Back on Settings works again after pressing the gear a second time.","Okuması daha kolay: oyunun yazıları artık Lato ile; 1080p ve altında daha geniş ve net. Açılışın altyazıları da koyu bir zemin üzerinde, daha sağlam bir kitap yazı tipiyle. Ayarlar'da dişliye ikinci kez basınca Geri düğmesi yeniden çalışıyor.",scripts/autoload/game_data/GameDataArt.gd:130
"The Hollow Crown Company strikes back: expose them and from Act III their sellswords ambush your rifts, and Captain Morrow waits at the bottom of a Rank C+ rift with the key he opens rifts with. A kept echo can now touch a hero who recognises what's in it (Echo-Touched); the third echo brings Ezra the Pale, and the campaign's end says what the Vale remembers. A hero's fiftieth rift gets a line in the Chronicle.","Oyuk Taç Bölüğü karşılık veriyor: onları ifşa edersen III. Perde'den itibaren paralı askerleri yarıklarında pusu kuruyor ve Yüzbaşı Morrow, yarıkları açtığı anahtarla bir C+ Rütbe yarığın dibinde bekliyor. Saklanan bir yankı artık içindekini tanıyan bir kahramana dokunabiliyor (Yankı Dokunmuş); üçüncü yankı Solgun Ezra'yı getiriyor ve seferin sonu Vadi'nin neleri hatırladığını anlatıyor. Bir kahramanın ellinci yarığı Tarihçe'de bir satır kazanıyor.",scripts/autoload/game_data/GameDataArt.gd:131
"New sound effects throughout (free CC0 sounds, picked by ear). The Charter War comes to a head: as Act III opens, Mother Ilse brings proof the Hollow Crown Company opens rifts for profit. Expose them or keep quiet; when Act III ends, the Crown grants its Royal Charter to the guild with the most Renown. Wen now writes a line for every hero on the Memorial, and a scene when a bond reaches its peak.","Her yerde yeni ses efektleri (kulakla seçilmiş ücretsiz CC0 sesler). Berat Savaşı doruğa ulaşıyor: III. Perde açılırken Ilse Ana, Oyuk Taç Bölüğü'nün para için yarık açtığının kanıtını getiriyor. Onları ifşa et ya da sessiz kal; III. Perde bittiğinde Taç, Kraliyet Beratı'nı en çok Üne sahip loncaya veriyor. Wen artık Anıt'taki her kahraman için bir satır yazıyor ve bir bağ zirveye ulaştığında bir sahne.",scripts/autoload/game_data/GameDataArt.gd:132
"The opening is narrated now, over its own music, with two new scenes: the Accord sealing a rift, and the villagers waiting for a guild. Watch it again from Settings or the Chronicle.","Açılış artık kendi müziği üzerinde anlatılıyor (İngilizce, Türkçe altyazılı) ve iki yeni sahnesi var: Ahit'in bir yarığı mühürlemesi ve bir lonca bekleyen köylüler. Ayarlar'dan ya da Tarihçe'den yeniden izle.",scripts/autoload/game_data/GameDataArt.gd:133
"An opening cinematic: the Night of Breaking, how the old guilds of the Accord vanished, ending on your own guild. It plays when you found a guild; watch it again from Settings or Library > Codex > Chronicle.","Bir açılış sineması: Kırılma Gecesi, Ahit'in eski loncalarının nasıl kaybolduğu ve sonunda senin loncan. Bir lonca kurduğunda oynar; Ayarlar'dan ya da Kütüphane > Kodeks > Tarihçe'den yeniden izleyebilirsin.",scripts/autoload/game_data/GameDataArt.gd:134
"From Act II a sealed rift sometimes leaves an echo: Essence that holds something the Hollow took from someone. Give it back to the village, or keep it. Stranger, gentler things now turn up in rifts too. And when a hero first reaches Rank B, the guild marks their new calling with a scene of its own.","II. Perde'den itibaren mühürlenen bir yarık bazen bir yankı bırakır: Oyuk'un birinden aldığı bir şeyi taşıyan Öz. Köye geri ver ya da sakla. Yarıklarda artık daha tuhaf, daha yumuşak şeyler de çıkıyor. Ve bir kahraman ilk kez B Rütbesine ulaştığında lonca yeni uzmanlığını kendine ait bir sahneyle kutluyor.",scripts/autoload/game_data/GameDataArt.gd:135
"Act IV: the Accord Hall. After Sythrane, the posts are tiring, and the Terms of the old bargain wait at the bottom of the Endless Rift (stronger for every post you've emptied). Beat them and choose how the story ends: renew the Accord, or break it. Guilds that already finished Act III can start it now.",IV. Perde: Ahit Salonu. Sythrane'den sonra nöbetler yoruluyor ve eski pazarlığın Şartları Sonsuz Yarık'ın dibinde bekliyor (boşalttığın her nöbetle daha güçlü). Onları yen ve hikâyenin nasıl biteceğini seç: Ahit'i yenile ya da boz. III. Perde'yi bitirmiş loncalar şimdi başlayabilir.,scripts/autoload/game_data/GameDataArt.gd:136
"The guild has people now. Wen the Chronicler, Dobbs the Quartermaster and Old Hesper, the last of an Accord guild, talk at the pay table every payday (see the Ledger). The rival's leader signs every move with a letter of their own, and the Crown has promised a Royal Charter to the best guild. Freeing a champion in the Endless Rift leaves a post empty: the next Riftbreak comes sooner.","Loncada artık insanlar var. Tarihçi Wen, Levazımcı Dobbs ve bir Ahit loncasından kalan son kişi Yaşlı Hesper her maaş günü maaş masasında konuşuyor (Defter'e bak). Rakibin önderi her hamlesini kendi mektubuyla imzalıyor ve Taç en iyi loncaya bir Kraliyet Beratı sözü verdi. Sonsuz Yarık'ta bir şampiyonu kurtarmak bir nöbeti boş bırakır: bir sonraki Yarık Taşması daha erken gelir.",scripts/autoload/game_data/GameDataArt.gd:137
"The story has a past now: the Broken Accord. Why the old guilds vanished on the Night of Breaking, what the champions remember of it, and pages of the Grandmaster's ledger to find in sealed rifts. Read it all in Library > Codex > Chronicle.","Hikâyenin artık bir geçmişi var: Bozulan Ahit. Eski loncaların Kırılma Gecesi'nde neden kaybolduğu, şampiyonların o geceden hatırladıkları ve mühürlenen yarıklarda bulunacak Büyük Üstat defterinin sayfaları. Hepsini Kütüphane > Kodeks > Tarihçe'den oku.",scripts/autoload/game_data/GameDataArt.gd:138
"Recruiting is a board now: new faces arrive every day and wait a few days before moving on, payday fills it, and the rival may sign your best offer first. Each card shows the recruit's attributes and born quirk. Rerolls double in price until payday. Party screens have three saved loadouts: save a party with its rows, load it in one click.","İşe alım artık bir pano: her gün yeni yüzler gelir ve gitmeden önce birkaç gün bekler, maaş günü pano dolar, rakip de en iyi adayını senden önce kapabilir. Her kart adayın niteliklerini ve doğuştan gelen huyunu gösterir. Yenilemeler maaş gününe kadar iki katına çıkar. Grup ekranlarında üç kayıtlı dizilim var: bir grubu sıralarıyla kaydet, tek tıkla yükle.",scripts/autoload/game_data/GameDataArt.gd:139
"The Guild Ledger runs the payroll now: put a hero on half pay to save Gold (it costs morale) or give a bonus to keep them Inspired, see the vault against payday at a glance, and who would go unpaid. Skills aimed at one foe ask which: click the foe. Any save can be deleted from Load Game.",Lonca Defteri artık maaş bordrosunu yönetiyor: Altın biriktirmek için bir kahramanı yarım maaşa al (morale mal olur) ya da İlhamlı kalsın diye prim ver; kasayı maaş gününe karşı tek bakışta gör ve kimin maaşsız kalacağını öğren. Tek bir düşmana yönelik beceriler artık hedef soruyor: düşmana tıkla. Her kayıt Oyun Yükle ekranından silinebilir.,scripts/autoload/game_data/GameDataArt.gd:140
"A lighter interface: cards and buttons lose their outlines (an edge now means something needs you), the main tabs moved into the header, lists and ledgers sit on a calm background, the hero page says each number once, and notices stack less. Key numbers on fight buttons are a setting now (Settings > Key hints).","Daha hafif bir arayüz: kartlar ve düğmeler çerçevelerini kaybetti (bir kenar artık bir şeyin seni beklediği anlamına geliyor), ana sekmeler başlığa taşındı, listeler ve defterler sakin bir zeminde duruyor, kahraman sayfası her sayıyı bir kez söylüyor ve bildirimler daha az üst üste biniyor. Dövüş düğmelerindeki tuş numaraları artık bir ayar (Ayarlar > Tuş ipuçları).",scripts/autoload/game_data/GameDataArt.gd:141
"Act finales are real climaxes: each is built on the rank you sealed to reach it, a step harder (they had fallen below it, and a quarter of finale fights ended in the first round). The Recommended power on the party screen follows. Champion cards line up in an even grid.","Perde finalleri gerçek dorukları: her biri ona ulaşmak için mühürlediğin rütbenin üzerine, bir adım daha zor kuruldu (onun altına düşmüşlerdi ve final dövüşlerinin dörtte biri ilk turda bitiyordu). Ekip ekranındaki Önerilen güç de buna göre. Şampiyon kartları düzgün bir ızgarada hizalanıyor.",scripts/autoload/game_data/GameDataArt.gd:142
"Inventory and Guild Management open straight on their contents: the room's art is a slim strip with its sections as buttons, and each opens where you left it.","Envanter ve Lonca Yönetimi doğrudan içerikleriyle açılıyor: odanın görseli, bölümleri düğme olarak taşıyan ince bir şerit ve her biri bıraktığın yerden açılıyor.",scripts/autoload/game_data/GameDataArt.gd:143
"Cleaner screens on a laptop: shops, treasure, events and hazards no longer sit under the path map (it shows while you choose a path), Victory puts the rewards beside the results, the quest board fits every note, pre-fight art is shorter, and notices moved to the bottom right.","Dizüstünde daha derli toplu ekranlar: dükkânlar, hazineler, olaylar ve tehlikeler artık yol haritasının altında kalmıyor (harita yol seçerken görünüyor), Zafer ödülleri sonuçların yanına koyuyor, görev panosu her notu sığdırıyor, dövüş öncesi görsel daha kısa ve bildirimler sağ alta taşındı.",scripts/autoload/game_data/GameDataArt.gd:144
"Recruits: commission a hero of the role you want (3 rerolls' Gold), and each offer shows power, HP and wage. Hazards now hurt in line with the rift's rank and always pay about a fight's worth, with a chance of double. Agility gives +1.5% dodge a point (was 0.8%).","Acemiler: istediğin roldeki bir kahramanı ısmarla (3 yeniden çekim parası); her teklif gücü, canı ve maaşı gösterir. Tehlikeler artık yarığın rütbesine göre can yakıyor ve her zaman bir dövüş kadar ödüyor, iki katı ihtimaliyle. Çeviklik puan başına +%1,5 kaçınma veriyor (önceden %0,8).",scripts/autoload/game_data/GameDataArt.gd:145
"From player feedback: click a foe to target it (click again to attack). Auto lasts one fight. Quick fight also opens for a Favored party and says why when it can't. Every Ability shows its numbers. Shield Bash can't stun the same foe two rounds running. Fixed Legendary relics no longer take Essence for levels (refunded). Items say which slot they take. The party screen remembers your last party and rows. Clearer Medical Bay, rewards, run summary and skill tree.","Oyuncu geri bildiriminden: bir düşmanı hedef almak için üstüne tıkla (saldırmak için yeniden tıkla). Oto tek bir dövüş sürer. Hızlı dövüş Avantajlı bir ekip için de açılır ve neden açılmadığını söyler. Her Yetenek sayılarını gösterir. Kalkan Darbesi aynı düşmanı üst üste iki tur sersemletemez. Sabit Efsanevi kalıntılar artık seviye için Öz almaz (iade edildi). Eşyalar hangi yuvaya takıldığını söyler. Ekip ekranı son ekibini ve sıralarını hatırlar. Daha anlaşılır Revir, ödüller, koşu özeti ve beceri ağacı.",scripts/autoload/game_data/GameDataArt.gd:146
"The bonus for winning by hand (+30% Gold and Essence, no one down) now pays on elites, bosses and every fight on a rank you haven't sealed: the fights where playing by hand matters.","Elle kazanma bonusu (+%30 Altın ve Öz, kimse düşmeden) artık seçkinlerde, bosslarda ve henüz mühürlemediğin bir rütbedeki her dövüşte ödeniyor: elle oynamanın önemli olduğu dövüşlerde.",scripts/autoload/game_data/GameDataArt.gd:147
"Fights: Quick fight now opens on a rank once you've sealed it, so a new rank and the act finales are fought where you can see them. Auto pauses when a hero is about to fall. The bonus for winning by hand shows before every fight.","Dövüşler: Hızlı dövüş artık bir rütbeyi mühürledikten sonra o rütbede açılıyor; yeni bir rütbe ve perde finalleri gözünün önünde dövüşülür. Oto, bir kahraman düşmek üzereyken duraklar. Elle kazanmanın bonusu her dövüşten önce gösteriliyor.",scripts/autoload/game_data/GameDataArt.gd:148
"Balance: from Rank E up, monsters hit harder and last longer, so a party at Recommended power now seals about 3 rifts in 5 and Deadly means it. Hero wages are 50% higher, so a big roster has to earn its keep.",Denge: Rütbe E'den itibaren canavarlar daha sert vuruyor ve daha uzun dayanıyor; Önerilen güçteki bir grup artık 5 yarıktan yaklaşık 3'ünü mühürlüyor ve Ölümcül gerçekten ölümcül. Kahraman maaşları %50 daha yüksek; büyük bir kadro kendi masrafını çıkarmalı.,scripts/autoload/game_data/GameDataArt.gd:149
"A new guild meets its systems one at a time: Quests after your first seal, Management after the second, then Crafting, the daily twist and the rival's moves after the third. A broke guild with fewer than 3 heroes now gets free volunteers at payday.","Yeni bir lonca sistemleriyle tek tek tanışıyor: ilk mühürden sonra Görevler, ikinciden sonra Yönetim, üçüncüden sonra Zanaat, günün cilvesi ve rakibin hamleleri. 3'ten az kahramanı kalmış, parasız bir loncaya artık maaş gününde ücretsiz gönüllüler katılıyor.",scripts/autoload/game_data/GameDataArt.gd:150
"Phones: no keyboard hints where there's no keyboard, and a larger turn-your-phone prompt.","Telefonlar: klavye olmayan yerde klavye ipuçları yok, ve telefonu çevirme uyarısı daha büyük.",scripts/autoload/game_data/GameDataArt.gd:151
"Phones: hold your phone sideways and the game now fits, with larger text and buttons and the whole fight on one screen. Press and hold anything to read what it does. A fight won by hand with no one down now pays +30% Essence as well as Gold.","Telefonlar: telefonunu yan tuttuğunda oyun artık ekrana sığıyor; yazılar ve düğmeler daha büyük, dövüşün tamamı tek ekranda. Bir şeyin ne işe yaradığını okumak için üstüne basılı tut. Kimse düşmeden elle kazanılan dövüş artık Altının yanında +%30 Öz de kazandırıyor.",scripts/autoload/game_data/GameDataArt.gd:152
"A guild now holds 6 heroes from the start (a party is 4), so there's a bench to choose from. Act I and Act II have new goals. The Feedback report now includes how long you've played and how your fights and runs went.","Bir lonca artık baştan 6 kahraman barındırır (bir grup 4 kişidir), yani seçebileceğin bir yedek kadron olur. I. ve II. Perdenin hedefleri yenilendi. Geri bildirim raporu artık ne kadar oynadığını ve dövüşlerinle seferlerinin nasıl gittiğini de içeriyor.",scripts/autoload/game_data/GameDataArt.gd:153
"Fixes from a full play-through: a foe that has wound up keeps its red warning until the blow lands, the first fight's lessons come in order, the rival's contract grab can't point at a contract that's gone, rift bosses belong to their region (no Act III boss in the Vale), and the rival keeps pace in the Renown race. New: Add strongest on the party screen.","Tam bir oyun denemesinden düzeltmeler: güç toplayan bir düşman darbe inene kadar kırmızı uyarısını korur, ilk dövüşün dersleri sırayla gelir, rakibin sözleşme kapma hamlesi artık kalkmış bir sözleşmeyi göstermez, yarık bossları kendi bölgelerine aittir (Vadide III. Perde bossu yok) ve rakip Ün yarışında geri kalmaz. Yeni: grup ekranında En güçlüleri ekle.",scripts/autoload/game_data/GameDataArt.gd:154
"New foes and stories: six new monsters, two per region (Blight Hound, Lantern Wight, Tide Caller, Mudscale Brute, Cinder Hound, Obsidian Sentinel) in six new designed fights, and 21 new rift events, some found only in one region. Upgrading a facility, hiring a hero, levelling a champion or buying from a shop now lands with a banner and a burst of sparks.","Yeni düşmanlar ve hikâyeler: bölge başına iki olmak üzere altı yeni canavar (Veba Tazısı, Fener Hortlağı, Dalga Çağıran, Çamur Pullu Kaba, Kor Tazısı, Obsidyen Nöbetçi), altı yeni tasarlanmış dövüşte; ayrıca bazıları yalnızca tek bir bölgede karşına çıkan 21 yeni yarık olayı. Bir tesisi yükseltmek, kahraman tutmak, şampiyon seviyesi atlatmak ya da dükkândan alışveriş yapmak artık bir afiş ve kıvılcım patlamasıyla kutlanıyor.",scripts/autoload/game_data/GameDataArt.gd:155
"The rival acts: once a week it may court one of your heroes, dare you to seal a rift by payday, or go for a posted contract, and you decide how to answer. Hero requests and the rival's moves pop up as cards when you're home. The Ledger opens on a week board: every day to payday and what falls on it.","Rakip harekete geçiyor: haftada bir kahramanlarından birine göz dikebilir, maaş gününe kadar bir yarığı mühürlemen için sana meydan okuyabilir ya da ilandaki bir sözleşmenin peşine düşebilir; nasıl cevap vereceğine sen karar verirsin. Kahraman istekleri ve rakibin hamleleri, kampa döndüğünde kart olarak açılır. Defter artık bir hafta panosuyla açılır: maaş gününe kadar her gün ve o güne düşenler.",scripts/autoload/game_data/GameDataArt.gd:156
"Fewer, clearer modes: the Daily Rift is now a daily twist on the Rift Ladder (tick it and your next ladder rift, any rank, carries the day's rule and boon for bonus Essence). Echoes are gone: the Endless Rift pays Essence, and Essence levels champions (old Echoes were converted). Renown is the one race with the rival: the monthly contest counts Renown gained, and the Renown tile turns green when you lead.","Daha az, daha net modlar: Günlük Yarık artık Yarık Merdiveni'nde günün cilvesi (işaretlersen bir sonraki merdiven yarığın, hangi rütbe olursa olsun, günün kuralını ve lütfunu taşır ve ek Öz kazandırır). Yankılar kalktı: Sonsuz Yarık Öz öder ve şampiyonlar Öz ile seviye atlar (eski Yankılar Öz'e çevrildi). Rakiple tek yarış Ün: aylık yarışma kazanılan Ünü sayar ve öndeyken Ün kutucuğu yeşile döner.",scripts/autoload/game_data/GameDataArt.gd:157
"New loot: items roll fewer, bigger stats (two per item type), and Rare and Epic items carry a named effect such as Ambush, Thunderclap, Riposte or Renewal. Picking gear shows the Power change. Your current items are unchanged.","Yeni ganimet: eşyalar daha az ama daha büyük nitelik taşır (eşya türü başına iki) ve Nadir ile Destansı eşyalar Pusu, Gök Gürlemesi, Karşı Hamle ya da Yenilenme gibi adlı bir etki taşır. Teçhizat seçerken Güç değişimi görünür. Mevcut eşyaların değişmez.",scripts/autoload/game_data/GameDataArt.gd:158
"Phase 1 of the design pass: fights fit on screen without scrolling, notices sit in the top-right corner (two at a time, click to dismiss, never over a fight), new guilds start with three heroes, one tip at a time, and a tidier Rift Hall and Ledger.","Tasarım geçişinin 1. aşaması: savaşlar kaydırmadan ekrana sığıyor, bildirimler sağ üst köşede (aynı anda iki tane, tıklayınca kapanır, savaşın üstüne asla çıkmaz), yeni loncalar üç kahramanla başlıyor, ipuçları tek tek geliyor ve Yarık Salonu ile Defter daha derli toplu.",scripts/autoload/game_data/GameDataArt.gd:159
"Hero pages are tidier: the header is a row of chips, clicking a slot opens a pop-up of item cards (gains in green, losses in red), and the passive and build notes moved to the Skills tab.","Kahraman sayfaları daha derli toplu: başlık bir rozet sırası, bir yuvaya tıklamak eşya kartlarından oluşan bir pencere açar (kazanımlar yeşil, kayıplar kırmızı) ve pasif ile yapı notları Beceriler sekmesine taşındı.",scripts/autoload/game_data/GameDataArt.gd:160
"Hero pages between fights: click a hero in the rift's top bar (or Hero pages) for the same page as the Roster — gear, attribute and skill points, with tabs for the whole party. It replaces the old Gear Up panel.","Savaşlar arasında kahraman sayfaları: Kadro'dakiyle aynı sayfa için yarığın üst çubuğunda bir kahramana (ya da Kahraman sayfaları'na) tıkla — teçhizat, nitelik ve beceri puanları, tüm ekip için sekmelerle. Eski Donan panelinin yerini alır.",scripts/autoload/game_data/GameDataArt.gd:161
"Riftbreak defenses have painted roads, the Defenses research stands on the war-room map, and a lost defense never touches the Gold set aside for payday. Champions' signature mods are spread evenly: each of the 12 on four champions.","Yarık Taşması savunmalarında artık boyalı yollar var, Savunma araştırması harp odasının haritasında duruyor ve kaybedilen bir savunma maaş günü için ayrılan Altına asla dokunmuyor. Şampiyonların imza güçlendirmeleri eşit dağıtıldı: 12'sinin her biri dört şampiyonda.",scripts/autoload/game_data/GameDataArt.gd:162
"Riftbreaks: from Act II a rift swells now and then, with a countdown in days. Seal a rift of its rank in time to close it, or it breaks and your guild defends: build towers on the road, post your idle heroes and steer a champion. Losing costs Gold, Essence and a damaged building. New Defenses research in Guild > Manage, paid in Gold.","Yarık Taşmaları: II. Perde'den itibaren ara sıra bir yarık kabarır ve günlerle geri sayar. Zamanında onun rütbesinde bir yarığı mühürlersen kapanır; yoksa taşar ve loncan savunur: yola kuleler kur, boştaki kahramanlarını nöbete koy ve bir şampiyonu yönet. Kaybetmek Altın, Öz ve hasarlı bir yapıya mal olur. Lonca > Yönetim'de Altınla ödenen yeni Savunma araştırması.",scripts/autoload/game_data/GameDataArt.gd:163
"Endless Rift level-ups are built around your champions now: each champion's signature move has two mods of its own (Aftershock, Kindled, Leech, Bulwark and more). From level 10, fuse two champions: their signatures fire together, 25% harder, and share their mods.","Sonsuz Yarık'taki seviye atlamaları artık şampiyonlarının etrafında şekilleniyor: her şampiyonun imza hareketinin kendine ait iki güçlendirmesi var (Artçı Sarsıntı, Tutuşmuş, Sülük, Siper ve dahası). 10. seviyeden itibaren iki şampiyonu kaynaştır: imzaları birlikte ateşlenir, %25 daha sert vurur ve güçlendirmelerini paylaşır.",scripts/autoload/game_data/GameDataArt.gd:164
"Endless Rift: gentler when it first opens, and it grows stronger with every champion you free and every act you pass (the party screen shows its strength).",Sonsuz Yarık: ilk açıldığında daha yumuşak; kurtardığın her şampiyon ve geçtiğin her perdeyle güçlenir (ekip ekranı gücünü gösterir).,scripts/autoload/game_data/GameDataArt.gd:165
Endless Rift: every champion now walks with their own animation and plays a signature move when their Call fires.,Sonsuz Yarık: her şampiyon artık kendi animasyonuyla yürüyor ve Çağrısı tetiklendiğinde imza hareketini oynuyor.,scripts/autoload/game_data/GameDataArt.gd:166
"Champions, reworked: 24 named champions with their own art, and each new guild meets a different 12. Three are freed by the story, nine are lost in the Endless Rift (stand in their light to free them). One oversees your rift runs with a Boon and a Call; Echoes level them up.","Şampiyonlar yenilendi: kendi çizimleriyle 24 isimli şampiyon, her yeni lonca farklı 12'siyle karşılaşır. Üçü hikâyede kurtarılır, dokuzu Sonsuz Yarık'ta kayıptır (ışıklarının içinde durarak kurtar). Biri yarık seferlerini Lütuf ve Çağrı ile gözetir; Yankılar seviyelerini yükseltir.",scripts/autoload/game_data/GameDataArt.gd:167
"The Endless Rift is now the champions' rift: only champions go in, each with a signature move. It pays Echoes and a little gold, and costs the guild a day.","Sonsuz Yarık artık şampiyonların yarığı: içeri yalnızca şampiyonlar girer, her biri imza hamlesiyle. Yankı ve biraz altın kazandırır, loncaya bir güne mal olur.",scripts/autoload/game_data/GameDataArt.gd:168
"Türkçe (beta): Settings or the title screen. Menus, fights, tips, names and descriptions are all in Turkish.","Türkçe (beta): Ayarlar'dan ya da başlık ekranından. Menüler, sekmeler, dövüşler, ipuçları, isimler ve açıklamalar Türkçe.",scripts/autoload/game_data/GameDataArt.gd:169
"Settings > Hearing aid: captions for sounds that tell you something (a boss arriving, a heavy blow, a hero going down, a wind-up), and the screen's edges pulse on the biggest moments.","Ayarlar > İşitme desteği: bilgi veren sesler için altyazılar (bir boss'un gelişi, ağır bir darbe, düşen bir kahraman, güç toplama); en önemli anlarda ekranın kenarları yanıp söner.",scripts/autoload/game_data/GameDataArt.gd:170
"Two heroes of the same subclass no longer look like twins: the second wears different colours, everywhere they appear.",Aynı alt sınıftan iki kahraman artık ikiz gibi görünmüyor: ikincisi göründüğü her yerde farklı renkler giyiyor.,scripts/autoload/game_data/GameDataArt.gd:171
"Endless Rift: fixed the field going grey after a stutter; the ground has grass, reeds, cracks and embers; the party stands out in the middle; banners no longer pile up.","Sonsuz Yarık: bir takılmadan sonra alanın griye dönmesi düzeltildi; zeminde çimen, kamış, çatlak ve kor var; ekip ortada öne çıkıyor; başlıklar artık üst üste binmiyor.",scripts/autoload/game_data/GameDataArt.gd:172
"New look: the title, camp and Rift Hall fill the screen, with flickering torches, breathing portals, stars and fireflies; screens fade between each other and a rift opens as you step in.","Yeni görünüm: başlık ekranı, kamp ve Yarık Salonu ekranı dolduruyor; titreyen meşaleler, nefes alan geçitler, yıldızlar ve ateş böcekleri; ekranlar arasında geçiş efekti ve içeri adım atınca açılan yarık.",scripts/autoload/game_data/GameDataArt.gd:173
"Endless Rift: waves every minute, elite packs with chests, archers, a Rift Warden at 20:00 to beat, evolutions, rift relics, terrain and braziers.","Sonsuz Yarık: her dakika dalgalar, sandıklı seçkin sürüler, okçular, 20:00'de yenilecek bir Yarık Bekçisi, evrimler, yarık kalıntıları, arazi ve mangallar.",scripts/autoload/game_data/GameDataArt.gd:174
Fights: the main actions fit one row (More holds the rest); hover to preview Momentum; winning by hand with no one down pays +30% Gold.,Dövüşler: ana hamleler tek satıra sığıyor (gerisi Diğer'de); İvme önizlemesi için üstüne gel; kimse düşmeden elle kazanmak +%30 Altın öder.,scripts/autoload/game_data/GameDataArt.gd:175
"Guild: a This-week strip in camp, hero requests to answer, a rival with a face and a monthly contest.","Lonca: kampta Bu hafta şeridi, cevap bekleyen kahraman istekleri, yüzü olan bir rakip ve aylık bir yarışma.",scripts/autoload/game_data/GameDataArt.gd:176
"New music, larger text, and rank rules shown in the rift.","Yeni müzik, daha büyük yazı ve yarıkta gösterilen rütbe kuralları.",scripts/autoload/game_data/GameDataArt.gd:177
1280×800 (Default),1280×800 (Varsayılan),scripts/autoload/game_data/GameDataArt.gd:242
Ballista,Balista,scripts/autoload/game_data/GameDataBreach.gd:67
Long-range bolts at the foe furthest along the road,Yolda en ileri giden düşmana uzun menzilli oklar,scripts/autoload/game_data/GameDataBreach.gd:67
Fire Brazier,Ateş Mangalı,scripts/autoload/game_data/GameDataBreach.gd:69
Hurls fire that splashes and burns,Etrafa sıçrayıp yakan ateş fırlatır,scripts/autoload/game_data/GameDataBreach.gd:69
Frost Totem,Ayaz Totemi,scripts/autoload/game_data/GameDataBreach.gd:71
Chills every foe in reach: they walk slower,Menzildeki her düşmanı dondurur: daha yavaş yürürler,scripts/autoload/game_data/GameDataBreach.gd:71
Ward Stone,Muhafız Taşı,scripts/autoload/game_data/GameDataBreach.gd:73
Heroes in reach take less damage,Menzildeki kahramanlar daha az hasar alır,scripts/autoload/game_data/GameDataBreach.gd:73
Wayside Chapel,Yol Kenarı Şapeli,scripts/autoload/game_data/GameDataBreach.gd:75
Heroes in reach mend every second,Menzildeki kahramanlar her saniye iyileşir,scripts/autoload/game_data/GameDataBreach.gd:75
Brannoch,,scripts/autoload/game_data/GameDataChampions.gd:40
the Unbroken,Kırılmaz,locale/extra_msgids.txt
The last knight of the old guilds held a rift shut with his own body for eleven years. The chains are still on his wrists; he says they help him remember why.,"Eski loncaların son şövalyesi, on bir yıl boyunca bir yarığı kendi bedeniyle kapalı tuttu. Zincirler hâlâ bileklerinde; nedenini hatırlamasına yardım ettiklerini söylüyor.",scripts/autoload/game_data/GameDataChampions.gd:41
Unbroken Line,Kırılmaz Hat,scripts/autoload/game_data/GameDataChampions.gd:42
Last Stand,Son Direniş,scripts/autoload/game_data/GameDataChampions.gd:43
shields every ally for 35% of their max HP,her müttefike en yüksek canının %35'i kadar kalkan verir,scripts/autoload/game_data/GameDataChampions.gd:43
Grell,,scripts/autoload/game_data/GameDataChampions.gd:45
Ironjaw,Demirçene,locale/extra_msgids.txt
Lost his jaw to a rift-beast and had a better one forged. He has not stopped talking since.,Çenesini bir yarık canavarına kaptırdı ve daha iyisini döktürdü. O günden beri susmadı.,scripts/autoload/game_data/GameDataChampions.gd:46
Iron Resolve,Demir İrade,scripts/autoload/game_data/GameDataChampions.gd:47
War Cry,Savaş Çığlığı,scripts/autoload/game_data/GameDataChampions.gd:48
the whole party hits 25% harder for the rest of the fight,dövüşün geri kalanında tüm ekip %25 daha sert vurur,scripts/autoload/game_data/GameDataChampions.gd:48
Mordrake,,scripts/autoload/game_data/GameDataChampions.gd:50
the Deathless,Ölümsüz,locale/extra_msgids.txt
He died in the Endless Rift once. It didn't take.,Bir kez Sonsuz Yarık'ta öldü. Tutmadı.,scripts/autoload/game_data/GameDataChampions.gd:51
Grim Momentum,Kasvetli İvme,scripts/autoload/game_data/GameDataChampions.gd:52
Deathless,Ölümsüz,scripts/autoload/game_data/GameDataChampions.gd:53
braces the party against a wipe for the rest of the fight,dövüşün geri kalanında ekibi tümden yok olmaya karşı hazırlar,scripts/autoload/game_data/GameDataChampions.gd:53
Sigrun,,scripts/autoload/game_data/GameDataChampions.gd:55
Shieldmaiden,Kalkan Kızı,locale/extra_msgids.txt
Her village sank into a rift in a single night. She walked in after it and has been walking ever since.,Köyü tek bir gecede bir yarığa gömüldü. Ardından içeri yürüdü ve o günden beri yürüyor.,scripts/autoload/game_data/GameDataChampions.gd:56
Shieldwall,Kalkan Duvarı,scripts/autoload/game_data/GameDataChampions.gd:57
Shield Wall,Kalkan Duvarı,scripts/autoload/game_data/GameDataChampions.gd:58
wards the front row for 50% of their max HP,ön sırayı en yüksek canlarının %50'si kadar korur,scripts/autoload/game_data/GameDataChampions.gd:58
Kael,,scripts/autoload/game_data/GameDataChampions.gd:60
the Oathsworn,Yeminli,locale/extra_msgids.txt
Swore to guard a rift-gate until relieved. Nobody came. He is very glad to see you.,Nöbeti devralınana dek bir yarık kapısını korumaya yemin etti. Kimse gelmedi. Seni gördüğüne çok sevindi.,scripts/autoload/game_data/GameDataChampions.gd:61
Vanguard Oath,Öncü Yemini,scripts/autoload/game_data/GameDataChampions.gd:62
Spear Wall,Mızrak Duvarı,scripts/autoload/game_data/GameDataChampions.gd:63
a sweep of the spear hits every foe,mızrağın savruluşu her düşmanı vurur,scripts/autoload/game_data/GameDataChampions.gd:63
Kaya,,scripts/autoload/game_data/GameDataChampions.gd:66
Swiftwind,Tezrüzgâr,locale/extra_msgids.txt
"She outran a rift-storm once. Now she can't stop running, so she brings the storm with her.","Bir kez bir yarık fırtınasından kaçıp kurtuldu. Artık durmadan koşuyor, fırtınayı da yanında getiriyor.",scripts/autoload/game_data/GameDataChampions.gd:67
Tailwind,Arka Rüzgâr,scripts/autoload/game_data/GameDataChampions.gd:68
Arrow Storm,Ok Fırtınası,scripts/autoload/game_data/GameDataChampions.gd:69
"arrows ride the wind, jumping between foes","oklar rüzgâra biner, düşmandan düşmana sıçrar",scripts/autoload/game_data/GameDataChampions.gd:69
Hesk,,scripts/autoload/game_data/GameDataChampions.gd:71
the Beastcaller,Canavarçağıran,locale/extra_msgids.txt
"Raised by rift-wolves. Speaks their language better than ours, and prefers their company.","Yarık kurtları tarafından büyütüldü. Onların dilini bizimkinden iyi konuşur, onların arkadaşlığını yeğler.",scripts/autoload/game_data/GameDataChampions.gd:72
Pack Hunter,Sürü Avcısı,scripts/autoload/game_data/GameDataChampions.gd:73
Pounce,Atılış,scripts/autoload/game_data/GameDataChampions.gd:74
"the pack falls on the weakest foe, harder the more it's hurt",sürü en zayıf düşmana saldırır; ne kadar yaralıysa o kadar sert,scripts/autoload/game_data/GameDataChampions.gd:74
Lyra,,scripts/autoload/game_data/GameDataChampions.gd:76
Thornwood,Dikenorman,locale/extra_msgids.txt
The last warden of a forest the rifts swallowed. The forest is still in there; so is she.,Yarıkların yuttuğu bir ormanın son bekçisi. Orman hâlâ orada; o da öyle.,scripts/autoload/game_data/GameDataChampions.gd:77
Leaf on the Wind,Rüzgârdaki Yaprak,scripts/autoload/game_data/GameDataChampions.gd:78
Thorn Snare,Diken Kapanı,scripts/autoload/game_data/GameDataChampions.gd:79
"thorns bind the target: it loses its next two actions (a boss, one)",dikenler hedefi sarar: sonraki iki hamlesini kaybeder (boss bir),scripts/autoload/game_data/GameDataChampions.gd:79
Bram,,scripts/autoload/game_data/GameDataChampions.gd:81
the Trapper,Tuzakçı,locale/extra_msgids.txt
Forty years of setting snares for things that come out of rifts. Some of them are still in his cellar.,Kırk yıldır yarıklardan çıkan şeylere tuzak kuruyor. Bazıları hâlâ mahzeninde.,scripts/autoload/game_data/GameDataChampions.gd:82
Trail Wisdom,İz Bilgeliği,scripts/autoload/game_data/GameDataChampions.gd:83
Deadfall,Ölüm Tuzağı,scripts/autoload/game_data/GameDataChampions.gd:84
springs every trap at once on the wounded foes,yaralı düşmanlara karşı bütün tuzakları birden tetikler,scripts/autoload/game_data/GameDataChampions.gd:84
Ossian,,scripts/autoload/game_data/GameDataChampions.gd:86
Greyfeather,Boztüy,locale/extra_msgids.txt
Has never missed a shot. He will tell you this before you ask.,Hiç ıskalamadı. Sen sormadan söyler.,scripts/autoload/game_data/GameDataChampions.gd:87
First Shot,İlk Atış,scripts/autoload/game_data/GameDataChampions.gd:88
Killshot,Öldürücü Atış,scripts/autoload/game_data/GameDataChampions.gd:89
"one perfect arrow at the weakest foe, deadlier the more it's hurt",en zayıf düşmana kusursuz bir ok; ne kadar yaralıysa o kadar ölümcül,scripts/autoload/game_data/GameDataChampions.gd:89
Vesh,,scripts/autoload/game_data/GameDataChampions.gd:92
the Ashborn,Küldoğan,locale/extra_msgids.txt
"Once the herald of an ash-queen, until he read what he was heralding. The embers under his skin never cooled.","Bir zamanlar bir kül kraliçesinin habercisiydi, ta ki neyin haberini verdiğini okuyana dek. Derisinin altındaki korlar hiç soğumadı.",scripts/autoload/game_data/GameDataChampions.gd:93
Cinder Tongue,Kor Dil,scripts/autoload/game_data/GameDataChampions.gd:94
Crownfall,Taç Düşüşü,scripts/autoload/game_data/GameDataChampions.gd:95
a rain of burning ash engulfs every foe,yanan bir kül yağmuru her düşmanı sarar,scripts/autoload/game_data/GameDataChampions.gd:95
Auriel,,scripts/autoload/game_data/GameDataChampions.gd:97
the Starwright,Yıldızyazan,locale/extra_msgids.txt
"Mapped every star, then noticed new ones leaking out of the rifts. She has been following them since.","Her yıldızın haritasını çıkardı, sonra yarıklardan yenilerinin sızdığını fark etti. O günden beri onların peşinde.",scripts/autoload/game_data/GameDataChampions.gd:98
Star Chart,Yıldız Haritası,scripts/autoload/game_data/GameDataChampions.gd:99
Meteor,Göktaşı,scripts/autoload/game_data/GameDataChampions.gd:100
calls down a falling star on every foe,her düşmanın üstüne düşen bir yıldız indirir,scripts/autoload/game_data/GameDataChampions.gd:100
Morwen,,scripts/autoload/game_data/GameDataChampions.gd:102
of the Frost,Ayazın,locale/extra_msgids.txt
Froze a rift solid to save a town. The town is fine. She has been cold for a hundred years.,Bir kasabayı kurtarmak için bir yarığı buz gibi dondurdu. Kasaba iyi. O ise yüz yıldır üşüyor.,scripts/autoload/game_data/GameDataChampions.gd:103
Rime Ward,Kırağı Kalkanı,scripts/autoload/game_data/GameDataChampions.gd:104
Deep Freeze,Derin Ayaz,scripts/autoload/game_data/GameDataChampions.gd:105
"freezes the target solid: it loses its next two actions (a boss, one)",hedefi buz kesti: sonraki iki hamlesini kaybeder (boss bir),scripts/autoload/game_data/GameDataChampions.gd:105
Tamsin,,scripts/autoload/game_data/GameDataChampions.gd:107
Sparkwright,Kıvılcımcı,locale/extra_msgids.txt
Built a machine to close rifts. It opened one instead. She is working on version two.,Yarıkları kapatacak bir makine yaptı. Makine bir tane açtı. İkinci sürüm üzerinde çalışıyor.,scripts/autoload/game_data/GameDataChampions.gd:108
Overclock,Aşırı Yük,scripts/autoload/game_data/GameDataChampions.gd:109
Chain Lightning,Zincirleme Şimşek,scripts/autoload/game_data/GameDataChampions.gd:110
lightning arcs from foe to foe,şimşek düşmandan düşmana sıçrar,scripts/autoload/game_data/GameDataChampions.gd:110
Ezra,,scripts/autoload/game_data/GameDataChampions.gd:112
the Pale,Solgun,locale/extra_msgids.txt
"Studies what the rifts take from people. Keeps some of it in the lantern, for safekeeping. He insists.",Yarıkların insanlardan aldıklarını inceler. Bir kısmını güvende dursun diye fenerinde saklar. Israr ediyor.,scripts/autoload/game_data/GameDataChampions.gd:113
Soul Tithe,Ruh Öşürü,scripts/autoload/game_data/GameDataChampions.gd:114
Harvest,Hasat,scripts/autoload/game_data/GameDataChampions.gd:115
"drains the weakest foe, healing the caster for a share of it","en zayıf düşmanı emer, kullananı bunun bir kısmı kadar iyileştirir",scripts/autoload/game_data/GameDataChampions.gd:115
Imre,,scripts/autoload/game_data/GameDataChampions.gd:118
of the Tides,Gelgitlerin,locale/extra_msgids.txt
Kept alive at the bottom of a drowned spire as a lantern for something that hated the dark. She still carries the light.,Karanlıktan nefret eden bir şeye fener olsun diye batık bir kulenin dibinde yaşatıldı. Işığı hâlâ taşıyor.,scripts/autoload/game_data/GameDataChampions.gd:119
Tidal Grace,Gelgit Lütfu,scripts/autoload/game_data/GameDataChampions.gd:120
Low Tide,Cezir,scripts/autoload/game_data/GameDataChampions.gd:121
"heals the party 55% and washes away burn, poison, chill, stun and curses","ekibi %55 iyileştirir; yanık, zehir, üşüme, sersemlik ve lanetleri siler",scripts/autoload/game_data/GameDataChampions.gd:121
Odo,,scripts/autoload/game_data/GameDataChampions.gd:123
the Lamplighter,Fenerci,locale/extra_msgids.txt
Lit the lamps of a city that fell into a rift. He kept lighting them. Eventually the lamps led him out.,Bir yarığa düşen bir şehrin fenerlerini yaktı. Yakmayı sürdürdü. Sonunda fenerler onu dışarı çıkardı.,scripts/autoload/game_data/GameDataChampions.gd:124
Lamp in the Dark,Karanlıkta Fener,scripts/autoload/game_data/GameDataChampions.gd:125
Light the Way,Yolu Aydınlat,scripts/autoload/game_data/GameDataChampions.gd:126
raises a fallen ally at 60% HP (or heals the most hurt),düşmüş bir müttefiki %60 canla kaldırır (ya da en yaralıyı iyileştirir),scripts/autoload/game_data/GameDataChampions.gd:126
Seraphine,,scripts/autoload/game_data/GameDataChampions.gd:128
Dawnbringer,Şafakgetiren,locale/extra_msgids.txt
Walked into the dark between rifts to find the sunrise. Came back with it.,Gün doğumunu bulmak için yarıklar arasındaki karanlığa yürüdü. Onunla döndü.,scripts/autoload/game_data/GameDataChampions.gd:129
Dawn's Blessing,Şafak Kutsaması,scripts/autoload/game_data/GameDataChampions.gd:130
Sunrise,Gün Doğumu,scripts/autoload/game_data/GameDataChampions.gd:131
heals the whole party for 65% of their max HP,tüm ekibi en yüksek canlarının %65'i kadar iyileştirir,scripts/autoload/game_data/GameDataChampions.gd:131
Hobb,,scripts/autoload/game_data/GameDataChampions.gd:133
the Friar,Keşiş,locale/extra_msgids.txt
Opened a tavern at the edge of a rift. Business was terrible. Blessings were excellent.,Bir yarığın kıyısında meyhane açtı. İşler berbattı. Kutsamalar mükemmeldi.,scripts/autoload/game_data/GameDataChampions.gd:134
Liquid Courage,Şişe Cesareti,scripts/autoload/game_data/GameDataChampions.gd:135
Round's On Me,Bu Tur Benden,scripts/autoload/game_data/GameDataChampions.gd:136
heals the whole party for 50% of their max HP,tüm ekibi en yüksek canlarının %50'si kadar iyileştirir,scripts/autoload/game_data/GameDataChampions.gd:136
Veyla,,scripts/autoload/game_data/GameDataChampions.gd:138
the Penitent,Tövbekâr,locale/extra_msgids.txt
Wears the mask so the rift can't see her face. It has been looking for her a long time.,Yarık yüzünü görmesin diye maske takıyor. Uzun zamandır onu arıyor.,scripts/autoload/game_data/GameDataChampions.gd:139
Incense Veil,Tütsü Peçesi,scripts/autoload/game_data/GameDataChampions.gd:140
Censer Smoke,Buhurdan Dumanı,scripts/autoload/game_data/GameDataChampions.gd:141
thick smoke: +30% dodge for the rest of the fight,yoğun duman: dövüşün geri kalanında +%30 kaçınma,scripts/autoload/game_data/GameDataChampions.gd:141
Selune,,scripts/autoload/game_data/GameDataChampions.gd:144
of the Hollow Moon,Karanlık Ay'ın,locale/extra_msgids.txt
An assassin who took one contract too many: on the moon. It didn't go well for either of them.,Bir sözleşme fazla alan bir suikastçı: hedef Ay'dı. İkisi için de iyi gitmedi.,scripts/autoload/game_data/GameDataChampions.gd:145
New Moon,Yeni Ay,scripts/autoload/game_data/GameDataChampions.gd:146
Eclipse,Tutulma,scripts/autoload/game_data/GameDataChampions.gd:147
"darkness falls, and every wounded foe with it","karanlık çöker, her yaralı düşman da onunla",scripts/autoload/game_data/GameDataChampions.gd:147
Pip,,scripts/autoload/game_data/GameDataChampions.gd:149
Quickfingers,Çevikparmak,locale/extra_msgids.txt
Stole a key from a rift-lord's belt. The key opened the rift. Pip would like to give it back.,Bir yarık lordunun kemerinden bir anahtar çaldı. Anahtar yarığı açtı. Pip onu geri vermek istiyor.,scripts/autoload/game_data/GameDataChampions.gd:150
Slippery,Kaygan,scripts/autoload/game_data/GameDataChampions.gd:151
Smoke and Mirrors,Duman ve Aynalar,scripts/autoload/game_data/GameDataChampions.gd:152
+35% dodge for the rest of the fight,dövüşün geri kalanında +%35 kaçınma,scripts/autoload/game_data/GameDataChampions.gd:152
Raske,,scripts/autoload/game_data/GameDataChampions.gd:154
the Red,Kızıl,locale/extra_msgids.txt
Captained a ship that sailed off the edge of the world and into a rift. Kept the coat.,Dünyanın kıyısından bir yarığa yelken açan bir gemiye kaptanlık etti. Ceketi sakladı.,scripts/autoload/game_data/GameDataChampions.gd:155
Blood in the Water,Suda Kan,scripts/autoload/game_data/GameDataChampions.gd:156
Whirlwind,Kasırga Dönüşü,scripts/autoload/game_data/GameDataChampions.gd:157
a spinning storm of cutlasses hits every foe,dönen bir pala fırtınası her düşmanı vurur,scripts/autoload/game_data/GameDataChampions.gd:157
Corvin,,scripts/autoload/game_data/GameDataChampions.gd:159
Ashwhisper,Külfısıltı,locale/extra_msgids.txt
Brews poisons from what bleeds out of rifts. Swears most of them are medicine.,Yarıklardan sızanlardan zehir kaynatır. Çoğunun ilaç olduğuna yemin eder.,scripts/autoload/game_data/GameDataChampions.gd:160
Slow Venom,Yavaş Zehir,scripts/autoload/game_data/GameDataChampions.gd:161
Plague Cloud,Veba Bulutu,scripts/autoload/game_data/GameDataChampions.gd:162
a toxic cloud that eats at every foe for three rounds,üç tur boyunca her düşmanı kemiren zehirli bir bulut,scripts/autoload/game_data/GameDataChampions.gd:162
%s of %s,%s (%s),scripts/autoload/game_data/GameDataChampions.gd:181
{name} {title},{title} {name},scripts/autoload/game_data/GameDataChampions.gd:183
"The Grandmaster said one night. One night, and the Hollow would be quiet for good. I counted. It was eleven years.","Büyük Üstat tek bir gece dedi. Tek bir gece, sonra Oyuk sonsuza dek susacaktı. Saydım. On bir yıl sürdü.",scripts/autoload/game_data/GameDataChampions.gd:202
We drew lots for the posts. I drew a deep one. I remember thinking that was lucky.,Nöbet yerleri için kura çektik. Bana derin bir tane çıktı. Şanslıyım diye düşündüğümü hatırlıyorum.,scripts/autoload/game_data/GameDataChampions.gd:203
"When the light closed over me it didn't hurt. It felt like being told to wait, very firmly.",Işık üstüme kapandığında acımadı. Birinin bana çok kesin bir sesle 'bekle' demesi gibiydi.,scripts/autoload/game_data/GameDataChampions.gd:204
My whole shield-company walked into the light together. I came out alone. Ask the others if they're still holding.,"Bütün kalkan bölüğüm ışığa birlikte yürüdü. Ben tek başıma çıktım. Ötekilere sor, hâlâ dayanıyorlar mı.",scripts/autoload/game_data/GameDataChampions.gd:205
The order was: hold until relieved. The Grandmaster said she would come back for us herself. She didn't. Why didn't she?,Emir şuydu: nöbetin devralınana kadar dayan. Büyük Üstat bizi almaya bizzat geleceğini söyledi. Gelmedi. Neden gelmedi?,scripts/autoload/game_data/GameDataChampions.gd:206
"I ran messages between the posts that night. The last one I carried was from the Grandmaster, and it was sealed with ash.",O gece nöbet yerleri arasında haber taşıdım. Taşıdığım sonuncusu Büyük Üstat'tandı ve külle mühürlenmişti.,scripts/autoload/game_data/GameDataChampions.gd:207
The wolves knew before we did. They howled at the Hall for three days before the Night. Nobody listens to wolves.,Kurtlar bizden önce bildi. Geceden üç gün önce Salon'un önünde uludular. Kimse kurtları dinlemez.,scripts/autoload/game_data/GameDataChampions.gd:208
Some of us didn't go into the light willingly. The Grandmaster said there wasn't time to ask.,Bazılarımız ışığa isteyerek girmedi. Büyük Üstat sormaya vakit olmadığını söyledi.,scripts/autoload/game_data/GameDataChampions.gd:209
"I set a snare at my post, out of habit. Caught a voice. It kept saying: the price, the price.","Nöbet yerime alışkanlıktan bir tuzak kurdum. Bir ses yakaladım. Durmadan şunu diyordu: bedel, bedel.",scripts/autoload/game_data/GameDataChampions.gd:210
"I had the Grandmaster in my sights that night, on her way out. I've never missed. I didn't take the shot. I'd like to know if that was right.","O gece Büyük Üstat çıkarken nişangâhımdaydı. Hiç ıskalamadım. Atmadım. Doğru mu yaptım, bilmek isterdim.",scripts/autoload/game_data/GameDataChampions.gd:211
I read her proclamations aloud in the ash for years before I read one closely. It began: the Accord is dissolved.,"Yıllarca küllerin içinde onun bildirilerini yüksek sesle okudum, sonra birini dikkatle okudum. Şöyle başlıyordu: Ahit feshedilmiştir.",scripts/autoload/game_data/GameDataChampions.gd:212
"The new stars leaking from the rifts are the posts, going out one by one. I have counted forty dark since the Night.",Yarıklardan sızan yeni yıldızlar nöbet yerleri; birer birer sönüyorlar. Geceden beri kırkının karardığını saydım.,scripts/autoload/game_data/GameDataChampions.gd:213
"Freezing my rift was my own idea, not the Accord's. I think that's why the Hollow never got its hooks into me.",Yarığımı dondurmak Ahit'in değil benim fikrimdi. Sanırım Oyuk bu yüzden pençesini bana hiç geçiremedi.,scripts/autoload/game_data/GameDataChampions.gd:214
The Accord's engineers built the bargain like a lock. I've seen the plans. Every lock has a key.,Ahit'in mühendisleri pazarlığı bir kilit gibi kurdu. Çizimlerini gördüm. Her kilidin bir anahtarı vardır.,scripts/autoload/game_data/GameDataChampions.gd:215
Each of us gave the Hollow something to seal the deal. I gave my colour. You can probably tell.,Anlaşmayı mühürlemek için her birimiz Oyuk'a bir şey verdi. Ben rengimi verdim. Belli oluyordur.,scripts/autoload/game_data/GameDataChampions.gd:216
I was kept lit to read the archive by. I read all of it. The bargain has a clause about what happens when a post is abandoned.,Arşivi okumak için beni yanık tuttular. Hepsini okudum. Pazarlıkta bir nöbet yeri terk edilirse ne olacağına dair bir madde var.,scripts/autoload/game_data/GameDataChampions.gd:217
"The lamps of my city were Accord lamps, meant to lead the guilds home. The city fell before anyone came back.","Şehrimin lambaları Ahit lambalarıydı, loncaları eve getirsinler diye. Şehir, kimse dönmeden düştü.",scripts/autoload/game_data/GameDataChampions.gd:218
The Grandmaster said there would be no sunrise until the price was paid. She was wrong. I went and found it.,Büyük Üstat bedel ödenene dek güneş doğmayacak dedi. Yanılıyordu. Gidip buldum.,scripts/autoload/game_data/GameDataChampions.gd:219
Half the Accord drank at my tavern the night before. The Grandmaster paid for every round. I thought it was generous. It was a goodbye.,Bir önceki gece Ahit'in yarısı benim meyhanemde içti. Her turu Büyük Üstat ödedi. Cömertlik sandım. Vedaymış.,scripts/autoload/game_data/GameDataChampions.gd:220
I signed the bargain as a witness. The mask is so the Hollow can't match my face to my name on it.,"Pazarlığı tanık olarak imzaladım. Maske, Oyuk yüzümü oradaki adımla eşleştiremesin diye.",scripts/autoload/game_data/GameDataChampions.gd:221
My last contract came from inside the Accord: remove a ranger who had left her post. I didn't. Vaelith owes me one.,Son sözleşmem Ahit'in içinden geldi: nöbet yerini terk eden bir korucuyu ortadan kaldır. Kaldırmadım. Vaelith bana borçlu.,scripts/autoload/game_data/GameDataChampions.gd:222
"The key I stole opened a rift, yes. It was the Grandmaster's key. I'm told that matters.","Çaldığım anahtar bir yarık açtı, evet. Büyük Üstat'ın anahtarıymış. Bunun önemli olduğunu söylüyorlar.",scripts/autoload/game_data/GameDataChampions.gd:223
We were to ferry the last guild to its post across the Marches. The water rose too fast. I kept the coat. I kept the list of names too.,Son loncayı Bataklıklar'ın öte yanındaki nöbet yerine taşıyacaktık. Su çok hızlı yükseldi. Paltoyu sakladım. İsim listesini de.,scripts/autoload/game_data/GameDataChampions.gd:224
"The Accord's healers poisoned nobody, whatever the songs say. They gave the posts something to sleep. I still have the recipe.","Şarkılar ne derse desin, Ahit'in şifacıları kimseyi zehirlemedi. Nöbettekilere uyusunlar diye bir şey verdiler. Tarifi hâlâ bende.",scripts/autoload/game_data/GameDataChampions.gd:225
300 more Gold,300 Altın daha,scripts/autoload/game_data/GameDataChampions.gd:240
"A fourth hero, Rank D","Dördüncü bir kahraman, D Rütbe",scripts/autoload/game_data/GameDataChampions.gd:241
A rare relic,Nadir bir emanet,scripts/autoload/game_data/GameDataChampions.gd:242
The Barracks one level up,Kışla bir seviye yukarıda,scripts/autoload/game_data/GameDataChampions.gd:243
Old contacts: two Rank C recruits waiting,Eski tanıdıklar: iki C Rütbe aday bekliyor,scripts/autoload/game_data/GameDataChampions.gd:244
Veteran start: Act I already done,Kıdemli başlangıç: I. Perde zaten bitmiş,scripts/autoload/game_data/GameDataChampions.gd:245
"Once Rank %s with %s: %d rifts sealed, %d foes felled.","Bir zamanlar %s Rütbe, %s loncasıyla: mühürlenen yarık %d, devrilen düşman %d.",scripts/autoload/game_data/GameDataChampions.gd:257
"Took the forty-first post for %s, and held it.",%s loncası için kırk birinci nöbeti üstlendi ve onu tuttu.,scripts/autoload/game_data/GameDataChampions.gd:258
Different crest on the banner. Same work. I sealed %d rifts with %s; I can manage a few more.,"Sancakta başka bir arma. İş aynı. Mühürlediğim yarık sayısı %d, %s loncasıyla; birkaç tane daha kotarırım.",scripts/autoload/game_data/GameDataChampions.gd:260
"Tell Hesper I kept count. %d rifts with %s, and every one of them stayed shut.","Hesper'e saydığımı söyleyin. Yarık sayısı %d, %s loncasıyla, ve hiçbiri yeniden açılmadı.",scripts/autoload/game_data/GameDataChampions.gd:261
"The light was very quiet. I kept thinking about payday at %s, of all things. %d rifts, and I still miss the pay table.","Işığın içi çok sessizdi. Hep %s loncasındaki maaş gününü düşündüm, düşün ki. Yarık sayısı %d, ve maaş masasını hâlâ özlüyorum.",scripts/autoload/game_data/GameDataChampions.gd:262
Every year someone from %s climbed down to tell me how the harvest went. I'd like to hear it up close for once.,Her yıl %s loncasından biri aşağı inip hasadın nasıl geçtiğini anlatırdı. Bir kez de yakından duymak isterim.,scripts/autoload/game_data/GameDataChampions.gd:264
Warrior,Savaşçı,scripts/autoload/game_data/GameDataHeroes.gd:4
Ranger,Korucu,scripts/autoload/game_data/GameDataHeroes.gd:5
Mage,Büyücü,scripts/autoload/game_data/GameDataHeroes.gd:6
Cleric,Rahip,scripts/autoload/game_data/GameDataHeroes.gd:7
Rogue,Haydut,scripts/autoload/game_data/GameDataHeroes.gd:757
Common,Sıradan,scripts/autoload/game_data/GameDataHeroes.gd:13
Rare,Nadir,scripts/autoload/game_data/GameDataHeroes.gd:14
Epic,Destansı,scripts/autoload/game_data/GameDataHeroes.gd:15
Legendary,Efsanevi,scripts/autoload/game_data/GameDataHeroes.gd:20
Ember,Kor,scripts/autoload/game_data/GameDataHeroes.gd:112
Frost,Ayaz,scripts/autoload/game_data/GameDataHeroes.gd:112
Verdant,Yeşil,scripts/autoload/game_data/GameDataHeroes.gd:112
Umbral,Karanlık,scripts/autoload/game_data/GameDataHeroes.gd:112
Arcane,Gizem,scripts/autoload/game_data/GameDataHeroes.gd:112
Mends 2% HP/round,Tur başına %2 can iyileştirir,scripts/autoload/game_data/GameDataHeroes.gd:117
+5% dodge chance,+%5 kaçınma şansı,scripts/autoload/game_data/GameDataHeroes.gd:118
+1.5% dmg/round (stacking),"Tur başına +%1,5 hasar (birikir)",scripts/autoload/game_data/GameDataHeroes.gd:119
-6% hazard severity,-%6 tehlike şiddeti,scripts/autoload/game_data/GameDataHeroes.gd:120
+6% first-strike damage,+%6 ilk vuruş hasarı,scripts/autoload/game_data/GameDataHeroes.gd:121
Relic ward: survive a wipe at 8% HP,Kalıntı koruması: tüm ekip düşerken %8 canla hayatta kal,scripts/autoload/game_data/GameDataHeroes.gd:122
+30% opening volley vs Bosses,Bosslara karşı +%30 açılış yaylımı,scripts/autoload/game_data/GameDataHeroes.gd:123
+6% odds toward Rare/Epic loot,Nadir/Destansı ganimet için +%6 şans,scripts/autoload/game_data/GameDataHeroes.gd:124
+15% chance to counter-attack when evading or taking a heavy hit,Kaçınınca ya da ağır darbe alınca +%15 karşı saldırı şansı,scripts/autoload/game_data/GameDataHeroes.gd:125
+25% chance to gain 1 Momentum when evading or hit hard,Kaçınınca ya da sert darbe alınca +%25 ihtimalle 1 İvme kazan,scripts/autoload/game_data/GameDataHeroes.gd:126
"On a kill, shields the lowest-HP ally for 20% of their max HP",Öldürünce canı en düşük müttefike en yüksek canının %20'si kadar kalkan verir,scripts/autoload/game_data/GameDataHeroes.gd:127
of Renewal,Yenilenme,scripts/autoload/game_data/GameDataHeroes.gd:132
of the Wind,Rüzgâr,scripts/autoload/game_data/GameDataHeroes.gd:132
of the Pyre,Ateş,scripts/autoload/game_data/GameDataHeroes.gd:132
of Warding,Koruma,scripts/autoload/game_data/GameDataHeroes.gd:132
of First Light,İlk Işık,scripts/autoload/game_data/GameDataHeroes.gd:133
of the Last Stand,Son Direniş,scripts/autoload/game_data/GameDataHeroes.gd:133
of the Warhorn,Savaş Borusu,scripts/autoload/game_data/GameDataHeroes.gd:133
of Fortune,Talih,scripts/autoload/game_data/GameDataHeroes.gd:134
of Thorns,Dikenler,scripts/autoload/game_data/GameDataHeroes.gd:134
of Haste,Hız,scripts/autoload/game_data/GameDataHeroes.gd:134
of the Bulwark,Siper,scripts/autoload/game_data/GameDataHeroes.gd:134
The rift closes behind you.,Yarık ardından kapanıyor.,scripts/autoload/game_data/GameDataHeroes.gd:171
Another door shuts.,Bir kapı daha kapandı.,scripts/autoload/game_data/GameDataHeroes.gd:171
The tear in the world seals over.,Dünyadaki yırtık kapanıyor.,scripts/autoload/game_data/GameDataHeroes.gd:171
Quiet returns to the floor you just cleared.,Az önce temizlediğin kata sessizlik dönüyor.,scripts/autoload/game_data/GameDataHeroes.gd:171
The world holds a little longer.,Dünya biraz daha dayanıyor.,scripts/autoload/game_data/GameDataHeroes.gd:172
Nobody will thank you for it.,Kimse sana bunun için teşekkür etmeyecek.,scripts/autoload/game_data/GameDataHeroes.gd:172
It won't stay closed forever.,Sonsuza dek kapalı kalmayacak.,scripts/autoload/game_data/GameDataHeroes.gd:172
One less wound in the Rift's hide.,Yarığın derisinde bir yara eksik.,scripts/autoload/game_data/GameDataHeroes.gd:172
You were in and out before the rift even noticed.,Yarık fark etmeden girip çıktın.,scripts/autoload/game_data/GameDataHeroes.gd:175
Clean work.,Temiz iş.,scripts/autoload/game_data/GameDataHeroes.gd:175
"No wasted swings, no wasted time.","Boşa savuruş yok, boşa zaman yok.",scripts/autoload/game_data/GameDataHeroes.gd:175
The Rift barely had a chance to answer.,Yarık cevap vermeye zar zor fırsat buldu.,scripts/autoload/game_data/GameDataHeroes.gd:175
The Rift barely had time to react.,Yarık tepki vermeye zar zor vakit buldu.,scripts/autoload/game_data/GameDataHeroes.gd:176
Efficiency the guild will remember.,Loncanın hatırlayacağı bir verimlilik.,scripts/autoload/game_data/GameDataHeroes.gd:176
Some fights end before they really begin.,Bazı dövüşler daha gerçekten başlamadan biter.,scripts/autoload/game_data/GameDataHeroes.gd:176
Not every victory needs to be hard-won.,Her zafer zor kazanılmak zorunda değil.,scripts/autoload/game_data/GameDataHeroes.gd:176
It fought like it knew what was coming.,Ne geleceğini biliyormuş gibi dövüştü.,scripts/autoload/game_data/GameDataHeroes.gd:179
The rift's champion falls.,Yarığın şampiyonu düşüyor.,scripts/autoload/game_data/GameDataHeroes.gd:179
"Whatever it was guarding, it isn't guarding anymore.","Neyi koruyorsa, artık korumuyor.",scripts/autoload/game_data/GameDataHeroes.gd:179
The floor goes quiet where it used to stand.,Durduğu yerde zemin sessizleşiyor.,scripts/autoload/game_data/GameDataHeroes.gd:179
Didn't matter.,Fark etmedi.,scripts/autoload/game_data/GameDataHeroes.gd:180
The rift itself feels smaller for it.,Yarığın kendisi bile bununla küçülmüş gibi.,scripts/autoload/game_data/GameDataHeroes.gd:180
The guild adds one more name to the list.,Lonca listeye bir isim daha ekliyor.,scripts/autoload/game_data/GameDataHeroes.gd:180
Some things don't come back from a fight like that.,Bazı şeyler böyle bir dövüşten geri dönmez.,scripts/autoload/game_data/GameDataHeroes.gd:180
"Stronger than the rest, and still not strong enough.","Diğerlerinden güçlüydü, yine de yeterince değil.",scripts/autoload/game_data/GameDataHeroes.gd:183
It made you work for it.,Seni epey uğraştırdı.,scripts/autoload/game_data/GameDataHeroes.gd:183
A cut above the usual — until it wasn't.,Sıradanın bir adım ötesi — ta ki olmayana kadar.,scripts/autoload/game_data/GameDataHeroes.gd:183
The Rift saves its better monsters for later. This one came early.,Yarık iyi canavarlarını sonraya saklar. Bu erken geldi.,scripts/autoload/game_data/GameDataHeroes.gd:183
That's the difference between elite and dead.,Seçkinle ölü arasındaki fark bu.,scripts/autoload/game_data/GameDataHeroes.gd:184
Worth the extra scars.,Fazladan yara izlerine değdi.,scripts/autoload/game_data/GameDataHeroes.gd:184
The rest of the floor felt easier after that.,Ondan sonra katın geri kalanı daha kolay geldi.,scripts/autoload/game_data/GameDataHeroes.gd:184
It won't be the last one like it.,Bunun gibisinin sonuncusu olmayacak.,scripts/autoload/game_data/GameDataHeroes.gd:184
Something in them has shifted.,İçlerinde bir şey değişti.,scripts/autoload/game_data/GameDataHeroes.gd:187
The rift changes people.,Yarık insanları değiştirir.,scripts/autoload/game_data/GameDataHeroes.gd:187
They walked out different than they walked in.,Girdiklerinden farklı çıktılar.,scripts/autoload/game_data/GameDataHeroes.gd:187
"Whatever they were before, it isn't enough anymore.","Önceden ne idiyseler, artık yetmiyor.",scripts/autoload/game_data/GameDataHeroes.gd:187
"This time, for the better.",Bu sefer iyiye doğru.,scripts/autoload/game_data/GameDataHeroes.gd:188
"Growth has a cost, and they just paid it.",Büyümenin bir bedeli var ve az önce ödediler.,scripts/autoload/game_data/GameDataHeroes.gd:188
The guild takes notice.,Lonca bunu fark ediyor.,scripts/autoload/game_data/GameDataHeroes.gd:188
Not every change happens by choice — but this one did.,Her değişim seçimle olmaz — ama bu öyle oldu.,scripts/autoload/game_data/GameDataHeroes.gd:188
Something in the wreckage doesn't belong to this floor at all.,Enkazdaki bir şey bu kata hiç ait değil.,scripts/autoload/game_data/GameDataHeroes.gd:191
The rift doesn't usually give things like this away.,Yarık genelde böyle şeyleri kolay kolay vermez.,scripts/autoload/game_data/GameDataHeroes.gd:191
"Buried under the ordinary, something extraordinary.",Sıradanın altına gömülü olağanüstü bir şey.,scripts/autoload/game_data/GameDataHeroes.gd:191
Not every rift hides a find like this.,Her yarık böyle bir buluntu saklamaz.,scripts/autoload/game_data/GameDataHeroes.gd:191
"Luck, or the Rift wanted rid of it.",Ya şans ya da Yarık ondan kurtulmak istedi.,scripts/autoload/game_data/GameDataHeroes.gd:192
The guild will be talking about this one.,Lonca bundan uzun süre bahsedecek.,scripts/autoload/game_data/GameDataHeroes.gd:192
Worth every wound it took to find it.,Bulmak için alınan her yaraya değdi.,scripts/autoload/game_data/GameDataHeroes.gd:192
Some things are worth the risk of coming back for.,Bazı şeyler geri dönme riskine değer.,scripts/autoload/game_data/GameDataHeroes.gd:192
"A name, a crest, and nothing else yet.","Bir ad, bir arma ve henüz başka hiçbir şey.",scripts/autoload/game_data/GameDataHeroes.gd:195
Every guild starts as an empty ledger.,Her lonca boş bir defterle başlar.,scripts/autoload/game_data/GameDataHeroes.gd:195
The banner goes up before anyone's earned it.,"Sancak, kimse hak etmeden göndere çekiliyor.",scripts/autoload/game_data/GameDataHeroes.gd:195
No history yet. Just intent.,Henüz geçmiş yok. Sadece niyet.,scripts/autoload/game_data/GameDataHeroes.gd:195
That's how it always starts.,Hep böyle başlar.,scripts/autoload/game_data/GameDataHeroes.gd:196
"The Rift doesn't care how you began, only how you end.","Yarık nasıl başladığını değil, nasıl bitirdiğini umursar.",scripts/autoload/game_data/GameDataHeroes.gd:196
Everything after this gets written the hard way.,Bundan sonrası zor yoldan yazılacak.,scripts/autoload/game_data/GameDataHeroes.gd:196
"Whatever comes next, it starts here.","Bundan sonra ne gelirse, burada başlıyor.",scripts/autoload/game_data/GameDataHeroes.gd:196
The rift left its mark.,Yarık izini bıraktı.,scripts/autoload/game_data/GameDataHeroes.gd:199
Some wounds don't close all the way.,Bazı yaralar tam kapanmaz.,scripts/autoload/game_data/GameDataHeroes.gd:199
Not every scar shows on the skin.,Her yara izi tende görünmez.,scripts/autoload/game_data/GameDataHeroes.gd:199
The fight is over. The fear isn't.,Dövüş bitti. Korku bitmedi.,scripts/autoload/game_data/GameDataHeroes.gd:199
Quiet about how it happened.,Nasıl olduğu konusunda sessiz.,scripts/autoload/game_data/GameDataHeroes.gd:200
A price paid for coming back at all.,Geri dönebilmenin ödenen bedeli.,scripts/autoload/game_data/GameDataHeroes.gd:200
The rift takes more than HP sometimes.,Yarık bazen candan fazlasını alır.,scripts/autoload/game_data/GameDataHeroes.gd:200
Not every cost gets fully repaid.,Her bedel tamamen ödenmez.,scripts/autoload/game_data/GameDataHeroes.gd:200
The Rift Hall's third gate finally answers.,Yarık Salonu'nun üçüncü kapısı sonunda cevap veriyor.,scripts/autoload/game_data/GameDataHeroes.gd:203
"Three rifts sealed, and the chains on the old gateway snap loose.",Üç yarık mühürlendi ve eski geçitteki zincirler kopuyor.,scripts/autoload/game_data/GameDataHeroes.gd:203
The rubble in the doorway stops mattering.,Kapıdaki molozun artık önemi kalmıyor.,scripts/autoload/game_data/GameDataHeroes.gd:203
"Something the guild wasn't ready for, until now it is.",Loncanın hazır olmadığı bir şey — şimdiye kadar.,scripts/autoload/game_data/GameDataHeroes.gd:203
It was always waiting.,Hep bekliyordu.,scripts/autoload/game_data/GameDataHeroes.gd:204
"Whatever's behind it, the guild has earned the right to find out.","Ardında ne varsa, lonca onu öğrenme hakkını kazandı.",scripts/autoload/game_data/GameDataHeroes.gd:204
Not every gate opens with a key. Some just need proof.,Her kapı anahtarla açılmaz. Bazıları sadece kanıt ister.,scripts/autoload/game_data/GameDataHeroes.gd:204
The easy floors are behind you now.,Kolay katlar artık geride.,scripts/autoload/game_data/GameDataHeroes.gd:204
Word spreads.,Haber yayılıyor.,scripts/autoload/game_data/GameDataHeroes.gd:207
Other guilds have started asking who you are.,Diğer loncalar kim olduğunu sormaya başladı.,scripts/autoload/game_data/GameDataHeroes.gd:207
The name on the banner starts to mean something.,Sancaktaki isim bir anlam taşımaya başlıyor.,scripts/autoload/game_data/GameDataHeroes.gd:207
Renown is its own kind of currency.,Ün kendi başına bir para birimidir.,scripts/autoload/game_data/GameDataHeroes.gd:207
The guild's name means something now.,Loncanın adı artık bir şey ifade ediyor.,scripts/autoload/game_data/GameDataHeroes.gd:208
Not everyone gets to hear it and stay calm.,Bunu duyup sakin kalabilen çok az kişi var.,scripts/autoload/game_data/GameDataHeroes.gd:208
"Whatever you're building, people have noticed.","Ne inşa ediyorsan, insanlar fark etti.",scripts/autoload/game_data/GameDataHeroes.gd:208
Growth like this doesn't go unnoticed for long.,Böyle bir büyüme uzun süre fark edilmeden kalmaz.,scripts/autoload/game_data/GameDataHeroes.gd:208
Weapon,Silah,scripts/autoload/game_data/GameDataHeroes.gd:219
Armor,Zırh,scripts/autoload/game_data/GameDataHeroes.gd:219
Focus,Odak,scripts/autoload/game_data/GameDataHeroes.gd:219
Blade,Kılıç,scripts/autoload/game_data/GameDataHeroes.gd:229
Bow,Yay,scripts/autoload/game_data/GameDataHeroes.gd:229
Staff,Asa,scripts/autoload/game_data/GameDataHeroes.gd:229
Mace,Gürz,scripts/autoload/game_data/GameDataHeroes.gd:229
Dagger,Hançer,scripts/autoload/game_data/GameDataHeroes.gd:229
Axe,Balta,scripts/autoload/game_data/GameDataHeroes.gd:229
Spear,Mızrak,scripts/autoload/game_data/GameDataHeroes.gd:229
Wand,Değnek,scripts/autoload/game_data/GameDataHeroes.gd:229
Plate,Levha Zırh,scripts/autoload/game_data/GameDataHeroes.gd:230
Guard,Koru,scripts/autoload/game_data/GameDataHeroes.gd:230
Bracer,Bileklik,scripts/autoload/game_data/GameDataHeroes.gd:230
Greaves,Dizlik,scripts/autoload/game_data/GameDataHeroes.gd:230
Mail,Örme Zırh,scripts/autoload/game_data/GameDataHeroes.gd:230
Robe,Cübbe,scripts/autoload/game_data/GameDataHeroes.gd:230
Helm,Miğfer,scripts/autoload/game_data/GameDataHeroes.gd:230
Ring,Yüzük,scripts/autoload/game_data/GameDataHeroes.gd:231
Amulet,Tılsım,scripts/autoload/game_data/GameDataHeroes.gd:231
Charm,Muska,locale/extra_msgids.txt
Band,Yüzük,scripts/autoload/game_data/GameDataHeroes.gd:231
Talisman,Nazarlık,scripts/autoload/game_data/GameDataHeroes.gd:231
Tome,Cilt,scripts/autoload/game_data/GameDataHeroes.gd:231
Orb,Küre,scripts/autoload/game_data/GameDataHeroes.gd:231
Brutal,Acımasız,scripts/autoload/game_data/GameDataHeroes.gd:256
Savage,Vahşi,scripts/autoload/game_data/GameDataHeroes.gd:256
Ambushing,Pusucu,scripts/autoload/game_data/GameDataHeroes.gd:257
Sudden,Ani,scripts/autoload/game_data/GameDataHeroes.gd:257
Relentless,Amansız,scripts/autoload/game_data/GameDataHeroes.gd:258
Rising,Yükselen,scripts/autoload/game_data/GameDataHeroes.gd:258
Stalwart,Yiğit,scripts/autoload/game_data/GameDataHeroes.gd:259
Hardy,Dayanıklı,scripts/autoload/game_data/GameDataHeroes.gd:259
Warded,Korumalı,scripts/autoload/game_data/GameDataHeroes.gd:260
Bulwark,Siper,scripts/autoload/game_data/GameDataHeroes.gd:260
Mending,Şifalı,scripts/autoload/game_data/GameDataHeroes.gd:261
Restorative,Onarıcı,scripts/autoload/game_data/GameDataHeroes.gd:261
Evasive,Kaçamak,scripts/autoload/game_data/GameDataHeroes.gd:262
Nimble,Çevik,scripts/autoload/game_data/GameDataHeroes.gd:262
Swift,Hızlı,scripts/autoload/game_data/GameDataHeroes.gd:263
Fleet,Seri,scripts/autoload/game_data/GameDataHeroes.gd:263
of Ruin,Yıkım,scripts/autoload/game_data/GameDataHeroes.gd:266
of Slaughter,Katliam,scripts/autoload/game_data/GameDataHeroes.gd:266
of First Blood,İlk Kan,scripts/autoload/game_data/GameDataHeroes.gd:267
of the Ambush,Pusu,scripts/autoload/game_data/GameDataHeroes.gd:267
of Escalation,Tırmanış,scripts/autoload/game_data/GameDataHeroes.gd:268
of the Storm,Fırtına,scripts/autoload/game_data/GameDataHeroes.gd:268
of Vitality,Canlılık,scripts/autoload/game_data/GameDataHeroes.gd:269
of Fortitude,Metanet,scripts/autoload/game_data/GameDataHeroes.gd:269
of Mending,Şifa,scripts/autoload/game_data/GameDataHeroes.gd:271
of Evasion,Kaçınma,scripts/autoload/game_data/GameDataHeroes.gd:272
of Shadows,Gölgeler,scripts/autoload/game_data/GameDataHeroes.gd:272
First-strike,İlk vuruş,scripts/autoload/game_data/GameDataHeroes.gd:281
bonus damage on the party's opening round of every fight,her dövüşün ilk turunda ekibe ek hasar,scripts/autoload/game_data/GameDataHeroes.gd:281
per round \\(stacking\\)|escalat\\w*,birikir|tırmanış\\w*|artan hasar\\w*,scripts/autoload/game_data/GameDataHeroes.gd:282
Escalation,Tırmanış,scripts/autoload/game_data/GameDataHeroes.gd:282
damage that keeps growing every round the fight goes on,dövüş sürdükçe her tur artan hasar,scripts/autoload/game_data/GameDataHeroes.gd:282
hazard severity|hazard guard,tehlike şiddeti\\w*|tehlike koruması\\w*,scripts/autoload/game_data/GameDataHeroes.gd:283
Hazard guard,Tehlike koruması,scripts/autoload/game_data/GameDataHeroes.gd:283
"cuts the damage rift hazards (traps, fog, lava) deal to the party","yarık tehlikelerinin (tuzak, sis, lav) ekibe verdiği hasarı azaltır",scripts/autoload/game_data/GameDataHeroes.gd:283
block a retaliation|dodge,kaçınma\\w*|kaçın\\w*|karşılık vuruşu engel\\w*,scripts/autoload/game_data/GameDataHeroes.gd:284
Dodge,Kaçınma,scripts/autoload/game_data/GameDataHeroes.gd:284
chance to avoid a monster's attack completely,bir canavarın saldırısından tamamen kaçınma şansı,scripts/autoload/game_data/GameDataHeroes.gd:284
mends?|mending,[iİ]yileş\\w*,scripts/autoload/game_data/GameDataHeroes.gd:285
Mend,İyileştirme,scripts/autoload/game_data/GameDataHeroes.gd:285
the party heals a share of its HP at the end of every round,ekip her turun sonunda canının bir kısmını iyileştirir,scripts/autoload/game_data/GameDataHeroes.gd:285
survive a wipe|wipe guard,yok olma koruması\\w*|tüm ekip düşerken|ekip düşünce,scripts/autoload/game_data/GameDataHeroes.gd:286
Wipe guard,Yok olma koruması,scripts/autoload/game_data/GameDataHeroes.gd:286
"once per rift, the last hero standing survives a killing blow","yarık başına bir kez, ayakta kalan son kahraman öldürücü bir darbeden sağ çıkar",scripts/autoload/game_data/GameDataHeroes.gd:286
take the hit|intercept,araya girme\\w*|darbeyi alma\\w*,scripts/autoload/game_data/GameDataHeroes.gd:287
Intercept,Araya girme,scripts/autoload/game_data/GameDataHeroes.gd:287
step in front of an attack aimed at a wounded ally,yaralı bir müttefike yönelen saldırının önüne geç,scripts/autoload/game_data/GameDataHeroes.gd:287
counter-attack|counters?,karşı saldırı\\w*,scripts/autoload/game_data/GameDataHeroes.gd:288
Counter,Karşı saldırı,scripts/autoload/game_data/GameDataHeroes.gd:288
strike back at the attacker after dodging or taking a heavy hit,kaçındıktan ya da ağır darbe aldıktan sonra saldırgana karşılık ver,scripts/autoload/game_data/GameDataHeroes.gd:288
finish foes|execute,[iİ]nfaz\\w*|düşmanları bitir,scripts/autoload/game_data/GameDataHeroes.gd:289
Execute,İnfaz,scripts/autoload/game_data/GameDataHeroes.gd:289
instantly defeats a foe your hit leaves below the threshold,vuruşunun eşiğin altında bıraktığı düşmanı anında yener,scripts/autoload/game_data/GameDataHeroes.gd:289
act again,yeniden hamle\\w*|yeniden davran\\w*,scripts/autoload/game_data/GameDataHeroes.gd:290
Extra turn,Ek sıra,scripts/autoload/game_data/GameDataHeroes.gd:290
"the hero immediately takes another turn, once per round","kahraman hemen bir sıra daha oynar, tur başına bir kez",scripts/autoload/game_data/GameDataHeroes.gd:290
shields?,kalkan\\w*,scripts/autoload/game_data/GameDataHeroes.gd:291
Shield,Kalkan,scripts/autoload/game_data/GameDataHeroes.gd:291
absorbs incoming damage before HP is lost,can kaybedilmeden önce gelen hasarı emer,scripts/autoload/game_data/GameDataHeroes.gd:291
acting first|acting last,[iİ]lk davran\\w*|son davran\\w*|önce davran\\w*,scripts/autoload/game_data/GameDataHeroes.gd:292
Turn order,Sıra,scripts/autoload/game_data/GameDataHeroes.gd:292
everyone acts in Speed order each round; first/last means this round's order,her tur herkes Hız sırasıyla davranır; ilk/son bu turun sırası demektir,scripts/autoload/game_data/GameDataHeroes.gd:292
turn speed|speed,sıra hızı\\w*|hız|hızı|hızın\\w*,scripts/autoload/game_data/GameDataHeroes.gd:293
Speed,Hız,scripts/autoload/game_data/GameDataHeroes.gd:293
"sets turn order each round, faster acts earlier","her tur sırayı belirler, hızlı olan önce davranır",scripts/autoload/game_data/GameDataHeroes.gd:293
front row|back row,ön sıra\\w*|arka sıra\\w*,scripts/autoload/game_data/GameDataHeroes.gd:294
Formation,Diziliş,scripts/autoload/game_data/GameDataHeroes.gd:294
the front row draws about 3x as many monster attacks as the back row,"ön sıra, arka sıradan yaklaşık 3 kat fazla canavar saldırısı çeker",scripts/autoload/game_data/GameDataHeroes.gd:294
Opener,Açılışçı,scripts/autoload/game_data/GameDataHeroes.gd:295
"win fast: first-strike, speed and round-one bursts","hızlı kazan: ilk vuruş, hız ve ilk tur patlamaları",scripts/autoload/game_data/GameDataHeroes.gd:295
Attrition,Yıpratıcı,scripts/autoload/game_data/GameDataHeroes.gd:296
win long fights: bonuses that grow with every round,uzun dövüşleri kazan: her turla büyüyen bonuslar,scripts/autoload/game_data/GameDataHeroes.gd:296
Guardian,Muhafız,scripts/autoload/game_data/GameDataHeroes.gd:297
"keep the party standing: HP, hazard/wipe guard, intercepts","ekibi ayakta tut: can, tehlike/yok olma koruması, araya girmeler",scripts/autoload/game_data/GameDataHeroes.gd:297
Evasion,Sıyrılma,scripts/autoload/game_data/GameDataHeroes.gd:298
avoid hits: dodge and punishing counters,darbelerden kaçın: kaçınma ve cezalandırıcı karşı saldırılar,scripts/autoload/game_data/GameDataHeroes.gd:298
Sustain,Dayanıklılık,scripts/autoload/game_data/GameDataHeroes.gd:299
"outlast: mending, lifesteal and shields","dayan: iyileşme, can çalma ve kalkanlar",scripts/autoload/game_data/GameDataHeroes.gd:299
Executioner,Cellat,scripts/autoload/game_data/GameDataHeroes.gd:300
"finish things: raw damage, executes, boss killing","işi bitir: saf hasar, infazlar, boss öldürme",scripts/autoload/game_data/GameDataHeroes.gd:300
(*UCP)(?i)\\b(,,scripts/autoload/game_data/GameDataHeroes.gd:321
Killer's Eye,Katil Gözü,scripts/autoload/game_data/GameDataHeroes.gd:349
Bloodrush,Kan Coşkusu,scripts/autoload/game_data/GameDataHeroes.gd:350
Headhunter,Kelle Avcısı,scripts/autoload/game_data/GameDataHeroes.gd:351
Stand Firm,Sağlam Dur,scripts/autoload/game_data/GameDataHeroes.gd:354
Protector,Koruyucu,scripts/autoload/game_data/GameDataHeroes.gd:355
Unbowed,Boyun Eğmez,scripts/autoload/game_data/GameDataHeroes.gd:356
Quick Draw,Hızlı Çekiş,scripts/autoload/game_data/GameDataHeroes.gd:359
Ambusher,Pusucu,scripts/autoload/game_data/GameDataHeroes.gd:360
Opening Salvo,Açılış Yaylımı,scripts/autoload/game_data/GameDataHeroes.gd:361
Second Wind,İkinci Nefes,scripts/autoload/game_data/GameDataHeroes.gd:364
Long Fight,Uzun Dövüş,scripts/autoload/game_data/GameDataHeroes.gd:365
Wear Them Down,Yıpratma,scripts/autoload/game_data/GameDataHeroes.gd:366
Field Medic,Saha Hekimi,scripts/autoload/game_data/GameDataHeroes.gd:369
Siphon,Emici,scripts/autoload/game_data/GameDataHeroes.gd:370
Rallying Word,Toparlayan Söz,scripts/autoload/game_data/GameDataHeroes.gd:371
Wary,Tetikte,scripts/autoload/game_data/GameDataHeroes.gd:374
Brace,Siper,scripts/autoload/game_data/GameDataHeroes.gd:375
Covering Stance,Kollayan Duruş,scripts/autoload/game_data/GameDataHeroes.gd:376
Riposte,Karşılık,scripts/autoload/game_data/GameDataHeroes.gd:380
Back-Row Shadow,Arka Sıra Gölgesi,scripts/autoload/game_data/GameDataHeroes.gd:381
Last Bastion,Son Burç,scripts/autoload/game_data/GameDataHeroes.gd:384
Oathkeeper,Yemin Bekçisi,scripts/autoload/game_data/GameDataHeroes.gd:385
Rally,Toparlan,scripts/autoload/game_data/GameDataHeroes.gd:386
Giant's Bane,Dev Belası,scripts/autoload/game_data/GameDataHeroes.gd:389
Crushing Blow,Ezici Darbe,scripts/autoload/game_data/GameDataHeroes.gd:390
Apex,Zirve,scripts/autoload/game_data/GameDataHeroes.gd:391
Vanguard,Öncü,scripts/autoload/game_data/GameDataHeroes.gd:400
Flanker,Kanat Vurucusu,scripts/autoload/game_data/GameDataHeroes.gd:402
Overwatch,Gözcü,scripts/autoload/game_data/GameDataHeroes.gd:404
Safe Distance,Güvenli Mesafe,scripts/autoload/game_data/GameDataHeroes.gd:406
Sanctuary Line,Sığınak Hattı,scripts/autoload/game_data/GameDataHeroes.gd:408
Might,Kudret,scripts/autoload/game_data/GameDataHeroes.gd:492
Agility,Çeviklik,scripts/autoload/game_data/GameDataHeroes.gd:492
+2% damage and +1.5% HP per point above 5,"5'in üstündeki her puan için +%2 hasar ve +%1,5 can",scripts/autoload/game_data/GameDataHeroes.gd:502
"+2% speed, +1.5% dodge and +2% first-strike per point above 5","5'in üstündeki her puan için +%2 hız, +%1,5 kaçınma ve +%2 ilk vuruş",scripts/autoload/game_data/GameDataHeroes.gd:503
+4% ability power and +0.2% mend per point above 5,"5'in üstündeki her puan için +%4 yetenek gücü ve +%0,2 iyileşme",scripts/autoload/game_data/GameDataHeroes.gd:504
Healing Tonic,Şifa Toniği,scripts/autoload/game_data/GameDataHeroes.gd:539
"Heals an ally 35% of max HP and cleanses burn, poison, chill, stun and curses.","Bir müttefiki en yüksek canının %35'i kadar iyileştirir; yanma, zehir, üşüme, sersemlik ve lanetleri temizler.",scripts/autoload/game_data/GameDataHeroes.gd:540
Iron Tonic,Demir Toniği,scripts/autoload/game_data/GameDataHeroes.gd:541
Wards an ally for 30% of their max HP.,Bir müttefike en yüksek canının %30'u kadar koruma verir.,scripts/autoload/game_data/GameDataHeroes.gd:542
Focus Tonic,Odak Toniği,scripts/autoload/game_data/GameDataHeroes.gd:543
+3 Momentum for the party.,Ekibe +3 İvme.,scripts/autoload/game_data/GameDataHeroes.gd:544
Ambush,Pusu,scripts/autoload/game_data/GameDataHeroes.gd:600
of the Headsman,Cellat,scripts/autoload/game_data/GameDataHeroes.gd:601
Bloodthirst,Kan Susuzluğu,scripts/autoload/game_data/GameDataHeroes.gd:602
of Thirst,Susuzluk,scripts/autoload/game_data/GameDataHeroes.gd:602
Surge,Dalga,scripts/autoload/game_data/GameDataHeroes.gd:603
of the Surge,Dalga,scripts/autoload/game_data/GameDataHeroes.gd:603
Thunderclap,Gök Gürlemesi,scripts/autoload/game_data/GameDataHeroes.gd:604
of Thunder,Gök Gürültüsü,scripts/autoload/game_data/GameDataHeroes.gd:604
of the Long Fight,Uzun Savaş,scripts/autoload/game_data/GameDataHeroes.gd:605
Onslaught,Saldırı Seli,scripts/autoload/game_data/GameDataHeroes.gd:606
of Onslaught,Saldırı Seli,scripts/autoload/game_data/GameDataHeroes.gd:606
of Riposte,Karşı Hamle,scripts/autoload/game_data/GameDataHeroes.gd:609
Shield-Bearer,Kalkan Taşıyıcı,scripts/autoload/game_data/GameDataHeroes.gd:610
of the Shield-Bearer,Kalkan Taşıyıcı,scripts/autoload/game_data/GameDataHeroes.gd:610
Blunting,Körelme,scripts/autoload/game_data/GameDataHeroes.gd:611
of Blunting,Körelme,scripts/autoload/game_data/GameDataHeroes.gd:611
Aegis,Egis,scripts/autoload/game_data/GameDataHeroes.gd:613
of the Aegis,Egis,scripts/autoload/game_data/GameDataHeroes.gd:613
Renewal,Yenilenme,scripts/autoload/game_data/GameDataHeroes.gd:616
Grace,İnayet,scripts/autoload/game_data/GameDataHeroes.gd:617
of Grace,İnayet,scripts/autoload/game_data/GameDataHeroes.gd:617
Blur,Bulanıklık,scripts/autoload/game_data/GameDataHeroes.gd:618
of the Blur,Bulanıklık,scripts/autoload/game_data/GameDataHeroes.gd:618
Giant-Slayer,Dev Avcısı,scripts/autoload/game_data/GameDataHeroes.gd:619
of Giants,Devler,scripts/autoload/game_data/GameDataHeroes.gd:619
of Focus,Odak,scripts/autoload/game_data/GameDataHeroes.gd:620
A guild recruit swinging a borrowed blade.,Ödünç bir kılıç sallayan lonca acemisi.,scripts/autoload/game_data/GameDataHeroes.gd:671
"Slow, sturdy, and hard to put down.","Yavaş, dayanıklı ve devirmesi zor.",scripts/autoload/game_data/GameDataHeroes.gd:672
Wins the exchange before it starts.,Çatışmayı başlamadan kazanır.,scripts/autoload/game_data/GameDataHeroes.gd:673
A wall with opinions.,Fikirleri olan bir duvar.,scripts/autoload/game_data/GameDataHeroes.gd:674
Considers armor a personal insult.,Zırhı kişisel bir hakaret sayar.,scripts/autoload/game_data/GameDataHeroes.gd:675
"Rift-forged plate, dented and unbothered.",Yarıkta dövülmüş zırh; ezik ama umursamaz.,scripts/autoload/game_data/GameDataHeroes.gd:676
Trades wounds and wins the trade.,Yara takas eder ve takası kazanır.,scripts/autoload/game_data/GameDataHeroes.gd:677
Runeblade,Rün Kılıcı,scripts/autoload/game_data/GameDataHeroes.gd:678
Every strike is already inscribed.,Her vuruş önceden yazılmıştır.,scripts/autoload/game_data/GameDataHeroes.gd:678
Ashen Templar,Küllü Tapınakçı,scripts/autoload/game_data/GameDataHeroes.gd:679
Has died before. Didn't care for it.,Daha önce öldü. Pek hoşlanmadı.,scripts/autoload/game_data/GameDataHeroes.gd:679
Rift Sovereign,Yarık Hükümdarı,scripts/autoload/game_data/GameDataHeroes.gd:680
The Rift answers to almost nothing. Almost.,Yarık neredeyse hiçbir şeye boyun eğmez. Neredeyse.,scripts/autoload/game_data/GameDataHeroes.gd:680
Patches the party between swings.,Kılıç savuruşları arasında ekibi yamalar.,scripts/autoload/game_data/GameDataHeroes.gd:683
"Heavy armor, light feet.","Ağır zırh, hafif ayaklar.",scripts/autoload/game_data/GameDataHeroes.gd:684
"First through the door, first to swing.","Kapıdan ilk giren, ilk vuran.",scripts/autoload/game_data/GameDataHeroes.gd:685
The cold never bothered the plate much.,Soğuk zırhı pek rahatsız etmedi.,scripts/autoload/game_data/GameDataHeroes.gd:686
"Gets angrier, not slower.","Yavaşlamaz, öfkelenir.",scripts/autoload/game_data/GameDataHeroes.gd:687
"The last thing standing, on principle.",Prensip gereği ayakta kalan son şey.,scripts/autoload/game_data/GameDataHeroes.gd:688
Stormguard,Fırtına Muhafızı,scripts/autoload/game_data/GameDataHeroes.gd:689
Meets the charge before it lands.,Hücumu inmeden karşılar.,scripts/autoload/game_data/GameDataHeroes.gd:689
Rift-Breaker,Yarık Kıran,scripts/autoload/game_data/GameDataHeroes.gd:690
Puts the first crack in anything.,Her şeye ilk çatlağı açar.,scripts/autoload/game_data/GameDataHeroes.gd:690
Sets more snares than the Rift can spring.,Yarığın tetikleyebileceğinden fazla tuzak kurar.,scripts/autoload/game_data/GameDataHeroes.gd:692
Improvises a weapon out of whatever's at hand.,Eline ne geçerse ondan silah uydurur.,scripts/autoload/game_data/GameDataHeroes.gd:693
Already knows where the floor gives way.,Zeminin nerede çökeceğini zaten bilir.,scripts/autoload/game_data/GameDataHeroes.gd:694
One arrow. Rarely needs a second.,Tek ok. Nadiren ikincisi gerekir.,scripts/autoload/game_data/GameDataHeroes.gd:695
The opening strike is the whole performance.,Açılış vuruşu gösterinin ta kendisi.,scripts/autoload/game_data/GameDataHeroes.gd:696
Has walked through worse hallways than this.,Bundan beter koridorlardan geçti.,scripts/autoload/game_data/GameDataHeroes.gd:697
Follows the lightning instead of waiting for thunder.,"Gök gürültüsünü beklemez, şimşeği izler.",scripts/autoload/game_data/GameDataHeroes.gd:698
Reads a hallway before it reads back.,Koridor onu okumadan o koridoru okur.,scripts/autoload/game_data/GameDataHeroes.gd:699
Sets the trap the Rift walks into instead.,Yarığın içine düşeceği tuzağı o kurar.,scripts/autoload/game_data/GameDataHeroes.gd:700
Voidwalker,Boşluk Yürüyücüsü,scripts/autoload/game_data/GameDataHeroes.gd:701
Half-stepped out of the fight before it began.,Dövüş başlamadan yarı yarıya dışına adım atmıştı.,scripts/autoload/game_data/GameDataHeroes.gd:701
Tracks by scent when the light gives out.,Işık bitince kokuyla iz sürer.,scripts/autoload/game_data/GameDataHeroes.gd:704
Knows exactly where to put an arrow.,Oku tam nereye atacağını bilir.,scripts/autoload/game_data/GameDataHeroes.gd:705
Watches the dark so the party doesn't have to.,Ekip bakmasın diye karanlığı o izler.,scripts/autoload/game_data/GameDataHeroes.gd:706
Field dressings from whatever's growing nearby.,Yakında ne yetişiyorsa ondan sargı.,scripts/autoload/game_data/GameDataHeroes.gd:707
Gone before the echo catches up.,Yankı yetişmeden gitmiştir.,scripts/autoload/game_data/GameDataHeroes.gd:708
The wind carries the first shot true.,Rüzgâr ilk atışı isabetle taşır.,scripts/autoload/game_data/GameDataHeroes.gd:709
Rift-Piercer,Yarık Delen,scripts/autoload/game_data/GameDataHeroes.gd:710
Finds the one seam every ward has.,Her korumanın tek zayıf dikişini bulur.,scripts/autoload/game_data/GameDataHeroes.gd:710
Wintertide Archer,Kış Dalgası Okçusu,scripts/autoload/game_data/GameDataHeroes.gd:711
Colder with every arrow loosed.,Attığı her okla daha soğuk.,scripts/autoload/game_data/GameDataHeroes.gd:711
Rift-Eclipsed Warden,Yarık Tutulması Bekçisi,scripts/autoload/game_data/GameDataHeroes.gd:712
Every shadow in the Rift owes her an arrow.,Yarıktaki her gölge ona bir ok borçlu.,scripts/autoload/game_data/GameDataHeroes.gd:712
Still learning to hold a spark steady.,Bir kıvılcımı sabit tutmayı hâlâ öğreniyor.,scripts/autoload/game_data/GameDataHeroes.gd:714
"Sparks first, thinks second.","Önce kıvılcım, sonra düşünce.",scripts/autoload/game_data/GameDataHeroes.gd:715
Sees the trap a half-second before it triggers.,Tuzağı tetiklenmeden yarım saniye önce görür.,scripts/autoload/game_data/GameDataHeroes.gd:716
Every spell warms up the next.,Her büyü bir sonrakini ısıtır.,scripts/autoload/game_data/GameDataHeroes.gd:717
Studies the Rift's cold so it can't study back.,Yarığın soğuğunu inceler ki o da onu inceleyemesin.,scripts/autoload/game_data/GameDataHeroes.gd:718
Weaves a ward faster than the Rift can break it.,Yarığın kırabileceğinden hızlı koruma örer.,scripts/autoload/game_data/GameDataHeroes.gd:719
Calls down more with every passing second.,Geçen her saniyeyle daha fazlasını çağırır.,scripts/autoload/game_data/GameDataHeroes.gd:720
Pyromancer,Ateş Büyücüsü,scripts/autoload/game_data/GameDataHeroes.gd:721
The Rift itself seems to lean away.,Yarığın kendisi bile geri çekiliyor gibi.,scripts/autoload/game_data/GameDataHeroes.gd:721
Archon of Storms,Fırtınaların Arkonu,scripts/autoload/game_data/GameDataHeroes.gd:722
Opens every Warden's door with thunder.,Her Bekçinin kapısını gök gürültüsüyle açar.,scripts/autoload/game_data/GameDataHeroes.gd:722
The Unbound,Zincirsiz,scripts/autoload/game_data/GameDataHeroes.gd:723
No name holds it. No floor stops it.,Hiçbir ad onu tutamaz. Hiçbir kat onu durduramaz.,scripts/autoload/game_data/GameDataHeroes.gd:723
Grows a ward out of nothing but will.,Yalnızca iradeden bir koruma büyütür.,scripts/autoload/game_data/GameDataHeroes.gd:726
The first spell is always the quiet one.,İlk büyü hep sessiz olandır.,scripts/autoload/game_data/GameDataHeroes.gd:727
Turns skin to something closer to bark.,Deriyi kabuğa yakın bir şeye çevirir.,scripts/autoload/game_data/GameDataHeroes.gd:728
Bargains with the dark for one more round.,Bir tur daha için karanlıkla pazarlık eder.,scripts/autoload/game_data/GameDataHeroes.gd:729
Reads the future in root and leaf.,Geleceği kökte ve yaprakta okur.,scripts/autoload/game_data/GameDataHeroes.gd:730
Sees the strike land before it's thrown.,Darbeyi savrulmadan inerken görür.,scripts/autoload/game_data/GameDataHeroes.gd:731
Ashbound Theorist,Küle Bağlı Kuramcı,scripts/autoload/game_data/GameDataHeroes.gd:732
Every equation ends in fire.,Her denklem ateşle biter.,scripts/autoload/game_data/GameDataHeroes.gd:732
Rift-Warden Magus,Yarık Bekçisi Magus,scripts/autoload/game_data/GameDataHeroes.gd:733
Wards the floor before the Rift finishes forming it.,Yarık zemini oluşturmayı bitirmeden zemini korur.,scripts/autoload/game_data/GameDataHeroes.gd:733
Sells bandages. Uses them too.,Sargı satar. Kullanır da.,scripts/autoload/game_data/GameDataHeroes.gd:735
"Prays quietly, heals quietly.","Sessizce dua eder, sessizce iyileştirir.",scripts/autoload/game_data/GameDataHeroes.gd:736
Carries a field kit for every wound.,Her yara için bir saha çantası taşır.,scripts/autoload/game_data/GameDataHeroes.gd:737
Swings a censer like it owes him money.,Buhurdanı borcu varmış gibi sallar.,scripts/autoload/game_data/GameDataHeroes.gd:738
Prays loudly enough to keep the party moving.,Ekibi yürütecek kadar yüksek sesle dua eder.,scripts/autoload/game_data/GameDataHeroes.gd:739
"Faith, mostly. A blade, occasionally.",Çoğunlukla inanç. Ara sıra da kılıç.,scripts/autoload/game_data/GameDataHeroes.gd:740
Faster hands than the Rift has wounds to give.,"Elleri, Yarığın açabileceği yaralardan hızlı.",scripts/autoload/game_data/GameDataHeroes.gd:741
Dawnkeeper,Şafak Bekçisi,scripts/autoload/game_data/GameDataHeroes.gd:742
Carries first light into the deepest floor.,İlk ışığı en derin kata taşır.,scripts/autoload/game_data/GameDataHeroes.gd:742
Sanctified Shield,Kutsanmış Kalkan,scripts/autoload/game_data/GameDataHeroes.gd:743
Swears the party will not fall today.,Ekibin bugün düşmeyeceğine yemin eder.,scripts/autoload/game_data/GameDataHeroes.gd:743
Alchemist,Simyacı,scripts/autoload/game_data/GameDataHeroes.gd:744
Brews faster than the Rift can wound.,Yarığın yaralayabileceğinden hızlı iksir yapar.,scripts/autoload/game_data/GameDataHeroes.gd:744
"Prays with a lit candle, not a cold one.","Sönmüş değil, yanan bir mumla dua eder.",scripts/autoload/game_data/GameDataHeroes.gd:747
Keeps the chill out of everyone but herself.,Soğuğu kendisi dışında herkesten uzak tutar.,scripts/autoload/game_data/GameDataHeroes.gd:748
Blesses the blade before it's needed.,Kılıcı gerekmeden önce kutsar.,scripts/autoload/game_data/GameDataHeroes.gd:749
A fire that doesn't go out in the cold.,Soğukta sönmeyen bir ateş.,scripts/autoload/game_data/GameDataHeroes.gd:750
"Absolves the Rift of its sins, briefly.",Yarığın günahlarını kısa bir süreliğine bağışlar.,scripts/autoload/game_data/GameDataHeroes.gd:751
"Fasts, prays, and somehow still heals faster.","Oruç tutar, dua eder ve yine de daha hızlı iyileştirir.",scripts/autoload/game_data/GameDataHeroes.gd:752
Radiant Vanguard,Işıltılı Öncü,scripts/autoload/game_data/GameDataHeroes.gd:753
"Leads with light, not caution.","Temkinle değil, ışıkla önderlik eder.",scripts/autoload/game_data/GameDataHeroes.gd:753
Sainted Ember,Aziz Kor,scripts/autoload/game_data/GameDataHeroes.gd:754
The Rift's worst still flinches from her first word.,Yarığın en kötüsü bile onun ilk sözünden irkilir.,scripts/autoload/game_data/GameDataHeroes.gd:754
Last-Light Martyr,Son Işık Şehidi,scripts/autoload/game_data/GameDataHeroes.gd:755
The party has never seen the floor she stood between them and.,"Ekip, onun önünde durduğu zemini hiç görmedi.",scripts/autoload/game_data/GameDataHeroes.gd:755
Knows which puddles not to step in.,Hangi su birikintisine basılmayacağını bilir.,scripts/autoload/game_data/GameDataHeroes.gd:757
Has never once stood and fought fair.,Hiçbir zaman durup adil dövüşmedi.,scripts/autoload/game_data/GameDataHeroes.gd:758
Leaves with more than they came with.,Geldiğinden fazlasıyla gider.,scripts/autoload/game_data/GameDataHeroes.gd:759
Never where the last swing landed.,Son darbenin indiği yerde asla bulunmaz.,scripts/autoload/game_data/GameDataHeroes.gd:760
Nobody's ever heard them arrive.,Geldiğini kimse duymadı.,scripts/autoload/game_data/GameDataHeroes.gd:761
The Rift barely notices it was there.,Yarık orada olduğunu zar zor fark eder.,scripts/autoload/game_data/GameDataHeroes.gd:762
Gets faster the longer no one catches them.,Kimse yakalamadıkça hızlanır.,scripts/autoload/game_data/GameDataHeroes.gd:763
Strikes from the dark and returns to it.,Karanlıktan vurur ve ona döner.,scripts/autoload/game_data/GameDataHeroes.gd:764
Leaves two footprints and no explanation.,"İki ayak izi bırakır, hiçbir açıklama bırakmaz.",scripts/autoload/game_data/GameDataHeroes.gd:765
Duskrunner,Alacakaranlık Koşucusu,scripts/autoload/game_data/GameDataHeroes.gd:766
Moves like the space between two heartbeats.,İki kalp atışı arasındaki boşluk gibi hareket eder.,scripts/autoload/game_data/GameDataHeroes.gd:766
Knows every plant the Rift hasn't poisoned yet.,Yarığın henüz zehirlemediği her bitkiyi bilir.,scripts/autoload/game_data/GameDataHeroes.gd:769
Steals more than coin from a warded vault.,Korunan bir kasadan paradan fazlasını çalar.,scripts/autoload/game_data/GameDataHeroes.gd:770
Tougher than a rogue has any right to be.,Bir haydudun olması gerekenden daha dayanıklı.,scripts/autoload/game_data/GameDataHeroes.gd:771
Reads a ward's seams like a lockpick reads a door.,Bir korumanın dikişlerini maymuncuğun kapıyı okuduğu gibi okur.,scripts/autoload/game_data/GameDataHeroes.gd:772
The undergrowth hides more than it seems to.,Çalılık göründüğünden fazlasını saklar.,scripts/autoload/game_data/GameDataHeroes.gd:773
Steps half out of reality when it matters.,Önemli anda gerçeklikten yarı yarıya çıkar.,scripts/autoload/game_data/GameDataHeroes.gd:774
Wraithblade Adept,Hayalet Kılıç Ustası,scripts/autoload/game_data/GameDataHeroes.gd:775
"Every strike thinner than the last, and faster.",Her vuruş bir öncekinden ince ve hızlı.,scripts/autoload/game_data/GameDataHeroes.gd:775
The Unseen Hand,Görünmeyen El,scripts/autoload/game_data/GameDataHeroes.gd:776
Already struck before the boss noticed it arrive.,Boss geldiğini fark etmeden çoktan vurmuştu.,scripts/autoload/game_data/GameDataHeroes.gd:776
The Final Cut,Son Kesik,scripts/autoload/game_data/GameDataHeroes.gd:777
Nothing has landed a hit since the Rift learned her name.,Yarık onun adını öğrendiğinden beri hiçbir şey ona isabet ettiremedi.,scripts/autoload/game_data/GameDataHeroes.gd:777
Bloodthirst Fang,Kana Susamış Diş,scripts/autoload/game_data/GameDataItems.gd:18
Heals the wielder for 25% of the damage they deal each round they attack. -15% hazard severity guard.,"Saldırdığı her tur, taşıyanı verdiği hasarın %25'i kadar iyileştirir. Tehlike şiddeti koruması -%15.",scripts/autoload/game_data/GameDataItems.gd:22
Widow's Edge,Dul Kılıcı,scripts/autoload/game_data/GameDataItems.gd:23
Instantly finishes a foe this hero's attack would drop below 15% HP. -10% damage otherwise.,Bu kahramanın saldırısı bir düşmanın canını %15'in altına düşürecekse onu anında bitirir. Aksi halde hasar -%10.,scripts/autoload/game_data/GameDataItems.gd:27
Last Stand Plate,Son Direniş Zırhı,scripts/autoload/game_data/GameDataItems.gd:28
"The lower this hero's HP, up to +30% dodge chance near death. -10% dodge chance at full HP.","Bu kahramanın canı düştükçe, ölüme yakınken en fazla +%30 kaçınma şansı. Tam canda kaçınma şansı -%10.",scripts/autoload/game_data/GameDataItems.gd:32
Oathbound Talisman,Yemine Bağlı Tılsım,scripts/autoload/game_data/GameDataItems.gd:33
"Whenever the party mends, also shields the lowest-HP ally for 15% of their max HP. -15% damage. Cleric only.","Ekip her iyileştiğinde, canı en düşük müttefike de en yüksek canının %15'i kadar kalkan verir. Hasar -%15. Yalnızca Rahip.",scripts/autoload/game_data/GameDataItems.gd:37
Reaper's Due,Azrailin Payı,scripts/autoload/game_data/GameDataItems.gd:40
"On a kill, this hero immediately acts again (once per round). -10% HP.",Öldürünce bu kahraman hemen yeniden davranır (tur başına bir kez). Can -%10.,scripts/autoload/game_data/GameDataItems.gd:44
Quickening Band,Hızlandıran Bilezik,scripts/autoload/game_data/GameDataItems.gd:45
+2% damage for every point of Speed above 10. -8% HP.,10'un üstündeki her Hız puanı için +%2 hasar. Can -%8.,scripts/autoload/game_data/GameDataItems.gd:49
Millstone Maul,Değirmen Taşı Gürzü,scripts/autoload/game_data/GameDataItems.gd:50
+50% damage when this hero is the last in the round to act. -40% Speed.,Bu kahraman turda en son davrandığında hasar +%50. Hız -%40.,scripts/autoload/game_data/GameDataItems.gd:54
Hourglass of First Light,İlk Işık Kum Saati,scripts/autoload/game_data/GameDataItems.gd:55
+40% damage when this hero acts first in the round. -8% HP.,Bu kahraman turda ilk davrandığında hasar +%40. Can -%8.,scripts/autoload/game_data/GameDataItems.gd:59
Warden's Oath,Bekçinin Yemini,scripts/autoload/game_data/GameDataItems.gd:60
60% chance to step in front of a blow aimed at an ally below half HP. -10% dodge chance.,Canı yarının altındaki bir müttefike yönelen darbenin önüne %60 ihtimalle geçer. Kaçınma şansı -%10.,scripts/autoload/game_data/GameDataItems.gd:64
Ember of the Last Hour,Son Saatin Koru,scripts/autoload/game_data/GameDataItems.gd:65
+45% damage while this hero is below 35% HP. -10% HP.,Bu kahramanın canı %35'in altındayken hasar +%45. Can -%10.,scripts/autoload/game_data/GameDataItems.gd:69
Chronoblade,Zaman Kılıcı,scripts/autoload/game_data/GameDataItems.gd:70
60% chance to cool every Ability by 1 round when this hero dodges or takes a heavy hit. -8% damage.,Bu kahraman kaçındığında ya da ağır darbe aldığında %60 ihtimalle tüm Yeteneklerin bekleme süresini 1 tur azaltır. Hasar -%8.,scripts/autoload/game_data/GameDataItems.gd:74
Bossbane Spear,Boss Belası Mızrak,scripts/autoload/game_data/GameDataItems.gd:75
+40% damage in Boss fights. -10% first-strike damage.,Boss dövüşlerinde hasar +%40. İlk vuruş hasarı -%10.,scripts/autoload/game_data/GameDataItems.gd:79
The Gambler's Gold,Kumarbazın Altını,scripts/autoload/game_data/GameDataItems.gd:89
"Each round: 50% chance the party's damage is doubled, 50% chance it's halved.","Her tur: %50 ihtimalle ekibin hasarı ikiye katlanır, %50 ihtimalle yarıya iner.",scripts/autoload/game_data/GameDataItems.gd:93
Ashes of the Fallen,Düşenlerin Külleri,scripts/autoload/game_data/GameDataItems.gd:94
-10% hazard severity guard,Tehlike şiddeti koruması -%10,scripts/autoload/game_data/GameDataItems.gd:96
"+damage the more wounded the party collectively is, up to +30% at the brink of death. -10% hazard severity guard.","Ekip toplamda ne kadar yaralıysa o kadar +hasar, ölümün eşiğinde en fazla +%30. Tehlike şiddeti koruması -%10.",scripts/autoload/game_data/GameDataItems.gd:98
Sable Standard,Samur Sancak,scripts/autoload/game_data/GameDataItems.gd:99
"+25% team damage, but only while every living hero shares the same role.","Ekip hasarı +%25, ama yalnızca ayaktaki tüm kahramanlar aynı roldeyken.",scripts/autoload/game_data/GameDataItems.gd:103
Twin Embers,İkiz Korlar,scripts/autoload/game_data/GameDataItems.gd:104
"+2% dmg/round (stacking) on its own. Paired with Ashes of the Fallen, that relic's desperation bonus doubles.",Tek başına tur başına +%2 hasar (birikir). Düşenlerin Külleri ile birlikte o kalıntının çaresizlik bonusu ikiye katlanır.,scripts/autoload/game_data/GameDataItems.gd:109
Phoenix Feather,Anka Tüyü,scripts/autoload/game_data/GameDataItems.gd:110
"Once per rift, when the whole party falls, everyone rises again at 30% HP.","Yarık başına bir kez, tüm ekip düştüğünde herkes %30 canla yeniden kalkar.",scripts/autoload/game_data/GameDataItems.gd:112
Warden's Seal,Bekçi Mührü,scripts/autoload/game_data/GameDataItems.gd:113
-20% hazard severity.,Tehlike şiddeti -%20.,scripts/autoload/game_data/GameDataItems.gd:116
Crown of Oaths,Yeminler Tacı,scripts/autoload/game_data/GameDataItems.gd:117
The Champion's Call can be used twice per rift.,Şampiyon Çağrısı yarık başına iki kez kullanılabilir.,scripts/autoload/game_data/GameDataItems.gd:119
Bloodpact Dagger,Kan Antlaşması Hançeri,scripts/autoload/game_data/GameDataItems.gd:120
"+35% team damage, but the party never mends between rounds.","Ekip hasarı +%35, ama ekip turlar arasında hiç iyileşmez.",scripts/autoload/game_data/GameDataItems.gd:122
Quartermaster's Ledger,Levazımcının Defteri,scripts/autoload/game_data/GameDataItems.gd:123
Quests pay 50% more Gold and Essence. +5% odds toward Rare/Epic loot.,Görevler %50 daha fazla Altın ve Öz öder. Nadir/Destansı ganimet için +%5 şans.,scripts/autoload/game_data/GameDataItems.gd:126
Lantern of the Lost,Kayıpların Feneri,scripts/autoload/game_data/GameDataItems.gd:127
Carrying a downed hero out of a rift costs no day. Mends 2% HP/round.,Düşmüş bir kahramanı yarıktan taşımak gün harcatmaz. Tur başına %2 can iyileştirir.,scripts/autoload/game_data/GameDataItems.gd:130
The Stopped Clock,Durmuş Saat,scripts/autoload/game_data/GameDataItems.gd:131
-15% first-strike damage,İlk vuruş hasarı -%15,scripts/autoload/game_data/GameDataItems.gd:132
Foes can't act in the first round of a fight. -15% first-strike damage.,Düşmanlar dövüşün ilk turunda davranamaz. İlk vuruş hasarı -%15.,scripts/autoload/game_data/GameDataItems.gd:133
Mirror Shard,Ayna Kırığı,scripts/autoload/game_data/GameDataItems.gd:134
Copies every special of your best other equipped relic.,Kuşandığın diğer en iyi kalıntının tüm özel güçlerini kopyalar.,scripts/autoload/game_data/GameDataItems.gd:136
Stormcaller Idol,Fırtına Çağıran Put,scripts/autoload/game_data/GameDataItems.gd:137
"Every third round, lightning strikes every foe for 60% of the party's damage.","Her üç turda bir, şimşek tüm düşmanlara ekip hasarının %60'ı kadar vurur.",scripts/autoload/game_data/GameDataItems.gd:140
Prism Heart,Prizma Kalp,scripts/autoload/game_data/GameDataItems.gd:141
+5% team damage for each different element among your standing heroes.,Ayaktaki kahramanlarındaki her farklı element için ekip hasarı +%5.,scripts/autoload/game_data/GameDataItems.gd:143
Warden's Shard,Bekçinin Parçası,scripts/autoload/game_data/GameDataItems.gd:174
Every kill mends the party 6%.,Her öldürme ekibi %6 iyileştirir.,scripts/autoload/game_data/GameDataItems.gd:175
Heart of the Rift,Yarığın Kalbi,scripts/autoload/game_data/GameDataItems.gd:176
"Every third round, a nova hits every foe for 40% of your damage.","Her üç turda bir, bir nova tüm düşmanlara hasarının %40'ı kadar vurur.",scripts/autoload/game_data/GameDataItems.gd:177
Gatekeeper's Key,Kapı Bekçisinin Anahtarı,scripts/autoload/game_data/GameDataItems.gd:183
+30% first-strike damage.,İlk vuruş hasarı +%30.,scripts/autoload/game_data/GameDataItems.gd:184
Mire Lantern,Bataklık Feneri,scripts/autoload/game_data/GameDataItems.gd:185
Mends 4% HP every round.,Her tur %4 can iyileştirir.,scripts/autoload/game_data/GameDataItems.gd:186
Cinder Brand,Kor Damga,scripts/autoload/game_data/GameDataItems.gd:187
+4% damage every round (stacking).,Her tur +%4 hasar (birikir).,scripts/autoload/game_data/GameDataItems.gd:188
Choir Bell,Koro Çanı,scripts/autoload/game_data/GameDataItems.gd:189
"Every third round, shields the whole party for 15% of max HP.","Her üç turda bir, tüm ekibe en yüksek canın %15'i kadar kalkan verir.",scripts/autoload/game_data/GameDataItems.gd:190
Tide Mirror,Gelgit Aynası,scripts/autoload/game_data/GameDataItems.gd:191
+12% dodge chance.,Kaçınma şansı +%12.,scripts/autoload/game_data/GameDataItems.gd:192
Regent's Crown,Naibin Tacı,scripts/autoload/game_data/GameDataItems.gd:193
+60% opening volley against bosses.,Bosslara karşı açılış yaylımı +%60.,scripts/autoload/game_data/GameDataItems.gd:194
Gravewright's Thread,Mezarcının İpliği,scripts/autoload/game_data/GameDataItems.gd:195
"Relic ward: once a fight, survive a wipe at 35% HP.","Kalıntı koruması: dövüş başına bir kez, tüm ekip düşerken %35 canla hayatta kal.",scripts/autoload/game_data/GameDataItems.gd:196
Oracle's Eye,Kâhinin Gözü,scripts/autoload/game_data/GameDataItems.gd:197
+30% chance to counter when evading or hit hard.,Kaçınınca ya da sert darbe alınca karşı saldırı şansı +%30.,scripts/autoload/game_data/GameDataItems.gd:198
Ashfather's Coal,Kül Atanın Kömürü,scripts/autoload/game_data/GameDataItems.gd:199
"Every third round, fire strikes every foe for 80% of the party's damage.","Her üç turda bir, ateş tüm düşmanlara ekip hasarının %80'i kadar vurur.",scripts/autoload/game_data/GameDataItems.gd:200
Summit Star,Zirve Yıldızı,scripts/autoload/game_data/GameDataItems.gd:201
"+5% damage every round (stacking), and every third round a starfall hits every foe for 100% of the party's damage.",Her tur +%5 hasar (birikir) ve her üç turda bir yıldız yağmuru tüm düşmanlara ekip hasarının %100'ü kadar vurur.,scripts/autoload/game_data/GameDataItems.gd:203
Blood,Kan,scripts/autoload/game_data/GameDataModes.gd:12
Steel,Çelik,scripts/autoload/game_data/GameDataModes.gd:13
Storm,Fırtına,scripts/autoload/game_data/GameDataModes.gd:14
Shadow,Gölge,scripts/autoload/game_data/GameDataModes.gd:15
Holy,Kutsal,scripts/autoload/game_data/GameDataModes.gd:16
Kindling,Çıra,scripts/autoload/game_data/GameDataModes.gd:19
+3% party damage every round (stacking).,Her tur +%3 ekip hasarı (birikir).,scripts/autoload/game_data/GameDataModes.gd:19
Blaze,Alev,scripts/autoload/game_data/GameDataModes.gd:20
+12% party damage.,Ekip hasarı +%12.,scripts/autoload/game_data/GameDataModes.gd:20
Pyre Burst,Odun Yığını Patlaması,scripts/autoload/game_data/GameDataModes.gd:21
"Every third round, fire strikes every foe for 35% of party damage.","Her üç turda bir, ateş tüm düşmanlara ekip hasarının %35'i kadar vurur.",scripts/autoload/game_data/GameDataModes.gd:21
Rime Coat,Kırağı Kaplaması,scripts/autoload/game_data/GameDataModes.gd:22
+8% dodge.,Kaçınma +%8.,scripts/autoload/game_data/GameDataModes.gd:22
Frostbite,Soğuk Isırığı,scripts/autoload/game_data/GameDataModes.gd:23
Evading or taking a heavy hit weakens the attacker.,Kaçınmak ya da ağır darbe almak saldırganı zayıflatır.,scripts/autoload/game_data/GameDataModes.gd:23
Ice Ward,Buz Koruması,scripts/autoload/game_data/GameDataModes.gd:24
"Every third round, shield the party for 8% of max HP.","Her üç turda bir, ekibe en yüksek canın %8'i kadar kalkan ver.",scripts/autoload/game_data/GameDataModes.gd:24
Leech,Sülük,scripts/autoload/game_data/GameDataModes.gd:25
Hits heal the attacker for 8% of the damage.,Darbeler saldırganı hasarın %8'i kadar iyileştirir.,scripts/autoload/game_data/GameDataModes.gd:25
Frenzy,Çılgınlık,scripts/autoload/game_data/GameDataModes.gd:26
+10% party damage.,Ekip hasarı +%10.,scripts/autoload/game_data/GameDataModes.gd:26
Feast,Ziyafet,scripts/autoload/game_data/GameDataModes.gd:27
Each kill mends the party for 6% of max HP.,Her öldürme ekibi en yüksek canın %6'sı kadar iyileştirir.,scripts/autoload/game_data/GameDataModes.gd:27
+20% chance to counter when evading or hit hard.,Kaçınınca ya da sert darbe alınca karşı saldırı şansı +%20.,scripts/autoload/game_data/GameDataModes.gd:28
20% chance to take a hit meant for a wounded ally.,Yaralı bir müttefike yönelen darbeyi %20 ihtimalle üstlenir.,scripts/autoload/game_data/GameDataModes.gd:29
Tempered,Tavlanmış,scripts/autoload/game_data/GameDataModes.gd:30
"Once a fight, survive a wipe at 25% HP.","Dövüş başına bir kez, tüm ekip düşerken %25 canla hayatta kal.",scripts/autoload/game_data/GameDataModes.gd:30
Static,Statik,scripts/autoload/game_data/GameDataModes.gd:32
+30% chance to gain 1 Momentum when evading or hit hard.,Kaçınınca ya da sert darbe alınca %30 ihtimalle 1 İvme kazan.,scripts/autoload/game_data/GameDataModes.gd:32
Each kill arcs lightning into every foe for 30% of party damage.,Her öldürme tüm düşmanlara ekip hasarının %30'u kadar şimşek sıçratır.,scripts/autoload/game_data/GameDataModes.gd:33
Reaper,Biçici,scripts/autoload/game_data/GameDataModes.gd:34
Hits finish off foes left below 12% HP.,Darbeler canı %12'nin altında kalan düşmanları bitirir.,scripts/autoload/game_data/GameDataModes.gd:34
+40% opening volley against bosses.,Bosslara karşı açılış yaylımı +%40.,scripts/autoload/game_data/GameDataModes.gd:35
Veil,Peçe,scripts/autoload/game_data/GameDataModes.gd:36
+6% dodge and +6% party damage.,Kaçınma +%6 ve ekip hasarı +%6.,scripts/autoload/game_data/GameDataModes.gd:36
Mends 3% HP every round.,Her tur %3 can iyileştirir.,scripts/autoload/game_data/GameDataModes.gd:37
Each kill shields the weakest ally for 12% of max HP.,Her öldürme en zayıf müttefike en yüksek canın %12'si kadar kalkan verir.,scripts/autoload/game_data/GameDataModes.gd:38
Hymn,İlahi,scripts/autoload/game_data/GameDataModes.gd:39
"Every third round, mend the party for 5% of max HP.","Her üç turda bir, ekibi en yüksek canın %5'i kadar iyileştir.",scripts/autoload/game_data/GameDataModes.gd:39
Ember ×2,Kor ×2,scripts/autoload/game_data/GameDataModes.gd:44
+8% party damage.,Ekip hasarı +%8.,scripts/autoload/game_data/GameDataModes.gd:44
Inferno,Cehennem Ateşi,scripts/autoload/game_data/GameDataModes.gd:44
"Every third round, fire hits every foe for 60% of party damage.","Her üç turda bir, ateş tüm düşmanlara ekip hasarının %60'ı kadar vurur.",scripts/autoload/game_data/GameDataModes.gd:44
Frost ×2,Ayaz ×2,scripts/autoload/game_data/GameDataModes.gd:45
+6% dodge.,Kaçınma +%6.,scripts/autoload/game_data/GameDataModes.gd:45
Glacier,Buzul,scripts/autoload/game_data/GameDataModes.gd:45
"Every third round, shield the party for 15%.","Her üç turda bir, ekibe %15 kalkan ver.",scripts/autoload/game_data/GameDataModes.gd:45
Blood ×2,Kan ×2,scripts/autoload/game_data/GameDataModes.gd:46
Mends 2% HP every round.,Her tur %2 can iyileştirir.,scripts/autoload/game_data/GameDataModes.gd:46
Crimson Pact,Kızıl Antlaşma,scripts/autoload/game_data/GameDataModes.gd:46
Hits heal for 15% of the damage.,Darbeler hasarın %15'i kadar iyileştirir.,scripts/autoload/game_data/GameDataModes.gd:46
Steel ×2,Çelik ×2,scripts/autoload/game_data/GameDataModes.gd:47
+10% counter chance.,Karşı saldırı şansı +%10.,scripts/autoload/game_data/GameDataModes.gd:47
Iron Wall,Demir Duvar,scripts/autoload/game_data/GameDataModes.gd:47
Each kill shields the weakest ally for 20%.,Her öldürme en zayıf müttefike %20 kalkan verir.,scripts/autoload/game_data/GameDataModes.gd:47
Storm ×2,Fırtına ×2,scripts/autoload/game_data/GameDataModes.gd:48
+15% first-strike damage.,İlk vuruş hasarı +%15.,scripts/autoload/game_data/GameDataModes.gd:48
Tempest,Kasırga,scripts/autoload/game_data/GameDataModes.gd:48
Evading or taking a heavy hit can grant an extra turn.,Kaçınmak ya da ağır darbe almak ek bir sıra kazandırabilir.,scripts/autoload/game_data/GameDataModes.gd:48
Shadow ×2,Gölge ×2,scripts/autoload/game_data/GameDataModes.gd:49
+6% party damage.,Ekip hasarı +%6.,scripts/autoload/game_data/GameDataModes.gd:49
Deathmark,Ölüm İşareti,scripts/autoload/game_data/GameDataModes.gd:49
Hits finish off foes below 20% HP.,Darbeler canı %20'nin altındaki düşmanları bitirir.,scripts/autoload/game_data/GameDataModes.gd:49
Holy ×2,Kutsal ×2,scripts/autoload/game_data/GameDataModes.gd:50
Sanctuary,Sığınak,scripts/autoload/game_data/GameDataModes.gd:50
"Once a fight, survive a wipe at 30% HP.","Dövüş başına bir kez, tüm ekip düşerken %30 canla hayatta kal.",scripts/autoload/game_data/GameDataModes.gd:50
Ironclad,Demir Kaplı,scripts/autoload/game_data/GameDataModes.gd:76
Every foe is armored (at least 30% of basic attacks shrugged off). Abilities ignore armor.,Tüm düşmanlar zırhlı (temel saldırıların en az %30'u savuşturulur). Yetenekler zırhı yok sayar.,scripts/autoload/game_data/GameDataModes.gd:76
Scorching,Kavurucu,scripts/autoload/game_data/GameDataModes.gd:77
Every foe's hits can set a hero ablaze.,Tüm düşmanların darbeleri bir kahramanı tutuşturabilir.,scripts/autoload/game_data/GameDataModes.gd:77
Frostbound,Ayaza Bağlı,scripts/autoload/game_data/GameDataModes.gd:78
Every foe's hits can chill a hero (acts late).,Tüm düşmanların darbeleri bir kahramanı üşütebilir (geç davranır).,scripts/autoload/game_data/GameDataModes.gd:78
Swarm,Sürü,scripts/autoload/game_data/GameDataModes.gd:79
Extra foes join the fight.,Dövüşe fazladan düşmanlar katılır.,scripts/autoload/game_data/GameDataModes.gd:79
Every foe winds up heavy blows far more often. Defend!,Tüm düşmanlar çok daha sık ağır darbe için güç toplar. Savun!,scripts/autoload/game_data/GameDataModes.gd:80
Colossus,Dev,scripts/autoload/game_data/GameDataModes.gd:81
A single foe with double health.,İki kat canı olan tek bir düşman.,scripts/autoload/game_data/GameDataModes.gd:81
Glass Cannon,Cam Top,scripts/autoload/game_data/GameDataModes.gd:82
Foes hit 40% harder but have 30% less health.,Düşmanlar %40 daha sert vurur ama %30 daha az canları var.,scripts/autoload/game_data/GameDataModes.gd:82
Foes have 50% more health but hit 20% softer.,Düşmanların %50 daha fazla canı var ama %20 daha yumuşak vururlar.,scripts/autoload/game_data/GameDataModes.gd:83
Trio,Üçlü,scripts/autoload/game_data/GameDataModes.gd:84
At most 3 heroes.,En fazla 3 kahraman.,scripts/autoload/game_data/GameDataModes.gd:84
Duo,İkili,scripts/autoload/game_data/GameDataModes.gd:85
At most 2 heroes.,En fazla 2 kahraman.,scripts/autoload/game_data/GameDataModes.gd:85
The Gatekeeper,Kapı Bekçisi,scripts/autoload/game_data/GameDataModes.gd:90
An iron sentinel bars the first gate.,İlk kapıyı demir bir nöbetçi tutuyor.,scripts/autoload/game_data/GameDataModes.gd:90
Mirelord Oskan,Bataklık Lordu Oskan,scripts/autoload/game_data/GameDataModes.gd:91
"The flooded stair has a keeper, and it does not tire.",Su basmış merdivenin bir bekçisi var ve asla yorulmuyor.,scripts/autoload/game_data/GameDataModes.gd:91
Cindermaw,Kor Ağız,scripts/autoload/game_data/GameDataModes.gd:92
Heat pours down from the thirtieth landing.,Otuzuncu sahanlıktan sıcak dökülüyor.,scripts/autoload/game_data/GameDataModes.gd:92
The Hollow Choir,Oyuk Koro,scripts/autoload/game_data/GameDataModes.gd:93
"Voices echo from every wall, louder by the moment.","Her duvardan sesler yankılanıyor, her an daha yüksek.",scripts/autoload/game_data/GameDataModes.gd:93
Tidewarden Selk,Gelgit Bekçisi Selk,scripts/autoload/game_data/GameDataModes.gd:94
"Halfway up, the tower tests your patience.",Yolun yarısında kule sabrını sınıyor.,scripts/autoload/game_data/GameDataModes.gd:94
The Ember Regent,Kor Naibi,scripts/autoload/game_data/GameDataModes.gd:95
A crowned flame waits on its throne.,Taçlı bir alev tahtında bekliyor.,scripts/autoload/game_data/GameDataModes.gd:95
Gravewright Mourn,Mezarcı Mourn,scripts/autoload/game_data/GameDataModes.gd:96
"Whatever falls here, it stitches back together.","Burada ne düşerse, onu yeniden diker.",scripts/autoload/game_data/GameDataModes.gd:96
The Drowned Oracle,Boğulmuş Kâhin,scripts/autoload/game_data/GameDataModes.gd:97
It has already seen how this fight ends.,Bu dövüşün nasıl biteceğini çoktan gördü.,scripts/autoload/game_data/GameDataModes.gd:97
Ashfather,Kül Ata,scripts/autoload/game_data/GameDataModes.gd:98
The oldest fire in the tower.,Kuledeki en eski ateş.,scripts/autoload/game_data/GameDataModes.gd:98
The Summit Keeper,Zirve Bekçisi,scripts/autoload/game_data/GameDataModes.gd:99
The top of the tower. No one has stood here in an age.,Kulenin tepesi. Çağlardır kimse burada durmadı.,scripts/autoload/game_data/GameDataModes.gd:99
%s asks for time off,%s izin istiyor,scripts/autoload/game_data/GameDataModes.gd:111
%s has been in the rifts a lot and wants a few days away from the guild.,%s yarıklarda çok zaman geçirdi ve loncadan birkaç gün uzak kalmak istiyor.,scripts/autoload/game_data/GameDataModes.gd:111
"Grant it: away %d days, +15 morale","Kabul et: %d gün uzakta, +15 moral",scripts/autoload/game_data/GameDataModes.gd:112
Refuse: -10 morale,Reddet: -10 moral,scripts/autoload/game_data/GameDataModes.gd:112
%s asks for a raise,%s zam istiyor,scripts/autoload/game_data/GameDataModes.gd:113
%s says the rifts are worth more than the guild pays and wants a bigger share.,%s yarıkların loncanın ödediğinden fazlasına değdiğini söylüyor ve daha büyük pay istiyor.,scripts/autoload/game_data/GameDataModes.gd:113
Raise their wage %d%%: +20 morale,Maaşını %%%d artır: +20 moral,scripts/autoload/game_data/GameDataModes.gd:114
Refuse: -12 morale,Reddet: -12 moral,scripts/autoload/game_data/GameDataModes.gd:114
%s wants better kit,%s daha iyi teçhizat istiyor,scripts/autoload/game_data/GameDataModes.gd:115
%s says their gear is falling apart and asks for Gold for repairs.,%s teçhizatının dağıldığını söylüyor ve tamir için Altın istiyor.,scripts/autoload/game_data/GameDataModes.gd:115
Pay %d Gold: +15 morale,%d Altın öde: +15 moral,scripts/autoload/game_data/GameDataModes.gd:116
Refuse: -8 morale,Reddet: -8 moral,scripts/autoload/game_data/GameDataModes.gd:116
%s wants extra drills,%s ek talim istiyor,scripts/autoload/game_data/GameDataModes.gd:117
%s asks for a spot in the Training Yard this week.,%s bu hafta Talim Alanı'nda bir yer istiyor.,scripts/autoload/game_data/GameDataModes.gd:117
"Give them a slot: +1 attribute point, +5 morale","Ona yer ver: +1 nitelik puanı, +5 moral",scripts/autoload/game_data/GameDataModes.gd:118
Not this week: -6 morale,Bu hafta olmaz: -6 moral,scripts/autoload/game_data/GameDataModes.gd:118
%s and %s are feuding,%s ile %s kavgalı,scripts/autoload/game_data/GameDataModes.gd:119
An argument over the last rift's spoils has turned sour. Each wants you on their side.,Son yarığın ganimeti üzerine bir tartışma çığırından çıktı. İkisi de seni kendi tarafında istiyor.,scripts/autoload/game_data/GameDataModes.gd:119
Side with %s,%s tarafını tut,scripts/autoload/game_data/GameDataModes.gd:120
Five minutes in the rift,Yarıkta beş dakika,scripts/autoload/game_data/GameDataModes.gd:133
Ten minutes in the rift,Yarıkta on dakika,scripts/autoload/game_data/GameDataModes.gd:134
Fifteen minutes in the rift,Yarıkta on beş dakika,scripts/autoload/game_data/GameDataModes.gd:135
Riftwalkers,Yarık Yürüyücüleri,scripts/autoload/game_data/GameDataModes.gd:135
The rift sealed,Yarık mühürlendi,scripts/autoload/game_data/GameDataModes.gd:136
Rift Sealers,Yarık Mühürleyicileri,scripts/autoload/game_data/GameDataModes.gd:136
Tower Initiate,Kule Çırağı,scripts/autoload/game_data/GameDataModes.gd:139
Trial Climber,Sınav Tırmanıcısı,scripts/autoload/game_data/GameDataModes.gd:139
Spire Walker,Kule Yürüyücüsü,scripts/autoload/game_data/GameDataModes.gd:139
Stormbreaker,Fırtına Kıran,scripts/autoload/game_data/GameDataModes.gd:139
Summit Keeper,Zirve Bekçisi,scripts/autoload/game_data/GameDataModes.gd:139
Lesser Rift,Küçük Yarık,scripts/autoload/game_data/GameDataModes.gd:144
Low,Düşük,scripts/autoload/game_data/GameDataModes.gd:144
Greater Rift,Büyük Yarık,scripts/autoload/game_data/GameDataModes.gd:148
Medium,Orta,scripts/autoload/game_data/GameDataModes.gd:148
A Wounded Traveler,Yaralı Bir Yolcu,scripts/autoload/game_data/GameDataModes.gd:164
"A scout from another guild lies bleeding against the wall, clutching a torn map.","Başka bir loncadan bir izci, yırtık bir haritayı tutarak duvarın dibinde kanlar içinde yatıyor.",scripts/autoload/game_data/GameDataModes.gd:164
Patch them up,Yarasını sar,scripts/autoload/game_data/GameDataModes.gd:166
Costs 15 Gold · +3 Renown,15 Altın tutar · +3 Ün,scripts/autoload/game_data/GameDataModes.gd:166
Ask for the map,Haritayı iste,scripts/autoload/game_data/GameDataModes.gd:167
+6-12 Essence,+6-12 Öz,scripts/autoload/game_data/GameDataModes.gd:167
Move on,Yoluna devam et,scripts/autoload/game_data/GameDataModes.gd:168
Nothing happens,Hiçbir şey olmaz,scripts/autoload/game_data/GameDataModes.gd:168
Blood Altar,Kan Sunağı,scripts/autoload/game_data/GameDataModes.gd:170
An altar hums with rift-light. It wants something from you.,Bir sunak yarık ışığıyla uğulduyor. Senden bir şey istiyor.,scripts/autoload/game_data/GameDataModes.gd:170
Offer blood,Kan sun,scripts/autoload/game_data/GameDataModes.gd:172
Every hero loses 15% HP (never below 1) · gain a Rare-or-better item or relic,Her kahraman canının %15'ini kaybeder (1'in altına inmez) · Nadir ya da daha iyi bir eşya veya kalıntı kazan,scripts/autoload/game_data/GameDataModes.gd:172
Walk away,Uzaklaş,scripts/autoload/game_data/GameDataModes.gd:173
Abandoned Cache,Terk Edilmiş Zula,scripts/autoload/game_data/GameDataModes.gd:175
Supplies left behind by a party that didn't make it out.,Çıkamayan bir ekibin geride bıraktığı erzak.,scripts/autoload/game_data/GameDataModes.gd:175
Search it all,Hepsini ara,scripts/autoload/game_data/GameDataModes.gd:177
70%: 20-35 Gold · 30%: a trap hits everyone for 10% HP,%70: 20-35 Altın · %30: bir tuzak herkese canının %10'u kadar vurur,scripts/autoload/game_data/GameDataModes.gd:177
Take what's on top,Üsttekini al,scripts/autoload/game_data/GameDataModes.gd:178
+8 Gold,+8 Altın,scripts/autoload/game_data/GameDataModes.gd:178
Rift Echo,Yarık Yankısı,scripts/autoload/game_data/GameDataModes.gd:180
Shimmering memories of old battles replay in the air around you.,Eski savaşların parıldayan anıları etrafındaki havada yeniden canlanıyor.,scripts/autoload/game_data/GameDataModes.gd:180
Study the fighting,Dövüşü incele,scripts/autoload/game_data/GameDataModes.gd:182
Every hero in the party gains 20 XP,Ekipteki her kahraman 20 TP kazanır,scripts/autoload/game_data/GameDataModes.gd:182
Absorb its energy,Enerjisini emdir,scripts/autoload/game_data/GameDataModes.gd:183
+3 Momentum next fight · +5 Essence,Sonraki dövüşte +3 İvme · +5 Öz,scripts/autoload/game_data/GameDataModes.gd:183
The Gambler,Kumarbaz,scripts/autoload/game_data/GameDataModes.gd:185
A cloaked figure shuffles cards on an upturned crate and grins at you.,Pelerinli bir figür ters çevrilmiş bir sandığın üstünde kart karıyor ve sana sırıtıyor.,scripts/autoload/game_data/GameDataModes.gd:185
Bet 20 Gold,20 Altın yatır,scripts/autoload/game_data/GameDataModes.gd:187
50%: win 45 Gold (net +25) · 50%: lose the bet,%50: 45 Altın kazan (net +25) · %50: bahsi kaybet,scripts/autoload/game_data/GameDataModes.gd:187
Decline,Reddet,scripts/autoload/game_data/GameDataModes.gd:188
Quiet Shrine,Sessiz Türbe,scripts/autoload/game_data/GameDataModes.gd:190
A small shrine the rift somehow left untouched. The air is calm here.,Yarığın bir şekilde dokunmadığı küçük bir türbe. Burada hava sakin.,scripts/autoload/game_data/GameDataModes.gd:190
Pray,Dua et,scripts/autoload/game_data/GameDataModes.gd:192
Every hero heals 20% HP,Her kahraman canının %20'sini iyileştirir,scripts/autoload/game_data/GameDataModes.gd:192
Take the offerings,Adakları al,scripts/autoload/game_data/GameDataModes.gd:193
+6-12 Essence · -1 Renown,+6-12 Öz · -1 Ün,scripts/autoload/game_data/GameDataModes.gd:193
Collapsed Armory,Çökmüş Cephanelik,scripts/autoload/game_data/GameDataModes.gd:195
A rack of weapons lies pinned under fallen stone. Something good might still be under there.,Bir silah rafı düşen taşların altında kalmış. Altında hâlâ işe yarar bir şey olabilir.,scripts/autoload/game_data/GameDataModes.gd:195
Lift the rubble,Molozu kaldır,scripts/autoload/game_data/GameDataModes.gd:197
Might check · pass: a Rare-or-better item · fail: everyone loses 10% HP,Kudret sınaması · başarı: Nadir ya da daha iyi bir eşya · başarısızlık: herkes canının %10'unu kaybeder,scripts/autoload/game_data/GameDataModes.gd:197
Leave it,Bırak,scripts/autoload/game_data/GameDataModes.gd:198
Whispering Tome,Fısıldayan Kitap,scripts/autoload/game_data/GameDataModes.gd:200
"A book floats open in the dark, murmuring techniques in a language almost like yours.","Karanlıkta açık bir kitap süzülüyor, neredeyse senin dilin gibi bir dilde teknikler mırıldanıyor.",scripts/autoload/game_data/GameDataModes.gd:200
Read it,Oku,scripts/autoload/game_data/GameDataModes.gd:202
Focus check · pass: every hero gains 40 XP · fail: everyone loses 10% HP,Odak sınaması · başarı: her kahraman 40 TP kazanır · başarısızlık: herkes canının %10'unu kaybeder,scripts/autoload/game_data/GameDataModes.gd:202
Burn it,Yak,scripts/autoload/game_data/GameDataModes.gd:203
+6 Essence,+6 Öz,scripts/autoload/game_data/GameDataModes.gd:203
Frayed Rope Bridge,Yıpranmış Halat Köprü,scripts/autoload/game_data/GameDataModes.gd:205
"A rope bridge sways over a chasm. On the far side, a dead scout's pack.",Bir uçurumun üstünde bir halat köprü sallanıyor. Karşı tarafta ölü bir izcinin çantası.,scripts/autoload/game_data/GameDataModes.gd:205
Cross quickly,Hızla geç,scripts/autoload/game_data/GameDataModes.gd:207
Agility check · pass: +20-35 Gold · fail: everyone loses 15% HP,Çeviklik sınaması · başarı: +20-35 Altın · başarısızlık: herkes canının %15'ini kaybeder,scripts/autoload/game_data/GameDataModes.gd:207
Go around,Etrafından dolaş,scripts/autoload/game_data/GameDataModes.gd:208
Ember Pit,Kor Çukuru,scripts/autoload/game_data/GameDataModes.gd:210
Something glints at the bottom of a pit of still-glowing coals.,Hâlâ kızgın korlarla dolu bir çukurun dibinde bir şey parlıyor.,scripts/autoload/game_data/GameDataModes.gd:210
Reach in,Uzan,scripts/autoload/game_data/GameDataModes.gd:212
Everyone loses 15% HP · a Rare-or-better relic,Herkes canının %15'ini kaybeder · Nadir ya da daha iyi bir kalıntı,scripts/autoload/game_data/GameDataModes.gd:212
Frozen Knight,Donmuş Şövalye,scripts/autoload/game_data/GameDataModes.gd:215
"A knight from another guild, frozen mid-stride in rift-ice. Still breathing.","Başka bir loncadan bir şövalye, yarık buzunda adım atarken donmuş. Hâlâ nefes alıyor.",scripts/autoload/game_data/GameDataModes.gd:215
Thaw them out,Buzunu çöz,scripts/autoload/game_data/GameDataModes.gd:217
Costs 15 Gold · +3 Renown · +3 Momentum next fight,15 Altın tutar · +3 Ün · sonraki dövüşte +3 İvme,scripts/autoload/game_data/GameDataModes.gd:217
Take their shield,Kalkanını al,scripts/autoload/game_data/GameDataModes.gd:218
A Rare-or-better item · -2 Renown,Nadir ya da daha iyi bir eşya · -2 Ün,scripts/autoload/game_data/GameDataModes.gd:218
Crimson Pool,Kızıl Havuz,scripts/autoload/game_data/GameDataModes.gd:221
A pool of something thick and red. Drinking it would teach you things. Painful things.,Koyu ve kırmızı bir şeyle dolu bir havuz. İçmek sana bir şeyler öğretir. Acı veren şeyler.,scripts/autoload/game_data/GameDataModes.gd:221
Drink,İç,scripts/autoload/game_data/GameDataModes.gd:223
Everyone loses 20% HP · every hero gains 40 XP,Herkes canının %20'sini kaybeder · her kahraman 40 TP kazanır,scripts/autoload/game_data/GameDataModes.gd:223
Bottle some,Biraz şişele,scripts/autoload/game_data/GameDataModes.gd:224
+1 Healing Tonic,+1 Şifa Toniği,scripts/autoload/game_data/GameDataModes.gd:224
Singing Anvil,Şarkı Söyleyen Örs,scripts/autoload/game_data/GameDataModes.gd:226
"An anvil that rings on its own. A smith's ghost offers to work it, for a price.",Kendi kendine çınlayan bir örs. Bir demircinin hayaleti bir bedel karşılığında onu işlemeyi teklif ediyor.,scripts/autoload/game_data/GameDataModes.gd:226
Pay the smith,Demirciye öde,scripts/autoload/game_data/GameDataModes.gd:228
Costs 25 Gold · an Epic item,25 Altın tutar · bir Destansı eşya,scripts/autoload/game_data/GameDataModes.gd:228
Sell the scrap,Hurdayı sat,scripts/autoload/game_data/GameDataModes.gd:229
+12 Gold,+12 Altın,scripts/autoload/game_data/GameDataModes.gd:229
Storm Totem,Fırtına Totemi,scripts/autoload/game_data/GameDataModes.gd:231
"A totem crackles with trapped lightning. Channelled right, it could charge your party.",Bir totem hapsolmuş şimşekle çatırdıyor. Doğru yönlendirilirse ekibini güçlendirebilir.,scripts/autoload/game_data/GameDataModes.gd:231
Channel it,Yönlendir,scripts/autoload/game_data/GameDataModes.gd:233
"Focus check · pass: +12-20 Essence, +3 Momentum next fight · fail: everyone loses 10% HP","Odak sınaması · başarı: +12-20 Öz, sonraki dövüşte +3 İvme · başarısızlık: herkes canının %10'unu kaybeder",scripts/autoload/game_data/GameDataModes.gd:233
A Hungry Shade,Aç Bir Gölge,scripts/autoload/game_data/GameDataModes.gd:236
"A shade drifts toward you, hungry for anything bright: gold, light, warmth.","Bir gölge sana doğru süzülüyor; parlak her şeye aç: altına, ışığa, sıcaklığa.",scripts/autoload/game_data/GameDataModes.gd:236
Feed it gold,Ona altın ver,scripts/autoload/game_data/GameDataModes.gd:238
Costs 20 Gold · +3 Essence,20 Altın tutar · +3 Öz,scripts/autoload/game_data/GameDataModes.gd:238
Drive it off,Kov,scripts/autoload/game_data/GameDataModes.gd:239
Everyone loses 10% HP · +10 Essence,Herkes canının %10'unu kaybeder · +10 Öz,scripts/autoload/game_data/GameDataModes.gd:239
Flee,Kaç,scripts/autoload/game_data/GameDataModes.gd:240
Ruined Chapel,Yıkık Şapel,scripts/autoload/game_data/GameDataModes.gd:242
"Half a chapel, the other half somewhere in the rift. The altar still holds warmth.",Bir şapelin yarısı; öbür yarısı yarıkta bir yerde. Sunak hâlâ sıcak.,scripts/autoload/game_data/GameDataModes.gd:242
Restore the altar,Sunağı onar,scripts/autoload/game_data/GameDataModes.gd:244
Costs 20 Gold · every hero heals 50% HP · +2 Renown,20 Altın tutar · her kahraman canının %50'sini iyileştirir · +2 Ün,scripts/autoload/game_data/GameDataModes.gd:244
Rest a while,Biraz dinlen,scripts/autoload/game_data/GameDataModes.gd:245
Ghostly Peddler,Hayalet Seyyar Satıcı,scripts/autoload/game_data/GameDataModes.gd:247
A translucent merchant lays out wares that flicker in and out of existence.,"Yarı saydam bir tüccar, var olup kaybolan mallarını seriyor.",scripts/autoload/game_data/GameDataModes.gd:247
Buy a curiosity,Bir tuhaflık satın al,scripts/autoload/game_data/GameDataModes.gd:249
Costs 30 Gold · an Epic item or relic,30 Altın tutar · bir Destansı eşya ya da kalıntı,scripts/autoload/game_data/GameDataModes.gd:249
Trade stories,Hikâye takas et,scripts/autoload/game_data/GameDataModes.gd:250
Every hero gains 12 XP,Her kahraman 12 TP kazanır,scripts/autoload/game_data/GameDataModes.gd:250
Caged Beast,Kafesli Canavar,scripts/autoload/game_data/GameDataModes.gd:252
"A rift beast in a cage of runes, whimpering. The rune-lock is simple enough.",Rünlerden bir kafeste inleyen bir yarık canavarı. Rün kilidi oldukça basit.,scripts/autoload/game_data/GameDataModes.gd:252
Free it,Serbest bırak,scripts/autoload/game_data/GameDataModes.gd:254
"55%: it bounds off grateful · +4 Renown, +2 Essence · 45%: it lashes out, everyone loses 15% HP","%55: minnetle sıçrayıp gider · +4 Ün, +2 Öz · %45: saldırır, herkes canının %15'ini kaybeder",scripts/autoload/game_data/GameDataModes.gd:254
Rift Mirror,Yarık Aynası,scripts/autoload/game_data/GameDataModes.gd:257
Your reflection moves a moment after you do. It seems to be showing you something.,Yansıman senden bir an sonra hareket ediyor. Sana bir şey gösteriyor gibi.,scripts/autoload/game_data/GameDataModes.gd:257
Study it,İncele,scripts/autoload/game_data/GameDataModes.gd:259
"Focus check · pass: +3 Momentum next fight, +25 XP each · fail: everyone loses 10% HP","Odak sınaması · başarı: sonraki dövüşte +3 İvme, her birine +25 TP · başarısızlık: herkes canının %10'unu kaybeder",scripts/autoload/game_data/GameDataModes.gd:259
Smash it,Parçala,scripts/autoload/game_data/GameDataModes.gd:260
+8 Essence,+8 Öz,scripts/autoload/game_data/GameDataModes.gd:260
Sleeping Golem,Uyuyan Golem,scripts/autoload/game_data/GameDataModes.gd:262
A stone golem dozes on top of a treasure chest. Its snores shake the floor.,Taştan bir golem bir hazine sandığının üstünde uyukluyor. Horlaması zemini sarsıyor.,scripts/autoload/game_data/GameDataModes.gd:262
Sneak the chest out,Sandığı gizlice kaçır,scripts/autoload/game_data/GameDataModes.gd:264
Agility check · pass: +30-45 Gold and a Rare-or-better item or relic · fail: everyone loses 20% HP,Çeviklik sınaması · başarı: +30-45 Altın ve Nadir ya da daha iyi bir eşya veya kalıntı · başarısızlık: herkes canının %20'sini kaybeder,scripts/autoload/game_data/GameDataModes.gd:264
Let it sleep,Uyusun,scripts/autoload/game_data/GameDataModes.gd:265
Lost Recruit,Kayıp Acemi,scripts/autoload/game_data/GameDataModes.gd:267
"A young recruit from a village guild, lost and terrified, clutching a rusted sword.","Bir köy loncasından genç bir acemi; kaybolmuş ve dehşete düşmüş, paslı bir kılıca sarılmış.",scripts/autoload/game_data/GameDataModes.gd:267
Escort them out,Onu dışarı çıkar,scripts/autoload/game_data/GameDataModes.gd:269
"Every hero loses 5% HP · +4 Renown, +1 Essence","Her kahraman canının %5'ini kaybeder · +4 Ün, +1 Öz",scripts/autoload/game_data/GameDataModes.gd:269
Point the way,Yolu göster,scripts/autoload/game_data/GameDataModes.gd:270
+1 Renown,+1 Ün,scripts/autoload/game_data/GameDataModes.gd:270
Glowing Fungus,Işıldayan Mantar,scripts/autoload/game_data/GameDataModes.gd:272
Pale mushrooms pulse with soft light. They smell faintly of mint and ozone.,Solgun mantarlar yumuşak bir ışıkla nabız gibi atıyor. Hafifçe nane ve ozon kokuyorlar.,scripts/autoload/game_data/GameDataModes.gd:272
Eat some,Biraz ye,scripts/autoload/game_data/GameDataModes.gd:274
60%: every hero heals 30% HP and gains 15 XP · 40%: everyone loses 10% HP,%60: her kahraman canının %30'unu iyileştirir ve 15 TP kazanır · %40: herkes canının %10'unu kaybeder,scripts/autoload/game_data/GameDataModes.gd:274
Harvest them,Topla,scripts/autoload/game_data/GameDataModes.gd:275
Rift Crossroads,Yarık Kavşağı,scripts/autoload/game_data/GameDataModes.gd:277
"Two paths: one dives deeper into raw rift energy, one leads to a quiet alcove.","İki yol: biri ham yarık enerjisinin derinliklerine dalıyor, diğeri sessiz bir oyuğa çıkıyor.",scripts/autoload/game_data/GameDataModes.gd:277
Push deeper,Daha derine git,scripts/autoload/game_data/GameDataModes.gd:279
Everyone loses 8% HP · +10-16 Essence,Herkes canının %8'ini kaybeder · +10-16 Öz,scripts/autoload/game_data/GameDataModes.gd:279
Regroup,Toparlan,scripts/autoload/game_data/GameDataModes.gd:280
Every hero heals 15% HP · +3 Momentum next fight,Her kahraman canının %15'ini iyileştirir · sonraki dövüşte +3 İvme,scripts/autoload/game_data/GameDataModes.gd:280
Fallen Banner,Düşmüş Sancak,scripts/autoload/game_data/GameDataModes.gd:282
"A guild banner lies in the dust, its bearer long gone. The cloth is still good.",Bir lonca sancağı tozun içinde yatıyor; taşıyıcısı çoktan gitmiş. Kumaş hâlâ sağlam.,scripts/autoload/game_data/GameDataModes.gd:282
Raise it,Kaldır,scripts/autoload/game_data/GameDataModes.gd:284
+3 Renown · a 20-point shield against the next hazard,+3 Ün · sonraki tehlikeye karşı 20 puanlık kalkan,scripts/autoload/game_data/GameDataModes.gd:284
Salvage it,Kurtar,scripts/autoload/game_data/GameDataModes.gd:285
+10 Gold,+10 Altın,scripts/autoload/game_data/GameDataModes.gd:285
A Deserter,Bir Kaçak,scripts/autoload/game_data/GameDataModes.gd:288
"A rival guild's hireling crouches in a side passage, clutching a stolen purse.","Rakip bir loncanın paralı askeri, çalıntı bir keseye sarılmış halde yan geçitte çömelmiş.",scripts/autoload/game_data/GameDataModes.gd:288
Turn them in,Teslim et,scripts/autoload/game_data/GameDataModes.gd:290
+10 Gold · +3 Renown,+10 Altın · +3 Ün,scripts/autoload/game_data/GameDataModes.gd:290
Split the purse,Keseyi paylaş,scripts/autoload/game_data/GameDataModes.gd:291
+20-30 Gold · -2 Renown,+20-30 Altın · -2 Ün,scripts/autoload/game_data/GameDataModes.gd:291
Whispering Well,Fısıldayan Kuyu,scripts/autoload/game_data/GameDataModes.gd:293
"Coins glint at the bottom of a dry well, and something down there whispers your name.",Kuru bir kuyunun dibinde sikkeler parlıyor ve aşağıda bir şey adını fısıldıyor.,scripts/autoload/game_data/GameDataModes.gd:293
Climb down,Aşağı in,scripts/autoload/game_data/GameDataModes.gd:295
Agility check · pass: 25-40 Gold · fail: everyone loses 10% HP,Çeviklik sınaması · başarı: 25-40 Altın · başarısızlık: herkes canının %10'unu kaybeder,scripts/autoload/game_data/GameDataModes.gd:295
Toss a coin in,Bir sikke at,scripts/autoload/game_data/GameDataModes.gd:296
Costs 5 Gold · every hero heals 15% HP,5 Altın · her kahraman canının %15'ini iyileştirir,scripts/autoload/game_data/GameDataModes.gd:296
Cold Forge,Soğuk Demirhane,scripts/autoload/game_data/GameDataModes.gd:298
"An abandoned rift-forge, its coals still faintly warm.",Terk edilmiş bir yarık demirhanesi; kömürleri hâlâ hafifçe sıcak.,scripts/autoload/game_data/GameDataModes.gd:298
Stoke it with Essence,Öz ile harlat,scripts/autoload/game_data/GameDataModes.gd:300
Costs 10 Essence · a Rare-or-better item,10 Öz · Nadir ya da daha iyi bir eşya,scripts/autoload/game_data/GameDataModes.gd:300
Scavenge the scraps,Artıkları topla,scripts/autoload/game_data/GameDataModes.gd:301
Old Sparring Ring,Eski İdman Halkası,scripts/autoload/game_data/GameDataModes.gd:303
"Chalk lines and battered practice dummies. Someone trained here once, and the rift kept it.",Tebeşir çizgileri ve hırpalanmış idman kuklaları. Bir zamanlar biri burada çalışmış ve yarık burayı saklamış.,scripts/autoload/game_data/GameDataModes.gd:303
Spar,İdman Dövüşü,scripts/autoload/game_data/GameDataModes.gd:305
Everyone loses 10% HP · every hero gains 35 XP,Herkes canının %10'unu kaybeder · her kahraman 35 TP kazanır,scripts/autoload/game_data/GameDataModes.gd:305
Rest in the ring,Halkada dinlen,scripts/autoload/game_data/GameDataModes.gd:306
Every hero heals 10% HP,Her kahraman canının %10'unu iyileştirir,scripts/autoload/game_data/GameDataModes.gd:306
Rift Hermit,Yarık Münzevisi,scripts/autoload/game_data/GameDataModes.gd:308
"An old man lives here, somehow. He offers tea and a story.",Burada nasılsa yaşlı bir adam yaşıyor. Çay ve bir hikâye sunuyor.,scripts/autoload/game_data/GameDataModes.gd:308
Drink the tea,Çayı iç,scripts/autoload/game_data/GameDataModes.gd:310
Every hero heals 25% HP,Her kahraman canının %25'ini iyileştirir,scripts/autoload/game_data/GameDataModes.gd:310
Buy his charm,Muskasını satın al,scripts/autoload/game_data/GameDataModes.gd:311
Costs 20 Gold · a 25-point shield against the next hazard,20 Altın · sonraki tehlikeye karşı 25 puanlık kalkan,scripts/autoload/game_data/GameDataModes.gd:311
Pile of Bones,Kemik Yığını,scripts/autoload/game_data/GameDataModes.gd:313
"Adventurers' bones, their packs still strapped on.",Maceracı kemikleri; sırt çantaları hâlâ bağlı.,scripts/autoload/game_data/GameDataModes.gd:313
Search the packs,Çantaları ara,scripts/autoload/game_data/GameDataModes.gd:315
60%: a Rare-or-better find · 40%: a trap hits everyone for 10% HP,%60: Nadir ya da daha iyi bir buluntu · %40: bir tuzak herkese canının %10'u kadar vurur,scripts/autoload/game_data/GameDataModes.gd:315
Bury them,Onları göm,scripts/autoload/game_data/GameDataModes.gd:316
+2 Renown · every hero gains 10 XP,+2 Ün · her kahraman 10 TP kazanır,scripts/autoload/game_data/GameDataModes.gd:316
The Tollkeeper,Geçiş Bekçisi,scripts/autoload/game_data/GameDataModes.gd:318
"A masked figure blocks the path with a spear. ""Toll.""","Maskeli bir figür mızrağıyla yolu kesiyor. ""Geçiş ücreti.""",scripts/autoload/game_data/GameDataModes.gd:318
Pay the toll,Ücreti öde,scripts/autoload/game_data/GameDataModes.gd:320
Costs 25 Gold · he points out a shortcut: +3 Momentum next fight,25 Altın · sana bir kestirme gösterir: sonraki dövüşte +3 İvme,scripts/autoload/game_data/GameDataModes.gd:320
Push past,Zorla geç,scripts/autoload/game_data/GameDataModes.gd:321
Might check · pass: +30 Gold from his strongbox · fail: everyone loses 15% HP,Kudret sınaması · başarı: kasasından +30 Altın · başarısızlık: herkes canının %15'ini kaybeder,scripts/autoload/game_data/GameDataModes.gd:321
Rift Starlight,Yarık Yıldız Işığı,scripts/autoload/game_data/GameDataModes.gd:323
A shaft of pale light falls through a crack in the rift. It feels like home.,Yarıktaki bir çatlaktan soluk bir ışık huzmesi düşüyor. Ev gibi hissettiriyor.,scripts/autoload/game_data/GameDataModes.gd:323
Bask in it,Işığın tadını çıkar,scripts/autoload/game_data/GameDataModes.gd:325
Bottle it,Şişele,scripts/autoload/game_data/GameDataModes.gd:326
+10 Essence,+10 Öz,scripts/autoload/game_data/GameDataModes.gd:326
Overturned Cart,Devrilmiş Araba,scripts/autoload/game_data/GameDataModes.gd:328
A merchant's cart lies on its side. The merchant is nowhere to be seen.,Bir tüccar arabası yan yatmış. Tüccardan eser yok.,scripts/autoload/game_data/GameDataModes.gd:328
Take the goods,Malları al,scripts/autoload/game_data/GameDataModes.gd:330
+25 Gold · -2 Renown,+25 Altın · -2 Ün,scripts/autoload/game_data/GameDataModes.gd:330
Take one tonic,Bir tonik al,scripts/autoload/game_data/GameDataModes.gd:331
Right the cart,Arabayı doğrult,scripts/autoload/game_data/GameDataModes.gd:332
+4 Renown,+4 Ün,scripts/autoload/game_data/GameDataModes.gd:332
Silent Scarecrow,Sessiz Korkuluk,scripts/autoload/game_data/GameDataModes.gd:334
"A scarecrow stands in the rift's wheat, its sackcloth head turning to follow you.",Yarığın buğday tarlasında bir korkuluk duruyor; çuval bezinden başı seni izlemek için dönüyor.,scripts/autoload/game_data/GameDataModes.gd:334
Search its coat,Ceketini ara,scripts/autoload/game_data/GameDataModes.gd:337
Focus check · pass: a Rare-or-better item · fail: everyone loses 10% HP,Odak sınaması · başarı: Nadir ya da daha iyi bir eşya · başarısızlık: herkes canının %10'unu kaybeder,scripts/autoload/game_data/GameDataModes.gd:337
Rift Orchard,Yarık Bahçesi,scripts/autoload/game_data/GameDataModes.gd:339
"Apple trees heavy with softly glowing fruit, in a field that shouldn't exist.","Var olmaması gereken bir tarlada, hafifçe parlayan meyvelerle yüklü elma ağaçları.",scripts/autoload/game_data/GameDataModes.gd:339
Eat the fruit,Meyveyi ye,scripts/autoload/game_data/GameDataModes.gd:341
"70%: every hero heals 30% HP · 30%: bellyache, everyone loses 10% HP","%70: her kahraman canının %30'unu iyileştirir · %30: karın ağrısı, herkes canının %10'unu kaybeder",scripts/autoload/game_data/GameDataModes.gd:341
Fill a basket,Bir sepet doldur,scripts/autoload/game_data/GameDataModes.gd:342
Haunted Mill,Perili Değirmen,scripts/autoload/game_data/GameDataModes.gd:344
"The mill wheel turns with no water and no wind, grinding something that glows.",Değirmen çarkı ne su ne rüzgârla dönüyor; parlayan bir şey öğütüyor.,scripts/autoload/game_data/GameDataModes.gd:344
Take the rift-flour,Yarık ununu al,scripts/autoload/game_data/GameDataModes.gd:346
+12-18 Essence,+12-18 Öz,scripts/autoload/game_data/GameDataModes.gd:346
Jam the wheel,Çarkı durdur,scripts/autoload/game_data/GameDataModes.gd:347
"Might check · pass: the village thanks you, +4 Renown, +15 Gold · fail: everyone loses 10% HP","Kudret sınaması · başarı: köy sana teşekkür eder, +4 Ün, +15 Altın · başarısızlık: herkes canının %10'unu kaybeder",scripts/autoload/game_data/GameDataModes.gd:347
Vale Wayshrine,Vadi Yol Tapınağı,scripts/autoload/game_data/GameDataModes.gd:349
"A farmer's roadside shrine, its garlands somehow still fresh.",Bir çiftçinin yol kenarındaki tapınağı; çelenkleri nasılsa hâlâ taze.,scripts/autoload/game_data/GameDataModes.gd:349
Leave an offering,Adak bırak,scripts/autoload/game_data/GameDataModes.gd:351
Costs 10 Gold · every hero heals 20% HP · +2 Renown,10 Altın · her kahraman canının %20'sini iyileştirir · +2 Ün,scripts/autoload/game_data/GameDataModes.gd:351
Pray for strength,Güç için dua et,scripts/autoload/game_data/GameDataModes.gd:352
Every hero gains 20 XP,Her kahraman 20 TP kazanır,scripts/autoload/game_data/GameDataModes.gd:352
Sunken Bell,Batık Çan,scripts/autoload/game_data/GameDataModes.gd:354
"A bronze bell rises from the black water and tolls once, very slowly.","Kara sudan tunç bir çan yükseliyor ve bir kez, çok yavaşça çalıyor.",scripts/autoload/game_data/GameDataModes.gd:354
Ring it back,Karşılık olarak çal,scripts/autoload/game_data/GameDataModes.gd:356
"50%: a Rare-or-better relic surfaces · 50%: the water lashes out, everyone loses 15% HP","%50: Nadir ya da daha iyi bir kalıntı yüzeye çıkar · %50: su saldırır, herkes canının %15'ini kaybeder",scripts/autoload/game_data/GameDataModes.gd:356
Leave quietly,Sessizce uzaklaş,scripts/autoload/game_data/GameDataModes.gd:357
Leech Pool,Sülük Havuzu,scripts/autoload/game_data/GameDataModes.gd:359
Fat leeches drift in a warm pool. The old marsh healers swore by them.,Ilık bir havuzda şişman sülükler süzülüyor. Eski bataklık şifacıları onlara yemin ederdi.,scripts/autoload/game_data/GameDataModes.gd:359
Bathe,Yıkan,scripts/autoload/game_data/GameDataModes.gd:361
Jar a few,Birkaçını kavanoza koy,scripts/autoload/game_data/GameDataModes.gd:362
Drowned Chest,Batık Sandık,scripts/autoload/game_data/GameDataModes.gd:364
A chest sits chained under a foot of murky water.,Bulanık suyun bir karış altında zincirli bir sandık duruyor.,scripts/autoload/game_data/GameDataModes.gd:364
Dive for it,Dal,scripts/autoload/game_data/GameDataModes.gd:366
Agility check · pass: a Rare-or-better item · fail: everyone loses 12% HP,Çeviklik sınaması · başarı: Nadir ya da daha iyi bir eşya · başarısızlık: herkes canının %12'sini kaybeder,scripts/autoload/game_data/GameDataModes.gd:366
Hook it with a rope,Halatla çek,scripts/autoload/game_data/GameDataModes.gd:367
+15-25 Gold,+15-25 Altın,scripts/autoload/game_data/GameDataModes.gd:367
Voices in the Fog,Sisteki Sesler,scripts/autoload/game_data/GameDataModes.gd:369
The fog whispers the names of heroes your guild has lost.,"Sis, loncanın kaybettiği kahramanların adlarını fısıldıyor.",scripts/autoload/game_data/GameDataModes.gd:369
Answer them,Onlara cevap ver,scripts/autoload/game_data/GameDataModes.gd:371
Press on in silence,Sessizce ilerle,scripts/autoload/game_data/GameDataModes.gd:372
+3 Momentum next fight,Sonraki dövüşte +3 İvme,scripts/autoload/game_data/GameDataModes.gd:372
Ash-Buried King,Küle Gömülü Kral,scripts/autoload/game_data/GameDataModes.gd:374
"The statue of a forgotten king, half swallowed by ash, still holds out its hand.",Unutulmuş bir kralın yarısı küle gömülü heykeli hâlâ elini uzatıyor.,scripts/autoload/game_data/GameDataModes.gd:374
Dig it out,Kazıp çıkar,scripts/autoload/game_data/GameDataModes.gd:376
Might check · pass: a Rare-or-better relic · fail: everyone loses 10% HP,Kudret sınaması · başarı: Nadir ya da daha iyi bir kalıntı · başarısızlık: herkes canının %10'unu kaybeder,scripts/autoload/game_data/GameDataModes.gd:376
Pry off its gems,Taşlarını sök,scripts/autoload/game_data/GameDataModes.gd:377
+12 Essence,+12 Öz,scripts/autoload/game_data/GameDataModes.gd:377
Glass Bridge,Cam Köprü,scripts/autoload/game_data/GameDataModes.gd:379
A bridge of cooled volcanic glass arcs over a river of fire.,"Soğumuş volkanik camdan bir köprü, ateşten bir nehrin üzerinde kıvrılıyor.",scripts/autoload/game_data/GameDataModes.gd:379
Cross carefully,Dikkatle geç,scripts/autoload/game_data/GameDataModes.gd:381
"Agility check · pass: +8 Essence, +3 Momentum next fight · fail: everyone loses 15% HP","Çeviklik sınaması · başarı: +8 Öz, sonraki dövüşte +3 İvme · başarısızlık: herkes canının %15'ini kaybeder",scripts/autoload/game_data/GameDataModes.gd:381
Go the long way,Uzun yoldan git,scripts/autoload/game_data/GameDataModes.gd:382
Everyone loses 5% HP,Herkes canının %5'ini kaybeder,scripts/autoload/game_data/GameDataModes.gd:382
Cult Offering,Tarikat Adağı,scripts/autoload/game_data/GameDataModes.gd:384
"An abandoned fire-cult altar, piled high with offerings.","Adaklarla dolu, terk edilmiş bir ateş tarikatı sunağı.",scripts/autoload/game_data/GameDataModes.gd:384
+30 Gold · -3 Renown,+30 Altın · -3 Ün,scripts/autoload/game_data/GameDataModes.gd:386
Scatter the ashes,Külleri savur,scripts/autoload/game_data/GameDataModes.gd:387
Ember Egg,Kor Yumurtası,scripts/autoload/game_data/GameDataModes.gd:389
"A warm egg rests in the embers, pulsing with light like a heartbeat.",Közlerin arasında sıcak bir yumurta duruyor; kalp atışı gibi ışıkla nabız atıyor.,scripts/autoload/game_data/GameDataModes.gd:389
Warm it,Isıt,scripts/autoload/game_data/GameDataModes.gd:391
"40%: it hatches and leaves a gift, a Rare-or-better find, +10 Essence · 60%: it bursts, everyone loses 15% HP","%40: yumurtadan çıkan şey bir hediye bırakır, Nadir ya da daha iyi bir buluntu, +10 Öz · %60: patlar, herkes canının %15'ini kaybeder",scripts/autoload/game_data/GameDataModes.gd:391
Take its shell,Kabuğunu al,scripts/autoload/game_data/GameDataModes.gd:392
+15 Essence,+15 Öz,scripts/autoload/game_data/GameDataModes.gd:392
The Glass Market,Cam Pazarı,scripts/autoload/game_data/GameDataModes.gd:396
"In the middle of the rift, a stall. A thing with too many hands is selling fruit made of glass. It does not attack. It seems embarrassed to be seen. When your party comes closer it holds out a fruit and says, very clearly, in our language: please.","Yarığın ortasında bir tezgâh. Fazla elli bir şey camdan meyveler satıyor. Saldırmıyor. Görüldüğü için utanmış gibi. Grubun yaklaşınca bir meyve uzatıyor ve bizim dilimizde, çok net bir şekilde diyor ki: lütfen.",scripts/autoload/game_data/GameDataModes.gd:396
Buy a fruit,Bir meyve al,scripts/autoload/game_data/GameDataModes.gd:398
Costs 12 Gold · every hero heals 25% HP,12 Altın · her kahraman canının %25'ini iyileştirir,scripts/autoload/game_data/GameDataModes.gd:398
Take one (it lets you),Bir tane al (izin veriyor),scripts/autoload/game_data/GameDataModes.gd:399
+8-14 Essence · -1 Renown,+8-14 Öz · -1 Ün,scripts/autoload/game_data/GameDataModes.gd:399
Leave it in peace,Onu rahat bırak,scripts/autoload/game_data/GameDataModes.gd:400
A Lost Child,Kayıp Bir Çocuk,scripts/autoload/game_data/GameDataModes.gd:402
"A small creature hides behind a rock. It has the shape of the things you fight, but small, and it is crying. It flinches when your party comes near, then follows at a distance.","Küçük bir yaratık bir kayanın ardına saklanmış. Savaştığın şeylerin biçiminde ama küçük ve ağlıyor. Grubun yaklaşınca irkiliyor, sonra uzaktan takip ediyor.",scripts/autoload/game_data/GameDataModes.gd:402
Walk it to the rift's heart,Onu yarığın kalbine götür,scripts/autoload/game_data/GameDataModes.gd:404
Every hero gains 15 XP,Her kahraman 15 TP kazanır,scripts/autoload/game_data/GameDataModes.gd:404
Leave it your rations,Erzağını ona bırak,scripts/autoload/game_data/GameDataModes.gd:405
Costs 10 Gold · +3 Renown,10 Altın · +3 Ün,scripts/autoload/game_data/GameDataModes.gd:405
Rain That Falls Up,Yukarı Yağan Yağmur,scripts/autoload/game_data/GameDataModes.gd:408
"Here the rain falls toward the sky, slow and warm, and collects in the air above your heads like a lake seen from underneath.","Burada yağmur gökyüzüne doğru yağıyor, yavaş ve ılık; başınızın üstünde, altından bakılan bir göl gibi birikiyor.",scripts/autoload/game_data/GameDataModes.gd:408
Stand in it,Altında dur,scripts/autoload/game_data/GameDataModes.gd:410
+8-14 Essence,+8-14 Öz,scripts/autoload/game_data/GameDataModes.gd:411
A Dark Post,Karanlık Bir Nöbet,scripts/autoload/game_data/GameDataModes.gd:413
"A pillar of glass stands in the rift, cracked and empty. Scratched into its base: a name, and the Accord's oath. Whoever held this post let go a long time ago.","Yarıkta çatlak ve boş, camdan bir sütun duruyor. Tabanına kazınmış: bir isim ve Ahit'in yemini. Bu nöbeti kim tuttuysa çok uzun zaman önce bırakmış.",scripts/autoload/game_data/GameDataModes.gd:413
Read the oath aloud,Yemini yüksek sesle oku,scripts/autoload/game_data/GameDataModes.gd:415
Every hero heals 10% HP · +2 Renown,Her kahraman canının %10'unu iyileştirir · +2 Ün,scripts/autoload/game_data/GameDataModes.gd:415
Chip out the crystal,Kristali kazıyıp çıkar,scripts/autoload/game_data/GameDataModes.gd:416
+10-16 Essence · -2 Renown,+10-16 Öz · -2 Ün,scripts/autoload/game_data/GameDataModes.gd:416
SS,SS,scripts/autoload/game_data/GameDataModes.gd:451
SSS,SSS,scripts/autoload/game_data/GameDataModes.gd:452
more elites,daha çok seçkin,scripts/autoload/game_data/GameDataModes.gd:457
harsher hazards,daha sert tehlikeler,scripts/autoload/game_data/GameDataModes.gd:457
fewer shops,daha az dükkân,scripts/autoload/game_data/GameDataModes.gd:457
no rarity floor on the starting relic,başlangıç kalıntısında nadirlik alt sınırı yok,scripts/autoload/game_data/GameDataModes.gd:458
bosses use two mechanics,bosslar iki mekanik kullanır,scripts/autoload/game_data/GameDataModes.gd:458
Forks offer elite fights more often.,Ayrımlar daha sık seçkin dövüşü sunar.,scripts/autoload/game_data/GameDataModes.gd:464
The mildest hazards are skipped: every hazard is at least Moderate (at least Severe at SSS).,En hafif tehlikeler atlanır: her tehlike en az Orta (SSS'de en az Ağır).,scripts/autoload/game_data/GameDataModes.gd:465
Forks offer a shop less often.,Ayrımlar daha seyrek dükkân sunar.,scripts/autoload/game_data/GameDataModes.gd:466
"The starting relic can be any rarity, even Common.","Başlangıç kalıntısı her nadirlikte olabilir, Sıradan bile.",scripts/autoload/game_data/GameDataModes.gd:467
The boss uses two of its mechanics at once.,Boss iki mekaniğini aynı anda kullanır.,scripts/autoload/game_data/GameDataModes.gd:468
Operations Branch,Operasyon Dalı,scripts/autoload/game_data/GameDataModes.gd:494
Heroes & Combat,Kahramanlar ve Dövüş,scripts/autoload/game_data/GameDataModes.gd:494
Barracks,Kışla,scripts/autoload/game_data/GameDataModes.gd:495
+2 hero slots,+2 kahraman yeri,scripts/autoload/game_data/GameDataModes.gd:495
Mentors: new recruits join 1 level higher,Akıl hocaları: yeni adaylar 1 seviye yüksek katılır,scripts/autoload/game_data/GameDataModes.gd:496
Veteran instructors: heroes earn +20% XP,Kıdemli eğitmenler: kahramanlar +%20 TP kazanır,scripts/autoload/game_data/GameDataModes.gd:496
Infirmary,Revir,scripts/autoload/game_data/GameDataModes.gd:497
-15% recovery time; a bed at Lv1/3/5,Toparlanma süresi -%15; Sv1/3/5'te bir yatak,scripts/autoload/game_data/GameDataModes.gd:497
Order: Supply Drop — heal the party 35% between fights,Emir: İkmal Atışı — dövüşler arasında ekibi %35 iyileştir,scripts/autoload/game_data/GameDataModes.gd:498
"Field Triage: once per rift, get a downed hero back up","Sahada Triyaj: yarık başına bir kez, düşmüş bir kahramanı ayağa kaldır",scripts/autoload/game_data/GameDataModes.gd:498
Wounded heroes heal fully after every run,Yaralı kahramanlar her koşudan sonra tamamen iyileşir,scripts/autoload/game_data/GameDataModes.gd:498
Drill Yard,Talim Alanı,scripts/autoload/game_data/GameDataModes.gd:499
a Training Yard slot every 2 levels; +4% party damage and +4% max HP,her 2 seviyede bir Talim Alanı yeri; ekip hasarı +%4 ve en yüksek can +%4,scripts/autoload/game_data/GameDataModes.gd:499
Order: Rally — the party acts first this round and hits 30% harder,Emir: Toparlan — ekip bu tur önce davranır ve %30 daha sert vurur,scripts/autoload/game_data/GameDataModes.gd:500
Vanguard: a fight's first strike deals +25% damage,Öncü: dövüşün ilk vuruşu +%25 hasar verir,scripts/autoload/game_data/GameDataModes.gd:500
Abilities are ready at the start of every fight,Yetenekler her dövüşün başında hazır,scripts/autoload/game_data/GameDataModes.gd:500
Infrastructure Branch,Altyapı Dalı,scripts/autoload/game_data/GameDataModes.gd:502
Rift Yield & Safety,Yarık Verimi ve Güvenlik,scripts/autoload/game_data/GameDataModes.gd:502
Essence Amplifiers,Öz Güçlendiricileri,scripts/autoload/game_data/GameDataModes.gd:503
+8% Essence from fights,Dövüşlerden +%8 Öz,scripts/autoload/game_data/GameDataModes.gd:503
Energy extraction: elites often drop bonus Essence,Enerji çıkarımı: seçkinler sık sık bonus Öz düşürür,scripts/autoload/game_data/GameDataModes.gd:504
Resonance: bosses drop an Essence cache,Rezonans: bosslar bir Öz zulası düşürür,scripts/autoload/game_data/GameDataModes.gd:504
Wardstones,Koruma Taşları,scripts/autoload/game_data/GameDataModes.gd:505
"-12% hazard damage, +10% Essence for sealing","Tehlike hasarı -%12, mühürleme için +%10 Öz",scripts/autoload/game_data/GameDataModes.gd:505
Anchor: the first hazard of each rift is negated,Çapa: her yarığın ilk tehlikesi etkisiz kalır,scripts/autoload/game_data/GameDataModes.gd:506
Hazards can't knock a hero out,Tehlikeler bir kahramanı bayıltamaz,scripts/autoload/game_data/GameDataModes.gd:506
Logistics Branch,Lojistik Dalı,scripts/autoload/game_data/GameDataModes.gd:508
Trade & Recruiting,Ticaret ve Adaylar,scripts/autoload/game_data/GameDataModes.gd:508
Trade Network,Ticaret Ağı,scripts/autoload/game_data/GameDataModes.gd:509
"+1 feast seat; -6% shop prices, -2% auction fees, +5% Rift Cache chance","+1 ziyafet yeri; dükkân fiyatları -%6, müzayede ücretleri -%2, Yarık Zulası şansı +%5",scripts/autoload/game_data/GameDataModes.gd:509
Order: Requisition — reroll a fight's loot choices,Emir: Talep — bir dövüşün ganimet seçeneklerini yenile,scripts/autoload/game_data/GameDataModes.gd:510
Black Market: Rift Caches hold 30% more Gold,Kara Pazar: Yarık Zulaları %30 daha fazla Altın içerir,scripts/autoload/game_data/GameDataModes.gd:510
Every rift shop stocks an Epic relic,Her yarık dükkânında bir Destansı kalıntı bulunur,scripts/autoload/game_data/GameDataModes.gd:510
Scouts' Lodge,İzci Köşkü,scripts/autoload/game_data/GameDataModes.gd:511
Recruit board: +1 offer at Lv1 and Lv4,Aday panosu: Sv1 ve Sv4'te +1 teklif,scripts/autoload/game_data/GameDataModes.gd:511
Order: Scout Ahead — reroll the next fork's paths,Emir: Öncü Keşif — sonraki ayrımın yollarını yenile,scripts/autoload/game_data/GameDataModes.gd:512
Headhunter: every recruit refresh has a Rank C+ hero,Kelle Avcısı: her aday yenilemesinde bir Rütbe C+ kahraman olur,scripts/autoload/game_data/GameDataModes.gd:512
Recruit rerolls cost half,Aday yenilemeleri yarı fiyatına,scripts/autoload/game_data/GameDataModes.gd:512
Defenses Branch,Savunma Dalı,scripts/autoload/game_data/GameDataModes.gd:514
Riftbreaks (paid in Gold),Yarık Taşmaları (Altınla ödenir),scripts/autoload/game_data/GameDataModes.gd:514
Armory,Cephanelik,scripts/autoload/game_data/GameDataModes.gd:515
+6% tower damage,+%6 kule hasarı,scripts/autoload/game_data/GameDataModes.gd:515
Towers: Frost Totem,Kuleler: Ayaz Totemi,scripts/autoload/game_data/GameDataModes.gd:516
Towers: Ward Stone,Kuleler: Muhafız Taşı,scripts/autoload/game_data/GameDataModes.gd:516
Towers: Wayside Chapel,Kuleler: Yol Kenarı Şapeli,scripts/autoload/game_data/GameDataModes.gd:516
Engineering,Mühendislik,scripts/autoload/game_data/GameDataModes.gd:517
-6% tower costs,-%6 kule maliyeti,scripts/autoload/game_data/GameDataModes.gd:517
Towers can reach tier 3,Kuleler 3. kademeye çıkabilir,scripts/autoload/game_data/GameDataModes.gd:518
Selling a tower refunds all of it,Bir kuleyi satmak bedelinin tamamını geri verir,scripts/autoload/game_data/GameDataModes.gd:518
Palisade,Şarampole,scripts/autoload/game_data/GameDataModes.gd:519
+2 integrity and +20 starting supplies,+2 bütünlük ve +20 başlangıç erzakı,scripts/autoload/game_data/GameDataModes.gd:519
Watchtower,Gözcü Kulesi,scripts/autoload/game_data/GameDataModes.gd:521
posted heroes +6% max HP,nöbetteki kahramanlar +%6 azami can,scripts/autoload/game_data/GameDataModes.gd:521
+1 day of warning before a rift breaks,Bir yarık taşmadan önce +1 gün uyarı,scripts/autoload/game_data/GameDataModes.gd:522
+1 more day of warning,+1 gün daha uyarı,scripts/autoload/game_data/GameDataModes.gd:522
Research Branch,Araştırma Dalı,scripts/autoload/game_data/GameDataModes.gd:524
Relics & Theory,Kalıntılar ve Kuram,scripts/autoload/game_data/GameDataModes.gd:524
Relic Vault,Kalıntı Kasası,scripts/autoload/game_data/GameDataModes.gd:525
"Starting relic choices (2 at Lv1, 3 at Lv2, 4 at Lv4)","Başlangıç kalıntısı seçenekleri (Sv1'de 2, Sv2'de 3, Sv4'te 4)",scripts/autoload/game_data/GameDataModes.gd:525
+1 equipped relic slot,+1 kuşanılmış kalıntı yuvası,scripts/autoload/game_data/GameDataModes.gd:526
"+1 more relic slot, and starting relics are Rare or better",+1 kalıntı yuvası daha ve başlangıç kalıntıları Nadir ya da daha iyi,scripts/autoload/game_data/GameDataModes.gd:526
Arcane Lab,Gizem Laboratuvarı,scripts/autoload/game_data/GameDataModes.gd:527
+5% to every relic effect; Lv1 unlocks relic scrapping and trait/scar removal,Her kalıntı etkisine +%5; Sv1 kalıntı hurdaya çıkarmayı ve özellik/yara izi silmeyi açar,scripts/autoload/game_data/GameDataModes.gd:527
Skill respecs and quirk treatments cost 30% less,Beceri sıfırlamaları ve huy tedavileri %30 daha ucuz,scripts/autoload/game_data/GameDataModes.gd:528
Relic upgrades cost 25% fewer Essence,Kalıntı geliştirmeleri %25 daha az Öz tutar,scripts/autoload/game_data/GameDataModes.gd:528
Supply Drop,İkmal Atışı,scripts/autoload/game_data/GameDataModes.gd:534
Heal every standing hero 35% of their max HP.,Ayaktaki her kahramanı en yüksek canının %35'i kadar iyileştir.,scripts/autoload/game_data/GameDataModes.gd:534
This round the party acts before every foe and hits 30% harder.,Bu tur ekip tüm düşmanlardan önce davranır ve %30 daha sert vurur.,scripts/autoload/game_data/GameDataModes.gd:535
Requisition,Talep,scripts/autoload/game_data/GameDataModes.gd:536
Reroll this fight's loot choices.,Bu dövüşün ganimet seçeneklerini yenile.,scripts/autoload/game_data/GameDataModes.gd:536
Scout Ahead,Öncü Keşif,scripts/autoload/game_data/GameDataModes.gd:537
Reroll the paths on the next fork.,Sonraki ayrımdaki yolları yenile.,scripts/autoload/game_data/GameDataModes.gd:537
Founding Guild,Kurucu Lonca,scripts/autoload/game_data/GameDataModes.gd:552
Established Guild,Yerleşik Lonca,scripts/autoload/game_data/GameDataModes.gd:553
Renowned Guild,Ünlü Lonca,scripts/autoload/game_data/GameDataModes.gd:554
Legendary Guild,Efsanevi Lonca,scripts/autoload/game_data/GameDataModes.gd:555
Recruits,Adaylar,scripts/autoload/game_data/GameDataModes.gd:598
Guild Hall,Lonca Salonu,scripts/autoload/game_data/GameDataModes.gd:599
Heroes,Kahramanlar,scripts/autoload/game_data/GameDataModes.gd:601
Skills,Beceriler,scripts/autoload/game_data/GameDataModes.gd:603
Quest Board,Görev Panosu,scripts/autoload/game_data/GameDataModes.gd:605
Rift Hall,Yarık Salonu,scripts/autoload/game_data/GameDataModes.gd:606
Rift Gate,Yarık Kapısı,scripts/autoload/game_data/GameDataModes.gd:606
Items,Eşyalar,scripts/autoload/game_data/GameDataModes.gd:607
Market,Pazar,scripts/autoload/game_data/GameDataModes.gd:607
Relics,Kalıntılar,scripts/autoload/game_data/GameDataModes.gd:608
A dry year,Kurak bir yıl,scripts/autoload/game_data/GameDataModes.gd:638
"Contracts pay 15% less Gold, and heroes ask 15% lower wages.",Sözleşmeler %15 daha az Altın öder ve kahramanlar %15 daha düşük maaş ister.,scripts/autoload/game_data/GameDataModes.gd:638
A rich year,Bereketli bir yıl,scripts/autoload/game_data/GameDataModes.gd:639
"Rift fights pay 20% more Gold, and shop prices are 15% higher.",Yarık dövüşleri %20 daha fazla Altın öder ve dükkân fiyatları %15 daha yüksektir.,scripts/autoload/game_data/GameDataModes.gd:639
The Hollow stirs in %s,"Oyuk, %s bölgesinde kıpırdanıyor",scripts/autoload/game_data/GameDataModes.gd:640
"Foes there have 20% more health, and its rifts pay 25% more Essence.",Oradaki düşmanların canı %20 daha fazla ve oranın yarıkları %25 daha fazla Öz öder.,scripts/autoload/game_data/GameDataModes.gd:640
A hard winter,Sert bir kış,scripts/autoload/game_data/GameDataModes.gd:641
"One Medical Bay bed fewer (never none), and feasts lift morale twice as much.",Revirde bir yatak eksik (hiçbir zaman sıfır değil) ve ziyafetler morali iki kat yükseltir.,scripts/autoload/game_data/GameDataModes.gd:641
Restless rifts,Huzursuz yarıklar,scripts/autoload/game_data/GameDataModes.gd:642
"Riftbreaks come 2 days sooner, and holding one pays double.",Yarık Taşmaları 2 gün erken gelir ve birine dayanmak iki kat öder.,scripts/autoload/game_data/GameDataModes.gd:642
Wandering heroes,Gezgin kahramanlar,scripts/autoload/game_data/GameDataModes.gd:643
"Two more recruits on the board, and the rival signs your best offer twice as often.",İlan tahtasında iki aday daha var ve rakip en iyi adayını iki kat sık kapar.,scripts/autoload/game_data/GameDataModes.gd:643
A year of echoes,Yankılar yılı,scripts/autoload/game_data/GameDataModes.gd:644
"Echoes turn up twice as often, and a kept echo gives half the Essence.",Yankılar iki kat sık çıkar ve saklanan bir yankı yarı Öz verir.,scripts/autoload/game_data/GameDataModes.gd:644
A proud rival,Gururlu bir rakip,scripts/autoload/game_data/GameDataModes.gd:646
"The rival gains Renown 15% faster and you 10% faster, and the monthly contest pays double.","Rakibin Ün kazanımı %15, seninki %10 hızlanır ve aylık yarışma iki kat öder.",scripts/autoload/game_data/GameDataModes.gd:646
The rival is hiring,Rakip adam topluyor,scripts/autoload/game_data/GameDataModes.gd:653
It goes after your heroes more than anything.,Her şeyden çok kahramanlarının peşine düşer.,scripts/autoload/game_data/GameDataModes.gd:653
The rival is boasting,Rakip böbürleniyor,scripts/autoload/game_data/GameDataModes.gd:654
It dares you more than anything.,Her şeyden çok sana meydan okur.,scripts/autoload/game_data/GameDataModes.gd:654
The rival is undercutting,Rakip fiyat kırıyor,scripts/autoload/game_data/GameDataModes.gd:655
It goes after your contracts more than anything.,Her şeyden çok sözleşmelerinin peşine düşer.,scripts/autoload/game_data/GameDataModes.gd:655
The Shattered Vale,Parçalanmış Vadi,scripts/autoload/game_data/GameDataModes.gd:668
Vaelith,Vaelith,scripts/autoload/game_data/GameDataModes.gd:668
"Vaelith, the Vale-Render",Vadi Yırtan Vaelith,scripts/autoload/game_data/GameDataModes.gd:668
Vaelith's Breach,Vaelith'in Gediği,scripts/autoload/game_data/GameDataModes.gd:669
Greater Rifts,Büyük Yarıklar,scripts/autoload/game_data/GameDataModes.gd:669
"The Vale split open on the Night of Breaking, and it has not closed since. Rifts bleed monsters into the farmland. The largest breach belongs to Vaelith, and the villages say she wears the green of an Accord ranger. Seal it, and find out why.","Vadi, Kırılma Gecesi'nde yarıldı ve o günden beri kapanmadı. Yarıklar tarlalara canavar akıtıyor. En büyük gedik Vaelith'in ve köylüler onun bir Ahit korucusunun yeşilini giydiğini söylüyor. Mühürle ve nedenini öğren.",scripts/autoload/game_data/GameDataModes.gd:670
"Vaelith falls back through the Breach, and it seals behind her. Under her cloak was an Accord badge with the oath scratched out: she was one of them, and she left her post. Whatever the old guilds did that night, someone has been undoing it. Greater Rifts are open to your guild.","Vaelith Gedik'ten geri düşer ve gedik arkasından mühürlenir. Pelerininin altında yemini kazınmış bir Ahit nişanı vardı: o da onlardandı ve nöbet yerini terk etti. Eski loncalar o gece her ne yaptıysa, biri onu bozuyor. Büyük Yarıklar loncana açıldı.",scripts/autoload/game_data/GameDataModes.gd:671
Seal 3 rifts,3 yarık mühürle,scripts/autoload/game_data/GameDataModes.gd:672
Seal a Rank E rift,Bir Rütbe E yarığı mühürle,scripts/autoload/game_data/GameDataModes.gd:672
The Drowned Marches,Boğulmuş Bataklıklar,scripts/autoload/game_data/GameDataModes.gd:674
Nyxara,Nyxara,scripts/autoload/game_data/GameDataModes.gd:674
"Nyxara, Queen of the Drowned",Boğulmuşların Kraliçesi Nyxara,scripts/autoload/game_data/GameDataModes.gd:674
The Drowned Spire,Boğulmuş Kule,scripts/autoload/game_data/GameDataModes.gd:675
the Endless Rift,Sonsuz Yarık,scripts/autoload/game_data/GameDataModes.gd:675
"South of the Vale the marshes have risen, and Nyxara's spire rises with them. Before it drowned, the Spire was the Accord's archive: every contract, every name, every oath. Nyxara keeps it now, with a light burning at the bottom. The villages will only trust a guild that has proven itself.","Vadi'nin güneyinde bataklıklar yükseldi ve Nyxara'nın kulesi de onlarla birlikte yükseliyor. Sulara gömülmeden önce Kule, Ahit'in arşiviydi: her sözleşme, her isim, her yemin. Şimdi Nyxara tutuyor onu, dibinde yanan bir ışıkla. Köyler yalnızca kendini kanıtlamış bir loncaya güvenir.",scripts/autoload/game_data/GameDataModes.gd:676
"The Spire crumbles into the black water, and Nyxara with it. One book survived the archive, in the Grandmaster's hand, and it says the guilds did not fall that night. They made a bargain. Beneath the Spire, something vast stirs: a rift with no bottom, lit by pillars of light. The Endless Rift is open to your guild.","Kule kara sulara çöker, Nyxara da onunla. Arşivden Büyük Üstat'ın el yazısıyla tek bir defter kurtuldu ve loncaların o gece düşmediğini söylüyor. Bir pazarlık yaptılar. Kulenin altında devasa bir şey kıpırdıyor: ışık sütunlarıyla aydınlanan, dibi olmayan bir yarık. Sonsuz Yarık loncana açıldı.",scripts/autoload/game_data/GameDataModes.gd:677
Seal a Rank C rift,Bir Rütbe C yarığı mühürle,scripts/autoload/game_data/GameDataModes.gd:678
Seal 2 rifts of Rank C or higher,Rütbe C ya da daha yüksek 2 yarık mühürle,scripts/autoload/game_data/GameDataModes.gd:678
Complete a quest,Bir görev tamamla,scripts/autoload/game_data/GameDataModes.gd:678
The Ashen Crown,Küllü Taç,scripts/autoload/game_data/GameDataModes.gd:680
Sythrane,Sythrane,scripts/autoload/game_data/GameDataModes.gd:680
"Sythrane, the Ashen Crown",Küllü Taç Sythrane,scripts/autoload/game_data/GameDataModes.gd:680
The Heart of the Rift,Yarığın Kalbi,scripts/autoload/game_data/GameDataModes.gd:681
"Every rift you've sealed led here. At the heart of the rift network sits Sythrane in a crown of ash, guarded by Korrath and Drevok, once her wardens. The Grandmaster's book names her plainly: Sythrane, Grandmaster of the Accord. She made the bargain. Every breach in the world is one of her guilds letting go, and every one feeds her.","Mühürlediğin her yarık buraya çıkıyordu. Yarık ağının kalbinde külden bir taçla Sythrane oturuyor; onu bir zamanlar muhafızları olan Korrath ve Drevok koruyor. Büyük Üstat'ın defteri onu açıkça adlandırıyor: Sythrane, Ahit'in Büyük Üstadı. Pazarlığı o yaptı. Dünyadaki her gedik loncalarından birinin pes etmesi ve her biri onu besliyor.",scripts/autoload/game_data/GameDataModes.gd:682
"The Ashen Crown shatters. Sythrane's last words are not a threat but a warning: someone has to hold the Hollow shut, and she was tired. One by one the rifts fall quiet, and for the first time in years the sky is only sky. In the Endless Rift the pillars of light are still holding. Your guild's name will be told for generations. (The rifts never fully close: Endless, the rift ladder and the quests carry on.)","Küllü Taç parçalanır. Sythrane'in son sözleri bir tehdit değil, bir uyarı: birinin Oyuk'u kapalı tutması gerek ve o yorulmuştu. Yarıklar birer birer susar ve yıllardır ilk kez gökyüzü yalnızca gökyüzüdür. Sonsuz Yarık'ta ışık sütunları hâlâ dayanıyor. Loncanın adı nesiller boyu anlatılacak. (Yarıklar hiçbir zaman tamamen kapanmaz: Sonsuz Yarık, yarık merdiveni ve görevler sürer.)",scripts/autoload/game_data/GameDataModes.gd:683
Seal a Rank B rift,Bir Rütbe B yarığı mühürle,scripts/autoload/game_data/GameDataModes.gd:684
boss:Korrath,,scripts/autoload/game_data/GameDataModes.gd:684
Defeat Korrath,Korrath'ı yen,scripts/autoload/game_data/GameDataModes.gd:684
boss:Drevok,,scripts/autoload/game_data/GameDataModes.gd:684
Defeat Drevok,Drevok'u yen,scripts/autoload/game_data/GameDataModes.gd:684
Complete 3 quests,3 görev tamamla,scripts/autoload/game_data/GameDataModes.gd:684
The Accord Hall,Ahit Salonu,scripts/autoload/game_data/GameDataModes.gd:686
The Terms,Şartlar,scripts/autoload/game_data/GameDataModes.gd:686
"The Terms, in the Grandmaster's shape","Şartlar, Büyük Üstat'ın suretinde",scripts/autoload/game_data/GameDataModes.gd:686
"With Sythrane gone, the Hollow has no one to bargain with, so it is bargaining with the posts directly. One by one the pillars in the Endless Rift are flickering. The Accord Hall lies below them, and in it the Terms that started all of this, wearing the Grandmaster's face. Every post that has gone dark makes them stronger. Someone will have to read them out loud.","Sythrane gidince Oyuk'un pazarlık edecek kimsesi kalmadı, bu yüzden doğrudan nöbetlerle pazarlık ediyor. Sonsuz Yarık'taki sütunlar birer birer titreşiyor. Ahit Salonu onların altında ve içinde her şeyi başlatan Şartlar, Büyük Üstat'ın yüzünü takınmış duruyor. Kararan her nöbet onları güçlendiriyor. Birinin onları yüksek sesle okuması gerekecek.",scripts/autoload/game_data/GameDataModes.gd:688
"The Terms come apart into forty-one lines of old ink, and the Hall goes quiet. The posts are listening. The bargain needs a last signature, or a fire. Your guild has to choose.",Şartlar kırk bir satır eski mürekkebe dağılır ve Salon susar. Nöbetler dinliyor. Pazarlığın son bir imzaya ya da bir ateşe ihtiyacı var. Loncan seçmek zorunda.,scripts/autoload/game_data/GameDataModes.gd:689
Seal a Rank A rift,A Rütbeli bir yarık mühürle,scripts/autoload/game_data/GameDataModes.gd:690
Free a lost champion from a pillar,Bir ışık sütunundan kayıp bir şampiyonu kurtar,scripts/autoload/game_data/GameDataModes.gd:690
Find every page of the Grandmaster's ledger,Büyük Üstat'ın defterinin bütün sayfalarını bul,scripts/autoload/game_data/GameDataModes.gd:690
Defeat %d %s,%d %s yen,scripts/autoload/game_data/GameDataModes.gd:699
Seal %d Rift%s,%d Yarık%s mühürle,scripts/autoload/game_data/GameDataModes.gd:700
Win %d Elite fight%s,%d Seçkin dövüşü%s kazan,scripts/autoload/game_data/GameDataModes.gd:701
Defeat a Boss,Bir Boss yen,scripts/autoload/game_data/GameDataModes.gd:702
Craft %d item%s or relic%s,%d eşya%s ya da kalıntı%s üret,scripts/autoload/game_data/GameDataModes.gd:703
Win %d fight%s without a hero going down,Hiçbir kahraman düşmeden %d dövüş%s kazan,scripts/autoload/game_data/GameDataModes.gd:704
First Blood — seal your first Rift,İlk Kan — ilk Yarığını mühürle,scripts/autoload/game_data/GameDataModes.gd:716
Monster Hunter — defeat 25 monsters total,Canavar Avcısı — toplam 25 canavar yen,scripts/autoload/game_data/GameDataModes.gd:717
Elite Slayer — win 3 Elite fights,Seçkin Avcısı — 3 Seçkin dövüşü kazan,scripts/autoload/game_data/GameDataModes.gd:718
Boss Breaker — defeat 3 Bosses,Boss Kıran — 3 Boss yen,scripts/autoload/game_data/GameDataModes.gd:719
Artisan — craft 3 items or relics,Zanaatkâr — 3 eşya ya da kalıntı üret,scripts/autoload/game_data/GameDataModes.gd:720
Full Roster — fill every hero slot,Dolu Kadro — her kahraman yerini doldur,scripts/autoload/game_data/GameDataModes.gd:721
Guild of the Realm — top the Guild Standings in Renown,Diyarın Loncası — Lonca Sıralaması'nda Ün'de zirveye çık,scripts/autoload/game_data/GameDataModes.gd:722
Renowned Guild — reach Renowned Guild tier,Ünlü Lonca — Ünlü Lonca kademesine ulaş,scripts/autoload/game_data/GameDataModes.gd:723
Greater Threat — open the Rank C rift,Büyük Tehdit — Rütbe C yarığını aç,scripts/autoload/game_data/GameDataModes.gd:724
The Vale Holds — complete Act I,Vadi Dayanıyor — I. Perde'yi tamamla,scripts/autoload/game_data/GameDataModes.gd:725
Out of the Marshes — complete Act II,Bataklıklardan Çıkış — II. Perde'yi tamamla,scripts/autoload/game_data/GameDataModes.gd:726
Crownbreaker — complete Act III,Taç Kıran — III. Perde'yi tamamla,scripts/autoload/game_data/GameDataModes.gd:727
Keeper of the Accord — complete the campaign,Ahit'in Bekçisi — seferi tamamla,scripts/autoload/game_data/GameDataModes.gd:728
Rift Warden — seal 25 rifts,Yarık Bekçisi — 25 yarık mühürle,scripts/autoload/game_data/GameDataModes.gd:729
Centurion — defeat 250 monsters,Yüzbaşı — 250 canavar yen,scripts/autoload/game_data/GameDataModes.gd:730
Kingslayer — defeat 20 Bosses,Kral Katili — 20 Boss yen,scripts/autoload/game_data/GameDataModes.gd:731
Untouched — seal 5 rifts with no one knocked out,Dokunulmaz — kimse bayılmadan 5 yarık mühürle,scripts/autoload/game_data/GameDataModes.gd:732
Climber — reach floor 25 of the Tower,Tırmanıcı — Kule'nin 25. katına ulaş,scripts/autoload/game_data/GameDataModes.gd:733
Summit — clear floor 100 of the Tower,Zirve — Kule'nin 100. katını temizle,scripts/autoload/game_data/GameDataModes.gd:734
Beyond the Edge — survive 10 minutes in the Endless Rift,Sınırın Ötesi — Sonsuz Yarık'ta 10 dakika dayan,scripts/autoload/game_data/GameDataModes.gd:735
Daily Duty — seal a rift with the daily twist,Günlük Görev — günün cilvesiyle bir yarığı mühürle,scripts/autoload/game_data/GameDataModes.gd:736
Dedicated — seal the daily twist 7 days in a row,Kararlı — günün cilvesini 7 gün üst üste mühürle,scripts/autoload/game_data/GameDataModes.gd:737
Build Complete — own a 4-piece boon set,Yapı Tamam — 4 parçalı bir lütuf setine sahip ol,scripts/autoload/game_data/GameDataModes.gd:738
Legendary Guild — reach Legendary Guild tier,Efsanevi Lonca — Efsanevi Lonca kademesine ulaş,scripts/autoload/game_data/GameDataModes.gd:739
Paragon — raise a hero to Level 10,Örnek — bir kahramanı 10. seviyeye çıkar,scripts/autoload/game_data/GameDataModes.gd:740
Great Hall — have 10 heroes on the roster,Büyük Salon — kadroda 10 kahraman olsun,scripts/autoload/game_data/GameDataModes.gd:741
Inspired,İlhamlı,scripts/autoload/game_data/GameDataModes.gd:780
Steady,Dengeli,scripts/autoload/game_data/GameDataModes.gd:780
Shaken,Sarsılmış,scripts/autoload/game_data/GameDataModes.gd:780
Breaking,Kırılmak üzere,scripts/autoload/game_data/GameDataModes.gd:780
The Iron Chorus,Demir Koro,scripts/autoload/game_data/GameDataModes.gd:796
The Ashen Wolves,Kül Kurtları,scripts/autoload/game_data/GameDataModes.gd:796
The Gilded Lance,Yaldızlı Mızrak,scripts/autoload/game_data/GameDataModes.gd:796
The Last Lantern,Son Fener,scripts/autoload/game_data/GameDataModes.gd:796
The Hollow Crown Company,Oyuk Taç Bölüğü,scripts/autoload/game_data/GameDataModes.gd:796
Marshal Orla Venn,Mareşal Orla Venn,scripts/autoload/game_data/GameDataModes.gd:814
Kael Ashborn,Kael Ashborn,scripts/autoload/game_data/GameDataModes.gd:815
Ser Aldric Vane,Sör Aldric Vane,scripts/autoload/game_data/GameDataModes.gd:816
Mother Ilse,Ana Ilse,scripts/autoload/game_data/GameDataModes.gd:817
Captain Morrow,Kaptan Morrow,scripts/autoload/game_data/GameDataModes.gd:1118
"Seal the small rifts, %s. Leave the real ones to us.","Küçük yarıkları sen mühürle, %s. Gerçeklerini bize bırak.",scripts/autoload/game_data/GameDataModes.gd:822
"%s pays its heroes in promises, I hear.",Duyduğuma göre %s kahramanlarına vaatle ödüyormuş.,scripts/autoload/game_data/GameDataModes.gd:823
Our recruits ask about %s. Then they sign with us.,Acemilerimiz %s hakkında soru soruyor. Sonra bizimle imzalıyorlar.,scripts/autoload/game_data/GameDataModes.gd:824
Tell %s the quest board isn't a charity.,"%s loncasına söyleyin, görev panosu bir hayır kurumu değil.",scripts/autoload/game_data/GameDataModes.gd:825
We'll send flowers when %s closes its doors.,%s kapılarını kapattığında çiçek göndereceğiz.,scripts/autoload/game_data/GameDataModes.gd:826
%s? I thought they'd disbanded.,%s mi? Dağıldıklarını sanıyordum.,scripts/autoload/game_data/GameDataModes.gd:827
The Night of Breaking,Kırılma Gecesi,scripts/autoload/game_data/GameDataModes.gd:1115
The end of the Accord,Ahit'in sonu,scripts/autoload/game_data/GameDataModes.gd:846
"For three hundred years the guilds of the Accord kept the rifts shut. They swore one oath: close what opens, share what you find, never sell a rift. Then, in a single night, every rift in the Vale opened at once, and every Accord guild went in. None of them came back. By morning their halls stood empty.

The villages still need a guild. They have yours.","Üç yüz yıl boyunca Ahit'in loncaları yarıkları kapalı tuttu. Tek bir yemin ettiler: açılanı kapat, bulduğunu paylaş, asla bir yarık satma. Sonra tek bir gecede Vadi'deki bütün yarıklar aynı anda açıldı ve Ahit'in bütün loncaları içeri girdi. Hiçbiri geri dönmedi. Sabah olduğunda salonları bomboştu.

Köylerin hâlâ bir loncaya ihtiyacı var. Seninki var.",scripts/autoload/game_data/GameDataModes.gd:847
The Hollow,Oyuk,scripts/autoload/game_data/GameDataModes.gd:852
"The world sits on a thin crust. Under it is the Hollow, where things that never got to happen pile up: unfinished storms, roads never built, beasts that almost were. A rift is a crack in the crust, and what comes through is the Hollow trying on a shape. It copies what it finds, which is why each region's monsters look like that region.","Dünya ince bir kabuğun üstünde durur. Altında Oyuk vardır; hiç gerçekleşemeyen şeylerin biriktiği yer: yarım kalmış fırtınalar, hiç yapılmamış yollar, neredeyse var olacak canavarlar. Yarık kabuktaki bir çatlaktır ve içinden gelen, bir biçime bürünmeye çalışan Oyuk'tur. Bulduğunu taklit eder; her bölgenin canavarları bu yüzden o bölgeye benzer.",scripts/autoload/game_data/GameDataModes.gd:852
Essence,Öz,scripts/autoload/game_data/GameDataModes.gd:853
"When the Hollow touches air it hardens into crystal. Essence is unfinished possibility: put it into a hero and they grow into what they might have been, into a building and it becomes its better self, into a relic and it wakes. Gold pays people. Essence changes things.","Oyuk havayla buluşunca kristale dönüşür. Öz, yarım kalmış olasılıktır: bir kahramana verirsen olabileceği kişiye dönüşür, bir binaya verirsen daha iyi hâli olur, bir kalıntıya verirsen uyanır. Altın insanlara ödenir. Öz bir şeyleri değiştirir.",scripts/autoload/game_data/GameDataModes.gd:853
The Accord,Ahit,scripts/autoload/game_data/GameDataModes.gd:854
"The oath of the old guilds: close what opens, share what you find, never sell a rift. The villages paid the guilds that swore it, and for three hundred years the crust held. Renown is the villages' trust; the best recruits go where it is.","Eski loncaların yemini: açılanı kapat, bulduğunu paylaş, asla bir yarık satma. Köyler bu yemini eden loncalara ödeme yaptı ve üç yüz yıl boyunca kabuk dayandı. Ün, köylerin güvenidir; en iyi adaylar onun olduğu yere gider.",scripts/autoload/game_data/GameDataModes.gd:854
The Assay,Mihenk Taşı,scripts/autoload/game_data/GameDataModes.gd:855
"Every hero who joins a guild is measured once on the Assay stone, by how much Essence they can hold without breaking: F to S. Rifts are measured on the same scale, so a Rank C rift is one a Rank C hero can stand in. SS and SSS were added after the Night of Breaking, by clerks who had run out of letters.","Bir loncaya katılan her kahraman Mihenk Taşı'nda bir kez ölçülür: kırılmadan ne kadar Öz taşıyabildiğine göre, F'den S'ye. Yarıklar da aynı ölçekle ölçülür; C Rütbeli bir yarık, C Rütbeli bir kahramanın içinde durabileceği yarıktır. SS ve SSS, Kırılma Gecesi'nden sonra harfleri tükenen kâtipler tarafından eklendi.",scripts/autoload/game_data/GameDataModes.gd:855
The Five Paths,Beş Yol,scripts/autoload/game_data/GameDataModes.gd:856
"The Accord trained fighters in five Paths: the Shield (warriors), the Bow (rangers), the Word (mages), the Vow (clerics) and the Knife (rogues). Below Rank B the Path is all a hero is. From Rank B there is enough Essence in them that it settles into a shape of its own, and the Path forks into a calling.","Ahit savaşçılarını beş Yol'da yetiştirdi: Kalkan (savaşçılar), Yay (korucular), Söz (büyücüler), Yemin (rahipler) ve Bıçak (hırsızlar). B Rütbesinin altında bir kahraman Yol'undan ibarettir. B Rütbesinden itibaren içinde kendi biçimini alacak kadar Öz birikir ve Yol bir uzmanlığa ayrılır.",scripts/autoload/game_data/GameDataModes.gd:856
"Every rift in the Vale opened at once, deeper than the Assay could measure, and every Accord guild answered. None came back. The new companies that took charters afterward never swore the Accord. Yours can choose to keep it.","Vadi'deki bütün yarıklar aynı anda, Mihenk Taşı'nın ölçemeyeceği kadar derin açıldı ve Ahit'in bütün loncaları çağrıya uydu. Hiçbiri dönmedi. Sonradan berat alan yeni bölükler Ahit'e hiç yemin etmedi. Seninki onu sürdürmeyi seçebilir.",scripts/autoload/game_data/GameDataModes.gd:857
Vaelith's badge,Vaelith'in nişanı,scripts/autoload/game_data/GameDataModes.gd:860
Under Vaelith's cloak was an Accord ranger's badge with the oath scratched out. She held a post on the Night of Breaking and walked away from it. The great Breach in the Vale was the post she left.,"Vaelith'in pelerininin altında yemini kazınmış bir Ahit korucusu nişanı vardı. Kırılma Gecesi'nde bir nöbet yeri tutuyordu ve onu bırakıp gitti. Vadi'deki büyük Gedik, onun terk ettiği nöbet yeriydi.",scripts/autoload/game_data/GameDataModes.gd:860
The bargain,Pazarlık,scripts/autoload/game_data/GameDataModes.gd:861
"The guilds did not fall. On the Night of Breaking the Grandmaster of the Accord made a bargain with the Hollow: the strongest of the guilds would stand in the cracks and let the Hollow harden around them, and the Hollow would stay below. The pillars of light in the Endless Rift are those posts, still holding.",Loncalar düşmedi. Kırılma Gecesi'nde Ahit'in Büyük Üstadı Oyuk'la bir pazarlık yaptı: loncaların en güçlüleri çatlaklarda duracak ve Oyuk'un etraflarında katılaşmasına izin verecekti; Oyuk da aşağıda kalacaktı. Sonsuz Yarık'taki ışık sütunları o nöbet yerleri; hâlâ dayanıyorlar.,scripts/autoload/game_data/GameDataModes.gd:861
The forty-first post,Kırk birinci nöbet,scripts/autoload/game_data/GameDataModes.gd:862
"Sythrane was the Grandmaster. The bargain asked for forty-one posts, and she would not take the last one herself. The Hollow crowned her instead, and every post that tired and let go fed her. With her gone the rifts are quiet. The posts are still holding, and someone will have to relieve them.",Büyük Üstat Sythrane'di. Pazarlık kırk bir nöbet istiyordu ve sonuncusunu kendisi almadı. Oyuk onun yerine onu taçlandırdı ve yorulup bırakan her nöbet onu besledi. O gidince yarıklar sustu. Nöbetler hâlâ dayanıyor ve birinin onları devralması gerekecek.,scripts/autoload/game_data/GameDataModes.gd:862
Day 1. The Hollow is rising faster than we can close it. The Assay has no mark for what came through at Thornwood. I have called every guild to the Hall.,1. Gün. Oyuk kapatabileceğimizden hızlı yükseliyor. Dikenorman'dan geleni ölçecek bir işaret yok Mihenk Taşı'nda. Bütün loncaları Salon'a çağırdım.,scripts/autoload/game_data/GameDataModes.gd:869
Day 3. A voice answered from the deepest rift. It offered terms. I wrote them down so that I could refuse them properly.,3. Gün. En derin yarıktan bir ses cevap verdi. Şartlar önerdi. Düzgünce reddedebilmek için onları yazdım.,scripts/autoload/game_data/GameDataModes.gd:870
"Day 9. Forty posts: forty of our strongest, standing in the cracks, held by the Hollow's own hardening. In return it stays below. I have not refused.","9. Gün. Kırk nöbet: en güçlü kırk kişimiz, çatlaklarda duracak, Oyuk'un kendi katılaşmasıyla tutulacak. Karşılığında o aşağıda kalacak. Reddetmedim.",scripts/autoload/game_data/GameDataModes.gd:871
Day 10. Lots drawn. Brannoch asked for the deepest post and I let him. I told them all I would come back for them myself.,"10. Gün. Kuralar çekildi. Brannoch en derin nöbeti istedi, izin verdim. Hepsine, onları almaya bizzat geleceğimi söyledim.",scripts/autoload/game_data/GameDataModes.gd:872
"Day 11. Vaelith asked who holds the Grandmaster's post. I said the Grandmaster keeps the ledger. That was not an answer, and she knew it.","11. Gün. Vaelith, Büyük Üstat'ın nöbetini kimin tutacağını sordu. Büyük Üstat defteri tutar dedim. Bu bir cevap değildi ve o bunu biliyordu.",scripts/autoload/game_data/GameDataModes.gd:873
The Night. Every post is taken but mine. The terms say forty-one. The Hollow can count.,Gece. Benimki dışında bütün nöbetler alındı. Şartlar kırk bir diyor. Oyuk saymayı biliyor.,scripts/autoload/game_data/GameDataModes.gd:874
"After. The Hollow came for the forty-first and found me ready to make a different bargain. It gives me a crown. I give it the posts, one at a time, as they tire. It is slower than refusing. That is all I wanted: more time.","Sonra. Oyuk kırk birinciyi almaya geldi ve beni başka bir pazarlığa hazır buldu. O bana bir taç veriyor. Ben ona nöbetleri veriyorum, yoruldukça birer birer. Reddetmekten daha yavaş. Tek istediğim buydu: biraz daha zaman.",scripts/autoload/game_data/GameDataModes.gd:875
By Royal Hand,Kraliyet Eliyle,scripts/autoload/game_data/GameDataModes.gd:1027
A notice on every guild door in the Vale,Vadi'deki her lonca kapısına asılmış bir duyuru,scripts/autoload/game_data/GameDataModes.gd:881
"The Crown will return to the Vale. A single Royal Charter will go to the company that has done the most to close the rifts: every contract, for a generation. Until then, all chartered companies compete on equal terms.

The loudest of them, %s, led by %s, has noticed your guild.","Taç, Vadi'ye geri dönecek. Yarıkları kapatmak için en çok çabayı gösteren bölüğe tek bir Kraliyet Beratı verilecek: her sözleşme, bir nesil boyunca. O zamana kadar beratlı bütün bölükler eşit şartlarda yarışır.

Aralarında en gürültücüsü olan %s, %s önderliğinde, loncanı fark etti.",scripts/autoload/game_data/GameDataModes.gd:882
"%s fights like one of mine. I'd rather ask than steal, so I'm asking: let them come, or pay them what they're worth. No hard feelings either way. — O. Venn","%s benimkilerden biri gibi dövüşüyor. Çalmaktansa sormayı yeğlerim, o yüzden soruyorum: bırak gelsin ya da hak ettiğini öde. Her iki durumda da kırgınlık yok. — O. Venn",scripts/autoload/game_data/GameDataModes.gd:889
"Seal a Rank %s rift before payday. If you do, I'll say so to the herald. If you don't, I'll say that too. — O. Venn",Maaş gününden önce %s Rütbeli bir yarık mühürle. Mühürlersen bunu tellala söylerim. Mühürlemezsen onu da söylerim. — O. Venn,scripts/autoload/game_data/GameDataModes.gd:890
"That contract is on the board and we can do it. So can you, maybe. First to sign it keeps it. — O. Venn",O sözleşme panoda ve biz yapabiliriz. Belki siz de. İlk imzalayan alır. — O. Venn,scripts/autoload/game_data/GameDataModes.gd:891
"Good work this week, %s. Do better next week.","Bu hafta iyi iş, %s. Gelecek hafta daha iyisini yap.",scripts/autoload/game_data/GameDataModes.gd:892
The Chorus sings about the rifts it has closed. %s hums.,Koro kapattığı yarıkların şarkısını söyler. %s mırıldanır.,scripts/autoload/game_data/GameDataModes.gd:892
%s keeps its word. I'll give them that. I'll give them nothing else.,%s sözünü tutar. Bunu kabul ederim. Başka hiçbir şeyi kabul etmem.,scripts/autoload/game_data/GameDataModes.gd:892
"We can't train heroes like %s; we haven't the Gold. We can pay them, though, for a few weeks at least. They'll be happy. Probably. — Kael",%s gibi kahramanları yetiştiremeyiz; Altınımız yok. Ama birkaç hafta da olsa maaşını ödeyebiliriz. Mutlu olur. Muhtemelen. — Kael,scripts/autoload/game_data/GameDataModes.gd:894
Rank %s by payday. We did one last week. Barely. Your turn. — Kael,Maaş gününe kadar %s Rütbesi. Biz geçen hafta bir tane yaptık. Zar zor. Sıra sizde. — Kael,scripts/autoload/game_data/GameDataModes.gd:895
We need that contract more than you do. I'm not proud of saying so. I'm saying it anyway. — Kael,O sözleşmeye sizden çok ihtiyacımız var. Bunu söylemekle gurur duymuyorum. Yine de söylüyorum. — Kael,scripts/autoload/game_data/GameDataModes.gd:896
The Wolves are hungry and %s is fat. Draw your own conclusions.,"Kurtlar aç, %s ise semiz. Gerisini siz düşünün.",scripts/autoload/game_data/GameDataModes.gd:897
Someday the Wolves will have a hall like %s's. With a roof.,Bir gün Kurtların da %s gibi bir salonu olacak. Çatılı.,scripts/autoload/game_data/GameDataModes.gd:897
%s had a good week. We ate.,%s iyi bir hafta geçirdi. Biz yemek yedik.,scripts/autoload/game_data/GameDataModes.gd:897
Your %s has a good eye and a poor wage. I have the opposite problem. I'm sure we can come to an arrangement. — Vane,%s iyi bir göze ve kötü bir maaşa sahip. Bende tam tersi bir sorun var. Eminim anlaşabiliriz. — Vane,scripts/autoload/game_data/GameDataModes.gd:899
"A Rank %s rift by payday, if your guild can manage it. Mine could, in its sleep. It frequently does. — Vane","Maaş gününe kadar %s Rütbeli bir yarık, loncanız becerebilirse. Benimki uykusunda yapar. Sık sık da yapar. — Vane",scripts/autoload/game_data/GameDataModes.gd:900
The Lance will be taking that contract. Do not trouble yourselves. — Ser Aldric Vane,O sözleşmeyi Mızrak alacak. Zahmet etmeyin. — Ser Aldric Vane,scripts/autoload/game_data/GameDataModes.gd:901
The Charter will hang in the Lance's hall. I have already chosen the frame.,"Berat, Mızrak'ın salonunda asılı duracak. Çerçevesini bile seçtim.",scripts/autoload/game_data/GameDataModes.gd:902
"%s has been unhappy, child. I notice these things. Pay them, or I will, and then we'll both know who listens. — Mother Ilse","%s mutsuz, evladım. Ben bu şeyleri fark ederim. Ya sen öde ya ben öderim; o zaman ikimiz de kimin dinlediğini biliriz. — Ilse Ana",scripts/autoload/game_data/GameDataModes.gd:904
I've told the taverns you can seal a Rank %s rift by payday. Don't make an old woman a liar. — Ilse,Meyhanelere maaş gününe kadar %s Rütbeli bir yarığı mühürleyebileceğinizi söyledim. Yaşlı bir kadını yalancı çıkarmayın. — Ilse,scripts/autoload/game_data/GameDataModes.gd:905
"The Wolves will try for this one tomorrow. Take it first and I'll know you can be trusted with better news. Let it go and I'll take it, and I'll know that too. — Ilse","Kurtlar yarın bunu almaya çalışacak. Önce siz alın, size daha iyi haberler emanet edilebileceğini bileyim. Bırakırsanız ben alırım ve onu da bilirim. — Ilse",scripts/autoload/game_data/GameDataModes.gd:906
"Mother Ilse sends her regards to %s, and a small bill.","Ilse Ana, %s için selamlarını ve küçük bir hesap pusulasını gönderiyor.",scripts/autoload/game_data/GameDataModes.gd:907
Everyone owes the Lantern something. %s just doesn't know what yet.,Herkesin Fener'e bir borcu var. %s henüz neyi borçlu olduğunu bilmiyor.,scripts/autoload/game_data/GameDataModes.gd:907
The Lantern hears %s is short this week. The Lantern lends.,"Fener, bu hafta %s loncasının sıkıştığını duydu. Fener borç verir.",scripts/autoload/game_data/GameDataModes.gd:907
"%s deserves a company that values them. Ours does: twice the wage, half the danger. I can't explain the half. Trade secret. — Capt. Morrow","%s kendisine değer veren bir bölüğü hak ediyor. Bizimki verir: iki kat maaş, yarı tehlike. Yarısını açıklayamam. Meslek sırrı. — Yzb. Morrow",scripts/autoload/game_data/GameDataModes.gd:909
"Rank %s by payday? A friendly wager. There is always another rift, after all. We make sure of it. — Morrow",Maaş gününe kadar %s Rütbesi mi? Dostça bir iddia. Sonuçta her zaman bir yarık daha vardır. Biz bundan emin oluruz. — Morrow,scripts/autoload/game_data/GameDataModes.gd:910
"We'll take this one off your hands. Plenty of work for everyone; there always seems to be, near us. — Morrow",Bunu sizin yerinize biz hallederiz. Herkese yetecek kadar iş var; bizim yakınımızda hep var gibi. — Morrow,scripts/autoload/game_data/GameDataModes.gd:911
"Plenty of work for everyone, %s. There always is.","Herkese yetecek kadar iş var, %s. Hep vardır.",scripts/autoload/game_data/GameDataModes.gd:912
The Company wishes %s a quiet week. Truly.,"Bölük, %s için sakin bir hafta diler. Gerçekten.",scripts/autoload/game_data/GameDataModes.gd:912
Captain Morrow sent %s a bottle of good wine. No note.,"Yüzbaşı Morrow, %s loncasına bir şişe iyi şarap gönderdi. Notsuz.",scripts/autoload/game_data/GameDataModes.gd:912
Dobbs,,scripts/autoload/game_data/GameDataModes.gd:920
First payday. I'm Dobbs; I keep the books. The one with the ink is Wen.,İlk maaş günü. Ben Dobbs; defterleri tutarım. Mürekkepli olan da Wen.,scripts/autoload/game_data/GameDataModes.gd:920
Wen,,scripts/autoload/game_data/GameDataModes.gd:920
I write down what happens. Try to make it worth writing.,Olanları yazarım. Yazmaya değer kılmaya çalışın.,scripts/autoload/game_data/GameDataModes.gd:920
Hesper,,scripts/autoload/game_data/GameDataModes.gd:920
And I'm the old woman who was here before both of them. Pay your heroes and they'll stay.,"Ben de ikisinden önce burada olan yaşlı kadınım. Kahramanlarına öde, kalırlar.",scripts/autoload/game_data/GameDataModes.gd:920
Someone walked out today.,Bugün biri çekip gitti.,scripts/autoload/game_data/GameDataModes.gd:921
"Unpaid twice, or miserable. Usually both.",İki kez maaşsız kalmış ya da mutsuz. Genelde ikisi birden.,scripts/autoload/game_data/GameDataModes.gd:921
I'll write that they left. I won't write why. That's yours to fix.,Gittiğini yazarım. Nedenini yazmam. Onu düzeltmek sana kalmış.,scripts/autoload/game_data/GameDataModes.gd:921
I've added a name to the Memorial.,Anıt'a bir isim ekledim.,scripts/autoload/game_data/GameDataModes.gd:922
Say it out loud once. It helps.,Bir kez yüksek sesle söyle. İyi gelir.,scripts/autoload/game_data/GameDataModes.gd:922
I'll take them off the payroll. Quietly.,Onu bordrodan çıkarırım. Sessizce.,scripts/autoload/game_data/GameDataModes.gd:922
"We're short. I want that written down, Wen.","Paramız yetmiyor. Bunun yazılmasını istiyorum, Wen.",scripts/autoload/game_data/GameDataModes.gd:923
"It's written down. It was written down last week, too.",Yazıldı. Geçen hafta da yazılmıştı.,scripts/autoload/game_data/GameDataModes.gd:923
Then underline it.,O zaman altını çiz.,scripts/autoload/game_data/GameDataModes.gd:923
Good feast.,Güzel ziyafet.,scripts/autoload/game_data/GameDataModes.gd:924
Expensive feast.,Pahalı ziyafet.,scripts/autoload/game_data/GameDataModes.gd:924
I'm writing 'good'.,'Güzel' yazıyorum.,scripts/autoload/game_data/GameDataModes.gd:924
The herald wrote our name first this week.,Tellal bu hafta ilk bizim adımızı yazdı.,scripts/autoload/game_data/GameDataModes.gd:925
Did the herald pay anything?,Tellal bir şey ödedi mi?,scripts/autoload/game_data/GameDataModes.gd:925
No.,Hayır.,scripts/autoload/game_data/GameDataModes.gd:925
Then it's ink.,O zaman sadece mürekkep.,scripts/autoload/game_data/GameDataModes.gd:925
Our rivals bought new banners.,Rakiplerimiz yeni sancaklar almış.,scripts/autoload/game_data/GameDataModes.gd:926
The Accord never had banners.,Ahit'in hiç sancağı olmadı.,scripts/autoload/game_data/GameDataModes.gd:926
The Accord is gone.,Ahit yok artık.,scripts/autoload/game_data/GameDataModes.gd:926
Yes. Well.,Evet. Neyse.,scripts/autoload/game_data/GameDataModes.gd:926
The vault is full. I don't trust it.,Kasa dolu. Buna güvenmiyorum.,scripts/autoload/game_data/GameDataModes.gd:927
"Spend it on the heroes, then. Gold never closed a rift.",O zaman kahramanlara harca. Altın hiçbir yarığı kapatmadı.,scripts/autoload/game_data/GameDataModes.gd:927
Gold paid the ones who did.,Kapatanlara Altın ödendi ama.,scripts/autoload/game_data/GameDataModes.gd:927
"These ledger pages. Hesper, did you know the Grandmaster?","Bu defter sayfaları... Hesper, Büyük Üstat'ı tanır mıydın?",scripts/autoload/game_data/GameDataModes.gd:928
Everyone knew her. Nobody knew her.,Herkes tanırdı. Kimse tanımazdı.,scripts/autoload/game_data/GameDataModes.gd:928
That isn't an answer.,Bu bir cevap değil.,scripts/autoload/game_data/GameDataModes.gd:928
It's the only one she ever gave.,Onun verdiği tek cevap buydu.,scripts/autoload/game_data/GameDataModes.gd:928
Nobody hurt this week.,Bu hafta kimse yaralanmadı.,scripts/autoload/game_data/GameDataModes.gd:929
That's not a story.,Bu bir hikâye değil.,scripts/autoload/game_data/GameDataModes.gd:929
It's the best kind. You'll learn.,En iyi türü. Öğrenirsin.,scripts/autoload/game_data/GameDataModes.gd:929
"Hesper, what were the old guilds like?","Hesper, eski loncalar nasıldı?",scripts/autoload/game_data/GameDataModes.gd:930
Louder. Better paid. Gone.,Daha gürültülü. Daha iyi maaşlı. Gitmiş.,scripts/autoload/game_data/GameDataModes.gd:930
"Wages, upkeep, and a bill for a broken door.","Maaşlar, bakım ve kırık bir kapının faturası.",scripts/autoload/game_data/GameDataModes.gd:931
Which door?,Hangi kapı?,scripts/autoload/game_data/GameDataModes.gd:931
The one someone kicked in after the last rift. I'm not saying who.,Son yarıktan sonra birinin tekmeyle kırdığı. Kim olduğunu söylemiyorum.,scripts/autoload/game_data/GameDataModes.gd:931
I sat the Assay at sixteen. The stone barely glowed.,Mihenk Taşı'na on altı yaşında girdim. Taş zar zor parladı.,scripts/autoload/game_data/GameDataModes.gd:932
What rank?,Hangi rütbe?,scripts/autoload/game_data/GameDataModes.gd:932
F. I'm still here. Most of the S's aren't.,F. Ben hâlâ buradayım. S'lerin çoğu değil.,scripts/autoload/game_data/GameDataModes.gd:932
I need another word for 'rift'. I've used it four hundred times.,'Yarık' için başka bir kelimeye ihtiyacım var. Dört yüz kez kullandım.,scripts/autoload/game_data/GameDataModes.gd:933
Use 'expense'.,'Masraf' de.,scripts/autoload/game_data/GameDataModes.gd:933
The recruits ask what the Accord was.,Acemiler Ahit'in ne olduğunu soruyor.,scripts/autoload/game_data/GameDataModes.gd:934
Tell them it was a promise. Tell them we're keeping it.,Bir söz olduğunu söyle. Onu tuttuğumuzu söyle.,scripts/autoload/game_data/GameDataModes.gd:934
Are we?,Tutuyor muyuz?,scripts/autoload/game_data/GameDataModes.gd:934
Ask me next payday.,Gelecek maaş günü sor.,scripts/autoload/game_data/GameDataModes.gd:934
"{guild} paid on the seventh, too. Rain or not.",{guild} loncası da maaşları yedinci gün öderdi. Yağmur yağsa bile.,scripts/autoload/game_data/GameDataModes.gd:936
You never said you knew them.,Onları tanıdığını hiç söylememiştin.,scripts/autoload/game_data/GameDataModes.gd:936
You never asked who taught you the pay table.,Sen de maaş masasını sana kimin öğrettiğini hiç sormadın.,scripts/autoload/game_data/GameDataModes.gd:936
Someone left flowers under the {guild} banner.,Biri {guild} sancağının altına çiçek bırakmış.,scripts/autoload/game_data/GameDataModes.gd:937
Who pays for flowers?,Çiçeklerin parasını kim ödüyor?,scripts/autoload/game_data/GameDataModes.gd:937
Nobody. That's how you know they mean it.,Kimse. Gönülden olduğunu oradan anlarsın.,scripts/autoload/game_data/GameDataModes.gd:937
{guild} spent less on feasts than we do.,{guild} loncası ziyafetlere bizden az harcardı.,scripts/autoload/game_data/GameDataModes.gd:938
And kept fewer heroes.,Ve daha az kahraman tutabildi.,scripts/autoload/game_data/GameDataModes.gd:938
I hate it when the books agree with you.,Defterlerin sana hak vermesinden nefret ediyorum.,scripts/autoload/game_data/GameDataModes.gd:938
{hero} is all over the old {guild} ledgers. Rift after rift.,Eski {guild} defterlerinin her sayfasında {hero} var. Yarık üstüne yarık.,scripts/autoload/game_data/GameDataModes.gd:939
{hero} carried me home from the Marches once. Don't write that down.,Bir keresinde {hero} beni Bataklıklar'dan eve kadar taşımıştı. Bunu yazma.,scripts/autoload/game_data/GameDataModes.gd:939
Already have.,Çoktan yazdım.,scripts/autoload/game_data/GameDataModes.gd:939
Who goes down to the forty-first post now that {guild} is gone?,{guild} loncası artık yok; kırk birinci nöbete şimdi kim inecek?,scripts/autoload/game_data/GameDataModes.gd:940
"We do. Once a year, on the Night of Breaking.","Biz. Yılda bir kez, Kırılma Gecesi'nde.",scripts/autoload/game_data/GameDataModes.gd:940
I'll put it in the ledger. No charge.,Deftere yazarım. Ücretsiz.,scripts/autoload/game_data/GameDataModes.gd:940
The tides got worse after {guild} burned the Terms.,{guild} loncası Şartları yaktıktan sonra gelgitler kötüleşti.,scripts/autoload/game_data/GameDataModes.gd:941
The tides got honest.,Gelgitler dürüstleşti.,scripts/autoload/game_data/GameDataModes.gd:941
Honest costs more.,Dürüstlük daha pahalı.,scripts/autoload/game_data/GameDataModes.gd:941
{guild} just stopped. Do guilds do that?,{guild} loncası öylece durdu. Loncalar bunu yapar mı?,scripts/autoload/game_data/GameDataModes.gd:942
The good ones stop. The rest get stopped.,İyileri kendiliğinden durur. Gerisini birileri durdurur.,scripts/autoload/game_data/GameDataModes.gd:942
Which were they?,Onlar hangisiydi?,scripts/autoload/game_data/GameDataModes.gd:942
Look at their banner. It's still up.,Sancaklarına bak. Hâlâ asılı.,scripts/autoload/game_data/GameDataModes.gd:942
An empty post,Boş bir nöbet,scripts/autoload/game_data/GameDataModes.gd:950
The Endless Rift,Sonsuz Yarık,scripts/autoload/game_data/GameDataModes.gd:950
"The pillar is dark now. Somewhere in the Vale, a rift that has been quiet for twenty years draws breath. You did the right thing. The Hollow noticed.

(Each champion freed in the Endless Rift brings the next Riftbreak a day sooner.)","Sütun artık karanlık. Vadi'de bir yerde, yirmi yıldır sessiz olan bir yarık nefes alıyor. Doğru olanı yaptın. Oyuk fark etti.

(Sonsuz Yarık'ta kurtarılan her şampiyon, bir sonraki Yarık Taşmasını bir gün öne çeker.)",scripts/autoload/game_data/GameDataModes.gd:951
The last signature,Son imza,scripts/autoload/game_data/GameDataModes.gd:960
"The Terms lie open on the floor of the Hall: forty-one lines, forty signed. Sign the last, and one of your heroes takes the forty-first post forever; the rifts close for good. Or burn it, and every post is released at once; the champions come home, and the Hollow comes up with them.","Şartlar Salon'un zemininde açık duruyor: kırk bir satır, kırkı imzalı. Sonuncuyu imzala, kahramanlarından biri kırk birinci nöbeti sonsuza dek devralsın; yarıklar ebediyen kapansın. Ya da yak, bütün nöbetler bir anda serbest kalsın; şampiyonlar eve dönsün, Oyuk da onlarla birlikte yükselsin.",scripts/autoload/game_data/GameDataModes.gd:961
The Accord renewed,Ahit yenilendi,scripts/autoload/game_data/GameDataModes.gd:964
%s holds the forty-first post,Kırk birinci nöbeti %s tutuyor,scripts/autoload/game_data/GameDataModes.gd:964
"The Hall is quiet. Up in the Vale the villagers wake to a morning without a single rift on the horizon, and do not know why. The guild knows. Every year, on the Night of Breaking, someone climbs down to the forty-first post and tells %s how the harvest went.

(Riftbreaks have ended. The Endless Rift, the ladder and the quests carry on.)","Salon sessiz. Yukarıda, Vadi'de köylüler ufukta tek bir yarık olmayan bir sabaha uyanıyor ve nedenini bilmiyor. Lonca biliyor. Her yıl Kırılma Gecesi'nde biri kırk birinci nöbete iner ve %s adlı kahramana hasadın nasıl geçtiğini anlatır.

(Yarık Taşmaları sona erdi. Sonsuz Yarık, merdiven ve görevler sürüyor.)",scripts/autoload/game_data/GameDataModes.gd:965
The Accord broken,Ahit bozuldu,scripts/autoload/game_data/GameDataModes.gd:966
Every post released,Bütün nöbetler serbest,scripts/autoload/game_data/GameDataModes.gd:966
"The Terms burn green. Forty pillars go out at once, and forty people step into the dark and start walking home. Behind them, the Hollow rises to meet the sky. It will be a hard century. It will be an honest one.

(Every champion of the old guilds is free. Riftbreaks come twice as often.)","Şartlar yeşil yanar. Kırk sütun bir anda söner ve kırk kişi karanlığa adım atıp eve yürümeye başlar. Arkalarında Oyuk göğe doğru yükselir. Zor bir yüzyıl olacak. Dürüst bir yüzyıl olacak.

(Eski loncaların bütün şampiyonları özgür. Yarık Taşmaları iki kat sık gelir.)",scripts/autoload/game_data/GameDataModes.gd:967
"Your guild signed the Terms. %s took the forty-first post, and the Hollow stays below. The rifts that remain are old ones, and quiet.",Loncan Şartları imzaladı. Kırk birinci nöbeti %s devraldı ve Oyuk aşağıda kalıyor. Geriye kalan yarıklar eski ve sessiz.,scripts/autoload/game_data/GameDataModes.gd:970
The Terms burned,Şartlar yandı,scripts/autoload/game_data/GameDataModes.gd:971
"Your guild burned the Terms. Every post was released, the old guilds came home, and the Hollow came up with them. The rifts are louder now, and nobody holds them shut but the guilds.","Loncan Şartları yaktı. Bütün nöbetler serbest kaldı, eski loncalar eve döndü ve Oyuk da onlarla birlikte yükseldi. Yarıklar artık daha gürültülü ve onları loncalardan başka kimse kapalı tutmuyor.",scripts/autoload/game_data/GameDataModes.gd:971
A Child's Name,Bir Çocuğun Adı,scripts/autoload/game_data/GameDataModes.gd:981
"This Essence will not settle. It keeps the shape of a word. The miller's wife in Hollin heard about it and walked here in the rain: her son went into the Breach on the Night of Breaking, and she cannot remember what she called him.",Bu Öz bir türlü durulmuyor. Bir kelimenin biçimini koruyor. Hollin'deki değirmencinin karısı bunu duymuş ve yağmurda yürüyerek buraya gelmiş: oğlu Kırılma Gecesi Gedik'e girmiş ve ona ne ad verdiğini hatırlayamıyor.,scripts/autoload/game_data/GameDataModes.gd:981
"She holds the crystal to her ear, then says the name out loud, twice, as if checking it still fits. She does not thank you. She does not need to.","Kristali kulağına tutuyor, sonra adı iki kez yüksek sesle söylüyor, hâlâ uyuyor mu diye bakar gibi. Sana teşekkür etmiyor. Gerek de yok.",scripts/autoload/game_data/GameDataModes.gd:982
A Street,Bir Sokak,scripts/autoload/game_data/GameDataModes.gd:983
"The Essence from the last rift has a street in it: cobbles, a bakery, a blue door. A carter in the village swears it is the street he grew up on, in a town the Vale forgot.","Son yarıktan gelen Özün içinde bir sokak var: arnavut kaldırımı, bir fırın, mavi bir kapı. Köydeki bir arabacı, Vadi'nin unuttuğu bir kasabada büyüdüğü sokak olduğuna yemin ediyor.",scripts/autoload/game_data/GameDataModes.gd:983
"He walks the street in his head all evening, door by door. In the morning he paints his own door blue.",Bütün akşam o sokağı kafasında kapı kapı yürüyor. Sabah kendi kapısını maviye boyuyor.,scripts/autoload/game_data/GameDataModes.gd:984
A Song,Bir Şarkı,scripts/autoload/game_data/GameDataModes.gd:985
This Essence hums. The old women in the village know the tune and none of the words. The words were in the rift.,Bu Öz mırıldanıyor. Köyün yaşlı kadınları ezgiyi biliyor ama sözleri bilmiyor. Sözler yarıktaymış.,scripts/autoload/game_data/GameDataModes.gd:985
"By nightfall the whole village is singing it, words and all, a little off-key. Wen writes them down.","Akşam olunca bütün köy onu söylüyor, sözleriyle birlikte, biraz falsolu. Wen sözleri yazıyor.",scripts/autoload/game_data/GameDataModes.gd:986
A Face,Bir Yüz,scripts/autoload/game_data/GameDataModes.gd:987
"There is a face in this crystal, young and stern, in an Accord ranger's green. The village elder asks to see it and goes very quiet.","Bu kristalde genç ve sert bakışlı bir yüz var, bir Ahit korucusunun yeşiliyle. Köyün yaşlısı görmek istiyor ve çok sessizleşiyor.",scripts/autoload/game_data/GameDataModes.gd:987
"'My sister,' the elder says. 'I had forgotten I had one.' The crystal goes home with them and sits in the window.","'Kız kardeşim,' diyor yaşlı. 'Bir kız kardeşim olduğunu unutmuşum.' Kristal onunla eve gidiyor ve pencerede duruyor.",scripts/autoload/game_data/GameDataModes.gd:988
A Recipe,Bir Tarif,scripts/autoload/game_data/GameDataModes.gd:989
"This Essence smells of bread. The innkeeper says her grandmother's loaf tasted like this, before the Night took the recipe out of everyone's heads.","Bu Öz ekmek kokuyor. Hancı kadın, Gece tarifi herkesin aklından silmeden önce büyükannesinin ekmeğinin tam böyle olduğunu söylüyor.",scripts/autoload/game_data/GameDataModes.gd:989
"The inn smells of it for a week. Your heroes eat there free for the rest of the month, and nobody counts.",Han bir hafta boyunca bu kokuyor. Kahramanların ay sonuna kadar orada bedava yiyor ve kimse saymıyor.,scripts/autoload/game_data/GameDataModes.gd:990
An Oath,Bir Yemin,scripts/autoload/game_data/GameDataModes.gd:991
"The words in this crystal are the Accord's oath, spoken in a voice nobody living remembers. Old Hesper asks to hold it.",Bu kristaldeki sözler Ahit'in yemini; yaşayan kimsenin hatırlamadığı bir sesle söylenmiş. Yaşlı Hesper onu tutmak istiyor.,scripts/autoload/game_data/GameDataModes.gd:991
"Hesper holds it a long time. 'That was the Grandmaster,' she says, 'before.' She gives it to the village shrine and does not speak of it again.","Hesper onu uzun süre tutuyor. 'Bu Büyük Üstat'tı,' diyor, 'eskiden.' Kristali köy tapınağına veriyor ve bir daha ondan söz etmiyor.",scripts/autoload/game_data/GameDataModes.gd:992
"Hesper watches %s split the training post and keep swinging at the stump. 'The Path is choosing for you,' she says. 'You could let it.' They let it. Wen writes a new word under their name: %s.","Hesper, %s adlı kahramanın talim kazığını ikiye bölüp kütüğe vurmaya devam edişini izliyor. 'Yol senin için seçiyor,' diyor. 'Bırakabilirsin.' Bırakıyor. Wen adının altına yeni bir kelime yazıyor: %s.",scripts/autoload/game_data/GameDataModes.gd:999
%s used to be first into every rift and first out. This week they stayed behind to walk the slowest hero home. Hesper calls that the moment a Path forks. Wen writes the new word down: %s.,%s her yarığa ilk giren ve ilk çıkan olurdu. Bu hafta en yavaş kahramanı eve götürmek için geride kaldı. Hesper buna bir Yol'un ayrıldığı an diyor. Wen yeni kelimeyi yazıyor: %s.,scripts/autoload/game_data/GameDataModes.gd:1000
"%s says nothing about it at all. They turn up at the pay table one morning carrying themselves differently, and Hesper nods as if a debt has been paid. Wen asks what to write. Hesper says: %s.",%s bu konuda hiçbir şey söylemiyor. Bir sabah maaş masasına bambaşka bir duruşla geliyor ve Hesper bir borç ödenmiş gibi başını sallıyor. Wen ne yazacağını soruyor. Hesper diyor ki: %s.,scripts/autoload/game_data/GameDataModes.gd:1001
"%s didn't want it. The Essence settled anyway, the way rain settles on a roof. Hesper sits with them until dark. 'Nobody's ready,' she says. 'The good ones are scared.' Wen writes: %s.","%s bunu istemedi. Öz yine de yerleşti, yağmurun bir çatıya yerleşmesi gibi. Hesper hava kararana kadar yanında oturuyor. 'Kimse hazır değildir,' diyor. 'İyileri korkar.' Wen yazıyor: %s.",scripts/autoload/game_data/GameDataModes.gd:1002
"%s prays before every rift, and this time the answer came back as a shape. Hesper says the Vow always answers in its own time. Wen writes it in the chronicle in her best hand: %s.","%s her yarıktan önce dua eder ve bu sefer cevap bir biçim olarak geldi. Hesper, Yemin'in hep kendi zamanında cevap verdiğini söylüyor. Wen tarihçeye en güzel el yazısıyla yazıyor: %s.",scripts/autoload/game_data/GameDataModes.gd:1003
%s has been taking notes on their own Essence for weeks. The notes end mid-sentence on the day it settled. Wen copies the last line into the chronicle and adds the new word: %s.,"%s haftalardır kendi Özü hakkında not tutuyordu. Notlar, Özün yerleştiği gün bir cümlenin ortasında bitiyor. Wen son satırı tarihçeye geçiriyor ve yeni kelimeyi ekliyor: %s.",scripts/autoload/game_data/GameDataModes.gd:1004
Mother Ilse's page,Ilse Ana'nın sayfası,scripts/autoload/game_data/GameDataModes.gd:1015
The Charter War,Berat Savaşı,scripts/autoload/game_data/GameDataModes.gd:1015
"Mother Ilse of the Last Lantern finds you after dark with a page torn from the Hollow Crown Company's books: a list of rifts, each with a date, a price, and the word opened. Captain Morrow has been opening rifts and selling the contracts to close them.

She will give it to the Crown's herald if you ask. Or the Company will pay well for a guild that keeps quiet, and its contracts would come to you.","Son Fener'den Ilse Ana hava karardıktan sonra seni buluyor; elinde Oyuk Taç Bölüğü'nün defterlerinden koparılmış bir sayfa var: her biri bir tarih, bir fiyat ve 'açıldı' kelimesiyle yazılmış bir yarık listesi. Yüzbaşı Morrow yarıklar açıp onları kapatma sözleşmelerini satıyormuş.

İstersen sayfayı Taç'ın tellalına verecek. Ya da Bölük, sessiz kalan bir loncaya iyi para öder ve sözleşmeleri sana gelir.",scripts/autoload/game_data/GameDataModes.gd:1016
The Company exposed,Bölük ifşa edildi,scripts/autoload/game_data/GameDataModes.gd:1019
"The herald reads Morrow's page aloud in the square. By evening the Hollow Crown Company's banners are down in three villages. By morning a rift has opened on the road to your camp, which is how you know the page was real.

(+10 Renown. A Riftbreak is coming to your door.)","Tellal, Morrow'un sayfasını meydanda yüksek sesle okuyor. Akşama kadar Oyuk Taç Bölüğü'nün sancakları üç köyde indiriliyor. Sabah kampına giden yolda bir yarık açılmış oluyor; sayfanın gerçek olduğunu böyle anlıyorsun.

(+10 Ün. Kapına bir Yarık Taşması geliyor.)",scripts/autoload/game_data/GameDataModes.gd:1020
A quiet arrangement,Sessiz bir anlaşma,scripts/autoload/game_data/GameDataModes.gd:1021
"Morrow's contracts start arriving on your board, generous ones. Hesper reads the first, folds it, and doesn't say anything. She doesn't have to.

(Contracts pay 25% more Gold for the rest of the campaign.)","Morrow'un sözleşmeleri panona gelmeye başlıyor, cömert sözleşmeler. Hesper ilkini okuyor, katlıyor ve hiçbir şey söylemiyor. Söylemesine gerek yok.

(Sözleşmeler seferin geri kalanında %25 daha fazla Altın öder.)",scripts/autoload/game_data/GameDataModes.gd:1022
The Royal Charter is yours,Kraliyet Beratı senin,scripts/autoload/game_data/GameDataModes.gd:1027
"The herald reads one name, and it is yours. Orla Venn is the first to shake your hand; Kael Ashborn asks for a job; Mother Ilse is already gone, which is how you know she was pleased. The Charter hangs in your hall, and the villages bring their troubles to a door they know.

(Contracts pay 20% more Gold and Essence.)","Tellal tek bir isim okuyor ve o isim senin. Elini ilk sıkan Orla Venn oluyor; Kael Ashborn iş istiyor; Ilse Ana çoktan gitmiş, memnun kaldığını da buradan anlıyorsun. Berat salonunda asılı duruyor ve köyler dertlerini bildikleri bir kapıya getiriyor.

(Sözleşmeler %20 daha fazla Altın ve Öz öder.)",scripts/autoload/game_data/GameDataModes.gd:1028
The Charter goes to %s,Berat %s loncasına gidiyor,scripts/autoload/game_data/GameDataModes.gd:1029
"The herald reads a name, and it isn't yours. %s hangs the Royal Charter in their hall. The rifts don't care whose name is on the wall. Neither, in the end, do the villagers, as long as somebody comes.",Tellal bir isim okuyor ve o isim senin değil. Kraliyet Beratı'nı salonuna %s asıyor. Duvarda kimin adının yazdığı yarıkların umurunda değil. Sonunda köylülerin de değil; yeter ki biri gelsin.,scripts/autoload/game_data/GameDataModes.gd:1030
"%s and %s have stopped needing to talk in a fight. Wen noticed first. She has started writing their names in the chronicle as one entry, with an ampersand, and neither of them has complained.","%s ve %s artık dövüşte konuşmaya ihtiyaç duymuyor. Önce Wen fark etti. Tarihçede adlarını tek bir kayıt olarak, araya bir 've' işaretiyle yazmaya başladı ve ikisi de şikâyet etmedi.",scripts/autoload/game_data/GameDataModes.gd:1036
%s and %s sat up past the last candle arguing about a fight they won. Dobbs charged the guild for the candle. Hesper paid it herself and told him to let them be.,"%s ve %s, kazandıkları bir dövüşü tartışarak son mum sönene kadar oturdu. Dobbs mumun parasını loncaya yazdı. Hesper parayı kendisi ödedi ve onlara dokunmamasını söyledi.",scripts/autoload/game_data/GameDataModes.gd:1037
"Ten rifts together. %s still can't say %s's full name right, and %s still lets it go. Wen has written down both versions.","Birlikte on yarık. %s, %s adlı arkadaşının tam adını hâlâ doğru söyleyemiyor; %s de hâlâ ses etmiyor. Wen iki söylenişi de yazdı.",scripts/autoload/game_data/GameDataModes.gd:1038
%s took a hit meant for %s last week and has refused to talk about it since. Wen has written it down anyway. Hesper says that's how the old guilds started.,%s geçen hafta %s için gelen bir darbeyi üstlendi ve o günden beri bunun hakkında konuşmayı reddediyor. Wen yine de yazdı. Hesper eski loncaların da böyle başladığını söylüyor.,scripts/autoload/game_data/GameDataModes.gd:1039
%s went first into every rift. Somebody had to.,%s her yarığa ilk girendi. Birinin girmesi gerekiyordu.,scripts/autoload/game_data/GameDataModes.gd:1043
%s never once asked how deep a rift went before stepping in.,%s içeri adım atmadan önce bir yarığın ne kadar derin olduğunu bir kez bile sormadı.,scripts/autoload/game_data/GameDataModes.gd:1043
"%s was always first out of the rift, and always went back for whoever wasn't.",%s yarıktan hep ilk çıkardı ve çıkamayanlar için hep geri dönerdi.,scripts/autoload/game_data/GameDataModes.gd:1044
%s never sat still at the pay table. The chair is still pushed back.,%s maaş masasında hiç yerinde duramazdı. Sandalyesi hâlâ geride duruyor.,scripts/autoload/game_data/GameDataModes.gd:1044
%s said very little and meant all of it.,%s çok az konuşurdu ve söylediği her şeyi kastederdi.,scripts/autoload/game_data/GameDataModes.gd:1045
"%s held the line. That is the whole entry, and it is enough.",%s hattı tuttu. Kaydın tamamı bu ve yeterli.,scripts/autoload/game_data/GameDataModes.gd:1045
%s was afraid of every rift and walked into all of them.,%s her yarıktan korkardı ve hepsine girdi.,scripts/autoload/game_data/GameDataModes.gd:1046
%s checked every strap twice. It wasn't the straps.,%s her kayışı iki kez kontrol ederdi. Sorun kayışlar değildi.,scripts/autoload/game_data/GameDataModes.gd:1046
%s prayed before every rift. We hope someone answered.,%s her yarıktan önce dua ederdi. Umarız biri cevap vermiştir.,scripts/autoload/game_data/GameDataModes.gd:1047
%s kept the candles lit in the hall. We have kept them lit since.,%s salondaki mumları yanık tutardı. O günden beri biz yanık tutuyoruz.,scripts/autoload/game_data/GameDataModes.gd:1047
%s left a notebook full of questions. Wen is working through them.,%s sorularla dolu bir defter bıraktı. Wen onlar üzerinde çalışıyor.,scripts/autoload/game_data/GameDataModes.gd:1048
"%s understood the Hollow better than any of us, and went to see it anyway.",%s Oyuk'u hepimizden iyi anlıyordu ve yine de görmeye gitti.,scripts/autoload/game_data/GameDataModes.gd:1048
Company Ambush,Bölük Pususu,scripts/autoload/game_data/GameDataModes.gd:1058
"Morrow's sellswords, sent to settle a debt. The crossbowman snipes from the back; close on him first.","Morrow'un paralı askerleri, bir hesabı kapatmaya gönderilmiş. Arbaletçi arkadan nişan alır; önce ona yaklaş.",scripts/autoload/game_data/GameDataModes.gd:1059
Company Sellsword,Bölük Paralı Askeri,scripts/autoload/game_data/GameDataModes.gd:1060
Company Crossbowman,Bölük Arbaletçisi,scripts/autoload/game_data/GameDataModes.gd:1060
"Captain Morrow, of the Hollow Crown","Yüzbaşı Morrow, Oyuk Taç'tan",scripts/autoload/game_data/GameDataModes.gd:1061
Morrow is waiting,Morrow bekliyor,scripts/autoload/game_data/GameDataModes.gd:1063
"Word comes as you set out: Captain Morrow is at the bottom of this rift, and he has brought friends.",Yola çıkarken haber geliyor: Yüzbaşı Morrow bu yarığın dibinde ve yanında dostlarını da getirmiş.,scripts/autoload/game_data/GameDataModes.gd:1063
Morrow's key,Morrow'un anahtarı,scripts/autoload/game_data/GameDataModes.gd:1064
"Morrow goes down laughing, which is somehow worse. On his belt hangs an old iron key with the Accord's sigil: the key Pip swears she stole from a rift-lord, and the one he has been opening rifts with. By the end of the week the Company's banners are gone from the Vale.

(+300 Gold, +10 Renown. No more Company ambushes.)","Morrow gülerek yere düşüyor, ki bu bir şekilde daha kötü. Kemerinde Ahit'in mührünü taşıyan eski bir demir anahtar asılı: Pip'in bir yarık efendisinden çaldığına yemin ettiği anahtar ve Morrow'un yarıkları açtığı anahtar. Hafta bitmeden Bölük'ün sancakları Vadi'den kalkıyor.

(+300 Altın, +10 Ün. Artık Bölük pusuları yok.)",scripts/autoload/game_data/GameDataModes.gd:1065
a child's name,bir çocuğun adı,scripts/autoload/game_data/GameDataModes.gd:1074
a street with a blue door,mavi kapılı bir sokak,scripts/autoload/game_data/GameDataModes.gd:1074
a song,bir şarkı,scripts/autoload/game_data/GameDataModes.gd:1074
a young ranger's face,genç bir korucunun yüzü,scripts/autoload/game_data/GameDataModes.gd:1075
the smell of bread,ekmek kokusu,scripts/autoload/game_data/GameDataModes.gd:1075
the Accord's oath,Ahit'in yemini,scripts/autoload/game_data/GameDataModes.gd:1075
%s remembers,%s hatırlıyor,scripts/autoload/game_data/GameDataModes.gd:1076
"An echo, kept",Saklanan bir yankı,scripts/autoload/game_data/GameDataModes.gd:1076
"%s has been quiet since you kept the echo. There was %s in it, and %s knew it, from a life they don't remember living.

(%s is Echo-Touched: +6%% ability power.)","%s, yankıyı sakladığından beri sessiz. İçinde %s vardı ve %s onu tanıdı; yaşadığını hatırlamadığı bir hayattan.

(%s artık Yankı Dokunmuş: +%%6 yetenek gücü.)",scripts/autoload/game_data/GameDataModes.gd:1077
Ezra the Pale,Solgun Ezra,scripts/autoload/game_data/GameDataModes.gd:1079
What the Rifts Take,Yarıkların Aldıkları,scripts/autoload/game_data/GameDataModes.gd:1079
"A pale man with a lantern has been following the echoes. Ezra studies what the rifts take from people, and he keeps a little of it in the lantern, for safekeeping. He asks what you did with yours. When you tell him, he bows, which nobody in the Vale has seen him do.","Elinde bir fenerle solgun bir adam yankıların izini sürüyor. Ezra yarıkların insanlardan aldıklarını inceliyor ve bir kısmını, korumak için fenerinde saklıyor. Seninkileri ne yaptığını soruyor. Anlattığında eğiliyor; Vadi'de kimse onun eğildiğini görmemişti.",scripts/autoload/game_data/GameDataModes.gd:1080
"A pale man with a lantern has been following the echoes. Ezra studies what the rifts take from people. He asks to see your vault, goes very still, and asks how much of it you have spent, and on what, and whether you kept a list. 'It was yours to spend,' he says at the door. 'I hope it was worth what it cost them.'","Elinde bir fenerle solgun bir adam yankıların izini sürüyor. Ezra yarıkların insanlardan aldıklarını inceliyor. Kasanı görmek istiyor, kıpırtısız kalıyor ve ne kadarını, neye harcadığını, bir liste tutup tutmadığını soruyor. 'Harcamak senin hakkındı,' diyor kapıda. 'Umarım onlara mal olduğuna değmiştir.'",scripts/autoload/game_data/GameDataModes.gd:1082
What the Vale remembers,Vadi'nin hatırladıkları,scripts/autoload/game_data/GameDataModes.gd:1085
"In the weeks after, people stop in the street and say names out loud. A song nobody knew is sung at every harvest. The empty guild halls fill with flowers, and yours gets the most, from people who never met you.","Sonraki haftalarda insanlar sokakta durup isimleri yüksek sesle söylüyor. Kimsenin bilmediği bir şarkı her hasatta söyleniyor. Boş lonca salonları çiçeklerle doluyor ve en çok çiçek, seni hiç tanımamış insanlardan seninkine geliyor.",scripts/autoload/game_data/GameDataModes.gd:1086
"Something leaves the Vale with the last of the rifts, quietly, and nobody can say what. Your guild is the strongest the Vale has ever had. Ezra's lantern is found on your doorstep one morning, empty, with no note.",Son yarıklarla birlikte Vadi'den sessizce bir şey ayrılıyor ve kimse ne olduğunu söyleyemiyor. Loncan Vadi'nin gördüğü en güçlü lonca. Bir sabah Ezra'nın feneri kapının önünde bulunuyor; boş ve notsuz.,scripts/autoload/game_data/GameDataModes.gd:1088
"Wen asks %s for a line for the chronicle: something learned in fifty rifts. %s thinks about it for a long time. 'Bring more bandages than you think,' they say. Wen writes it down exactly.","Wen, tarihçe için %s adlı kahramandan bir satır istiyor: elli yarıkta öğrenilmiş bir şey. %s uzun süre düşünüyor. 'Düşündüğünden fazla sargı bezi götür,' diyor. Wen bunu kelimesi kelimesine yazıyor.",scripts/autoload/game_data/GameDataModes.gd:1092
"Fifty rifts. Dobbs works out what %s has cost the guild in wages and what they have brought home, then quietly tears up the page. Wen asks why. 'Some sums you don't show anyone,' says Dobbs. %s pretends not to hear.","Elli yarık. Dobbs, %s adlı kahramanın loncaya maaş olarak neye mal olduğunu ve eve ne getirdiğini hesaplıyor, sonra sessizce sayfayı yırtıyor. Wen nedenini soruyor. 'Bazı hesapları kimseye göstermezsin,' diyor Dobbs. %s duymamış gibi yapıyor.",scripts/autoload/game_data/GameDataModes.gd:1093
Hesper gives %s her old Accord pin for their fiftieth rift. It is bent and tarnished and nobody has ever seen her take it off. %s wears it on the inside of their coat.,"Hesper, ellinci yarığı için %s adlı kahramana eski Ahit iğnesini veriyor. İğne eğri ve kararmış, kimse onu çıkardığını görmemişti. %s onu paltosunun içine takıyor.",scripts/autoload/game_data/GameDataModes.gd:1094
Free Company,Özgür Bölük,scripts/autoload/game_data/GameDataModes.gd:1102
As the Vale knows guilds: three heroes and 280 Gold.,Vadi'nin bildiği loncalar gibi: üç kahraman ve 280 Altın.,scripts/autoload/game_data/GameDataModes.gd:1102
Mercenary Company,Paralı Asker Bölüğü,scripts/autoload/game_data/GameDataModes.gd:1103
"Hired swords: start with 600 Gold. Contracts pay 20% more Gold, wages are 15% higher, and Renown comes 20% slower. The Hollow Crown Company will make you an offer.","Kiralık kılıçlar: 600 Altınla başla. Sözleşmeler %20 daha fazla Altın öder, maaşlar %15 daha yüksektir ve Ün %20 daha yavaş gelir. Oyuk Taç Bölüğü sana bir teklif yapacak.",scripts/autoload/game_data/GameDataModes.gd:1104
Temple Order,Tapınak Tarikatı,scripts/autoload/game_data/GameDataModes.gd:1105
"Sworn to mend: start with 200 Gold. Wages are 20% lower and downed heroes are back a run sooner. An echo given back earns twice the Renown; one kept, half the Essence.",İyileştirmeye yeminli: 200 Altınla başla. Maaşlar %20 daha düşüktür ve düşen kahramanlar bir sefer erken döner. Geri verilen bir yankı iki kat Ün kazandırır; saklanan bir yankı yarı Öz.,scripts/autoload/game_data/GameDataModes.gd:1106
The Lantern's Smugglers,Fener'in Kaçakçıları,scripts/autoload/game_data/GameDataModes.gd:1107
"Mother Ilse's people: start with 350 Gold. Shop prices are 25% lower, the Last Lantern is never your rival, and keeping quiet in the Charter War pays 40% more Gold instead of 25%.","Ana Ilse'nin adamları: 350 Altınla başla. Dükkân fiyatları %25 daha düşüktür, Son Fener asla rakibin olmaz ve Berat Savaşı'nda sessiz kalmak %25 yerine %40 daha fazla Altın öder.",scripts/autoload/game_data/GameDataModes.gd:1108
Last of the Accord,Ahit'in Sonuncusu,scripts/autoload/game_data/GameDataModes.gd:1109
"Old Hesper's own guild: the Grandmaster's ledger pages turn up twice as often, but the Hollow knows you, and Riftbreaks come a day sooner.","Yaşlı Hesper'in kendi loncası: Büyük Üstat'ın defter sayfaları iki kat sık çıkar, ama Oyuk seni tanır ve Yarık Taşmaları bir gün erken gelir.",scripts/autoload/game_data/GameDataModes.gd:1110
Kept quiet in a Charter War,Bir Berat Savaşı'nda sessiz kal,scripts/autoload/game_data/GameDataModes.gd:1113
Finish a campaign,Bir seferi bitir,scripts/autoload/game_data/GameDataModes.gd:1113
Old Hesper remembers,Yaşlı Hesper hatırlıyor,scripts/autoload/game_data/GameDataModes.gd:1115
"Hesper had a fever on the Night of Breaking and missed it. Every other guild of the Accord went into the rifts that night, hers too, and none came back. Twenty years on she has a hall again, three recruits, and the old oath: close what opens, share what you find, never sell a rift. She means to keep it this time.","Hesper Kırılma Gecesi ateşler içindeydi ve geceyi kaçırdı. O gece Ahit'in bütün loncaları yarıklara girdi, onunki de, ve hiçbiri geri dönmedi. Yirmi yıl sonra yine bir salonu, üç acemisi ve eski yemini var: açılanı kapat, bulduğunu paylaş, asla yarık satma. Bu sefer onu tutmaya niyetli.",scripts/autoload/game_data/GameDataModes.gd:1116
An offer from the Company,Bölük'ten bir teklif,scripts/autoload/game_data/GameDataModes.gd:1118
"Captain Morrow sends a man with a ledger and a good coat. The Hollow Crown Company would take your contracts off your hands, and your guild with them, at a fair price. He leaves the paper on the table. Nobody signs it. Dobbs reads it twice.","Yüzbaşı Morrow, elinde defter, sırtında iyi bir palto olan bir adam gönderiyor. Oyuk Taç Bölüğü sözleşmelerini, onlarla birlikte de loncanı, adil bir fiyata almak istiyor. Adam kâğıdı masaya bırakıp gidiyor. Kimse imzalamıyor. Dobbs iki kez okuyor.",scripts/autoload/game_data/GameDataModes.gd:1119
Never Sell a Rift,Asla Yarık Satma,scripts/autoload/game_data/GameDataModes.gd:1125
"The Accord's own rule: in the Charter War, keeping quiet is not an option.",Ahit'in kendi kuralı: Berat Savaşı'nda sessiz kalmak bir seçenek değil.,scripts/autoload/game_data/GameDataModes.gd:1125
By Hand,Elle,scripts/autoload/game_data/GameDataModes.gd:1126
"No Quick fight: every fight is played, or set to Auto.",Hızlı dövüş yok: her dövüş oynanır ya da Oto'ya bırakılır.,scripts/autoload/game_data/GameDataModes.gd:1126
Lean Purse,Zayıf Kese,scripts/autoload/game_data/GameDataModes.gd:1127
Wages are 50% higher.,Maaşlar %50 daha yüksek.,scripts/autoload/game_data/GameDataModes.gd:1127
No Rest,Dinlenme Yok,scripts/autoload/game_data/GameDataModes.gd:1128
Medical Bay beds don't speed recovery.,Revir yatakları iyileşmeyi hızlandırmaz.,scripts/autoload/game_data/GameDataModes.gd:1128
Hollow-Touched,Oyuk Dokunmuş,scripts/autoload/game_data/GameDataModes.gd:1129
Every foe has 15% more health.,Her düşmanın canı %15 daha fazla.,scripts/autoload/game_data/GameDataModes.gd:1129
The Long Watch,Uzun Nöbet,scripts/autoload/game_data/GameDataModes.gd:1130
Riftbreaks come twice as often.,Yarık Taşmaları iki kat sık gelir.,scripts/autoload/game_data/GameDataModes.gd:1130
Hall of the Iron Oath,Demir Yemin Salonu,scripts/autoload/game_data/GameDataModes.gd:1139
+1 hero slot,+1 kahraman yuvası,scripts/autoload/game_data/GameDataModes.gd:1139
"The Iron Oath trained shield-walls. Their drill yard is still marked out in white stones, and Hesper walks it once, end to end, before she lets the recruits in.",Demir Yemin kalkan duvarları yetiştirirdi. Talim alanları hâlâ beyaz taşlarla çizili; Hesper acemileri içeri almadan önce alanı baştan sona bir kez yürüyor.,scripts/autoload/game_data/GameDataModes.gd:1140
Hall of the Green Hand,Yeşil El Salonu,scripts/autoload/game_data/GameDataModes.gd:1141
+1 Medical Bay bed,+1 Revir yatağı,scripts/autoload/game_data/GameDataModes.gd:1141
"The Green Hand were healers. Their shelves still smell of feverfew. Wen finds a ledger of everyone they ever patched up, and reads names out loud for an hour.","Yeşil El şifacıydı. Rafları hâlâ papatya kokuyor. Wen, iyileştirdikleri herkesin yazılı olduğu bir defter buluyor ve bir saat boyunca isimleri yüksek sesle okuyor.",scripts/autoload/game_data/GameDataModes.gd:1142
Hall of Quiet Coin,Sessiz Sikke Salonu,scripts/autoload/game_data/GameDataModes.gd:1143
Contracts pay 10% more Gold,Sözleşmeler %10 daha fazla Altın öder,scripts/autoload/game_data/GameDataModes.gd:1143
"Quiet Coin kept the Accord's accounts. Dobbs is in their counting room before the dust settles, and comes out holding a pen like a holy relic.","Sessiz Sikke, Ahit'in hesaplarını tutardı. Dobbs, toz daha yatışmadan sayım odalarına giriyor ve elinde kutsal bir emanet gibi tuttuğu bir kalemle çıkıyor.",scripts/autoload/game_data/GameDataModes.gd:1144
Hall of the Ninth Lamp,Dokuzuncu Lamba Salonu,scripts/autoload/game_data/GameDataModes.gd:1145
Contracts pay 10% more Essence,Sözleşmeler %10 daha fazla Öz öder,scripts/autoload/game_data/GameDataModes.gd:1145
"The Ninth Lamp studied Essence. Their lamps still hold a little of it, and light themselves when someone they would have liked walks in.","Dokuzuncu Lamba, Öz'ü incelerdi. Lambalarında hâlâ biraz Öz var ve sevecekleri biri içeri girince kendiliğinden yanıyorlar.",scripts/autoload/game_data/GameDataModes.gd:1146
Hall of Long Roads,Uzun Yollar Salonu,scripts/autoload/game_data/GameDataModes.gd:1147
Wages 10% lower,Maaşlar %10 daha düşük,scripts/autoload/game_data/GameDataModes.gd:1147
"Long Roads took in strays and taught them a trade. Word gets around: heroes ask to work for the guild that opened it again, and ask for less.","Uzun Yollar, kimsesizleri alıp onlara bir zanaat öğretirdi. Haber yayılıyor: kahramanlar salonu yeniden açan loncada çalışmak istiyor ve daha azına razı oluyor.",scripts/autoload/game_data/GameDataModes.gd:1148
Hall of the Open Hand,Açık El Salonu,scripts/autoload/game_data/GameDataModes.gd:1149
Shop prices 10% lower,Dükkân fiyatları %10 daha düşük,scripts/autoload/game_data/GameDataModes.gd:1149
"The Open Hand traded with every village in the Vale. The merchants remember the sign over the door, and start giving the guild their old prices.","Açık El, Vadi'deki her köyle ticaret yapardı. Tüccarlar kapının üstündeki tabelayı hatırlıyor ve loncaya eski fiyatlarını vermeye başlıyor.",scripts/autoload/game_data/GameDataModes.gd:1150
The Grandmaster's Hall,Büyük Üstat'ın Salonu,scripts/autoload/game_data/GameDataModes.gd:1151
"The title Keepers of the Vale, and 20 Laurels",Vadi'nin Bekçileri unvanı ve 20 Defne,scripts/autoload/game_data/GameDataModes.gd:1151
"The last hall is the one the Accord was sworn in. Its doors open with the key Pip stole from Morrow. Inside is a long table, forty-one chairs, and one that someone has dusted every year. The Vale has its keepers again.","Son salon, Ahit'in yemin edildiği salon. Kapıları Pip'in Morrow'dan çaldığı anahtarla açılıyor. İçeride uzun bir masa, kırk bir sandalye ve birinin her yıl tozunu aldığı bir tanesi var. Vadi'nin yeniden bekçileri var.",scripts/autoload/game_data/GameDataModes.gd:1152
Every champion freed,Her şampiyon kurtarıldı,scripts/autoload/game_data/GameDataModes.gd:1182
Every page of the Grandmaster's ledger,Büyük Üstat'ın defterinin her sayfası,scripts/autoload/game_data/GameDataModes.gd:1183
Every echo answered,Her yankı cevaplandı,scripts/autoload/game_data/GameDataModes.gd:1184
Captain Morrow beaten,Yüzbaşı Morrow yenildi,scripts/autoload/game_data/GameDataModes.gd:1185
The Royal Charter won,Kraliyet Beratı kazanıldı,scripts/autoload/game_data/GameDataModes.gd:1186
Every Accord hall restored,Ahit'in bütün salonları yeniden açıldı,scripts/autoload/game_data/GameDataModes.gd:1187
Five tides of the Open Hollow held,Açık Oyuk'un beş gelgitine dayanıldı,scripts/autoload/game_data/GameDataModes.gd:1188
Enraged,Öfkeli,scripts/autoload/game_data/GameDataMonsters.gd:14
Strikes harder the longer the fight drags on (past round 4).,Dövüş uzadıkça daha sert vurur (4. turdan sonra).,scripts/autoload/game_data/GameDataMonsters.gd:14
Shields and dodge cannot mitigate its first two retaliations.,Kalkanlar ve kaçınma ilk iki karşılığını hafifletemez.,scripts/autoload/game_data/GameDataMonsters.gd:15
Regenerating,Yenilenen,scripts/autoload/game_data/GameDataMonsters.gd:16
Heals a portion of its health back each round it survives.,Hayatta kaldığı her tur canının bir kısmını geri kazanır.,scripts/autoload/game_data/GameDataMonsters.gd:16
Frenzied,Çılgın,scripts/autoload/game_data/GameDataMonsters.gd:17
Hits harder than expected from the very first round.,Daha ilk turdan beklenenden sert vurur.,scripts/autoload/game_data/GameDataMonsters.gd:17
Venomous Bite,Zehirli Isırık,scripts/autoload/game_data/GameDataMonsters.gd:37
Mending Pulse,İyileştiren Nabız,scripts/autoload/game_data/GameDataMonsters.gd:39
Bone Ward,Kemik Koruma,scripts/autoload/game_data/GameDataMonsters.gd:41
Death Frenzy,Ölüm Çılgınlığı,scripts/autoload/game_data/GameDataMonsters.gd:43
Leeching Mire,Emici Bataklık,scripts/autoload/game_data/GameDataMonsters.gd:49
Mirrored Edge,Aynalı Kenar,scripts/autoload/game_data/GameDataMonsters.gd:51
Thorn Bulwark,Diken Siperi,scripts/autoload/game_data/GameDataMonsters.gd:54
Leech Blessing,Sülük Kutsaması,scripts/autoload/game_data/GameDataMonsters.gd:55
Ash Veil,Kül Peçesi,scripts/autoload/game_data/GameDataMonsters.gd:56
Cornered Fury,Köşeye Sıkışmış Hiddet,scripts/autoload/game_data/GameDataMonsters.gd:57
Root Grasp,Kök Kavrayışı,scripts/autoload/game_data/GameDataMonsters.gd:58
Festering Bite,İrinli Isırık,scripts/autoload/game_data/GameDataMonsters.gd:60
Grave Light,Mezar Işığı,scripts/autoload/game_data/GameDataMonsters.gd:61
Mire Grip,Bataklık Kıskacı,scripts/autoload/game_data/GameDataMonsters.gd:62
Pack Fury,Sürü Öfkesi,scripts/autoload/game_data/GameDataMonsters.gd:63
Glass Facets,Cam Yüzeyler,scripts/autoload/game_data/GameDataMonsters.gd:64
Poison Fog,Zehir Sisi,scripts/autoload/game_data/GameDataMonsters.gd:79
Cracked Lava Floor,Çatlak Lav Zemini,scripts/autoload/game_data/GameDataMonsters.gd:80
Collapsing Passage,Çöken Geçit,scripts/autoload/game_data/GameDataMonsters.gd:81
Wailing Wraiths,Feryat Eden Hayaletler,scripts/autoload/game_data/GameDataMonsters.gd:82
Sealed Vault Trap,Mühürlü Kasa Tuzağı,scripts/autoload/game_data/GameDataMonsters.gd:83
Aldric,,scripts/autoload/game_data/GameDataMonsters.gd:96
Bryn,,scripts/autoload/game_data/GameDataMonsters.gd:96
Coren,,scripts/autoload/game_data/GameDataMonsters.gd:96
Dessa,,scripts/autoload/game_data/GameDataMonsters.gd:96
Elowen,,scripts/autoload/game_data/GameDataMonsters.gd:96
Fenwick,,scripts/autoload/game_data/GameDataMonsters.gd:96
Gara,,scripts/autoload/game_data/GameDataMonsters.gd:96
Hollis,,scripts/autoload/game_data/GameDataMonsters.gd:96
Ianthe,,scripts/autoload/game_data/GameDataMonsters.gd:96
Joric,,scripts/autoload/game_data/GameDataMonsters.gd:96
Kestrel,,scripts/autoload/game_data/GameDataMonsters.gd:96
Liora,,scripts/autoload/game_data/GameDataMonsters.gd:96
Maren,,scripts/autoload/game_data/GameDataMonsters.gd:96
Nyx,,scripts/autoload/game_data/GameDataMonsters.gd:96
Oren,,scripts/autoload/game_data/GameDataMonsters.gd:96
Petra,,scripts/autoload/game_data/GameDataMonsters.gd:96
Quill,,scripts/autoload/game_data/GameDataMonsters.gd:96
Roth,,scripts/autoload/game_data/GameDataMonsters.gd:96
Sable,,scripts/autoload/game_data/GameDataMonsters.gd:96
Tavin,,scripts/autoload/game_data/GameDataMonsters.gd:96
Ysolde,,scripts/autoload/game_data/GameDataMonsters.gd:96
Zeph,,scripts/autoload/game_data/GameDataMonsters.gd:96
Gloom Stalker,Kasvet Takipçisi,scripts/autoload/game_data/GameDataMonsters.gd:107
Rift Wisp,Yarık Perisi,scripts/autoload/game_data/GameDataMonsters.gd:107
Husk Brute,Kabuk Zorba,scripts/autoload/game_data/GameDataMonsters.gd:107
Sable Fang,Samur Diş,scripts/autoload/game_data/GameDataMonsters.gd:107
Ember Whelp,Kor Yavrusu,scripts/autoload/game_data/GameDataMonsters.gd:111
Marrow Crawler,İlik Sürüngeni,scripts/autoload/game_data/GameDataMonsters.gd:107
Hollow Reaver,Oyuk Biçici,scripts/autoload/game_data/GameDataMonsters.gd:107
Cinder Moth,Kor Güvesi,scripts/autoload/game_data/GameDataMonsters.gd:111
Bog Wretch,Bataklık Sefili,scripts/autoload/game_data/GameDataMonsters.gd:109
Silt Crawler,Balçık Sürüngeni,scripts/autoload/game_data/GameDataMonsters.gd:109
Glass Wisp,Cam Peri,scripts/autoload/game_data/GameDataMonsters.gd:109
Mirror Fiend,Ayna İblisi,scripts/autoload/game_data/GameDataMonsters.gd:109
Frost Stalker,Ayaz Takipçisi,scripts/autoload/game_data/GameDataMonsters.gd:109
Ashclad Ghoul,Kül Giysili Gulyabani,scripts/autoload/game_data/GameDataMonsters.gd:111
Deep Anchorite,Derin Münzevi,scripts/autoload/game_data/GameDataMonsters.gd:109
Voidling Sprite,Boşluk Perisi,scripts/autoload/game_data/GameDataMonsters.gd:111
Hedge Warden,Çit Bekçisi,scripts/autoload/game_data/GameDataMonsters.gd:107
Carrion Crier,Leş Çığırtkanı,scripts/autoload/game_data/GameDataMonsters.gd:107
Rootbound Thrall,Köke Bağlı Köle,scripts/autoload/game_data/GameDataMonsters.gd:107
Leech Priest,Sülük Rahibi,scripts/autoload/game_data/GameDataMonsters.gd:109
Mire Sniper,Bataklık Nişancısı,scripts/autoload/game_data/GameDataMonsters.gd:109
Drowned Bellringer,Boğulmuş Çan Çalan,scripts/autoload/game_data/GameDataMonsters.gd:109
Slag Golem,Cüruf Golemi,scripts/autoload/game_data/GameDataMonsters.gd:111
Ember Oracle,Kor Kâhini,scripts/autoload/game_data/GameDataMonsters.gd:111
Ash Harrier,Kül Tacizcisi,scripts/autoload/game_data/GameDataMonsters.gd:111
Blight Hound,Veba Tazısı,scripts/autoload/game_data/GameDataMonsters.gd:107
Lantern Wight,Fener Hortlağı,scripts/autoload/game_data/GameDataMonsters.gd:107
Tide Caller,Dalga Çağıran,scripts/autoload/game_data/GameDataMonsters.gd:109
Mudscale Brute,Çamur Pullu Kaba,scripts/autoload/game_data/GameDataMonsters.gd:109
Cinder Hound,Kor Tazısı,scripts/autoload/game_data/GameDataMonsters.gd:111
Obsidian Sentinel,Obsidyen Nöbetçi,scripts/autoload/game_data/GameDataMonsters.gd:111
Warbound Elite,Savaşa Bağlı Seçkin,scripts/autoload/game_data/GameDataMonsters.gd:100
Blightfang Elite,Çürük Diş Seçkini,scripts/autoload/game_data/GameDataMonsters.gd:100
Rift-Touched Colossus,Yarık Dokunmuş Dev,scripts/autoload/game_data/GameDataMonsters.gd:100
Iron Revenant,Demir Hortlak,scripts/autoload/game_data/GameDataMonsters.gd:100
Storm-Called Elite,Fırtına Çağrılı Seçkin,scripts/autoload/game_data/GameDataMonsters.gd:100
Ashen Broodlord,Küllü Kuluçka Lordu,scripts/autoload/game_data/GameDataMonsters.gd:100
Korrath,Korrath,scripts/autoload/game_data/GameDataMonsters.gd:101
Drevok,Drevok,scripts/autoload/game_data/GameDataMonsters.gd:101
The Ashen Wastes,Küllü Çorak Topraklar,scripts/autoload/game_data/GameDataMonsters.gd:111
Bold,Cesur,scripts/autoload/game_data/GameDataMonsters.gd:141
Quick,Çevik,scripts/autoload/game_data/GameDataMonsters.gd:141
Stoic,Metin,scripts/autoload/game_data/GameDataMonsters.gd:141
Nervous,Gergin,scripts/autoload/game_data/GameDataMonsters.gd:141
Devout,Dindar,scripts/autoload/game_data/GameDataMonsters.gd:141
Scholarly,Bilgin,scripts/autoload/game_data/GameDataMonsters.gd:141
Next!,Sıradaki!,scripts/autoload/game_data/GameDataMonsters.gd:144
Too easy.,Çok kolay.,scripts/autoload/game_data/GameDataMonsters.gd:144
Who's next in line?,Sırada kim var?,scripts/autoload/game_data/GameDataMonsters.gd:144
Just a scratch!,Sadece bir çizik!,scripts/autoload/game_data/GameDataMonsters.gd:145
That all you've got?,Hepsi bu mu?,scripts/autoload/game_data/GameDataMonsters.gd:145
I've had worse at breakfast.,Kahvaltıda bundan betersini yedim.,scripts/autoload/game_data/GameDataMonsters.gd:145
You'll pay for that!,Bunu ödeyeceksin!,scripts/autoload/game_data/GameDataMonsters.gd:146
"Hold on, I'll finish this!","Dayanın, bunu ben bitiririm!",scripts/autoload/game_data/GameDataMonsters.gd:146
"Stay down, I've got it!","Yerde kal, ben hallederim!",scripts/autoload/game_data/GameDataMonsters.gd:146
Ha! Another one for the wall.,Ha! Duvara bir tane daha.,scripts/autoload/game_data/GameDataMonsters.gd:147
Is that the best the Rift can do?,Yarığın yapabileceği en iyi şey bu mu?,scripts/autoload/game_data/GameDataMonsters.gd:147
Point me at the next one.,Sıradakini göster.,scripts/autoload/game_data/GameDataMonsters.gd:147
Stronger. Good.,Daha güçlü. Güzel.,scripts/autoload/game_data/GameDataMonsters.gd:148
Now we're talking.,İşte şimdi oldu.,scripts/autoload/game_data/GameDataMonsters.gd:148
Bring on something bigger.,Daha büyüğünü getirin.,scripts/autoload/game_data/GameDataMonsters.gd:148
Blink and you missed it.,Göz kırpsan kaçırırdın.,scripts/autoload/game_data/GameDataMonsters.gd:151
Clean.,Temiz.,scripts/autoload/game_data/GameDataMonsters.gd:151
Right where I aimed.,Tam nişan aldığım yere.,scripts/autoload/game_data/GameDataMonsters.gd:151
Too slow on that one...,O seferinde fazla yavaştım...,scripts/autoload/game_data/GameDataMonsters.gd:152
Need to keep moving!,Hareket etmeye devam etmeliyim!,scripts/autoload/game_data/GameDataMonsters.gd:152
Close. Too close.,Yakındı. Çok yakındı.,scripts/autoload/game_data/GameDataMonsters.gd:152
Man down! Covering!,Biri düştü! Koruyorum!,scripts/autoload/game_data/GameDataMonsters.gd:153
I'll draw them off!,Onları ben uzaklaştırırım!,scripts/autoload/game_data/GameDataMonsters.gd:153
"Get up, get up!","Kalk, kalk!",scripts/autoload/game_data/GameDataMonsters.gd:153
Fast work.,Hızlı iş.,scripts/autoload/game_data/GameDataMonsters.gd:154
Home before supper.,Akşam yemeğine evdeyiz.,scripts/autoload/game_data/GameDataMonsters.gd:154
They never saw us coming.,Geldiğimizi hiç görmediler.,scripts/autoload/game_data/GameDataMonsters.gd:154
Quicker every day.,Her gün daha hızlı.,scripts/autoload/game_data/GameDataMonsters.gd:155
Feeling light on my feet.,Kendimi hafif hissediyorum.,scripts/autoload/game_data/GameDataMonsters.gd:155
Watch this.,İzle.,scripts/autoload/game_data/GameDataMonsters.gd:155
It's done.,Bitti.,scripts/autoload/game_data/GameDataMonsters.gd:158
One less.,Bir eksik.,scripts/autoload/game_data/GameDataMonsters.gd:158
Stay down.,Yerde kal.,scripts/autoload/game_data/GameDataMonsters.gd:158
I can still stand.,Hâlâ ayaktayım.,scripts/autoload/game_data/GameDataMonsters.gd:159
Not yet.,Henüz değil.,scripts/autoload/game_data/GameDataMonsters.gd:159
I hold.,Dayanıyorum.,scripts/autoload/game_data/GameDataMonsters.gd:159
I'll hold the line.,Hattı ben tutarım.,scripts/autoload/game_data/GameDataMonsters.gd:160
Rest. I'll carry this.,Dinlen. Bunu ben taşırım.,scripts/autoload/game_data/GameDataMonsters.gd:160
Steady. We finish it.,Sakin. Bunu bitireceğiz.,scripts/autoload/game_data/GameDataMonsters.gd:160
The line held.,Hat dayandı.,scripts/autoload/game_data/GameDataMonsters.gd:161
We endure.,Dayanıyoruz.,scripts/autoload/game_data/GameDataMonsters.gd:161
Another day.,Bir gün daha.,scripts/autoload/game_data/GameDataMonsters.gd:161
Steady progress.,İstikrarlı ilerleme.,scripts/autoload/game_data/GameDataMonsters.gd:162
I feel it. Good.,Hissediyorum. Güzel.,scripts/autoload/game_data/GameDataMonsters.gd:162
The work pays off.,Emek karşılığını veriyor.,scripts/autoload/game_data/GameDataMonsters.gd:162
Did... did I do that?,Bunu... ben mi yaptım?,scripts/autoload/game_data/GameDataMonsters.gd:165
"Oh, thank the stars.",Yıldızlara şükür.,scripts/autoload/game_data/GameDataMonsters.gd:165
Is it dead? It's dead.,Öldü mü? Öldü.,scripts/autoload/game_data/GameDataMonsters.gd:165
I don't want to die here!,Burada ölmek istemiyorum!,scripts/autoload/game_data/GameDataMonsters.gd:166
Help! Anyone?,İmdat! Kimse yok mu?,scripts/autoload/game_data/GameDataMonsters.gd:166
This was a terrible idea.,Bu berbat bir fikirdi.,scripts/autoload/game_data/GameDataMonsters.gd:166
"No, no, no, get up!","Hayır, hayır, hayır, kalk!",scripts/autoload/game_data/GameDataMonsters.gd:167
Should we run? We should run.,Kaçsak mı? Kaçalım.,scripts/autoload/game_data/GameDataMonsters.gd:167
They got them!,Onu yakaladılar!,scripts/autoload/game_data/GameDataMonsters.gd:167
We lived! We actually lived!,Yaşıyoruz! Gerçekten yaşıyoruz!,scripts/autoload/game_data/GameDataMonsters.gd:168
Can we go home now?,Artık eve gidebilir miyiz?,scripts/autoload/game_data/GameDataMonsters.gd:168
Never again. Probably.,Bir daha asla. Muhtemelen.,scripts/autoload/game_data/GameDataMonsters.gd:168
Huh. I'm getting better at this.,Hm. Bunda iyileşiyorum.,scripts/autoload/game_data/GameDataMonsters.gd:169
Maybe I'm not so bad after all.,Belki de o kadar kötü değilimdir.,scripts/autoload/game_data/GameDataMonsters.gd:169
Did I just get stronger?,Az önce güçlendim mi?,scripts/autoload/game_data/GameDataMonsters.gd:169
Rest now.,Artık dinlen.,scripts/autoload/game_data/GameDataMonsters.gd:172
The light judges you.,Işık seni yargılıyor.,scripts/autoload/game_data/GameDataMonsters.gd:172
"Forgiven, and gone.",Affedildi ve gitti.,scripts/autoload/game_data/GameDataMonsters.gd:172
Grant me strength...,Bana güç ver...,scripts/autoload/game_data/GameDataMonsters.gd:173
"My faith holds, if my body won't.",Bedenim dayanmasa da inancım dayanıyor.,scripts/autoload/game_data/GameDataMonsters.gd:173
Not while they need me.,Bana ihtiyaçları varken olmaz.,scripts/autoload/game_data/GameDataMonsters.gd:173
"I'm coming, hold on!","Geliyorum, dayan!",scripts/autoload/game_data/GameDataMonsters.gd:174
"Light, keep them!","Işık, onları koru!",scripts/autoload/game_data/GameDataMonsters.gd:174
Don't you dare give up!,Sakın pes etme!,scripts/autoload/game_data/GameDataMonsters.gd:174
Light guide us home.,Işık bizi eve götürsün.,scripts/autoload/game_data/GameDataMonsters.gd:175
We were spared. Give thanks.,Esirgendik. Şükredin.,scripts/autoload/game_data/GameDataMonsters.gd:175
Let's tend the wounded.,Yaralılarla ilgilenelim.,scripts/autoload/game_data/GameDataMonsters.gd:175
A blessing.,Bir lütuf.,scripts/autoload/game_data/GameDataMonsters.gd:176
I am given more to give.,Vermem için bana daha fazlası verildi.,scripts/autoload/game_data/GameDataMonsters.gd:176
My purpose grows clearer.,Amacım netleşiyor.,scripts/autoload/game_data/GameDataMonsters.gd:176
Unmade.,Yok edildi.,scripts/autoload/game_data/GameDataMonsters.gd:179
Just as I calculated.,Tam hesapladığım gibi.,scripts/autoload/game_data/GameDataMonsters.gd:179
Fascinating. Was.,Büyüleyiciydi. Öyleydi.,scripts/autoload/game_data/GameDataMonsters.gd:179
Variables... unfavorable.,Değişkenler... elverişsiz.,scripts/autoload/game_data/GameDataMonsters.gd:180
The weave is fraying. So am I.,Dokuma sökülüyor. Ben de.,scripts/autoload/game_data/GameDataMonsters.gd:180
I need a moment to recompute!,Yeniden hesaplamak için bir ana ihtiyacım var!,scripts/autoload/game_data/GameDataMonsters.gd:180
That was not in the plan!,Bu planda yoktu!,scripts/autoload/game_data/GameDataMonsters.gd:181
Recalculating!,Yeniden hesaplıyorum!,scripts/autoload/game_data/GameDataMonsters.gd:181
Someone get them up!,Biri onu kaldırsın!,scripts/autoload/game_data/GameDataMonsters.gd:181
A tidy result.,Derli toplu bir sonuç.,scripts/autoload/game_data/GameDataMonsters.gd:182
Worth a page in my notes.,Notlarımda bir sayfaya değer.,scripts/autoload/game_data/GameDataMonsters.gd:182
The Rift has patterns. I see them now.,Yarığın örüntüleri var. Artık görüyorum.,scripts/autoload/game_data/GameDataMonsters.gd:182
The equations open up.,Denklemler açılıyor.,scripts/autoload/game_data/GameDataMonsters.gd:183
More power. Excellent.,Daha fazla güç. Mükemmel.,scripts/autoload/game_data/GameDataMonsters.gd:183
I understand more now.,Artık daha çok anlıyorum.,scripts/autoload/game_data/GameDataMonsters.gd:183
Call the Horde,Sürüyü Çağır,scripts/autoload/game_data/GameDataMonsters.gd:198
"At half health, two foes answer its call.","Yarı canda, iki düşman çağrısına cevap verir.",scripts/autoload/game_data/GameDataMonsters.gd:198
"%s howls, and the rift answers with reinforcements!",%s uluyor ve yarık takviyeyle cevap veriyor!,scripts/autoload/game_data/GameDataMonsters.gd:198
Fury,Hiddet,scripts/autoload/game_data/GameDataMonsters.gd:199
At half health it hits 20% harder and winds up heavy blows more often.,Yarı canda %20 daha sert vurur ve daha sık ağır darbe için güç toplar.,scripts/autoload/game_data/GameDataMonsters.gd:199
%s roars in fury!,%s öfkeyle kükrüyor!,scripts/autoload/game_data/GameDataMonsters.gd:199
At half health it raises a ward worth 12% of its health.,Yarı canda canının %12'si değerinde bir koruma kurar.,scripts/autoload/game_data/GameDataMonsters.gd:200
%s raises a shimmering barrier!,%s parıldayan bir bariyer kuruyor!,scripts/autoload/game_data/GameDataMonsters.gd:200
Vampiric,Vampirik,scripts/autoload/game_data/GameDataMonsters.gd:207
Heals for 25% of the damage it deals.,Verdiği hasarın %25'i kadar iyileşir.,scripts/autoload/game_data/GameDataMonsters.gd:207
Thorned,Dikenli,scripts/autoload/game_data/GameDataMonsters.gd:208
Reflects 15% of the damage it takes back at the attacker.,Aldığı hasarın %15'ini saldırgana geri yansıtır.,scripts/autoload/game_data/GameDataMonsters.gd:208
Shielded,Kalkanlı,scripts/autoload/game_data/GameDataMonsters.gd:209
Starts behind a ward worth 20% of its health.,Canının %20'si değerinde bir korumanın ardında başlar.,scripts/autoload/game_data/GameDataMonsters.gd:209
Venomous,Zehirli,scripts/autoload/game_data/GameDataMonsters.gd:210
Its hits poison.,Darbeleri zehirler.,scripts/autoload/game_data/GameDataMonsters.gd:210
Juggernaut,Durdurulamaz,scripts/autoload/game_data/GameDataMonsters.gd:211
Heavily armored: shrugs off 35% of basic attacks.,Ağır zırhlı: temel saldırıların %35'ini savuşturur.,scripts/autoload/game_data/GameDataMonsters.gd:211
Blazing,Alevli,scripts/autoload/game_data/GameDataMonsters.gd:212
Its hits can set heroes ablaze.,Darbeleri kahramanları tutuşturabilir.,scripts/autoload/game_data/GameDataMonsters.gd:212
Hasted,Hızlandırılmış,scripts/autoload/game_data/GameDataMonsters.gd:213
Acts twice each round (each hit a little weaker) and never winds up.,Her tur iki kez davranır (her darbe biraz daha zayıf) ve asla güç toplamaz.,scripts/autoload/game_data/GameDataMonsters.gd:213
Commander,Komutan,scripts/autoload/game_data/GameDataMonsters.gd:214
Always brings two (weaker) escorts.,Her zaman iki (daha zayıf) muhafız getirir.,scripts/autoload/game_data/GameDataMonsters.gd:214
Wisp,Peri,scripts/autoload/game_data/GameDataMonsters.gd:220
Moth,Güve,scripts/autoload/game_data/GameDataMonsters.gd:220
Sprite,Peri,scripts/autoload/game_data/GameDataMonsters.gd:220
Oracle,Kâhin,scripts/autoload/game_data/GameDataMonsters.gd:220
Choir,Koro,scripts/autoload/game_data/GameDataMonsters.gd:220
Sniper,Nişancı,scripts/autoload/game_data/GameDataMonsters.gd:220
Crier,Çığırtkan,scripts/autoload/game_data/GameDataMonsters.gd:220
Harrier,Tacizci,scripts/autoload/game_data/GameDataMonsters.gd:220
Bellringer,Çan Çalan,scripts/autoload/game_data/GameDataMonsters.gd:220
Priest,Rahip,scripts/autoload/game_data/GameDataMonsters.gd:220
Wight,Hortlak,scripts/autoload/game_data/GameDataMonsters.gd:220
Caller,Çağıran,scripts/autoload/game_data/GameDataMonsters.gd:220
Sweep,Süpürme,scripts/autoload/game_data/GameDataMonsters.gd:232
Hits every hero for %d%% of a normal hit. Defend halves it for whoever Defends.,Her kahramana normal darbenin %%%d kadarı vurur. Savunan kahraman için Savun bunu yarıya indirir.,scripts/autoload/game_data/GameDataMonsters.gd:232
Snipe,Nişan,scripts/autoload/game_data/GameDataMonsters.gd:233
A heavier shot at the most-hurt hero in the back row. Guard can take it for them.,Arka sıradaki en yaralı kahramana daha ağır bir atış. Koru onun yerine alabilir.,scripts/autoload/game_data/GameDataMonsters.gd:233
Curse,Lanet,scripts/autoload/game_data/GameDataMonsters.gd:234
"No damage, but the target deals 40%% less for 2 rounds. Sanctuary cleanses it.",Hasar yok ama hedef 2 tur boyunca %%40 daha az hasar verir. Sığınak temizler.,scripts/autoload/game_data/GameDataMonsters.gd:234
Ward,Koruma,scripts/autoload/game_data/GameDataMonsters.gd:235
Shields its most-hurt ally for 20%% of their max HP. Aimed Shot ignores wards.,En yaralı müttefikine en yüksek canının %%20'si kadar kalkan verir. Nişanlı Atış korumaları yok sayar.,scripts/autoload/game_data/GameDataMonsters.gd:235
Heals its most-hurt ally. Kill or stun it first.,En yaralı müttefikini iyileştirir. Önce onu öldür ya da sersemlet.,scripts/autoload/game_data/GameDataMonsters.gd:236
Roar,Kükreme,scripts/autoload/game_data/GameDataMonsters.gd:237
Every foe hits 20%% harder for the rest of the fight (up to twice). Stun it to stop it.,Dövüşün geri kalanında tüm düşmanlar %%20 daha sert vurur (en fazla iki kez). Durdurmak için onu sersemlet.,scripts/autoload/game_data/GameDataMonsters.gd:237
Stunned,Sersemlemiş,scripts/autoload/game_data/GameDataMonsters.gd:238
Loses its next action.,Sonraki hamlesini kaybeder.,scripts/autoload/game_data/GameDataMonsters.gd:238
"Hits every hero and heals the boss for half of it. Defend, or ward the party.",Her kahramana vurur ve bunun yarısı kadar boss'u iyileştirir. Savun ya da ekibi koru.,scripts/autoload/game_data/GameDataMonsters.gd:239
Drowning Tide,Boğan Dalga,scripts/autoload/game_data/GameDataMonsters.gd:240
Chills and weakens every hero (they act late and deal 40%% less next round). Sanctuary or a Healing Tonic cleanses it.,Her kahramanı üşütür ve zayıflatır (sonraki tur geç davranır ve %%40 daha az hasar verirler). Sığınak ya da Şifa Toniği temizler.,scripts/autoload/game_data/GameDataMonsters.gd:240
Sunder,Parçala,scripts/autoload/game_data/GameDataMonsters.gd:241
"Tears the wards off every front-row hero and hits them hard. Move a hurt hero back, or Defend.",Ön sıradaki her kahramanın korumalarını söker ve sert vurur. Yaralı bir kahramanı geri al ya da Savun.,scripts/autoload/game_data/GameDataMonsters.gd:241
Brand,Damga,scripts/autoload/game_data/GameDataMonsters.gd:242
Marks a hero: they take 50%% more damage for 2 rounds. Guard them.,Bir kahramanı işaretler: 2 tur boyunca %%50 daha fazla hasar alır. Onu koru.,scripts/autoload/game_data/GameDataMonsters.gd:242
Immolate,Yakıp Kavur,scripts/autoload/game_data/GameDataMonsters.gd:243
Sets every hero burning for 3 rounds. Sanctuary or a Healing Tonic puts it out.,Her kahramanı 3 tur boyunca yakar. Sığınak ya da Şifa Toniği söndürür.,scripts/autoload/game_data/GameDataMonsters.gd:243
Scarecrow Line,Korkuluk Hattı,scripts/autoload/game_data/GameDataMonsters.gd:264
"The Warden wards its friends and the Wisp mends them. Take the Wisp first, or strip the wards.","Bekçi dostlarını korur, Işık Perisi onları iyileştirir. Önce Periyi al ya da korumaları sök.",scripts/autoload/game_data/GameDataMonsters.gd:264
Murder of Crows,Karga Sürüsü,scripts/autoload/game_data/GameDataMonsters.gd:266
Criers curse and roar from the back. Silence them before the roars stack.,Çığırtkanlar arkadan lanetler ve kükrer. Kükremeler birikmeden onları sustur.,scripts/autoload/game_data/GameDataMonsters.gd:266
Rootbound Ambush,Köke Bağlı Pusu,scripts/autoload/game_data/GameDataMonsters.gd:268
"The Thrall's sweeps hit the whole party. Defend, or stun its wind-up.",Kölenin süpürmeleri tüm ekibe çarpar. Savun ya da güç toplamasını sersemlet.,scripts/autoload/game_data/GameDataMonsters.gd:268
Graveyard Shift,Mezarlık Nöbeti,scripts/autoload/game_data/GameDataMonsters.gd:270
"The Crawler mends the Reaver while the Crier curses. Break the healer, then the brute.","Çığırtkan lanetlerken Sürüngen Biçici'yi iyileştirir. Önce şifacıyı, sonra zorbayı kır.",scripts/autoload/game_data/GameDataMonsters.gd:270
Stalker Pack,Takipçi Sürüsü,scripts/autoload/game_data/GameDataMonsters.gd:272
Poison stacks fast. A Healing Tonic or Sanctuary washes it out.,Zehir hızla birikir. Şifa Toniği ya da Sığınak temizler.,scripts/autoload/game_data/GameDataMonsters.gd:272
The Hunt,Av,scripts/autoload/game_data/GameDataMonsters.gd:274
"The Hounds go for your most-hurt back-row hero and their bites fester, while the Crier curses. Guard the back row.",Tazılar arka sıradaki en yaralı kahramanına saldırır ve ısırıkları irinlenir; Çığırtkan da lanet okur. Arka sırayı koru.,scripts/autoload/game_data/GameDataMonsters.gd:274
Lantern Wake,Fener Nöbeti,scripts/autoload/game_data/GameDataMonsters.gd:276
"The Wight wards and mends the Reaver from the back. Snuff the lantern first, or the Reaver never falls.","Hortlak arkadan Biçici'yi korur ve iyileştirir. Önce feneri söndür, yoksa Biçici asla düşmez.",scripts/autoload/game_data/GameDataMonsters.gd:276
The Leech Mass,Sülük Yığını,scripts/autoload/game_data/GameDataMonsters.gd:280
The Priest keeps the Wretches fed. Kill it first.,Rahip Sefilleri besliyor. Önce onu öldür.,scripts/autoload/game_data/GameDataMonsters.gd:280
Reed Snipers,Kamış Nişancıları,scripts/autoload/game_data/GameDataMonsters.gd:282
"Snipers hunt the back row behind their Anchorite. Guard your healer, or Taunt.",Nişancılar Münzevilerinin ardından arka sırayı avlar. Şifacını koru ya da Kışkırt.,scripts/autoload/game_data/GameDataMonsters.gd:282
Bell and Mirror,Çan ve Ayna,scripts/autoload/game_data/GameDataMonsters.gd:284
The Fiend reflects basic hits and the Bell curses. Skills and Aimed Shot go around the mirror.,"İblis temel darbeleri yansıtır, Çan lanetler. Beceriler ve Nişanlı Atış aynayı atlatır.",scripts/autoload/game_data/GameDataMonsters.gd:284
Silt Swarm,Balçık Sürüsü,scripts/autoload/game_data/GameDataMonsters.gd:286
Three drainers heal off every hit. Volley and Frost Nova hit them all.,Üç emici her darbeden iyileşir. Yaylım ve Buz Novası hepsine vurur.,scripts/autoload/game_data/GameDataMonsters.gd:286
Frozen Watch,Donmuş Nöbet,scripts/autoload/game_data/GameDataMonsters.gd:288
Chills slow your turns and the Priest mends. Burst the Priest down.,Üşüme sıralarını yavaşlatır ve Rahip iyileştirir. Rahibi hızla indir.,scripts/autoload/game_data/GameDataMonsters.gd:288
Rising Tide,Yükselen Dalga,scripts/autoload/game_data/GameDataMonsters.gd:290
"The Caller's waves chill the whole party while the Brute winds up. Stun the wind-up, then drown the Caller.","Çağıran'ın dalgaları tüm grubu üşütürken Kaba güç toplar. Güç toplamasını sersemlet, sonra Çağıran'ı boğ.",scripts/autoload/game_data/GameDataMonsters.gd:290
Mudslide,Çamur Seli,scripts/autoload/game_data/GameDataMonsters.gd:292
"Two armored drainers and a Priest to feed them. Break the armor, and kill the Priest before it mends.",İki zırhlı emici ve onları besleyen bir Rahip. Zırhı kır ve Rahip iyileştirmeden onu öldür.,scripts/autoload/game_data/GameDataMonsters.gd:292
Forge Guard,Demirhane Muhafızı,scripts/autoload/game_data/GameDataMonsters.gd:296
"The Oracle wards the Golem, and the Golem's sweeps burn. Take the Oracle first.","Kâhin Golemi korur, Golemin süpürmeleri yakar. Önce Kâhini al.",scripts/autoload/game_data/GameDataMonsters.gd:296
Ash Flock,Kül Sürüsü,scripts/autoload/game_data/GameDataMonsters.gd:298
Harriers snipe and hit harder when hurt. Finish each one quickly.,Tacizciler nişan alır ve yaralanınca daha sert vurur. Her birini hızla bitir.,scripts/autoload/game_data/GameDataMonsters.gd:298
Cinder Cult,Kor Tarikatı,scripts/autoload/game_data/GameDataMonsters.gd:300
Everything here burns. Keep a cleanse ready.,Burada her şey yanıyor. Bir arındırma hazır tut.,scripts/autoload/game_data/GameDataMonsters.gd:300
Void Tear,Boşluk Yırtığı,scripts/autoload/game_data/GameDataMonsters.gd:302
The Reaver winds up while the Sprites harry. Break the wind-up.,Periler taciz ederken Biçici güç topluyor. Güç toplamayı boz.,scripts/autoload/game_data/GameDataMonsters.gd:302
Molten Wall,Erimiş Duvar,scripts/autoload/game_data/GameDataMonsters.gd:304
Two armored brutes. Armor breakers and stuns shine here.,İki zırhlı zorba. Zırh kırıcılar ve sersemletmeler burada parlar.,scripts/autoload/game_data/GameDataMonsters.gd:304
Cinder Kennels,Kor Köpeklikleri,scripts/autoload/game_data/GameDataMonsters.gd:306
The Hounds roar each other on and grow wild when hurt. Stun the roar and finish each Hound quickly.,Tazılar birbirini kükreyerek kışkırtır ve yaralanınca azgınlaşır. Kükremeyi sersemlet ve her Tazıyı çabucak bitir.,scripts/autoload/game_data/GameDataMonsters.gd:306
Glass Bastion,Cam Burç,scripts/autoload/game_data/GameDataMonsters.gd:308
The Sentinel reflects basic hits and wards the Harriers. Skills go around the glass; drop the Harriers first.,Nöbetçi temel vuruşları yansıtır ve Tacizcileri korur. Beceriler camı aşar; önce Tacizcileri düşür.,scripts/autoload/game_data/GameDataMonsters.gd:308
Her Harvest hits everyone and heals her. At half health she calls a Crier and a Warden. Defend through the Harvest; kill the Crier fast.,Hasadı herkese vurur ve onu iyileştirir. Yarı canda bir Çığırtkan ve bir Bekçi çağırır. Hasat boyunca Savun; Çığırtkanı hızla öldür.,scripts/autoload/game_data/GameDataMonsters.gd:321
"The Drowning Tide chills and weakens the whole party, and her ward shrugs off early defence. Cleanse the curse; save your burst for after her barrier rises.",Boğan Dalga tüm ekibi üşütür ve zayıflatır; koruması erken savunmayı boşa çıkarır. Laneti temizle; en güçlü saldırılarını bariyeri kalktıktan sonraya sakla.,scripts/autoload/game_data/GameDataMonsters.gd:323
"Sunder tears the wards off the front row and hits hard, and he angers every round. Rotate the front row and end it quickly.",Parçala ön sıranın korumalarını söker ve sert vurur; her tur daha da öfkelenir. Ön sırayı döndür ve işi çabuk bitir.,scripts/autoload/game_data/GameDataMonsters.gd:325
Brand marks a hero to take 50% more damage. At half health he calls fire cultists. Guard the branded hero.,Damga bir kahramanı %50 daha fazla hasar alacak şekilde işaretler. Yarı canda ateş tarikatçılarını çağırır. Damgalı kahramanı koru.,scripts/autoload/game_data/GameDataMonsters.gd:327
Morrow brands his mark and his crossbowmen take the shot. At two-thirds and again at one-third health he whistles up more sellswords. Guard the branded hero.,Morrow hedefini damgalar ve arbaletçileri atışı yapar. Canı üçte ikiye ve sonra üçte bire inince ıslıkla yeni paralı askerler çağırır. Damgalanan kahramanı koru.,scripts/autoload/game_data/GameDataMonsters.gd:332
"The bargain fights with every move it ever bought: Harvest, the Drowning Tide, Brand and Immolate. At half health it calls up what it has claimed. Cleanse, guard the branded, and keep the pressure on.","Pazarlık, satın aldığı her hamleyle savaşır: Hasat, Boğan Dalga, Damga ve Yakma. Canı yarıya inince el koyduklarını çağırır. Temizle, damgalıyı koru ve baskıyı sürdür.",scripts/autoload/game_data/GameDataMonsters.gd:334
Immolate sets the whole party burning while she regenerates and grows angrier. Cleanse the burns and never let up.,Yakıp Kavur tüm ekibi yakarken o yenilenir ve öfkelenir. Yanıkları temizle ve asla gevşeme.,scripts/autoload/game_data/GameDataMonsters.gd:336
Reckless Swing,Pervasız Savuruş,scripts/autoload/game_data/GameDataSkills.gd:21
An all-in burst against the weakest foe.,En zayıf düşmana her şeyini ortaya koyan bir patlama.,scripts/autoload/game_data/GameDataSkills.gd:21
Shield Brace,Kalkan Siperi,scripts/autoload/game_data/GameDataSkills.gd:22
Cripples the greatest threat's damage output for the rest of this fight.,Bu dövüşün geri kalanında en büyük tehdidin hasarını sakatlar.,scripts/autoload/game_data/GameDataSkills.gd:22
Stands ready: the next 3 hits on this hero are answered with a counter-strike.,Hazır bekler: bu kahramana gelen sonraki 3 darbeye karşı saldırıyla cevap verilir.,scripts/autoload/game_data/GameDataSkills.gd:23
Unyielding Wall,Yıkılmaz Duvar,scripts/autoload/game_data/GameDataSkills.gd:24
Draws every foe's attacks this round (30% less from them) and wards themself for 30% of max HP.,Bu tur tüm düşman saldırılarını üstüne çeker (%30 daha az alır) ve kendine en yüksek canının %30'u kadar koruma verir.,scripts/autoload/game_data/GameDataSkills.gd:24
Blood Frenzy,Kan Çılgınlığı,scripts/autoload/game_data/GameDataSkills.gd:25
Sacrifices own HP for a heavy burst on the weakest foe.,En zayıf düşmana ağır bir patlama için kendi canını feda eder.,scripts/autoload/game_data/GameDataSkills.gd:25
Fortify,Tahkim Et,scripts/autoload/game_data/GameDataSkills.gd:26
Braces the party against a wipe for the rest of this fight.,Bu dövüşün geri kalanında ekibi tamamen yok olmaya karşı hazırlar.,scripts/autoload/game_data/GameDataSkills.gd:26
Open Wound,Açık Yara,scripts/autoload/game_data/GameDataSkills.gd:27
"For the rest of the fight, the party's hits heal the attacker for 20% of the damage.","Dövüşün geri kalanında ekibin darbeleri, saldıranı hasarın %20'si kadar iyileştirir.",scripts/autoload/game_data/GameDataSkills.gd:27
Inscribed Strike,Yazılı Vuruş,scripts/autoload/game_data/GameDataSkills.gd:28
Inscribes every blade in the party — damage surges for the rest of this fight.,Ekipteki her kılıca yazı işler — bu dövüşün geri kalanında hasar yükselir.,scripts/autoload/game_data/GameDataSkills.gd:28
Undying Vow,Ölümsüz Yemin,scripts/autoload/game_data/GameDataSkills.gd:29
This round the hero takes half damage and can't fall below 1 HP.,Bu tur kahraman yarı hasar alır ve canı 1'in altına düşemez.,scripts/autoload/game_data/GameDataSkills.gd:116
Sovereign's Wrath,Hükümdarın Gazabı,scripts/autoload/game_data/GameDataSkills.gd:30
Battlefield Patch,Savaş Alanı Yaması,scripts/autoload/game_data/GameDataSkills.gd:32
Mends the whole party.,Tüm ekibi iyileştirir.,scripts/autoload/game_data/GameDataSkills.gd:114
Light Feet,Hafif Ayaklar,scripts/autoload/game_data/GameDataSkills.gd:33
+35% dodge for the whole party until the round ends.,Tur bitene kadar tüm ekibe +%35 kaçınma.,scripts/autoload/game_data/GameDataSkills.gd:119
First Through,İlk Giren,scripts/autoload/game_data/GameDataSkills.gd:34
Two quick strikes at the target.,Hedefe iki hızlı vuruş.,scripts/autoload/game_data/GameDataSkills.gd:109
Unbothered,Umursamaz,scripts/autoload/game_data/GameDataSkills.gd:35
Wards every hero in the front row for 30% of their max HP.,Ön sıradaki her kahramana en yüksek canının %30'u kadar koruma verir.,scripts/autoload/game_data/GameDataSkills.gd:35
Growing Anger,Büyüyen Öfke,scripts/autoload/game_data/GameDataSkills.gd:36
Damage escalates faster for the rest of this fight.,Bu dövüşün geri kalanında hasar daha hızlı artar.,scripts/autoload/game_data/GameDataSkills.gd:120
On Principle,Prensip Gereği,scripts/autoload/game_data/GameDataSkills.gd:37
Meet the Charge,Hücumu Karşıla,scripts/autoload/game_data/GameDataSkills.gd:38
A heavy blow at the target that stuns it (bosses only lose their wind-up).,Hedefe onu sersemleten ağır bir darbe (bosslar yalnızca güç toplamalarını kaybeder).,scripts/autoload/game_data/GameDataSkills.gd:38
First Crack,İlk Çatlak,scripts/autoload/game_data/GameDataSkills.gd:39
Shatters the target's armor and ward; it takes 15% more damage for the rest of the fight.,Hedefin zırhını ve korumasını parçalar; dövüşün geri kalanında %15 daha fazla hasar alır.,scripts/autoload/game_data/GameDataSkills.gd:39
Snare Volley,Tuzak Yaylımı,scripts/autoload/game_data/GameDataSkills.gd:41
Sets a snare: the next foe to attack is hit hard and loses that attack.,Bir tuzak kurar: saldıran sonraki düşman sert darbe alır ve o saldırısını kaybeder.,scripts/autoload/game_data/GameDataSkills.gd:41
Improvised Shot,Doğaçlama Atış,scripts/autoload/game_data/GameDataSkills.gd:42
A burst against the weakest foe.,En zayıf düşmana bir patlama.,scripts/autoload/game_data/GameDataSkills.gd:42
Sure Footing,Sağlam Basış,scripts/autoload/game_data/GameDataSkills.gd:43
Shields the whole party lightly.,Tüm ekibe hafif bir kalkan verir.,scripts/autoload/game_data/GameDataSkills.gd:104
One Arrow,Tek Ok,scripts/autoload/game_data/GameDataSkills.gd:44
"A finishing blow against the weakest foe, stronger the lower they are.",En zayıf düşmana bitirici bir darbe; canı ne kadar düşükse o kadar güçlü.,scripts/autoload/game_data/GameDataSkills.gd:100
Opening Performance,Açılış Gösterisi,scripts/autoload/game_data/GameDataSkills.gd:45
A finishing sweep against every wounded foe.,Yaralı her düşmana bitirici bir süpürme.,scripts/autoload/game_data/GameDataSkills.gd:45
Walked Worse Halls,Beter Koridorlar Gördü,scripts/autoload/game_data/GameDataSkills.gd:46
Chase the Lightning,Şimşeği Kovala,scripts/autoload/game_data/GameDataSkills.gd:47
"Lightning strikes three times, jumping between foes.",Şimşek düşmanlar arasında sıçrayarak üç kez çakar.,scripts/autoload/game_data/GameDataSkills.gd:47
Read the Room,Ortamı Oku,scripts/autoload/game_data/GameDataSkills.gd:48
+7 Momentum for the party (it costs 4).,Ekibe +7 İvme (4 harcar).,scripts/autoload/game_data/GameDataSkills.gd:48
Reversed Trap,Ters Tuzak,scripts/autoload/game_data/GameDataSkills.gd:49
Sets a heavy snare: the next foe to attack is hit hard and loses that attack.,Ağır bir tuzak kurar: saldıran sonraki düşman sert darbe alır ve o saldırısını kaybeder.,scripts/autoload/game_data/GameDataSkills.gd:49
Half-Step Out,Yarım Adım Dışarı,scripts/autoload/game_data/GameDataSkills.gd:50
+dodge chance for the rest of this fight.,Bu dövüşün geri kalanında +kaçınma şansı.,scripts/autoload/game_data/GameDataSkills.gd:108
Scent in the Dark,Karanlıkta Koku,scripts/autoload/game_data/GameDataSkills.gd:52
Weakens every foe's damage for the rest of this fight.,Bu dövüşün geri kalanında tüm düşmanların hasarını zayıflatır.,scripts/autoload/game_data/GameDataSkills.gd:52
Exact Shot,Tam İsabet,scripts/autoload/game_data/GameDataSkills.gd:53
Finds the gap: breaks the target's armor and ward; it takes 15% more damage for the rest of the fight.,Açığı bulur: hedefin zırhını ve korumasını kırar; dövüşün geri kalanında %15 daha fazla hasar alır.,scripts/autoload/game_data/GameDataSkills.gd:53
Watching the Dark,Karanlığı Gözlemek,scripts/autoload/game_data/GameDataSkills.gd:54
Marks the target: it takes 30% more damage from every hero for the rest of the fight.,Hedefi işaretler: dövüşün geri kalanında her kahramandan %30 daha fazla hasar alır.,scripts/autoload/game_data/GameDataSkills.gd:54
Field Dressing,Saha Sargısı,scripts/autoload/game_data/GameDataSkills.gd:55
Gone Before the Echo,Yankıdan Önce Gitti,scripts/autoload/game_data/GameDataSkills.gd:56
+40% dodge for the whole party until the round ends.,Tur bitene kadar tüm ekibe +%40 kaçınma.,scripts/autoload/game_data/GameDataSkills.gd:56
True on the Wind,Rüzgârda İsabet,scripts/autoload/game_data/GameDataSkills.gd:57
The One Seam,Tek Dikiş,scripts/autoload/game_data/GameDataSkills.gd:58
Tears every foe's armor and ward away and hits each of them.,Her düşmanın zırhını ve korumasını söküp her birine vurur.,scripts/autoload/game_data/GameDataSkills.gd:58
Colder Every Shot,Her Atışta Daha Soğuk,scripts/autoload/game_data/GameDataSkills.gd:59
"Freezes the target: it loses its next two actions (a boss, one).",Hedefi dondurur: sonraki iki hamlesini kaybeder (boss ise bir).,scripts/autoload/game_data/GameDataSkills.gd:59
Eclipse Volley,Tutulma Yaylımı,scripts/autoload/game_data/GameDataSkills.gd:60
Unsteady Spark,Titrek Kıvılcım,scripts/autoload/game_data/GameDataSkills.gd:62
First Spark,İlk Kıvılcım,scripts/autoload/game_data/GameDataSkills.gd:63
Sets every foe burning for three rounds.,Tüm düşmanları üç tur boyunca yakar.,scripts/autoload/game_data/GameDataSkills.gd:63
Half-Second Warning,Yarım Saniye Uyarı,scripts/autoload/game_data/GameDataSkills.gd:64
Warming Cast,Isınma Büyüsü,scripts/autoload/game_data/GameDataSkills.gd:65
Cold Study,Soğuk Çalışma,scripts/autoload/game_data/GameDataSkills.gd:66
Faster Ward,Hızlı Koruma,scripts/autoload/game_data/GameDataSkills.gd:67
Shields the lowest-HP ally.,Canı en düşük müttefike kalkan verir.,scripts/autoload/game_data/GameDataSkills.gd:67
Building Storm,Biriken Fırtına,scripts/autoload/game_data/GameDataSkills.gd:68
Wildfire,Orman Yangını,scripts/autoload/game_data/GameDataSkills.gd:69
Thunder's Door,Gök Gürültüsünün Kapısı,scripts/autoload/game_data/GameDataSkills.gd:70
"Thunder strikes three times, jumping between foes.",Gök gürültüsü düşmanlar arasında sıçrayarak üç kez çakar.,scripts/autoload/game_data/GameDataSkills.gd:70
No Name Holds It,Hiçbir Ad Tutamaz,scripts/autoload/game_data/GameDataSkills.gd:71
A heavy burst against the weakest foe.,En zayıf düşmana ağır bir patlama.,scripts/autoload/game_data/GameDataSkills.gd:71
Grown of Will,İradeden Büyüyen,scripts/autoload/game_data/GameDataSkills.gd:73
The Quiet Spell,Sessiz Büyü,scripts/autoload/game_data/GameDataSkills.gd:74
Bark and Stone,Kabuk ve Taş,scripts/autoload/game_data/GameDataSkills.gd:75
One More Round,Bir Tur Daha,scripts/autoload/game_data/GameDataSkills.gd:76
Raises a fallen ally at 40% HP (or heals the most-hurt ally).,Düşmüş bir müttefiki %40 canla kaldırır (ya da en yaralı müttefiki iyileştirir).,scripts/autoload/game_data/GameDataSkills.gd:76
Root and Leaf,Kök ve Yaprak,scripts/autoload/game_data/GameDataSkills.gd:77
"Heals the whole party 35% and cleanses burn, poison, chill, stun and curses.","Tüm ekibi %35 iyileştirir; yanma, zehir, üşüme, sersemlik ve lanetleri temizler.",scripts/autoload/game_data/GameDataSkills.gd:77
Sees It Land First,İnişini Önce Görür,scripts/autoload/game_data/GameDataSkills.gd:78
Ends in Fire,Ateşle Biter,scripts/autoload/game_data/GameDataSkills.gd:79
Warded Before It Forms,Oluşmadan Korunur,scripts/autoload/game_data/GameDataSkills.gd:80
Quick Bandage,Hızlı Sargı,scripts/autoload/game_data/GameDataSkills.gd:82
Mends and shields the lowest-HP ally at once.,Canı en düşük müttefiki aynı anda iyileştirir ve kalkan verir.,scripts/autoload/game_data/GameDataSkills.gd:118
Quiet Prayer,Sessiz Dua,scripts/autoload/game_data/GameDataSkills.gd:83
"Heals the whole party 30% and cleanses burn, poison, chill, stun and curses.","Tüm ekibi %30 iyileştirir; yanma, zehir, üşüme, sersemlik ve lanetleri temizler.",scripts/autoload/game_data/GameDataSkills.gd:83
Field Kit,Saha Çantası,scripts/autoload/game_data/GameDataSkills.gd:84
Censer Swing,Buhurdan Savuruşu,scripts/autoload/game_data/GameDataSkills.gd:85
A swing at the target that stuns it (bosses only lose their wind-up).,Hedefe onu sersemleten bir savuruş (bosslar yalnızca güç toplamalarını kaybeder).,scripts/autoload/game_data/GameDataSkills.gd:85
Keep Moving,Devam Et,scripts/autoload/game_data/GameDataSkills.gd:86
Faith and Blade,İnanç ve Kılıç,scripts/autoload/game_data/GameDataSkills.gd:87
Pays 20% of their own HP: +3 Momentum and +15% party damage for the rest of the fight.,Kendi canının %20'sini öder: dövüşün geri kalanında +3 İvme ve ekip hasarı +%15.,scripts/autoload/game_data/GameDataSkills.gd:87
Faster Than the Wounds,Yaralardan Hızlı,scripts/autoload/game_data/GameDataSkills.gd:88
Raises a fallen ally at 50% HP (or heals the most-hurt ally).,Düşmüş bir müttefiki %50 canla kaldırır (ya da en yaralı müttefiki iyileştirir).,scripts/autoload/game_data/GameDataSkills.gd:88
First Light,İlk Işık,scripts/autoload/game_data/GameDataSkills.gd:89
Not Today,Bugün Değil,scripts/autoload/game_data/GameDataSkills.gd:90
Faster Brew,Hızlı Demleme,scripts/autoload/game_data/GameDataSkills.gd:91
Last Light,Son Işık,scripts/autoload/game_data/GameDataSkills.gd:92
Lit Candle,Yanan Mum,scripts/autoload/game_data/GameDataSkills.gd:94
Lights every blade with sacred fire — damage surges for the rest of this fight.,Her kılıcı kutsal ateşle tutuşturur — bu dövüşün geri kalanında hasar yükselir.,scripts/autoload/game_data/GameDataSkills.gd:94
Keeps the Chill Out,Soğuğu Uzak Tutar,scripts/autoload/game_data/GameDataSkills.gd:95
Blessed Blade,Kutsanmış Kılıç,scripts/autoload/game_data/GameDataSkills.gd:96
Fire in the Cold,Soğukta Ateş,scripts/autoload/game_data/GameDataSkills.gd:97
Wards every hero in the front row for 35% of their max HP.,Ön sıradaki her kahramana en yüksek canının %35'i kadar koruma verir.,scripts/autoload/game_data/GameDataSkills.gd:97
Brief Absolution,Kısa Bağışlanma,scripts/autoload/game_data/GameDataSkills.gd:98
Finishes the target outright if it's below 35% HP (not a boss); otherwise a heavy blow.,Canı %35'in altındaysa hedefi anında bitirir (boss değilse); aksi halde ağır bir darbe.,scripts/autoload/game_data/GameDataSkills.gd:121
Fasting Vigil,Oruçlu Nöbet,scripts/autoload/game_data/GameDataSkills.gd:99
"Heals the whole party 40% and cleanses burn, poison, chill, stun and curses.","Tüm ekibi %40 iyileştirir; yanma, zehir, üşüme, sersemlik ve lanetleri temizler.",scripts/autoload/game_data/GameDataSkills.gd:99
Leads With Light,Işıkla Önder,scripts/autoload/game_data/GameDataSkills.gd:100
First Word,İlk Söz,scripts/autoload/game_data/GameDataSkills.gd:101
Know the Puddles,Birikintileri Bil,scripts/autoload/game_data/GameDataSkills.gd:103
+30% dodge for the whole party until the round ends.,Tur bitene kadar tüm ekibe +%30 kaçınma.,scripts/autoload/game_data/GameDataSkills.gd:103
Never Fought Fair,Hiç Adil Dövüşmedi,scripts/autoload/game_data/GameDataSkills.gd:104
Leaves With More,Fazlasıyla Gider,scripts/autoload/game_data/GameDataSkills.gd:105
"A burst against the weakest foe, healing the caster for a share of the damage.","En zayıf düşmana bir patlama; kullanan, hasarın bir kısmı kadar iyileşir.",scripts/autoload/game_data/GameDataSkills.gd:105
Never Where You Struck,Vurduğun Yerde Değil,scripts/autoload/game_data/GameDataSkills.gd:106
Nobody Heard Them,Kimse Duymadı,scripts/autoload/game_data/GameDataSkills.gd:107
+chance to counter-attack for the rest of this fight.,Bu dövüşün geri kalanında +karşı saldırı şansı.,scripts/autoload/game_data/GameDataSkills.gd:107
Barely Noticed,Zar Zor Fark Edildi,scripts/autoload/game_data/GameDataSkills.gd:108
Getting Faster,Hızlanıyor,scripts/autoload/game_data/GameDataSkills.gd:109
Strikes From the Dark,Karanlıktan Vurur,scripts/autoload/game_data/GameDataSkills.gd:110
"A heavy burst against the weakest foe, healing the caster for a share of the damage.","En zayıf düşmana ağır bir patlama; kullanan, hasarın bir kısmı kadar iyileşir.",scripts/autoload/game_data/GameDataSkills.gd:110
Two Footprints,İki Ayak İzi,scripts/autoload/game_data/GameDataSkills.gd:111
Between Heartbeats,Kalp Atışları Arasında,scripts/autoload/game_data/GameDataSkills.gd:112
Unpoisoned Plants,Zehirlenmemiş Bitkiler,scripts/autoload/game_data/GameDataSkills.gd:114
Warded Vault,Korunan Kasa,scripts/autoload/game_data/GameDataSkills.gd:115
Picks every foe's armor and ward apart and hits each of them.,Her düşmanın zırhını ve korumasını söküp her birine vurur.,scripts/autoload/game_data/GameDataSkills.gd:115
Tougher Than It Looks,Göründüğünden Dayanıklı,scripts/autoload/game_data/GameDataSkills.gd:116
Reads the Seams,Dikişleri Okur,scripts/autoload/game_data/GameDataSkills.gd:117
Reads every seam: strips each foe's armor and ward and hits them.,Her dikişi okur: her düşmanın zırhını ve korumasını söker ve vurur.,scripts/autoload/game_data/GameDataSkills.gd:117
The Undergrowth Hides More,Çalılık Fazlasını Saklar,scripts/autoload/game_data/GameDataSkills.gd:118
Half Out of Reality,Gerçeklikten Yarı Dışarıda,scripts/autoload/game_data/GameDataSkills.gd:119
Thinner and Faster,"Daha İnce, Daha Hızlı",scripts/autoload/game_data/GameDataSkills.gd:120
Already Struck,Çoktan Vurdu,scripts/autoload/game_data/GameDataSkills.gd:121
Heals every ally for %d%% of their max HP.,Her müttefiki azami canının %%%d oranında iyileştirir.,scripts/autoload/game_data/GameDataSkills.gd:179
Every foe deals %d%% less damage for the rest of the fight.,Dövüşün geri kalanında her düşman %%%d daha az hasar verir.,scripts/autoload/game_data/GameDataSkills.gd:180
+%d%% party damage for the rest of the fight.,Dövüşün geri kalanında +%%%d ekip hasarı.,scripts/autoload/game_data/GameDataSkills.gd:181
Hits the weakest foe for %d%% of the party's damage.,En zayıf düşmana ekip hasarının %%%d oranında vurur.,scripts/autoload/game_data/GameDataSkills.gd:182
Hits every foe for %d%% of the party's damage.,Her düşmana ekip hasarının %%%d oranında vurur.,scripts/autoload/game_data/GameDataSkills.gd:183
"Hits the weakest foe for %d%% of the party's damage, up to double against one near death.",En zayıf düşmana ekip hasarının %%%d oranında vurur; ölmek üzere olana karşı iki katına kadar.,scripts/autoload/game_data/GameDataSkills.gd:184
Shields the lowest-HP ally for %d%% of their max HP.,Canı en düşük müttefiki azami canının %%%d oranında kalkanla korur.,scripts/autoload/game_data/GameDataSkills.gd:185
+%d%% party dodge for the rest of the fight (60%% at most).,Dövüşün geri kalanında +%%%d ekip kaçınması (en fazla %%60).,scripts/autoload/game_data/GameDataSkills.gd:187
The party's damage grows %d%% more each round for the rest of the fight.,Dövüşün geri kalanında ekibin hasarı her tur %%%d daha fazla artar.,scripts/autoload/game_data/GameDataSkills.gd:188
+%d%% chance to counter-attack for the rest of the fight (60%% at most).,Dövüşün geri kalanında +%%%d karşı saldırı ihtimali (en fazla %%60).,scripts/autoload/game_data/GameDataSkills.gd:189
"+%d%% chance the last hero standing survives a killing blow, once this fight (90%% at most).","Ayakta kalan son kahramanın öldürücü bir darbeden sağ çıkma ihtimali +%%%d, bu dövüşte bir kez (en fazla %%90).",scripts/autoload/game_data/GameDataSkills.gd:190
Costs 15%% of this hero's max HP; hits the weakest foe for %d%% of the party's damage.,Bu kahramanın azami canının %%15 kadarına mal olur; en zayıf düşmana ekip hasarının %%%d oranında vurur.,scripts/autoload/game_data/GameDataSkills.gd:191
The weakest foe deals %d%% less damage for the rest of the fight.,Dövüşün geri kalanında en zayıf düşman %%%d daha az hasar verir.,scripts/autoload/game_data/GameDataSkills.gd:192
Shields every ally for %d%% of their max HP.,Her müttefiki azami canının %%%d oranında kalkanla korur.,scripts/autoload/game_data/GameDataSkills.gd:193
Hits every foe below half health for %d-%d%% of the party's damage.,Canı yarının altındaki her düşmana ekip hasarının %%%d-%d oranında vurur.,scripts/autoload/game_data/GameDataSkills.gd:194
Hits the target for %d%% of the party's damage and stuns it (a boss only loses a wind-up).,Hedefe ekip hasarının %%%d oranında vurur ve onu sersemletir (bir boss yalnızca güç toplamasını kaybeder).,scripts/autoload/game_data/GameDataSkills.gd:195
The target loses its next 2 actions and any wind-up (a boss: 1 action).,Hedef sonraki 2 hamlesini ve güç toplamasını kaybeder (bir boss: 1 hamle).,scripts/autoload/game_data/GameDataSkills.gd:196
Finishes off a foe below 35%% HP (not a boss); otherwise hits it for %d%% of the party's damage.,Canı %%35'in altındaki bir düşmanı bitirir (boss değilse); yoksa ona ekip hasarının %%%d oranında vurur.,scripts/autoload/game_data/GameDataSkills.gd:197
"Strips the target's armor and wards; it takes +15%% damage for the fight, and is hit for %d%% of the party's damage.",Hedefin zırhını ve korumasını söker; dövüş boyunca +%%15 hasar alır ve ekip hasarının %%%d oranında darbe yer.,scripts/autoload/game_data/GameDataSkills.gd:198
The target takes +%d%% damage for the rest of the fight.,Hedef dövüşün geri kalanında +%%%d hasar alır.,scripts/autoload/game_data/GameDataSkills.gd:199
"Two hits on the target, each %d%% of this hero's attack.","Hedefe iki vuruş, her biri bu kahramanın saldırısının %%%d oranında.",scripts/autoload/game_data/GameDataSkills.gd:200
"Every foe burns for %d rounds, each round for %d%% of the party's damage.","Her düşman %d tur yanar, her tur ekip hasarının %%%d oranında.",scripts/autoload/game_data/GameDataSkills.gd:201
"3 strikes on random foes, each %d%% of the party's damage.","Rastgele düşmanlara 3 vuruş, her biri ekip hasarının %%%d oranında.",scripts/autoload/game_data/GameDataSkills.gd:202
Strips every foe's armor and wards and hits each for %d%% of the party's damage.,Her düşmanın zırhını ve korumasını söker ve her birine ekip hasarının %%%d oranında vurur.,scripts/autoload/game_data/GameDataSkills.gd:203
This hero answers the next 3 blows with %d%% of the party's damage.,Bu kahraman sonraki 3 darbeye ekip hasarının %%%d oranında karşılık verir.,scripts/autoload/game_data/GameDataSkills.gd:204
"Every foe attacks this hero this round, for 30%% less; they gain a shield of %d%% of their max HP.",Bu tur her düşman bu kahramana %%30 daha zayıf saldırır; kahraman azami canının %%%d oranında kalkan kazanır.,scripts/autoload/game_data/GameDataSkills.gd:205
This hero can't fall this round.,Bu kahraman bu tur düşemez.,scripts/autoload/game_data/GameDataSkills.gd:206
Raises a fallen ally with %d%% of their max HP.,Düşmüş bir müttefiki azami canının %%%d oranında ayağa kaldırır.,scripts/autoload/game_data/GameDataSkills.gd:207
Hits the weakest foe for %d%% of the party's damage and heals this hero for 40%% of it.,En zayıf düşmana ekip hasarının %%%d oranında vurur ve bu kahramanı bunun %%40 oranında iyileştirir.,scripts/autoload/game_data/GameDataSkills.gd:208
The next foe to attack loses that attack and takes %d%% of the party's damage.,Saldıran ilk düşman o saldırısını kaybeder ve ekip hasarının %%%d oranında hasar alır.,scripts/autoload/game_data/GameDataSkills.gd:209
Heals the lowest-HP ally for %d%% of max HP and shields them for %d%%.,Canı en düşük müttefiki azami canının %%%d oranında iyileştirir ve %%%d kadar kalkanla korur.,scripts/autoload/game_data/GameDataSkills.gd:210
"Heals every ally for %d%% of max HP and clears their burns, poisons and curses.","Her müttefiki azami canının %%%d oranında iyileştirir; yanık, zehir ve lanetlerini temizler.",scripts/autoload/game_data/GameDataSkills.gd:211
Shields every front-row ally for %d%% of their max HP.,Ön sıradaki her müttefiki azami canının %%%d oranında kalkanla korur.,scripts/autoload/game_data/GameDataSkills.gd:212
Honed Edge,Bilenmiş Kenar,scripts/autoload/game_data/GameDataSkills.gd:239
Thick Hide,Kalın Deri,scripts/autoload/game_data/GameDataSkills.gd:240
Trueshot Aim,İsabetli Nişan,scripts/autoload/game_data/GameDataSkills.gd:243
Woodland Step,Orman Adımı,scripts/autoload/game_data/GameDataSkills.gd:244
Arcane Focus,Gizem Odağı,scripts/autoload/game_data/GameDataSkills.gd:247
Warding Sigil,Koruma Mührü,scripts/autoload/game_data/GameDataSkills.gd:248
Devotion,Adanmışlık,scripts/autoload/game_data/GameDataSkills.gd:251
Opening Strike,Açılış Vuruşu,scripts/autoload/game_data/GameDataSkills.gd:255
Shadow Step,Gölge Adımı,scripts/autoload/game_data/GameDataSkills.gd:256
Weapon Mastery,Silah Ustalığı,scripts/autoload/game_data/GameDataSkills.gd:281
Killing Instinct,Öldürme İçgüdüsü,scripts/autoload/game_data/GameDataSkills.gd:282
Opening Fury,Açılış Hiddeti,scripts/autoload/game_data/GameDataSkills.gd:283
Battle Fury,Savaş Hiddeti,scripts/autoload/game_data/GameDataSkills.gd:284
Executioner's Edge,Cellat Kılıcı,scripts/autoload/game_data/GameDataSkills.gd:285
Bloodletter's Patience,Kan Akıtanın Sabrı,scripts/autoload/game_data/GameDataSkills.gd:286
Killing Blow,Öldürücü Darbe,scripts/autoload/game_data/GameDataSkills.gd:287
Endless Fury,Bitmeyen Hiddet,scripts/autoload/game_data/GameDataSkills.gd:288
Iron Skin,Demir Deri,scripts/autoload/game_data/GameDataSkills.gd:291
Steady Guard,Sağlam Koruma,scripts/autoload/game_data/GameDataSkills.gd:292
Fortified Stance,Tahkimli Duruş,scripts/autoload/game_data/GameDataSkills.gd:294
Unbreakable,Kırılmaz,scripts/autoload/game_data/GameDataSkills.gd:295
Stone Sentinel,Taş Nöbetçi,scripts/autoload/game_data/GameDataSkills.gd:296
Immovable,Kıpırdamaz,scripts/autoload/game_data/GameDataSkills.gd:297
Bulwark's Ward,Siperin Koruması,scripts/autoload/game_data/GameDataSkills.gd:298
Focused Opening,Odaklı Açılış,scripts/autoload/game_data/GameDataSkills.gd:301
Light on Feet,Hafif Adımlı,scripts/autoload/game_data/GameDataSkills.gd:302
Precise Read,Kusursuz Okuma,scripts/autoload/game_data/GameDataSkills.gd:303
Predator's Focus,Avcının Odağı,scripts/autoload/game_data/GameDataSkills.gd:304
Perfect Opening,Mükemmel Açılış,scripts/autoload/game_data/GameDataSkills.gd:305
Assassin's Gambit,Suikastçının Hamlesi,scripts/autoload/game_data/GameDataSkills.gd:306
Flawless Strike,Kusursuz Vuruş,scripts/autoload/game_data/GameDataSkills.gd:307
Silent Kill,Sessiz Ölüm,scripts/autoload/game_data/GameDataSkills.gd:308
Building Momentum,Birikim,scripts/autoload/game_data/GameDataSkills.gd:311
Adrenaline,Adrenalin,scripts/autoload/game_data/GameDataSkills.gd:312
Second Breath,İkinci Soluk,scripts/autoload/game_data/GameDataSkills.gd:313
Unstoppable Momentum,Durdurulamaz Hız,scripts/autoload/game_data/GameDataSkills.gd:315
Berserker's Peak,Gözü Döneğin Zirvesi,scripts/autoload/game_data/GameDataSkills.gd:316
Boundless Fury,Sınırsız Hiddet,scripts/autoload/game_data/GameDataSkills.gd:317
Overwhelming Force,Ezici Güç,scripts/autoload/game_data/GameDataSkills.gd:318
Smite,Çarp,scripts/autoload/game_data/GameDataSkills.gd:321
Mending Chant,İyileştiren İlahi,scripts/autoload/game_data/GameDataSkills.gd:322
Ward of Mercy,Merhamet Koruması,scripts/autoload/game_data/GameDataSkills.gd:323
Battle Cleric's Vow,Savaş Rahibinin Yemini,scripts/autoload/game_data/GameDataSkills.gd:324
Guardian Angel,Koruyucu Melek,scripts/autoload/game_data/GameDataSkills.gd:325
Vengeful Light,İntikamcı Işık,scripts/autoload/game_data/GameDataSkills.gd:326
Divine Grace,İlahi Lütuf,scripts/autoload/game_data/GameDataSkills.gd:327
Smiting Wrath,Çarpan Gazap,scripts/autoload/game_data/GameDataSkills.gd:328
Danger Sense,Tehlike Sezgisi,scripts/autoload/game_data/GameDataSkills.gd:331
Preemptive Strike,Önleyici Vuruş,scripts/autoload/game_data/GameDataSkills.gd:332
Steady Hand,Sağlam El,scripts/autoload/game_data/GameDataSkills.gd:333
Vigilant Heart,Uyanık Yürek,scripts/autoload/game_data/GameDataSkills.gd:334
Unshakeable,Sarsılmaz,scripts/autoload/game_data/GameDataSkills.gd:335
Riposte Mastery,Karşılık Ustalığı,scripts/autoload/game_data/GameDataSkills.gd:336
Untouchable,Dokunulmaz,scripts/autoload/game_data/GameDataSkills.gd:337
Perfect Riposte,Kusursuz Karşılık,scripts/autoload/game_data/GameDataSkills.gd:338
Evasive Training,Kaçınma Eğitimi,scripts/autoload/game_data/GameDataSkills.gd:346
Fleeting Strike,Uçup Giden Vuruş,scripts/autoload/game_data/GameDataSkills.gd:347
Opening Gambit,Açılış Hamlesi,scripts/autoload/game_data/GameDataSkills.gd:348
Phantom Step,Hayalet Adım,scripts/autoload/game_data/GameDataSkills.gd:349
Shadow Strike,Gölge Vuruşu,scripts/autoload/game_data/GameDataSkills.gd:350
Untouchable Form,Dokunulmaz Biçim,scripts/autoload/game_data/GameDataSkills.gd:351
Riposte Flow,Karşılık Akışı,scripts/autoload/game_data/GameDataSkills.gd:352
Killer's Shadow,Katilin Gölgesi,scripts/autoload/game_data/GameDataSkills.gd:353
Ghost Step,Hayalet Adımı,scripts/autoload/game_data/GameDataSkills.gd:354
Counterflow Mastery,Ters Akış Ustalığı,scripts/autoload/game_data/GameDataSkills.gd:355
Vanguard Strike,Öncü Vuruşu,scripts/autoload/game_data/GameDataSkills.gd:359
Battle Instinct,Savaş İçgüdüsü,scripts/autoload/game_data/GameDataSkills.gd:360
Guardian's Resolve,Muhafızın Kararlılığı,scripts/autoload/game_data/GameDataSkills.gd:361
Undying Vanguard,Ölümsüz Öncü,scripts/autoload/game_data/GameDataSkills.gd:363
Defiant to the End,Sonuna Kadar Meydan Okuyan,scripts/autoload/game_data/GameDataSkills.gd:364
Iron Will,Demir İrade,scripts/autoload/game_data/GameDataSkills.gd:365
Arcane Buildup,Gizem Birikimi,scripts/autoload/game_data/GameDataSkills.gd:374
Ward Sigil,Koruma Mührü,scripts/autoload/game_data/GameDataSkills.gd:375
Arcane Slip,Gizemli Kayış,scripts/autoload/game_data/GameDataSkills.gd:376
Arcane Convergence,Gizem Yakınsaması,scripts/autoload/game_data/GameDataSkills.gd:377
Cataclysm,Kıyamet,scripts/autoload/game_data/GameDataSkills.gd:378
World Ender,Dünya Sonu,scripts/autoload/game_data/GameDataSkills.gd:379
Headsman's Creed,Cellat İnancı,scripts/autoload/game_data/GameDataSkills.gd:391
Bulwark Oath,Siper Yemini,scripts/autoload/game_data/GameDataSkills.gd:393
Ambush Doctrine,Pusu Öğretisi,scripts/autoload/game_data/GameDataSkills.gd:395
Slow Burn,Yavaş Yanma,scripts/autoload/game_data/GameDataSkills.gd:397
Martyr's Grace,Şehidin Lütfu,scripts/autoload/game_data/GameDataSkills.gd:399
Iron Discipline,Demir Disiplin,scripts/autoload/game_data/GameDataSkills.gd:401
Phantom Riposte,Hayalet Karşılık,scripts/autoload/game_data/GameDataSkills.gd:403
Undying,Ölümsüz,scripts/autoload/game_data/GameDataSkills.gd:405
Giantslayer,Dev Avcısı,scripts/autoload/game_data/GameDataSkills.gd:407
Shieldbearer,Kalkan Taşıyıcı,scripts/autoload/game_data/GameDataSkills.gd:415
Hunter's Mark,Avcı İşareti,scripts/autoload/game_data/GameDataSkills.gd:417
Arcane Surge,Gizem Dalgası,scripts/autoload/game_data/GameDataSkills.gd:419
Beacon,Fener,scripts/autoload/game_data/GameDataSkills.gd:421
Opportunist,Fırsatçı,scripts/autoload/game_data/GameDataSkills.gd:423
Stonebound Ability,Taşa Bağlı Yetenek,scripts/autoload/game_data/GameDataSkills.gd:443
Riftborn,Yarıkta Doğan,scripts/autoload/game_data/GameDataSkills.gd:446
-1 round Ability cooldown,Yetenek bekleme süresi -1 tur,scripts/autoload/game_data/GameDataSkills.gd:546
also weakens every foe's damage slightly,ayrıca tüm düşmanların hasarını biraz zayıflatır,scripts/autoload/game_data/GameDataSkills.gd:547
also grants the party a dodge boost,ayrıca ekibe kaçınma artışı verir,scripts/autoload/game_data/GameDataSkills.gd:548
also shields the caster,ayrıca kullanana kalkan verir,scripts/autoload/game_data/GameDataSkills.gd:549
also stacks a small permanent damage boost,"ayrıca küçük, kalıcı bir hasar artışı biriktirir",scripts/autoload/game_data/GameDataSkills.gd:550
Shield Bash,Kalkan Darbesi,scripts/autoload/game_data/GameDataSkills.gd:608
"Hits the target for 110% and stuns it: it loses its next action and any wind-up. Bosses only lose a wind-up, and a foe stunned this round or last shakes it off.",Hedefe %110 vurur ve onu sersemletir: sonraki hamlesini ve güç toplamasını kaybeder. Bosslar yalnızca güç toplamasını kaybeder; bu tur ya da geçen tur sersemlemiş bir düşman bunu üstünden atar.,scripts/autoload/game_data/GameDataSkills.gd:609
Taunt,Kışkırt,scripts/autoload/game_data/GameDataSkills.gd:610
"Every foe aims its attacks at this hero until the round ends, and this hero takes 30% less from them.",Tur bitene kadar tüm düşmanlar bu kahramana saldırır ve bu kahraman onlardan %30 daha az hasar alır.,scripts/autoload/game_data/GameDataSkills.gd:611
Aimed Shot,Nişanlı Atış,scripts/autoload/game_data/GameDataSkills.gd:614
A 180% shot at the target that ignores armor and wards.,Hedefe zırhı ve korumaları yok sayan %180'lik bir atış.,scripts/autoload/game_data/GameDataSkills.gd:615
Volley,Yaylım,scripts/autoload/game_data/GameDataSkills.gd:616
Hits every foe for 70%.,Her düşmana %70 vurur.,scripts/autoload/game_data/GameDataSkills.gd:617
Arcane Bolt,Gizem Oku,scripts/autoload/game_data/GameDataSkills.gd:620
A 170% bolt at the target.,Hedefe %170'lik bir büyü oku.,scripts/autoload/game_data/GameDataSkills.gd:621
Frost Nova,Buz Novası,scripts/autoload/game_data/GameDataSkills.gd:622
Hits every foe for 60% and breaks every wind-up.,Her düşmana %60 vurur ve tüm güç toplamaları bozar.,scripts/autoload/game_data/GameDataSkills.gd:623
Heal,İyileştir,scripts/autoload/game_data/GameDataSkills.gd:626
Heals the most-hurt ally for 30% of their max HP.,En yaralı müttefiki en yüksek canının %30'u kadar iyileştirir.,scripts/autoload/game_data/GameDataSkills.gd:627
"Wards every ally for 15% of their max HP and cleanses burn, poison, chill, stun and curses.","Her müttefike en yüksek canının %15'i kadar koruma verir; yanma, zehir, üşüme, sersemlik ve lanetleri temizler.",scripts/autoload/game_data/GameDataSkills.gd:629
Backstab,Sırttan Bıçak,scripts/autoload/game_data/GameDataSkills.gd:632
"Hits the target for 150%, or 250% if it is winding up or below half health.",Hedefe %150 vurur; güç topluyorsa ya da canı yarının altındaysa %250.,scripts/autoload/game_data/GameDataSkills.gd:633
Smoke Bomb,Duman Bombası,scripts/autoload/game_data/GameDataSkills.gd:634
also wards the most-hurt ally for 10% of their max HP,ayrıca en yaralı müttefike en yüksek canının %10'u kadar koruma verir,scripts/autoload/game_data/GameDataSkills.gd:656
also heals this hero 10% of their max HP,ayrıca bu kahramanı en yüksek canının %10'u kadar iyileştirir,scripts/autoload/game_data/GameDataSkills.gd:657
and this hero dodges the next hit aimed at them,ve bu kahraman kendisine gelen sonraki darbeden kaçar,scripts/autoload/game_data/GameDataSkills.gd:658
and the target burns for two rounds,ve hedef iki tur yanar,scripts/autoload/game_data/GameDataSkills.gd:659
the first skill each fight hits 50% harder,her dövüşteki ilk beceri %50 daha sert vurur,scripts/autoload/game_data/GameDataSkills.gd:660
+50% damage against foes below 40% HP,Canı %40'ın altındaki düşmanlara +%50 hasar,scripts/autoload/game_data/GameDataSkills.gd:661
your camp,kampın,scripts/autoload/game_state/GameStateBreach.gd:37
Only a guild that broke the Accord faces the tides,Gelgitlerle yalnızca Ahit'i bozan bir lonca yüzleşir,scripts/autoload/game_state/GameStateBreach.gd:84
Needs %d Gold and %d Essence,Gereken: %d Altın ve %d Öz,scripts/autoload/game_state/GameStateBreach.gd:87
A tidewall is raised against the Open Hollow (%d in all).,Açık Oyuk'a karşı bir gelgit duvarı yükseltildi (toplam: %d).,scripts/autoload/game_state/GameStateBreach.gd:99
The rift has broken!,Yarık taştı!,scripts/autoload/game_state/GameStateBreach.gd:125
Monsters pour out near %s. Defend before your next rift run.,%s yakınında canavarlar akın ediyor. Bir sonraki yarık seferinden önce savun.,scripts/autoload/game_state/GameStateBreach.gd:126
A Rank %s rift broke near %s.,%s rütbeli bir yarık %s yakınında taştı.,scripts/autoload/game_state/GameStateBreach.gd:127
Tide %d of the Open Hollow,Açık Oyuk'un gelgiti: %d,scripts/autoload/game_state/GameStateBreach.gd:137
"It breaks over %s in %d days, %d%% stronger than the first. A tide can't be sealed away; it has to be held.","%s üzerine %d gün içinde kırılacak, ilkinden %%%d daha güçlü. Bir gelgit mühürlenemez; ona dayanmak gerekir.",scripts/autoload/game_state/GameStateBreach.gd:138
A rift is swelling,Bir yarık kabarıyor,scripts/autoload/game_state/GameStateBreach.gd:146
"A Rank %s rift near %s breaks in %d days. Seal a Rank %s rift or higher before then, or prepare to defend.","%s rütbeli bir yarık %s yakınında %d gün içinde taşacak. Ondan önce %s rütbeli ya da daha yüksek bir yarığı mühürle, ya da savunmaya hazırlan.",scripts/autoload/game_state/GameStateBreach.gd:147
The swelling rift is closed,Kabaran yarık kapandı,scripts/autoload/game_state/GameStateBreach.gd:156
Sealing that rift closed it before it broke. +%d Essence.,O yarığı mühürlemek onu taşmadan kapattı. +%d Öz.,scripts/autoload/game_state/GameStateBreach.gd:157
A swelling Rank %s rift was closed in time.,Kabaran %s rütbeli bir yarık zamanında kapatıldı.,scripts/autoload/game_state/GameStateBreach.gd:158
The guild held against a Rank %s Riftbreak.,Lonca %s rütbeli bir Yarık Taşmasına karşı dayandı.,scripts/autoload/game_state/GameStateBreach.gd:199
A Rank %s Riftbreak overran the defenders.,%s rütbeli bir Yarık Taşması savunucuları ezip geçti.,scripts/autoload/game_state/GameStateBreach.gd:210
Nothing to repair.,Onarılacak bir şey yok.,scripts/autoload/game_state/GameStateBreach.gd:240
Not enough Gold.,Yeterli Altın yok.,scripts/autoload/game_state/GameStateBreach.gd:243
Not enough Gold,Yeterli Altın yok,scripts/autoload/game_state/GameStateCore.gd:184
Not enough Essence,Yeterli Öz yok,scripts/autoload/game_state/GameStateCore.gd:184
Day %d: %s,Gün %d: %s,scripts/autoload/game_state/GameStateCore.gd:406
That doesn't look like a Guildhold save,Bu bir Guildhold kaydına benzemiyor,scripts/autoload/game_state/GameStateCore.gd:822
That save is from a newer version of the game,Bu kayıt oyunun daha yeni bir sürümünden,scripts/autoload/game_state/GameStateCore.gd:824
Couldn't write the save slot,Kayıt yuvasına yazılamadı,scripts/autoload/game_state/GameStateCore.gd:831
%s earned %s!,%s kazandı: %s!,scripts/autoload/game_state/GameStateHeroes.gd:26
Quirk earned: %s,Huy kazanıldı: %s,scripts/autoload/game_state/GameStateHeroes.gd:27
Build the Arcane Lab first,Önce Gizem Laboratuvarı'nı kur,scripts/autoload/game_state/GameStateHeroes.gd:46
Need %d Gold,%d Altın gerekir,scripts/autoload/game_state/GameStateHeroes.gd:52
%s signed %s (Rank %s) off your recruit board.,"%s, aday panondan %s adlı adayı (Rütbe %s) kaptı.",scripts/autoload/game_state/GameStateHeroes.gd:207
No %s answered; try another role,Hiçbir %s yanıt vermedi; başka bir rol dene,scripts/autoload/game_state/GameStateHeroes.gd:230
Roster is full.,Kadro dolu.,scripts/autoload/game_state/GameStateHeroes.gd:254
Already at the top level.,Zaten en yüksek seviyede.,scripts/autoload/game_state/GameStateHeroes.gd:367
Not enough Essence.,Yeterli Öz yok.,scripts/autoload/game_state/GameStateHeroes.gd:369
%s — party %s,%s — tüm ekip: %s,scripts/autoload/game_state/GameStateHeroes.gd:403
Must be Level 10 to evolve,Evrimleşmek için 10. seviye olmalı,scripts/autoload/game_state/GameStateHeroes.gd:500
This hero predates the evolution system,Bu kahraman evrim sisteminden önceye ait,scripts/autoload/game_state/GameStateHeroes.gd:503
No further evolution available,Başka evrim yok,scripts/autoload/game_state/GameStateHeroes.gd:506
Pick an evolution path,Bir evrim yolu seç,scripts/autoload/game_state/GameStateHeroes.gd:516
Evolved — Rank %s,Evrimleşti — Rütbe %s,scripts/autoload/game_state/GameStateHeroes.gd:539
%s · new passive: %s,%s · yeni pasif: %s,scripts/autoload/game_state/GameStateHeroes.gd:539
A calling: %s,Bir uzmanlık: %s,scripts/autoload/game_state/GameStateHeroes.gd:542
Seal a Rank %s rift first,Önce bir Rütbe %s yarığı mühürle,scripts/autoload/game_state/GameStateHeroes.gd:552
Requires Level %d,%d. seviye gerekir,scripts/autoload/game_state/GameStateHeroes.gd:576
Learn the prerequisite skill(s) first,Önce ön koşul becerileri öğren,scripts/autoload/game_state/GameStateHeroes.gd:579
Master one of this tree's paths first,Önce bu ağacın yollarından birinde ustalaş,scripts/autoload/game_state/GameStateHeroes.gd:581
Locked out — you already chose the other path,Kilitli — diğer yolu zaten seçtin,scripts/autoload/game_state/GameStateHeroes.gd:584
Seal a Rank %s or higher rift first,Önce Rütbe %s ya da daha yüksek bir yarık mühürle,scripts/autoload/game_state/GameStateHeroes.gd:586
Needs %d Essence,%d Öz gerekir,scripts/autoload/game_state/GameStateHeroes.gd:588
Not enough Skill Points,Yeterli Beceri Puanı yok,scripts/autoload/game_state/GameStateHeroes.gd:591
This hero has no Active Ability yet,Bu kahramanın henüz etkin bir Yeteneği yok,scripts/autoload/game_state/GameStateHeroes.gd:630
Already awakened,Zaten uyandı,scripts/autoload/game_state/GameStateHeroes.gd:632
Can't reset this hero,Bu kahraman sıfırlanamaz,scripts/autoload/game_state/GameStateHeroes.gd:759
Nothing to reset,Sıfırlanacak bir şey yok,scripts/autoload/game_state/GameStateHeroes.gd:762
Can't train this hero,Bu kahraman eğitilemez,scripts/autoload/game_state/GameStateHeroes.gd:786
Fully trained,Tamamen eğitildi,scripts/autoload/game_state/GameStateHeroes.gd:788
The Training Yard is full this week,Talim Alanı bu hafta dolu,scripts/autoload/game_state/GameStateHeroes.gd:790
Your belt is full (%d tonics),Kemerin dolu (%d tonik),scripts/autoload/game_state/GameStateItems.gd:10
Gear attuned,Teçhizat uyumlandı,scripts/autoload/game_state/GameStateItems.gd:111
%s grows stronger (%d/%d),%s güçleniyor (%d/%d),scripts/autoload/game_state/GameStateItems.gd:111
Can't reforge this item,Bu eşya yeniden dövülemez,scripts/autoload/game_state/GameStateItems.gd:127
No such stat,Böyle bir istatistik yok,scripts/autoload/game_state/GameStateItems.gd:130
Legendaries can't be rerolled,Efsaneviler yenilenemez,scripts/autoload/game_state/GameStateItems.gd:348
No trigger,Tetikleyici yok,scripts/autoload/game_state/GameStateItems.gd:354
No such effect,Böyle bir etki yok,scripts/autoload/game_state/GameStateItems.gd:361
Already max level,Zaten en üst seviyede,scripts/autoload/game_state/GameStateItems.gd:393
This Legendary relic's power is fixed: a level wouldn't change it,Bu Efsanevi kalıntının gücü sabittir: bir seviye onu değiştirmez,scripts/autoload/game_state/GameStateItems.gd:395
Relic awakened,Kalıntı uyandı,scripts/autoload/game_state/GameStateItems.gd:412
%s gains a new power,%s yeni bir güç kazandı,scripts/autoload/game_state/GameStateItems.gd:412
"Act %s complete — +%d Essence, %s","%s. Perde tamamlandı — +%d Öz, %s",scripts/autoload/game_state/GameStateModes.gd:160
 · %s unlocked, · %s açıldı,scripts/autoload/game_state/GameStateModes.gd:162
 — sealed, — mühürlendi,scripts/autoload/game_state/GameStateModes.gd:163
A champion is freed,Bir şampiyon kurtarıldı,scripts/autoload/game_state/GameStateModes.gd:168
"Deep in %s, held in a pillar of light, your guild finds %s. %s

%s

Champions oversee your rift runs (their Boon, and their Call) and fight in the Endless Rift. See Roster > Champions.","%s derinliklerinde, bir ışık sütununun içinde, loncan %s adlı şampiyonu bulur. %s

%s

Şampiyonlar yarık seferlerini yönetir (Lütufları ve Çağrıları) ve Sonsuz Yarık'ta savaşır. Bkz. Kadro > Şampiyonlar.",scripts/autoload/game_state/GameStateModes.gd:169
%s remembers: %s,%s hatırlıyor: %s,scripts/autoload/game_state/GameStateModes.gd:195
A page of the Grandmaster's ledger,Büyük Üstat'ın defterinden bir sayfa,scripts/autoload/game_state/GameStateModes.gd:207
"Page %d of %d, found in the rift. Read it in Library > Codex > Chronicle.",Yarıkta bulunan %d. sayfa (%d sayfadan). Kütüphane > Kodeks > Tarihçe'den oku.,scripts/autoload/game_state/GameStateModes.gd:208
"An echo, from the last rift",Son yarıktan bir yankı,scripts/autoload/game_state/GameStateModes.gd:221
Given back · +%d Renown,Geri verildi · +%d Ün,scripts/autoload/game_state/GameStateModes.gd:241
An echo was given back to the village: %s.,Bir yankı köye geri verildi: %s.,scripts/autoload/game_state/GameStateModes.gd:242
An echo was kept: %s (+%d Essence).,Bir yankı saklandı: %s (+%d Öz).,scripts/autoload/game_state/GameStateModes.gd:245
The End,Son,scripts/autoload/game_state/GameStateModes.gd:316
The campaign is complete,Hikâye tamamlandı,scripts/autoload/game_state/GameStateModes.gd:316
"Thank you for playing. Your guild endures: push the Endless Rift, climb the rift ladder, and take on quests for as long as rifts keep opening.","Oynadığın için teşekkürler. Loncan ayakta: yarıklar açıldıkça Sonsuz Yarık'ta sınırlarını zorla, yarık merdiveninde tırman ve görevler üstlen.",scripts/autoload/game_state/GameStateModes.gd:316
Choose a hero to take the post.,Nöbeti devralacak bir kahraman seç.,scripts/autoload/game_state/GameStateModes.gd:330
The guild needs at least one hero.,Loncanın en az bir kahramana ihtiyacı var.,scripts/autoload/game_state/GameStateModes.gd:332
Took the forty-first post,Kırk birinci nöbeti devraldı,scripts/autoload/game_state/GameStateModes.gd:337
Act %s — %s,%s. Perde — %s,scripts/autoload/game_state/GameStateModes.gd:359
Foe: %s,Düşman: %s,scripts/autoload/game_state/GameStateModes.gd:359
II,II,scripts/autoload/game_state/GameStateModes.gd:363
III,III,scripts/autoload/game_state/GameStateModes.gd:363
The Descent · depth %d,İniş · derinlik %d,scripts/autoload/game_state/GameStateModes.gd:415
Rank %s rift,Rütbe %s yarığı,scripts/autoload/game_state/GameStateModes.gd:417
 · daily twist, · günün cilvesi,scripts/autoload/game_state/GameStateModes.gd:417
Act %s finale,%s. Perde finali,scripts/autoload/game_state/GameStateModes.gd:419
Rift,Yarık,scripts/autoload/game_state/GameStateModes.gd:420
"This charter is earned by a deed, not bought.","Bu kuruluş satın alınmaz, bir işle kazanılır.",scripts/autoload/game_state/GameStateModes.gd:844
Not enough Laurels.,Yeterli Defne yok.,scripts/autoload/game_state/GameStateModes.gd:846
Only Keepers of the Vale restore the old halls,Eski salonları yalnızca Vadi'nin Bekçileri yeniden açar,scripts/autoload/game_state/GameStateModes.gd:883
Restored,Yeniden açıldı,scripts/autoload/game_state/GameStateModes.gd:885
Restore the other six halls first,Önce diğer altı salonu yeniden aç,scripts/autoload/game_state/GameStateModes.gd:887
Keepers of the Vale,Vadi'nin Bekçileri,scripts/autoload/game_state/GameStateModes.gd:903
%s is restored.,%s yeniden açıldı.,scripts/autoload/game_state/GameStateModes.gd:904
The Chronicle grows,Tarihçe büyüyor,scripts/autoload/game_state/GameStateModes.gd:952
%s: +%d Laurels.,%s: +%d Defne.,scripts/autoload/game_state/GameStateModes.gd:953
%s took the contract: %s.,Sözleşmeyi %s kaptı: %s.,scripts/autoload/game_state/GameStateQuests.gd:121
Contract failed: %s (-%d Renown).,Sözleşme başarısız: %s (-%d Ün).,scripts/autoload/game_state/GameStateQuests.gd:135
Contract failed,Sözleşme başarısız,scripts/autoload/game_state/GameStateQuests.gd:136
"%s ran out of time. -%d Renown, and the guild's morale dips.",%s için süre doldu. -%d Ün ve loncanın morali düşüyor.,scripts/autoload/game_state/GameStateQuests.gd:136
You can only take %d at a time,Aynı anda yalnızca %d tane alabilirsin,scripts/autoload/game_state/GameStateQuests.gd:148
You took the contract before %s could: %s.,Sözleşmeyi %s almadan önce sen aldın: %s.,scripts/autoload/game_state/GameStateQuests.gd:155
Hunt: defeat %s ×%d,Av: %s yen ×%d,scripts/autoload/game_state/GameStateQuests.gd:173
Hunt: win %d Elite fight%s,Av: %d Seçkin dövüşü%s kazan,scripts/autoload/game_state/GameStateQuests.gd:174
Bounty: defeat %s,Ödül Avı: %s yen,scripts/autoload/game_state/GameStateQuests.gd:175
Seal: seal a Rank %s+ rift,Mühür: Rütbe %s+ bir yarık mühürle,scripts/autoload/game_state/GameStateQuests.gd:176
Seal: seal a Rank C+ rift,Mühür: Rütbe C+ bir yarık mühürle,scripts/autoload/game_state/GameStateQuests.gd:177
Trial: seal a rift with 2 heroes or fewer,Sınav: 2 ya da daha az kahramanla bir yarık mühürle,scripts/autoload/game_state/GameStateQuests.gd:178
Trial: seal a rift without any hero going down,Sınav: hiçbir kahraman düşmeden bir yarık mühürle,scripts/autoload/game_state/GameStateQuests.gd:179
Supply: craft %d item%s or relic%s,İkmal: %d eşya%s ya da kalıntı%s üret,scripts/autoload/game_state/GameStateQuests.gd:180
Trial: win %d fight%s without a hero going down,Sınav: hiçbir kahraman düşmeden %d dövüş%s kazan,scripts/autoload/game_state/GameStateQuests.gd:181
%d Gold,%d Altın,scripts/autoload/game_state/GameStateQuests.gd:188
%d Essence,%d Öz,scripts/autoload/game_state/GameStateQuests.gd:190
%d Renown,%d Ün,scripts/autoload/game_state/GameStateQuests.gd:192
No request is waiting.,Bekleyen istek yok.,scripts/autoload/game_state/GameStateQuests.gd:383
The Training Yard is full this week.,Talim Alanı bu hafta dolu.,scripts/autoload/game_state/GameStateQuests.gd:409
"%s — no answer by payday, taken as a no.","%s — maaş gününe kadar cevap yok, hayır sayıldı.",scripts/autoload/game_state/GameStateQuests.gd:434
Volunteers joined the guild: %s.,Gönüllüler loncaya katıldı: %s.,scripts/autoload/game_state/GameStateQuests.gd:473
Volunteers,Gönüllüler,scripts/autoload/game_state/GameStateQuests.gd:474
%s joined for free. A guild short on heroes and Gold draws volunteers; Rank F rifts pay enough to rebuild.,%s ücretsiz katıldı. Kahramanı ve Altını azalan bir lonca gönüllü çeker; Rütbe F yarıkları yeniden toparlanmaya yetecek kadar kazandırır.,scripts/autoload/game_state/GameStateQuests.gd:474
"Payday: %d Gold in wages, %s.","Maaş günü: %d Altın maaş, %s.",scripts/autoload/game_state/GameStateQuests.gd:484
%d in upkeep,%d bakım,scripts/autoload/game_state/GameStateQuests.gd:484
upkeep unpaid (-%d Renown),bakım ödenmedi (-%d Ün),scripts/autoload/game_state/GameStateQuests.gd:484
 Unpaid: %s., Ödenmedi: %s.,scripts/autoload/game_state/GameStateQuests.gd:486
 Walked out: %s., Çekip gitti: %s.,scripts/autoload/game_state/GameStateQuests.gd:488
%s the %s (Renown %d vs %d).,%s: %s (Ün %d / %d).,scripts/autoload/game_state/GameStateQuests.gd:490
Your guild leads,Loncan önde,scripts/autoload/game_state/GameStateQuests.gd:490
The guild trails,Loncan geride,scripts/autoload/game_state/GameStateQuests.gd:490
Your guild is level with,Loncan başa baş,scripts/autoload/game_state/GameStateQuests.gd:490
 Recruits favor you this week: +1 offer., Adaylar bu hafta seni tercih ediyor: +1 teklif.,scripts/autoload/game_state/GameStateQuests.gd:490
 Recruits favor them this week: -1 offer., Adaylar bu hafta onları tercih ediyor: -1 teklif.,scripts/autoload/game_state/GameStateQuests.gd:490
"%d Gold in wages, %s","%d Altın maaş, %s",scripts/autoload/game_state/GameStateQuests.gd:492
%d upkeep,%d bakım,scripts/autoload/game_state/GameStateQuests.gd:492
 · couldn't pay %s, · ödenemedi: %s,scripts/autoload/game_state/GameStateQuests.gd:494
 · %s walked out, · çekip gitti: %s,scripts/autoload/game_state/GameStateQuests.gd:496
Payday,Maaş günü,scripts/autoload/game_state/GameStateQuests.gd:497
They're on a rift right now,Şu an bir yarıktalar,scripts/autoload/game_state/GameStateQuests.gd:563
The guild needs at least one hero,Loncanın en az bir kahramana ihtiyacı var,scripts/autoload/game_state/GameStateQuests.gd:565
%s left the guild.,%s loncadan ayrıldı.,scripts/autoload/game_state/GameStateQuests.gd:567
Already feasted this week,Bu hafta zaten ziyafet verildi,scripts/autoload/game_state/GameStateQuests.gd:584
A feast in the hall: +%d morale for %d hero%s%s.,"Salonda ziyafet: +%d moral, %d kahraman%s için%s.",scripts/autoload/game_state/GameStateQuests.gd:594
 (no seats for %d), (%d kişiye yer yok),scripts/autoload/game_state/GameStateQuests.gd:594
"%s of %s: ""%s""","%s (%s): ""%s""",scripts/autoload/game_state/GameStateQuests.gd:609
%s is courting %s,"%s, %s adlı kahramanına göz dikti",scripts/autoload/game_state/GameStateQuests.gd:674
a hero,bir kahraman,scripts/autoload/game_state/GameStateQuests.gd:674
%s dares you to seal a Rank %s rift by payday,%s maaş gününe kadar Rütbe %s bir yarığı mühürlemen için meydan okuyor,scripts/autoload/game_state/GameStateQuests.gd:676
%s is after one of your posted contracts,%s ilandaki sözleşmelerinden birinin peşinde,scripts/autoload/game_state/GameStateQuests.gd:678
"%s has offered %s a place, and better pay. Match it, or let %s choose: a hero stays at morale %d or above (now %d).","%s, %s için bir yer ve daha iyi maaş teklif etti. Teklifi karşıla ya da seçimi %s yapsın: bir kahraman %d ve üstü moralde kalır (şu an %d).",scripts/autoload/game_state/GameStateQuests.gd:688
You took the dare. Seal a Rank %s rift (or higher) before payday: +%d Renown and they lose %d. Miss it and they gain %d.,"Meydan okumayı kabul ettin. Maaş gününden önce Rütbe %s (ya da daha yüksek) bir yarığı mühürle: +%d Ün, onlar %d kaybeder. Kaçırırsan onlar %d kazanır.",scripts/autoload/game_state/GameStateQuests.gd:691
"%s says your guild can't seal a Rank %s rift before payday, and says it in every tavern.","%s, loncanın maaş gününden önce Rütbe %s bir yarığı mühürleyemeyeceğini söylüyor, hem de her meyhanede.",scripts/autoload/game_state/GameStateQuests.gd:692
"%s means to take the contract ""%s"" off the board. Take it on now, or let it go.","%s, ""%s"" sözleşmesini panodan almaya niyetli. Şimdi üstlen ya da bırak gitsin.",scripts/autoload/game_state/GameStateQuests.gd:695
"Counter-offer: %d Gold, +%d morale","Karşı teklif: %d Altın, +%d moral",scripts/autoload/game_state/GameStateQuests.gd:725
Let them choose (they'd %s),Seçimi kendisi yapsın (%s),scripts/autoload/game_state/GameStateQuests.gd:726
stay,kalırdı,scripts/autoload/game_state/GameStateQuests.gd:726
leave,giderdi,scripts/autoload/game_state/GameStateQuests.gd:726
"Accept: +%d Renown if you do it, they gain %d if not","Kabul et: başarırsan +%d Ün, başaramazsan onlar %d kazanır",scripts/autoload/game_state/GameStateQuests.gd:730
Decline: they gain %d Renown,Reddet: onlar %d Ün kazanır,scripts/autoload/game_state/GameStateQuests.gd:731
Take it on now (due in %d days),Şimdi üstlen (%d gün süre),scripts/autoload/game_state/GameStateQuests.gd:735
You already have %d contracts.,Zaten %d sözleşmen var.,scripts/autoload/game_state/GameStateQuests.gd:735
Let them have it,Onların olsun,scripts/autoload/game_state/GameStateQuests.gd:736
Nothing to answer.,Cevaplanacak bir şey yok.,scripts/autoload/game_state/GameStateQuests.gd:743
You matched %s's offer; %s stays.,%s teklifini karşıladın; %s kalıyor.,scripts/autoload/game_state/GameStateQuests.gd:755
%s turned down %s and stays with the guild.,"%s, %s teklifini geri çevirdi ve loncada kalıyor.",scripts/autoload/game_state/GameStateQuests.gd:759
%s left to join %s.,"%s, %s saflarına katılmak için ayrıldı.",scripts/autoload/game_state/GameStateQuests.gd:762
A hero left,Bir kahraman ayrıldı,scripts/autoload/game_state/GameStateQuests.gd:763
%s joined %s.,"%s, %s saflarına katıldı.",scripts/autoload/game_state/GameStateQuests.gd:763
You took %s's dare: a Rank %s rift by payday.,%s meydan okumasını kabul ettin: maaş gününe kadar Rütbe %s bir yarık.,scripts/autoload/game_state/GameStateQuests.gd:768
You turned down %s's dare; they crow about it (+%d Renown to them).,%s meydan okumasını reddettin; bununla övünüyorlar (onlara +%d Ün).,scripts/autoload/game_state/GameStateQuests.gd:773
"Dare won: a Rank %s rift sealed. +%d Renown, and %s loses %d.","Meydan okuma kazanıldı: Rütbe %s bir yarık mühürlendi. +%d Ün, %s %d kaybediyor.",scripts/autoload/game_state/GameStateQuests.gd:796
Dare won,Meydan okuma kazanıldı,scripts/autoload/game_state/GameStateQuests.gd:797
+%d Renown; %s loses %d.,+%d Ün; %s %d kaybediyor.,scripts/autoload/game_state/GameStateQuests.gd:797
Dare lost: no Rank %s rift by payday. %s gains %d Renown.,Meydan okuma kaybedildi: maaş gününe kadar Rütbe %s yarık yok. %s %d Ün kazanıyor.,scripts/autoload/game_state/GameStateQuests.gd:808
Dare lost,Meydan okuma kaybedildi,scripts/autoload/game_state/GameStateQuests.gd:809
%s gains %d Renown.,%s %d Ün kazanıyor.,scripts/autoload/game_state/GameStateQuests.gd:809
%s — no answer by payday.,%s — maaş gününe kadar cevap yok.,scripts/autoload/game_state/GameStateQuests.gd:812
"You won the month's contest, %d Renown to %d: +%d Gold, +%d Renown.","Ayın yarışmasını kazandın, %d Üne karşı %d: +%d Altın, +%d Ün.",scripts/autoload/game_state/GameStateQuests.gd:840
Contest won,Yarışma kazanıldı,scripts/autoload/game_state/GameStateQuests.gd:841
"%d Renown gained to %s's %d. +%d Gold, +%d Renown.","%d Ün kazandın, %s ise %d. +%d Altın, +%d Ün.",scripts/autoload/game_state/GameStateQuests.gd:841
"%s won the month's contest, %d Renown to your %d.","%s ayın yarışmasını kazandı, %d Üne karşı senin %d.",scripts/autoload/game_state/GameStateQuests.gd:844
Contest lost,Yarışma kaybedildi,scripts/autoload/game_state/GameStateQuests.gd:845
%s gained %d Renown to your %d and takes the prize.,"%s %d Ün kazandı, sen %d; ödül onların.",scripts/autoload/game_state/GameStateQuests.gd:845
The month's contest ends level at %d Renown each.,Ayın yarışması berabere bitti: ikiniz de %d Ün.,scripts/autoload/game_state/GameStateQuests.gd:847
New: %s,Yeni: %s,scripts/autoload/game_state/GameStateRuns.gd:84
New at camp,Kampta yeni,scripts/autoload/game_state/GameStateRuns.gd:87
 — check the tabs above., — yukarıdaki sekmelere bak.,scripts/autoload/game_state/GameStateRuns.gd:87
Sworn to fight By Hand: no Quick fight,Elle dövüşmeye yeminli: Hızlı dövüş yok,scripts/autoload/game_state/GameStateRuns.gd:209
A finale is fought in full,Final baştan sona dövüşülür,scripts/autoload/game_state/GameStateRuns.gd:211
"Quick fight opens once you seal a Rank %s rift, or with a party at %d%% of Recommended power",Hızlı dövüş bir Rütbe %s yarığı mühürleyince ya da Önerilen gücün %%%d düzeyindeki bir ekiple açılır,scripts/autoload/game_state/GameStateRuns.gd:215
Captain Morrow is beaten; the Hollow Crown Company is finished.,Yüzbaşı Morrow yenildi; Oyuk Taç Bölüğü'nün işi bitti.,scripts/autoload/game_state/GameStateRuns.gd:305
The party rests by the fire and recovers %d%% HP.,Ekip ateşin başında dinleniyor ve canının %%%d kadarını geri kazanıyor.,scripts/autoload/game_state/GameStateRuns.gd:419
The party drills together: +%d XP each.,Ekip birlikte talim yapıyor: her birine +%d TP.,scripts/autoload/game_state/GameStateRuns.gd:423
"Weapons sharpened, focus restored — the next fight starts with +4 Momentum.","Silahlar bilendi, odak yerine geldi — sonraki dövüş +4 İvme ile başlıyor.",scripts/autoload/game_state/GameStateRuns.gd:426
"%s check (%s, %d vs %d): %s.","%s sınaması (%s, %d / %d): %s.",scripts/autoload/game_state/GameStateRuns.gd:475
Luck is with you.,Şans senden yana.,scripts/autoload/game_state/GameStateRuns.gd:480
Luck is not with you.,Şans senden yana değil.,scripts/autoload/game_state/GameStateRuns.gd:480
You move on.,Yoluna devam ediyorsun.,scripts/autoload/game_state/GameStateRuns.gd:485
+%d Gold.,+%d Altın.,scripts/autoload/game_state/GameStateRuns.gd:522
+%d Essence.,+%d Öz.,scripts/autoload/game_state/GameStateRuns.gd:526
%+d Renown.,%+d Ün.,scripts/autoload/game_state/GameStateRuns.gd:530
Every hero gains %d XP.,Her kahraman %d TP kazanıyor.,scripts/autoload/game_state/GameStateRuns.gd:534
The party heals %d%% HP.,Ekip canının %%%d kadarını iyileştiriyor.,scripts/autoload/game_state/GameStateRuns.gd:538
Everyone loses %d%% HP.,Herkes canının %%%d kadarını kaybediyor.,scripts/autoload/game_state/GameStateRuns.gd:542
The next fight starts with +3 Momentum.,Sonraki dövüş +3 İvme ile başlıyor.,scripts/autoload/game_state/GameStateRuns.gd:545
+%d Healing Tonic.,+%d Şifa Toniği.,scripts/autoload/game_state/GameStateRuns.gd:548
You can't carry another tonic.,Bir tonik daha taşıyamazsın.,scripts/autoload/game_state/GameStateRuns.gd:548
A %d-point shield against hazards.,Tehlikelere karşı %d puanlık kalkan.,scripts/autoload/game_state/GameStateRuns.gd:551
You receive: %s (%s).,Aldın: %s (%s).,scripts/autoload/game_state/GameStateRuns.gd:559
The Anchor Artifact snuffs the hazard before it strikes.,Çapa Eseri tehlikeyi vurmadan söndürüyor.,scripts/autoload/game_state/GameStateRuns.gd:673
Relic wards absorb %d of the hazard.,Kalıntı korumaları tehlikenin %d kadarını emiyor.,scripts/autoload/game_state/GameStateRuns.gd:678
The hazard deals %d damage across the party.,Tehlike ekibe toplam %d hasar veriyor.,scripts/autoload/game_state/GameStateRuns.gd:686
You scavenge %d Gold on the way through.,Geçerken %d Altın topluyorsun.,scripts/autoload/game_state/GameStateRuns.gd:695
Essence found in the rubble: +%d.,Molozların arasında Öz bulundu: +%d.,scripts/autoload/game_state/GameStateRuns.gd:698
You pay %d Essence and bypass the hazard entirely.,%d Öz ödüyor ve tehlikeyi tamamen atlatıyorsun.,scripts/autoload/game_state/GameStateRuns.gd:738
Fifty rifts,Elli yarık,scripts/autoload/game_state/GameStateRuns.gd:872
%s & %s,%s ve %s,scripts/autoload/game_state/GameStateRuns.gd:883
"A bond, written down",Yazıya geçen bir bağ,scripts/autoload/game_state/GameStateRuns.gd:883
 %s and %s's bond deepens (Lv%d)., %s ile %s arasındaki bağ derinleşiyor (Sv%d).,scripts/autoload/game_state/GameStateRuns.gd:884
Bond deepened — Lv%d,Bağ derinleşti — Sv%d,scripts/autoload/game_state/GameStateRuns.gd:885
%s & %s: +%d%% party damage while both stand,%s & %s: ikisi de ayaktayken +%%%d ekip hasarı,scripts/autoload/game_state/GameStateRuns.gd:885
%s: %s+%d essence,%s: %s+%d öz,scripts/autoload/game_state/GameStateRuns.gd:936
"+%d gold, ","+%d altın, ",scripts/autoload/game_state/GameStateRuns.gd:936
", the relic %s",", %s kalıntısı",scripts/autoload/game_state/GameStateRuns.gd:941
", the title ""%s""",", ""%s"" unvanı",scripts/autoload/game_state/GameStateRuns.gd:943
"The pillar of light gives way, and %s steps out of it. %s

%s","Işık sütunu çöküyor ve %s içinden dışarı adım atıyor. %s

%s",scripts/autoload/game_state/GameStateRuns.gd:967
The party fell at depth %d of the Descent and lost %d Gold and %d Essence on the way out.,Ekip İniş'in %d. derinliğinde düştü ve çıkarken %d Altın ile %d Öz kaybetti.,scripts/autoload/game_state/GameStateRuns.gd:1019
Field Triage,Sahada Triyaj,scripts/autoload/game_state/GameStateRuns.gd:1097
Needs %d idle hero%s at camp,Kampta %d boşta kahraman%s gerekir,scripts/autoload/game_state/GameStateRuns.gd:1121
No healer can do it,Bunu yapabilecek şifacı yok,scripts/autoload/game_state/GameStateRuns.gd:1134
A new guild can't leave anyone behind,Yeni bir lonca kimseyi geride bırakamaz,scripts/autoload/game_state/GameStateRuns.gd:1150
Found alive,Sağ bulundu,scripts/autoload/game_state/GameStateRuns.gd:1165
%s is carried home from the sealed rift,%s mühürlenen yarıktan eve taşınıyor,scripts/autoload/game_state/GameStateRuns.gd:1165
Lost in the rift,Yarıkta kayboldu,scripts/autoload/game_state/GameStateRuns.gd:1180
%s was left behind and never came back,%s geride bırakıldı ve bir daha dönmedi,scripts/autoload/game_state/GameStateRuns.gd:1180
Left behind in a %s,Bir %s içinde geride bırakıldı,scripts/autoload/game_state/GameStateRuns.gd:1181
The party climbed out of the Descent at depth %d.,Ekip İniş'ten %d. derinlikte tırmanıp çıktı.,scripts/autoload/game_state/GameStateRuns.gd:1314
Not researched yet,Henüz araştırılmadı,scripts/defense/DefenseRun.gd:365
Something is built here,Burada zaten bir yapı var,scripts/defense/DefenseRun.gd:367
Not enough supplies,Yeterli erzak yok,scripts/defense/DefenseRun.gd:369
Nothing built here,Burada bir yapı yok,scripts/defense/DefenseRun.gd:390
Research raises the tier cap,Araştırma kademe sınırını yükseltir,scripts/defense/DefenseRun.gd:392
Fully upgraded,Tamamen geliştirildi,scripts/defense/DefenseRun.gd:392
"Build towers on the pads, then call the first wave","Kaidelere kuleler kur, sonra ilk dalgayı çağır",scripts/defense/DefenseView.gd:124
[A foe breaks through],[Bir düşman geçti],scripts/defense/DefenseView.gd:247
The last wave!,Son dalga!,scripts/defense/DefenseView.gd:251
A warden leads it,Başında bir muhafız var,scripts/defense/DefenseView.gd:251
[A warden approaches],[Bir muhafız yaklaşıyor],scripts/defense/DefenseView.gd:252
Wave %d of %d,Dalga %d / %d,scripts/defense/DefenseView.gd:254
Wave cleared,Dalga temizlendi,scripts/defense/DefenseView.gd:256
Build and upgrade before the next one,Bir sonrakinden önce kur ve geliştir,scripts/defense/DefenseView.gd:256
+%d supplies,+%d erzak,scripts/defense/DefenseView.gd:258
[%s falls],[%s düştü],scripts/defense/DefenseView.gd:263
%s is back,%s geri döndü,scripts/defense/DefenseView.gd:265
Build a tower,Kule kur,scripts/defense/DefenseView.gd:348
%s (tier %d),%s (%d. kademe),scripts/defense/DefenseView.gd:366
Upgrade — %d,Geliştir — %d,scripts/defense/DefenseView.gd:377
Sell — +%d,Sat — +%d,scripts/defense/DefenseView.gd:383
Close,Kapat,scripts/defense/DefenseView.gd:387
Game speed,Oyun hızı,scripts/defense/DefenseView.gd:446
Pause,Duraklat,scripts/defense/DefenseView.gd:452
Tap a pad to build · tap the ground to send your champion,İnşa etmek için bir yuvaya dokun · şampiyonunu göndermek için yere dokun,scripts/defense/DefenseView.gd:456
Tap a pad to build · tap the ground to send your champion · Space: next wave,Kurmak için bir kaideye dokun · şampiyonunu göndermek için yere dokun · Boşluk: sonraki dalga,scripts/defense/DefenseView.gd:456
Wave %d / %d,Dalga %d / %d,scripts/defense/DefenseView.gd:480
Integrity %d / %d,Bütünlük %d / %d,scripts/defense/DefenseView.gd:481
Supplies %d,Erzak %d,scripts/defense/DefenseView.gd:483
Next wave in %ds,Sonraki dalga %d sn sonra,scripts/defense/DefenseView.gd:485
Wave in progress,Dalga sürüyor,scripts/defense/DefenseView.gd:485
Call it now (+%d),Şimdi çağır (+%d),scripts/defense/DefenseView.gd:487
Paused,Duraklatıldı,scripts/defense/DefenseView.gd:577
Resume,Devam et,scripts/defense/DefenseView.gd:579
Abandon the defense (counts as lost),Savunmayı bırak (kayıp sayılır),scripts/defense/DefenseView.gd:583
The breach is held!,Gedik tutuldu!,scripts/defense/DefenseView.gd:598
The defenders are overrun,Savunucular ezilip geçildi,scripts/defense/DefenseView.gd:598
Integrity %d / %d · %d foes slain,Bütünlük %d / %d · %d düşman öldürüldü,scripts/defense/DefenseView.gd:599
+%d gold · +%d essence,+%d altın · +%d öz,scripts/defense/DefenseView.gd:601
Lost from the stores: %d gold · %d essence,Ambardan kaybedilen: %d altın · %d öz,scripts/defense/DefenseView.gd:603
Damaged: %s — it works a level lower until repaired (Guild > Manage),Hasarlı: %s — onarılana dek bir seviye düşük çalışır (Lonca > Yönetim),scripts/defense/DefenseView.gd:605
Wounded: %s,Yaralı: %s,scripts/defense/DefenseView.gd:607
Return to the guild,Loncaya dön,scripts/defense/DefenseView.gd:614
+%d DMG · +%d Shield,+%d HSR · +%d Kalkan,scripts/models/Relic.gd:33
The horde,Sürü,scripts/survivors/SurvivorsRun.gd:30
A swarm,Bir kalabalık,scripts/survivors/SurvivorsRun.gd:31
"Weak but many, and fast",Zayıf ama çok ve hızlı,scripts/survivors/SurvivorsRun.gd:31
An elite pack,Bir seçkin sürüsü,scripts/survivors/SurvivorsRun.gd:32
Its leader carries a chest,Lideri bir sandık taşıyor,scripts/survivors/SurvivorsRun.gd:32
Archers and casters,Okçular ve büyücüler,scripts/survivors/SurvivorsRun.gd:33
Step aside from their bolts,Oklarından kenara çekil,scripts/survivors/SurvivorsRun.gd:33
A lull,Bir durgunluk,scripts/survivors/SurvivorsRun.gd:34
A chest lies nearby,Yakında bir sandık var,scripts/survivors/SurvivorsRun.gd:34
"Every 5s: shoves foes around the hero, stunning them",Her 5 sn: kahramanın etrafındaki düşmanları iterek sersemletir,scripts/survivors/SurvivorsRun.gd:91
"Every 10s: draws every foe to this hero for 3s, taking 40% less","Her 10 sn: 3 sn boyunca tüm düşmanları bu kahramana çeker, %40 daha az hasar alır",scripts/survivors/SurvivorsRun.gd:92
Every 3s: a piercing shot at the toughest foe in sight,Her 3 sn: görüşteki en dayanıklı düşmana delici bir atış,scripts/survivors/SurvivorsRun.gd:93
Every 4s: a ring of arrows,Her 4 sn: bir ok halkası,scripts/survivors/SurvivorsRun.gd:94
Every 2.5s: a bursting bolt at the toughest foe near,"Her 2,5 sn: yakındaki en dayanıklı düşmana patlayan bir büyü oku",scripts/survivors/SurvivorsRun.gd:95
Every 7s: freezes every foe close by,Her 7 sn: yakındaki tüm düşmanları dondurur,scripts/survivors/SurvivorsRun.gd:96
Every 6s: heals the most-hurt hero 20%,Her 6 sn: en yaralı kahramanı %20 iyileştirir,scripts/survivors/SurvivorsRun.gd:97
Every 12s: heals the whole party 12%,Her 12 sn: tüm ekibi %12 iyileştirir,scripts/survivors/SurvivorsRun.gd:98
"Every 3s: a heavy stab, heavier on a wounded foe","Her 3 sn: ağır bir bıçak darbesi, yaralı düşmana daha ağır",scripts/survivors/SurvivorsRun.gd:99
Every 10s: +40% dodge for the party for 3s,Her 10 sn: ekibe 3 sn boyunca +%40 kaçınma,scripts/survivors/SurvivorsRun.gd:100
Aftershock,Artçı Sarsıntı,scripts/survivors/SurvivorsRun.gd:110
fires again a moment later at half strength,kısa süre sonra yarı güçle yeniden ateşlenir,scripts/survivors/SurvivorsRun.gd:110
Kindled,Tutuşmuş,scripts/survivors/SurvivorsRun.gd:111
sets the foes it touches alight,dokunduğu düşmanları tutuşturur,scripts/survivors/SurvivorsRun.gd:111
slows the foes it touches for 4s,dokunduğu düşmanları 4 sn yavaşlatır,scripts/survivors/SurvivorsRun.gd:112
Expose,Açığa Çıkar,scripts/survivors/SurvivorsRun.gd:113
marks the foes it touches: they take 30% more damage for 6s,dokunduğu düşmanları işaretler: 6 sn boyunca %30 fazla hasar alırlar,scripts/survivors/SurvivorsRun.gd:113
Stagger,Sersemlet,scripts/survivors/SurvivorsRun.gd:114
stuns the foes it touches for 1s,dokunduğu düşmanları 1 sn sersemletir,scripts/survivors/SurvivorsRun.gd:114
heals the party 2% for every foe it touches (up to 12%),dokunduğu her düşman için ekibi %2 iyileştirir (en fazla %12),scripts/survivors/SurvivorsRun.gd:115
Shrapnel,Şarapnel,scripts/survivors/SurvivorsRun.gd:116
bursts into 8 piercing shards,8 delici parçaya bölünür,scripts/survivors/SurvivorsRun.gd:116
Radiance,Nur,scripts/survivors/SurvivorsRun.gd:117
"light bursts around every champion, burning nearby foes","her şampiyonun çevresinde ışık patlar, yakındaki düşmanları yakar",scripts/survivors/SurvivorsRun.gd:117
the party takes half damage for 3s,ekip 3 sn boyunca yarı hasar alır,scripts/survivors/SurvivorsRun.gd:118
Fervor,Coşku,scripts/survivors/SurvivorsRun.gd:119
the party hits 25% harder for 4s,ekip 4 sn boyunca %25 daha sert vurur,scripts/survivors/SurvivorsRun.gd:119
the party regains 3% HP a second for 5s,ekip 5 sn boyunca saniyede %3 can kazanır,scripts/survivors/SurvivorsRun.gd:120
Smokescreen,Sis Perdesi,scripts/survivors/SurvivorsRun.gd:121
the party dodges far more for 3s,ekip 3 sn boyunca çok daha fazla kaçınır,scripts/survivors/SurvivorsRun.gd:121
Sharpened Steel,Bilenmiş Çelik,scripts/survivors/SurvivorsRun.gd:136
+15% damage for the whole party,Tüm ekibe +%15 hasar,scripts/survivors/SurvivorsRun.gd:136
Battle Rhythm,Savaş Ritmi,scripts/survivors/SurvivorsRun.gd:137
Attacks come 10% faster,Saldırılar %10 daha hızlı gelir,scripts/survivors/SurvivorsRun.gd:137
Wide Arcs,Geniş Yaylar,scripts/survivors/SurvivorsRun.gd:138
+20% attack area and burst size,Saldırı alanı ve patlama boyutu +%20,scripts/survivors/SurvivorsRun.gd:138
Split Shot,Bölünen Atış,scripts/survivors/SurvivorsRun.gd:139
Rangers and Mages fire one more projectile,Korucular ve Büyücüler bir mermi fazla atar,scripts/survivors/SurvivorsRun.gd:139
Vigor,Dinçlik,scripts/survivors/SurvivorsRun.gd:140
"+20% max HP, and heal 30% now",En yüksek can +%20 ve şimdi %30 iyileş,scripts/survivors/SurvivorsRun.gd:140
Heroes regain 1% HP every second,Kahramanlar her saniye canlarının %1'ini geri kazanır,scripts/survivors/SurvivorsRun.gd:141
Tempered Plate,Tavlanmış Zırh,scripts/survivors/SurvivorsRun.gd:142
Take 12% less damage from foes,Düşmanlardan %12 daha az hasar al,scripts/survivors/SurvivorsRun.gd:142
Fleet Foot,Çevik Ayak,scripts/survivors/SurvivorsRun.gd:143
+12% move speed,Hareket hızı +%12,scripts/survivors/SurvivorsRun.gd:143
Shard Lure,Parça Yemi,scripts/survivors/SurvivorsRun.gd:144
+50% pickup range,Toplama menzili +%50,scripts/survivors/SurvivorsRun.gd:144
Focused Mind,Odaklı Zihin,scripts/survivors/SurvivorsRun.gd:145
Abilities come back 20% sooner,Yetenekler %20 daha erken hazır olur,scripts/survivors/SurvivorsRun.gd:145
Barbed Guard,Dikenli Koruma,scripts/survivors/SurvivorsRun.gd:146
Foes that hit a hero take 40% of your damage back,Bir kahramana vuran düşmanlar hasarının %40'ını geri alır,scripts/survivors/SurvivorsRun.gd:146
Warriors' sweeps reach 40% farther and strike twice,Savaşçıların süpürmeleri %40 daha uzağa ulaşır ve iki kez vurur,scripts/survivors/SurvivorsRun.gd:151
Thousand Cuts,Bin Kesik,scripts/survivors/SurvivorsRun.gd:152
Rogues' stabs hit the three nearest foes,Haydutların bıçak darbeleri en yakın üç düşmana vurur,scripts/survivors/SurvivorsRun.gd:152
Rangers' arrows pierce every foe in their path,Korucuların okları yollarındaki her düşmanı deler,scripts/survivors/SurvivorsRun.gd:153
Starfall,Yıldız Yağmuru,scripts/survivors/SurvivorsRun.gd:154
Mages' bolts burst twice as wide and set foes alight,Büyücülerin okları iki kat geniş patlar ve düşmanları tutuşturur,scripts/survivors/SurvivorsRun.gd:154
Sanctum,Kutsal Oda,scripts/survivors/SurvivorsRun.gd:155
Clerics' pulses reach 40% farther and heal the party 3%,Rahiplerin nabızları %40 daha uzağa ulaşır ve ekibi %3 iyileştirir,scripts/survivors/SurvivorsRun.gd:155
Bloodfang,Kan Dişi,scripts/survivors/SurvivorsRun.gd:159
Every kill heals the party 0.2%,"Her öldürme ekibi %0,2 iyileştirir",scripts/survivors/SurvivorsRun.gd:159
Gilded Idol,Yaldızlı Put,scripts/survivors/SurvivorsRun.gd:160
+40% gold from this run,Bu koşudan +%40 altın,scripts/survivors/SurvivorsRun.gd:160
Echo Stone,Yankı Taşı,scripts/survivors/SurvivorsRun.gd:161
Every Ability fires twice,Her Yetenek iki kez çalışır,scripts/survivors/SurvivorsRun.gd:161
"The first time your lead falls, they rise at half health",Önderin ilk düştüğünde yarı canla kalkar,scripts/survivors/SurvivorsRun.gd:162
Storm Crown,Fırtına Tacı,scripts/survivors/SurvivorsRun.gd:163
Lightning strikes a foe near the party every 1.5s,"Her 1,5 sn'de ekibin yakınındaki bir düşmana şimşek çakar",scripts/survivors/SurvivorsRun.gd:163
Lodestone,Mıknatıs Taşı,scripts/survivors/SurvivorsRun.gd:164
"+60% pickup range, and every 30s every shard flies to you",Toplama menzili +%60 ve her 30 sn'de tüm parçalar sana uçar,scripts/survivors/SurvivorsRun.gd:164
Sandglass,Kum Saati,scripts/survivors/SurvivorsRun.gd:165
Foes move 15% slower,Düşmanlar %15 daha yavaş hareket eder,scripts/survivors/SurvivorsRun.gd:165
Ember Heart,Kor Yürek,scripts/survivors/SurvivorsRun.gd:166
Foes that strike a hero catch fire,Bir kahramana vuran düşmanlar alev alır,scripts/survivors/SurvivorsRun.gd:166
Rift Aegis,Yarık Egisi,scripts/survivors/SurvivorsRun.gd:167
Every 20s the party takes half damage for 3s,Her 20 sn'de ekip 3 sn boyunca yarı hasar alır,scripts/survivors/SurvivorsRun.gd:167
Warden,Bekçi,locale/extra_msgids.txt
Rift Warden,Yarık Bekçisi,scripts/survivors/SurvivorsRun.gd:444
Fused: %s + %s,Kaynaştı: %s + %s,scripts/survivors/SurvivorsRun.gd:1451
Evolve: ,Evrimleş: ,scripts/survivors/SurvivorsRun.gd:1504
Fuse: %s + %s,Kaynaştır: %s + %s,scripts/survivors/SurvivorsRun.gd:1513
"%s and %s fire together, 25%% harder, and each carries the other's mods","%s ve %s birlikte ateşlenir, %%25 daha sert vurur ve her biri diğerinin güçlendirmelerini taşır",scripts/survivors/SurvivorsRun.gd:1514
Fires 20% sooner and hits 30% harder,%20 daha erken çalışır ve %30 daha sert vurur,scripts/survivors/SurvivorsRun.gd:1526
%s: %s rank %d,%s: %s kademe %d,scripts/survivors/SurvivorsRun.gd:1540
Button,,scripts/survivors/SurvivorsView.gd:182
[The warden falls],[Bekçi düşüyor],scripts/survivors/SurvivorsView.gd:325
[An elite falls],[Bir seçkin düşüyor],scripts/survivors/SurvivorsView.gd:325
A lost champion's light!,Kayıp bir şampiyonun ışığı!,scripts/survivors/SurvivorsView.gd:337
Stand in it to free %s,%s serbest kalsın diye ışığın içinde dur,scripts/survivors/SurvivorsView.gd:337
[A lost champion calls out],[Kayıp bir şampiyon sesleniyor],scripts/survivors/SurvivorsView.gd:338
%s is free!,%s kurtuldu!,scripts/survivors/SurvivorsView.gd:341
They join your champions when the run ends,Sefer bitince şampiyonlarına katılır,scripts/survivors/SurvivorsView.gd:341
[A champion is freed],[Bir şampiyon kurtuldu],scripts/survivors/SurvivorsView.gd:342
Fusion: %s + %s,Kaynaşma: %s + %s,scripts/survivors/SurvivorsView.gd:345
"They fire together now, and share their mods",Artık birlikte ateşleniyorlar ve güçlendirmelerini paylaşıyorlar,scripts/survivors/SurvivorsView.gd:345
The Rift Warden: %s!,Yarık Bekçisi: %s!,scripts/survivors/SurvivorsView.gd:354
Bring it down to seal the rift,Yarığı mühürlemek için onu yık,scripts/survivors/SurvivorsView.gd:354
%s emerges!,%s ortaya çıkıyor!,scripts/survivors/SurvivorsView.gd:356
[%s roars],[%s kükrüyor],scripts/survivors/SurvivorsView.gd:357
[A chest drops],[Bir sandık düşüyor],scripts/survivors/SurvivorsView.gd:362
Healed!,İyileşti!,scripts/survivors/SurvivorsView.gd:369
Shards come to you,Parçalar sana geliyor,scripts/survivors/SurvivorsView.gd:369
Boom!,Bum!,scripts/survivors/SurvivorsView.gd:369
[A slam hits the party],[Bir darbe ekibe çarpıyor],scripts/survivors/SurvivorsView.gd:379
[Ground slam],[Yere vuruş],scripts/survivors/SurvivorsView.gd:381
The rift is sealed!,Yarık mühürlendi!,scripts/survivors/SurvivorsView.gd:383
%s calls the horde!,%s sürüyü çağırıyor!,scripts/survivors/SurvivorsView.gd:386
[%s is down],[%s yere düştü],scripts/survivors/SurvivorsView.gd:388
A hero,Bir kahraman,scripts/survivors/SurvivorsView.gd:405
Drag to move,Hareket için sürükle,scripts/survivors/SurvivorsView.gd:543
"Move: WASD / arrows, or drag  ·  Pause: Esc",Hareket: WASD / oklar ya da sürükle  ·  Duraklat: Esc,scripts/survivors/SurvivorsView.gd:543
%d kills,%d öldürme,scripts/survivors/SurvivorsView.gd:579
Level %d,Seviye %d,scripts/survivors/SurvivorsView.gd:580
Everything is maxed — carry on,Her şey en üst seviyede — devam et,scripts/survivors/SurvivorsView.gd:733
A rift chest,Bir yarık sandığı,scripts/survivors/SurvivorsView.gd:738
Take one relic for the rest of this run,Bu koşunun geri kalanı için bir kalıntı al,scripts/survivors/SurvivorsView.gd:740
Every relic found: take 60 gold,Tüm kalıntılar bulundu: 60 altın al,scripts/survivors/SurvivorsView.gd:744
Upgrades: ,Geliştirmeler: ,scripts/survivors/SurvivorsView.gd:813
none yet,henüz yok,scripts/survivors/SurvivorsView.gd:813
Leave the rift (keep what you've earned),Yarıktan ayrıl (kazandıkların sende kalır),scripts/survivors/SurvivorsView.gd:822
The rift closes,Yarık kapanıyor,scripts/survivors/SurvivorsView.gd:855
Sealed at %d:%02d,Mühürlendi: %d:%02d,scripts/survivors/SurvivorsView.gd:857
Survived %d:%02d,%d:%02d dayanıldı,scripts/survivors/SurvivorsView.gd:857
  — a new best!,  — yeni rekor!,scripts/survivors/SurvivorsView.gd:857
%d kills · %d elites · %d wardens · reached level %d,%d öldürme · %d seçkin · %d bekçi · ulaşılan seviye %d,scripts/survivors/SurvivorsView.gd:858
Freed: %s — they join your champions,Kurtarıldı: %s — şampiyonlarına katılıyor,scripts/survivors/SurvivorsView.gd:862
Found: %s,Bulundu: %s,scripts/survivors/SurvivorsView.gd:864
Milestone! ,Kilometre taşı! ,scripts/survivors/SurvivorsView.gd:866
Space,,scripts/ui/BattleView.gd:256
Tab,,scripts/ui/BattleView.gd:257
Press and hold,Basılı tut,scripts/ui/BattleView.gd:276
Hold a finger on anything to read what it does.,Bir şeyin ne işe yaradığını okumak için parmağını üstünde tut.,scripts/ui/BattleView.gd:276
Escape,,scripts/ui/BattleView.gd:363
Acting now: ,Şimdi oynayan: ,scripts/ui/BattleView.gd:527
[Heavy blow on %s],[Ağır darbe: %s],scripts/ui/BattleView.gd:722
"Auto paused: %s is about to fall. Defend, Guard or heal, then turn Auto back on.","Oto durdu: %s düşmek üzere. Savun, Koru ya da iyileştir, sonra Oto'yu yeniden aç.",scripts/ui/BattleView.gd:984
Boss,Boss,scripts/ui/BattleView.gd:1033
Elite,Seçkin,scripts/ui/BattleView.gd:1033
Pillar,Sütun,scripts/ui/BattleView.gd:1033
Combat,Dövüş,scripts/ui/BattleView.gd:1033
A %s encounter awaits.,Seni bir karşılaşma bekliyor: %s.,scripts/ui/BattleView.gd:1034
%s is held in this pillar of light. Beat its keeper to free them.,%s bu ışık sütununda tutuluyor. Onu kurtarmak için sütunun bekçisini yen.,scripts/ui/BattleView.gd:1036
+%d%% damage and HP,+%%%d hasar ve can,scripts/ui/BattleView.gd:1041
Vanguard first strike,Öncü ilk vuruşu,scripts/ui/BattleView.gd:1043
+3 starting Momentum,+3 başlangıç İvmesi,scripts/ui/BattleView.gd:1045
Drill Yard: ,Talim Alanı: ,scripts/ui/BattleView.gd:1047
Win by hand with no one down: +%d%% Gold and Essence.,Kimse düşmeden elle kazan: +%%%d Altın ve Öz.,scripts/ui/BattleView.gd:1051
Elites and bosses are fought in full: no Quick fight.,Seçkinler ve bosslar baştan sona dövüşülür: Hızlı dövüş yok.,scripts/ui/BattleView.gd:1056
Quick fight  (Q),Hızlı dövüş  (Q),scripts/ui/BattleView.gd:1059
Play the whole fight out instantly on Auto and jump to the result,Tüm dövüşü Oto ile anında oyna ve sonuca geç,scripts/ui/BattleView.gd:1062
Engage  (Space),Çatış  (Boşluk),scripts/ui/BattleView.gd:1078
%s · %d round%s,%s · %d tur%s,scripts/ui/BattleView.gd:1104
Hide log,Kaydı gizle,scripts/ui/BattleView.gd:1105
Fight log,Dövüş kaydı,scripts/ui/BattleView.gd:1105
Show or hide the full fight log,Tam dövüş kaydını göster ya da gizle,scripts/ui/BattleView.gd:1105
Victory!,Zafer!,scripts/ui/BattleView.gd:1149
 (%d from Amplifiers), (%d Güçlendiricilerden),scripts/ui/BattleView.gd:1160
  +%d Essence cache (Resonance),  +%d Öz zulası (Rezonans),scripts/ui/BattleView.gd:1162
  +%d extracted,  +%d çıkarıldı,scripts/ui/BattleView.gd:1165
"Flawless, by hand: +%d Gold, +%d Essence (no one went down and you played every turn).","Kusursuz, elle: +%d Altın, +%d Öz (kimse düşmedi ve her turu sen oynadın).",scripts/ui/BattleView.gd:1171
The pillar gives way: %s is free.,Sütun çöküyor: %s özgür.,scripts/ui/BattleView.gd:1175
"%s made it through safely — +2 Renown, +1 Token.","%s sağ salim çıktı — +2 Ün, +1 Nişan.",scripts/ui/BattleView.gd:1179
Continue,Devam,scripts/ui/BattleView.gd:1190
Decide what happens to the downed hero first (above),Önce düşen kahramana ne olacağına karar ver (yukarıda),scripts/ui/BattleView.gd:1199
You withdraw from the fight.,Dövüşten çekiliyorsun.,scripts/ui/BattleView.gd:1203
Defeat — the party is downed and recovering.,Yenilgi — ekip düştü ve toparlanıyor.,scripts/ui/BattleView.gd:1203
"The trial ends. Your heroes step out of the tower unharmed — this floor will be waiting, exactly as it was.",Sınav bitti. Kahramanların kuleden yara almadan çıkıyor — bu kat seni aynen bıraktığın gibi bekleyecek.,scripts/ui/BattleView.gd:1205
The party falls at depth %d of the Descent. Half of what it earned down here is lost on the way out.,Ekip İniş'in %d. derinliğinde düşüyor. Aşağıda kazandığının yarısı çıkarken kayboluyor.,scripts/ui/BattleView.gd:1207
Back to the Tower,Kuleye dön,scripts/ui/BattleView.gd:1221
Return to camp,Kampa dön,scripts/ui/BattleView.gd:1221
Choose your reward,Ödülünü seç,scripts/ui/BattleView.gd:1240
Take one. The others stay in the rift.,Birini al. Diğerleri yarıkta kalır.,scripts/ui/BattleView.gd:1240
Skip the boon,Lütfu atla,scripts/ui/BattleView.gd:1254
Choose a boon,Bir lütuf seç,scripts/ui/BattleView.gd:1258
It lasts the rest of this rift.,Bu yarığın sonuna kadar sürer.,scripts/ui/BattleView.gd:1258
%s · you have %d,%s · sende %d var,scripts/ui/BattleView.gd:1345
Completes %s: %s,Tamamlar: %s: %s,scripts/ui/BattleView.gd:1353
Take  (%d),Al  (%d),scripts/ui/BattleView.gd:1360
Relic,Kalıntı,scripts/ui/BattleView.gd:1405
Gear,Teçhizat,scripts/ui/BattleView.gd:1405
%s · %s,%s · %s,scripts/ui/BattleView.gd:1406
Why you lost,Neden kaybettin,scripts/ui/BattleView.gd:1455
%s %d-piece %s — %s,%s %d parça %s — %s,scripts/ui/BattleView.gd:1495
Floor %d cleared!,%d. kat temizlendi!,scripts/ui/BattleView.gd:1509
A weekly re-clear pays half.,Haftalık tekrar temizleme yarısını öder.,scripts/ui/BattleView.gd:1520
Guardian's relic: %s,Muhafızın kalıntısı: %s,scripts/ui/BattleView.gd:1522
 It's on the Relic Altar., Kalıntı Sunağı'nda.,scripts/ui/BattleView.gd:1525
New guild title: %s,Yeni lonca unvanı: %s,scripts/ui/BattleView.gd:1527
 — floor %d next, — sıradaki kat %d,scripts/ui/BattleView.gd:1533
Floor %d/%d,Kat %d/%d,scripts/ui/BattleView.gd:1559
Gold,Altın,scripts/ui/BattleView.gd:1564
Lv%d → Lv%d,Sv%d → Sv%d,scripts/ui/BattleView.gd:1585
Lv%d,Sv%d,scripts/ui/BattleView.gd:1585
Down,Düştü,scripts/ui/BattleView.gd:1589
%d/%d HP,%d/%d Can,scripts/ui/BattleView.gd:1589
Found: ,Bulunanlar: ,scripts/ui/BattleView.gd:1604
Found: nothing this time,Bulunanlar: bu sefer hiçbir şey,scripts/ui/BattleView.gd:1604
%d hero%s lost,%d kahraman%s kaybedildi,scripts/ui/BattleView.gd:1607
Floor %d/%d reached,Ulaşılan kat: %d/%d,scripts/ui/BattleView.gd:1618
"%+d Gold, %+d Essence this run","Bu koşuda %+d Altın, %+d Öz",scripts/ui/BattleView.gd:1621
Shield: absorbs the next %d damage,Kalkan: sonraki %d hasarı emer,scripts/ui/BattleView.gd:1689
Defending — takes reduced damage this round,Savunuyor — bu tur daha az hasar alır,scripts/ui/BattleView.gd:1778
Shield — absorbs the next %d damage,Kalkan — sonraki %d hasarı emer,scripts/ui/BattleView.gd:1781
Burning — %d damage a round for %d more round(s). A Healing Tonic puts it out.,"Yanıyor — her tur %d hasar, %d tur daha. Şifa Toniği söndürür.",scripts/ui/BattleView.gd:1784
Chilled — acts late next round,Üşümüş — sonraki tur geç davranır,scripts/ui/BattleView.gd:1786
Stunned — loses their next turn,Sersemlemiş — sonraki sırasını kaybeder,scripts/ui/BattleView.gd:1788
Poisoned — %d damage a round for %d more round(s),"Zehirli — her tur %d hasar, %d tur daha",scripts/ui/BattleView.gd:1791
Guarded by %s this round,Bu tur koruyan: %s,scripts/ui/BattleView.gd:1796
"Guarding an ally this round (takes their hits, 25% weaker)",Bu tur bir müttefiki koruyor (darbelerini %25 daha zayıf alır),scripts/ui/BattleView.gd:1798
Cursed — deals %d%% less damage for %d more round(s). Sanctuary cleanses it.,"Lanetli — %%%d daha az hasar verir, %d tur daha. Sığınak arındırır.",scripts/ui/BattleView.gd:1800
Riposte — answers the next %d hit(s) with a counter-strike,Karşılık — sonraki %d darbeye karşı saldırıyla cevap verir,scripts/ui/BattleView.gd:1802
Undying — half damage and can't fall this round,Ölümsüz — bu tur yarı hasar alır ve düşemez,scripts/ui/BattleView.gd:1804
Will dodge the next hit aimed at them,Kendisine gelen sonraki darbeden kaçacak,scripts/ui/BattleView.gd:1806
Branded — takes %d%% more damage for %d more round(s). Guard them.,"Damgalı — %%%d daha fazla hasar alır, %d tur daha. Onu koru.",scripts/ui/BattleView.gd:1808
"Taunting — every foe's attacks come here this round, %d%% weaker","Kışkırtıyor — bu tur tüm düşman saldırıları buraya gelir, %%%d daha zayıf",scripts/ui/BattleView.gd:1810
Enough Momentum for their Ability,Yeteneği için yeterli İvme var,scripts/ui/BattleView.gd:1812
 (active), (etkin),scripts/ui/BattleView.gd:1828
Armored — shrugs off %d%% of basic attacks (each hit chips it). Abilities ignore armor.,Zırhlı — temel saldırıların %%%d kadarını savuşturur (her darbe zırhı aşındırır). Yetenekler zırhı yok sayar.,scripts/ui/BattleView.gd:1839
Its hits can set a hero ablaze (damage over time),Darbeleri bir kahramanı tutuşturabilir (zamanla hasar),scripts/ui/BattleView.gd:1841
Its hits can chill a hero (acts late next round),Darbeleri bir kahramanı üşütebilir (sonraki tur geç davranır),scripts/ui/BattleView.gd:1842
"Winding up a heavy blow. Shield Bash, Frost Nova or Backstab can punish it.","Ağır bir darbe için güç topluyor. Kalkan Darbesi, Buz Novası ya da Sırttan Bıçak bunu cezalandırabilir.",scripts/ui/BattleView.gd:1844
Stunned — loses its next %s,Sersemlemiş — sonraki %s kaybeder,scripts/ui/BattleView.gd:1846
%d actions,%d hamlesini,scripts/ui/BattleView.gd:1846
Burning — %d damage a round for %d more round(s),"Yanıyor — her tur %d hasar, %d tur daha",scripts/ui/BattleView.gd:1849
Marked — takes %d%% more damage from heroes,İşaretli — kahramanlardan %%%d daha fazla hasar alır,scripts/ui/BattleView.gd:1851
Can also: %s (telegraphed a round ahead),Ayrıca yapabilir: %s (bir tur önceden belli olur),scripts/ui/BattleView.gd:1855
Ward — absorbs the next %d damage,Koruma — sonraki %d hasarı emer,scripts/ui/BattleView.gd:1858
winding up a heavy blow,ağır darbe için güç topluyor,scripts/ui/BattleView.gd:1922
Next round!,Sonraki tur!,scripts/ui/BattleView.gd:1978
Incoming this round: %s,Bu tur gelenler: %s,scripts/ui/BattleView.gd:1978
Winding up,Güç topluyor,scripts/ui/BattleView.gd:2051
"Gathering strength this round. Next round it lands a heavy blow (×%s damage) that stuns its target unless they Defend. Defend, Guard, or move the likely target to the back row.","Bu tur güç topluyor. Sonraki tur ağır bir darbe (×%s hasar) indirir; hedef Savunmazsa sersemler. Savun, Koru ya da muhtemel hedefi arka sıraya al.",scripts/ui/BattleView.gd:2051
HEAVY BLOW on %s for about %d — it stuns unless they Defend. Defend (5) halves it; Guard (6) takes it for them; Shield Bash breaks it.,"AĞIR DARBE: %s, yaklaşık %d — Savunmazsa sersemler. Savun (5) yarıya indirir; Koru (6) darbeyi onun yerine alır; Kalkan Darbesi bozar.",scripts/ui/BattleView.gd:2054
Attacks %s this round for about %d%s,Bu tur %s hedefine yaklaşık %d vuracak%s,scripts/ui/BattleView.gd:2057
" — a heavy hit, consider Defending"," — ağır bir darbe, Savunmayı düşün",scripts/ui/BattleView.gd:2057
Round %d%s,Tur %d%s,scripts/ui/BattleView.gd:2067
Rank %s,Rütbe %s,scripts/ui/BattleView.gd:2080
This rift is Rank %s on the rift ladder.,"Bu yarık, yarık merdiveninde Rütbe %s.",scripts/ui/BattleView.gd:2080
Attack %s,Saldır: %s,scripts/ui/BattleView.gd:2129
Target %s (click again to attack),Hedef: %s (saldırmak için yeniden tıkla),scripts/ui/BattleView.gd:2129
%s on %s,%s → %s,scripts/ui/BattleView.gd:2136
"That's the core of every fight: read the tags above the foes, build Momentum with attacks and defence, and spend it on skills. Auto (A) plays turns for you whenever you like.","Her dövüşün özü bu: düşmanların üstündeki etiketleri oku, saldırı ve savunmayla İvme biriktir, becerilere harca. Oto (A) istediğin an turları senin yerine oynar.",scripts/ui/BattleView.gd:2203
"Wind-ups. %s has wound up a heavy blow (the red tag above it). Next round it lands on one hero and stuns them unless they Defend. Press Defend (5) to take half and earn Momentum, or Guard (6) a hurt ally.","Güç toplama. %s ağır bir darbe için güç topladı (üstündeki kırmızı etiket). Sonraki tur bir kahramana iner ve Savunmazsa onu sersemletir. Hasarın yarısını almak ve İvme kazanmak için Savun (5), ya da yaralı bir müttefiki Koru (6).",scripts/ui/BattleView.gd:2216
Wind-ups. %s is winding up a heavy blow at %s: see the red tag above it. It lands next round and stuns unless the target Defends. %s,"Güç toplama. %s, %s hedefine ağır bir darbe için güç topluyor: üstündeki kırmızı etikete bak. Sonraki tur iner ve hedef Savunmazsa sersemletir. %s",scripts/ui/BattleView.gd:2219
Press Defend (5) — %s takes half and earns Momentum.,Savun'a (5) bas — %s yarı hasar alır ve İvme kazanır.,scripts/ui/BattleView.gd:2220
"Press Guard (6) and pick %s — %s takes the blow instead, 25%% weaker.","Koru'ya (6) bas ve %s seç — darbeyi %s alır, %%25 daha zayıf.",scripts/ui/BattleView.gd:2220
Attack. It's %s's turn: press Attack (1) or click a foe. Every attack adds 1 Momentum — the pips under %s's name.,Saldırı. Sıra: %s. Saldır'a (1) bas ya da bir düşmana tıkla. Her saldırı 1 İvme ekler — %s adının altındaki noktalar.,scripts/ui/BattleView.gd:2222
"Skills. You have %d Momentum. %s's skill %s (2) spends %d of it for a stronger move — hover it to read it, then use it.","Beceriler. %d İvmen var. %s becerisi %s (2), daha güçlü bir hamle için %d harcar — üstüne gelip oku, sonra kullan.",scripts/ui/BattleView.gd:2226
"Skills cost Momentum. Keep attacking until a skill (2-4) lights up, then use it.","Beceriler İvme harcar. Bir beceri (2-4) yanana kadar saldırmaya devam et, sonra kullan.",scripts/ui/BattleView.gd:2227
Step %d of 3,Adım %d / 3,scripts/ui/BattleView.gd:2242
Well fought,İyi dövüştün,scripts/ui/BattleView.gd:2242
Got it,Anladım,scripts/ui/BattleView.gd:2250
Skip tutorial,Eğitimi atla,scripts/ui/BattleView.gd:2250
"Momentum %d/%d — the party's shared pool for skills and Abilities. Attacks, kills, and hits taken while Defending or Guarding build it.","İvme %d/%d — ekibin beceri ve Yetenekler için ortak havuzu. Saldırılar, öldürmeler ve Savunurken ya da Korurken alınan darbeler doldurur.",scripts/ui/BattleView.gd:2360
Momentum,İvme,scripts/ui/BattleView.gd:2362
Which tonic?,Hangi tonik?,scripts/ui/BattleView.gd:2420
%s (key %d),%s (tuş %d),scripts/ui/BattleView.gd:2439
Cancel,İptal,scripts/ui/BattleView.gd:2448
Guard whom?,Kimi koruyacak?,scripts/ui/BattleView.gd:2451
%s for whom?,%s kimin için?,scripts/ui/BattleView.gd:2451
Tonic,Tonik,locale/extra_msgids.txt
  (%d dmg incoming),  (%d hasar geliyor),scripts/ui/BattleView.gd:2473
Key %d,Tuş %d,scripts/ui/BattleView.gd:2476
Already at full HP,Canı zaten tam,scripts/ui/BattleView.gd:2481
%s: tap a foe,%s: bir düşmana dokun,scripts/ui/BattleView.gd:2496
%s: click a foe,%s: bir düşmana tıkla,scripts/ui/BattleView.gd:2496
%s's turn,Sıra: %s,scripts/ui/BattleView.gd:2572
Lv%d %s · %d/%d HP,Sv%d %s · %d/%d Can,scripts/ui/BattleView.gd:2576
"Attack %s (1): +%d Momentum%s. Click a foe to pick another, Tab to cycle.","Saldır: %s (1): +%d İvme%s. Başkasını seçmek için bir düşmana tıkla, sırayla geçmek için Tab.",scripts/ui/BattleView.gd:2590
 (+1 for the kill: this hit should finish it), (öldürme için +1: bu darbe onu bitirmeli),scripts/ui/BattleView.gd:2590
"
From the back row a %s hits at half strength.","
Arka sıradan bir %s yarı güçle vurur.",scripts/ui/BattleView.gd:2592
Attack,Saldır,scripts/ui/BattleView.gd:2596
Attack ½,Saldır ½,scripts/ui/BattleView.gd:2596
"
%s row.","
%s sıra.",scripts/ui/BattleView.gd:2606
"
%s twist: %s.","
%s dokunuşu: %s.",scripts/ui/BattleView.gd:2606
"%s
Learned at level %d.","%s
%d. seviyede öğrenilir.",scripts/ui/BattleView.gd:2609
Ability,Yetenek,scripts/ui/BattleView.gd:2612
%s (%s) — %d Momentum. %s%s,%s (%s) — %d İvme. %s%s,scripts/ui/BattleView.gd:2630
Defend,Savun,scripts/ui/BattleView.gd:2640
Defend (5) — take half damage from hits this round. Each hit taken while Defending gives +1 Momentum (+2 for a heavy blow).,Savun (5) — bu tur darbelerden yarı hasar al. Savunurken alınan her darbe +1 İvme verir (ağır darbe için +2).,scripts/ui/BattleView.gd:2640
"More (M, or Start on a gamepad) — Guard (6), Move (7), Tonics (8)%s","Diğer (M ya da oyun kolunda Start) — Koru (6), Yer Değiştir (7), Tonikler (8)%s",scripts/ui/BattleView.gd:2648
", Champion's Call (9)",", Şampiyon Çağrısı (9)",scripts/ui/BattleView.gd:2648
Less,Daha az,scripts/ui/BattleView.gd:2652
More ★,Diğer ★,scripts/ui/BattleView.gd:2652
More,Diğer,scripts/ui/BattleView.gd:2652
"Guard (6) — pick an ally: attacks aimed at them this round hit you instead, 25% weaker, for +1 Momentum each.","Koru (6) — bir müttefik seç: bu tur ona yönelen saldırılar %25 daha zayıf olarak sana gelir, her biri +1 İvme.",scripts/ui/BattleView.gd:2666
%s's Call (9) — %s. Uses this hero's turn; %d left this rift.,%s Çağrısı (9) — %s. Bu kahramanın sırasını harcar; bu yarıkta %d kaldı.,scripts/ui/BattleView.gd:2672
To %s,%s sıraya,scripts/ui/BattleView.gd:2678
Move (7) — step to the %s row. The front row draws most attacks; melee heroes hit at half strength from the back; some skills need a row.,Yer Değiştir (7) — %s sıraya geç. Ön sıra saldırıların çoğunu çeker; yakın dövüş kahramanları arkadan yarı güçle vurur; bazı beceriler belli bir sıra ister.,scripts/ui/BattleView.gd:2679
Tonics ×%d,Tonikler ×%d,scripts/ui/BattleView.gd:2687
"Tonics (8) — Healing, Iron or Focus. Uses this hero's turn.","Tonikler (8) — Şifa, Demir ya da Odak. Bu kahramanın sırasını harcar.",scripts/ui/BattleView.gd:2687
"Target: %s
Space repeats your last action","Hedef: %s
Boşluk son hamleni tekrarlar",scripts/ui/BattleView.gd:2712
The party is down.,Ekip düştü.,scripts/ui/BattleView.gd:2718
Enemy turn…,Düşman sırası…,scripts/ui/BattleView.gd:2718
"Battle speed: ×1, ×2, ×3 or Instant (click to change; also in Settings)","Savaş hızı: ×1, ×2, ×3 ya da Anında (değiştirmek için tıkla; Ayarlar'da da var)",scripts/ui/BattleView.gd:2736
Auto,Oto,scripts/ui/BattleView.gd:2743
Auto ✓,Oto ✓,scripts/ui/BattleView.gd:2743
"Auto (A), for this fight — heroes act on their own: Defend against heavy blows, use Abilities when ready, focus the weakest foe. It pauses when a hero is about to fall. An elite, a boss or any fight on a rank you haven't sealed, won by hand with no one down, pays +%d%% Gold and Essence.","Oto (A), bu dövüş için — kahramanlar kendi başına davranır: ağır darbelere karşı Savunur, hazır olunca Yetenek kullanır, en zayıf düşmana odaklanır. Bir kahraman düşmek üzereyken duraklar. Kimse düşmeden elle kazanılan bir seçkin, boss ya da henüz mühürlemediğin bir rütbedeki her dövüş +%%%d Altın ve Öz öder.",scripts/ui/BattleView.gd:2743
Log,Kayıt,scripts/ui/BattleView.gd:2752
Show or hide the fight log,Dövüş kaydını göster ya da gizle,scripts/ui/BattleView.gd:2752
Retreat — leave the fight (the run ends),Geri çekil — dövüşten ayrıl (koşu biter),scripts/ui/BattleView.gd:2757
gathers its strength,güç topluyor,locale/extra_msgids.txt
strikes every foe,tüm düşmanlara vuruyor,locale/extra_msgids.txt
Phoenix,Anka,locale/extra_msgids.txt
uses ,kullanıyor,locale/extra_msgids.txt
[A foe gathers its strength],[Bir düşman güç topluyor],scripts/ui/BattleView.gd:2786
[%s roars: a second phase],[%s kükrüyor: ikinci evre],scripts/ui/BattleView.gd:2795
%s enters its second phase,%s ikinci evresine giriyor,scripts/ui/BattleView.gd:2796
[A boss roars],[Bir boss kükrüyor],scripts/ui/BattleView.gd:2800
[An elite snarls],[Bir seçkin hırlıyor],scripts/ui/BattleView.gd:2800
Tower Guardian,Kule Muhafızı,scripts/ui/BattleView.gd:2813
Round %d,Tur %d,scripts/ui/BattleView.gd:2820
+%d XP each,Her birine +%d TP,scripts/ui/BattleView.gd:2896
%s  Lv%d,%s  Sv%d,scripts/ui/BattleView.gd:2909
LEVEL UP!,SEVİYE ATLADI!,scripts/ui/BattleView.gd:2912
MVP,En İyi,scripts/ui/BattleView.gd:2920
Most damage dealt this fight,Bu dövüşte en çok hasar veren,scripts/ui/BattleView.gd:2923
Max level,En üst seviye,scripts/ui/BattleView.gd:2931
%d / %d XP to Lv%d,%d / %d TP (Sv%d için),scripts/ui/BattleView.gd:2931
%d dmg · %d kill%s,%d hasar · %d öldürme%s,scripts/ui/BattleView.gd:2936
"For three hundred years, the guilds of the Accord kept the rifts shut.",Üç yüz yıl boyunca Ahit'in loncaları yarıkları kapalı tuttu.,scripts/ui/Cinematic.gd:24
"They swore one oath: close what opens,","Tek bir yemin ettiler: açılanı kapat,",scripts/ui/Cinematic.gd:25
"share what you find, never sell a rift.","bulduğunu paylaş, asla bir yarık satma.",scripts/ui/Cinematic.gd:26
"Then, in a single night, every rift in the Vale opened at once.",Sonra tek bir gecede Vadi'deki bütün yarıklar aynı anda açıldı.,scripts/ui/Cinematic.gd:27
Every guild of the Accord went in.,Ahit'in bütün loncaları içeri girdi.,scripts/ui/Cinematic.gd:28
"What they found there, no one living remembers.",Orada ne bulduklarını yaşayan kimse hatırlamıyor.,scripts/ui/Cinematic.gd:29
"By morning, their halls stood empty.",Sabah olduğunda salonları bomboştu.,scripts/ui/Cinematic.gd:30
The villagers still need a guild.,Köylülerin hâlâ bir loncaya ihtiyacı var.,scripts/ui/Cinematic.gd:31
They have yours.,Seninki var.,scripts/ui/Cinematic.gd:32
Skip,Atla,scripts/ui/Cinematic.gd:119
Esc skips the opening.,Esc açılışı atlar.,scripts/ui/Cinematic.gd:120
Guild tier reached,Lonca kademesi yükseldi,scripts/ui/GuildViews.gd:14
Welcome to your guild,Loncana hoş geldin,scripts/ui/GuildViews.gd:19
"Rifts are tearing open across the land. Your first three heroes have signed on (Roster, key 1). Head to the Rift Hall (key 3) to seal a rift.","Diyarın dört bir yanında yarıklar açılıyor. İlk üç kahramanın loncaya katıldı (Kadro, tuş 1). Bir yarığı mühürlemek için Yarık Salonu'na git (tuş 3).",scripts/ui/GuildViews.gd:19
Back at camp,Kampa dönüş,scripts/ui/GuildViews.gd:21
"Equip what you found on the Roster's Hero tab (key 1), spend skill points under Skills, and hire more heroes when you can afford them. Every rift run or rest is one day.","Bulduklarını Kadro'nun Kahraman sekmesinde kuşan (tuş 1), beceri puanlarını Beceriler'de harca ve paran yettikçe yeni kahramanlar işe al. Her yarık koşusu ya da dinlenme bir gün sürer.",scripts/ui/GuildViews.gd:21
 — the %s, — %s,scripts/ui/GuildViews.gd:125
 — tier %d/3 (%s Lv%d; grows at Lv3 and Lv5), — kademe %d/3 (%s Sv%d; Sv3 ve Sv5'te büyür),scripts/ui/GuildViews.gd:127
 — grows with your guild tier, — lonca kademenle büyür,scripts/ui/GuildViews.gd:129
 — grows with the campaign, — hikâyeyle büyür,scripts/ui/GuildViews.gd:131
Guild status,Lonca durumu,scripts/ui/GuildViews.gd:264
Getting started — %d/%d,Başlarken — %d/%d,scripts/ui/GuildViews.gd:277
Hide,Gizle,scripts/ui/GuildViews.gd:284
Hide the getting-started steps,Başlarken adımlarını gizle,scripts/ui/GuildViews.gd:288
All quiet. The rifts are waiting.,Her şey sakin. Yarıklar bekliyor.,scripts/ui/GuildViews.gd:297
This week · payday in %d day%s,Bu hafta · maaş gününe %d gün%s,scripts/ui/GuildViews.gd:326
Bill %d (wages %d + upkeep %d) · %s,Fatura %d (maaş %d + bakım %d) · %s,scripts/ui/GuildViews.gd:341
short %d,%d eksik,scripts/ui/GuildViews.gd:341
Since last payday: %s%d Gold,Son maaş gününden beri: %s%d Altın,scripts/ui/GuildViews.gd:346
"Wages go out every %d days, heroes in roster order, then facility upkeep. Unpaid heroes lose morale; unpaid upkeep costs Renown. Click for the Ledger.","Maaşlar her %d günde bir ödenir: önce kadro sırasıyla kahramanlar, sonra tesis bakımı. Maaşı ödenmeyen kahramanlar moral kaybeder; ödenmeyen bakım Ün'e mal olur. Defter için tıkla.",scripts/ui/GuildViews.gd:348
Hire your first hero in Recruits,İlk kahramanını Adaylar'dan işe al,scripts/ui/GuildViews.gd:362
The rift has broken! Defend near %s,Yarık taştı! %s yakınında savun,scripts/ui/GuildViews.gd:364
A Rank %s rift breaks in %d day%s,%s rütbeli bir yarık %d gün%s içinde taşacak,scripts/ui/GuildViews.gd:367
%d building%s damaged: repair in Manage,%d yapı%s hasarlı: Yönetim'den onar,scripts/ui/GuildViews.gd:369
Finale open: %s,Final açık: %s,scripts/ui/GuildViews.gd:373
Act %s: %s%s,%s. Perde: %s%s,scripts/ui/GuildViews.gd:378
 — answer before payday, — maaş gününden önce cevap ver,scripts/ui/GuildViews.gd:382
 — by payday, — maaş gününe kadar,scripts/ui/GuildViews.gd:384
%d hero%s with low morale,Morali düşük %d kahraman%s,scripts/ui/GuildViews.gd:387
%d contract%s due within 2 days,2 gün içinde bitmesi gereken %d sözleşme%s,scripts/ui/GuildViews.gd:390
%d quest%s ready to claim,Ödülü alınabilir %d görev%s,scripts/ui/GuildViews.gd:393
%d recovering,%d toparlanıyor,scripts/ui/GuildViews.gd:399
%d wounded,%d yaralı,scripts/ui/GuildViews.gd:401
%s · %d bed%s free,%s · %d yatak%s boş,scripts/ui/GuildViews.gd:403
%d hero%s with points to spend,Harcayacak puanı olan %d kahraman%s,scripts/ui/GuildViews.gd:406
%s Lv%d,%s Sv%d,scripts/ui/GuildViews.gd:418
Upgrade ready: %s (%d Essence),Geliştirme hazır: %s (%d Öz),scripts/ui/GuildViews.gd:420
Tower of Trials: floor %d next,Sınav Kulesi: sıradaki kat %d,scripts/ui/GuildViews.gd:424
Records,Kayıtlar,scripts/ui/GuildViews.gd:1091
Achievements %d/%d,Başarımlar %d/%d,scripts/ui/GuildViews.gd:435
Statistics,İstatistikler,scripts/ui/GuildViews.gd:435
Run history,Koşu geçmişi,scripts/ui/GuildViews.gd:435
The Vale this year: %s,Vadi'de bu yıl: %s,scripts/ui/GuildViews.gd:445
Oaths sworn: %s,Edilen yeminler: %s,scripts/ui/GuildViews.gd:450
Retire the guild,Loncayı emekliye ayır,scripts/ui/GuildViews.gd:459
"A guild can retire once Act II is done: it joins the Hall of Guilds, leaves Laurels for your next guild, and up to two of its heroes come back as champions. Its save slot is freed.","II. Perde bittikten sonra bir lonca emekliye ayrılabilir: Loncalar Salonu'na katılır, sonraki loncan için Defne bırakır ve en fazla iki kahramanı şampiyon olarak geri döner. Kayıt yuvası boşalır.",scripts/ui/GuildViews.gd:460
Retire this guild…,Bu loncayı emekliye ayır…,scripts/ui/GuildViews.gd:461
Renown,Ün,scripts/ui/GuildViews.gd:487
Done,Tamam,scripts/ui/GuildViews.gd:488
%s (power %d),%s (güç %d),scripts/ui/GuildViews.gd:508
Days passed,Geçen günler,scripts/ui/GuildViews.gd:510
Runs finished,Biten koşular,scripts/ui/GuildViews.gd:511
Rifts sealed,Mühürlenen yarıklar,scripts/ui/GuildViews.gd:512
Monsters defeated,Yenilen canavarlar,scripts/ui/GuildViews.gd:513
Elites / Bosses defeated,Yenilen seçkinler / bosslar,scripts/ui/GuildViews.gd:514
Flawless fights,Kusursuz dövüşler,scripts/ui/GuildViews.gd:515
Campaign,Hikâye,scripts/ui/GuildViews.gd:1907
Act %s,%s. Perde,scripts/ui/GuildViews.gd:516
"Tower of Trials, best floor","Sınav Kulesi, en iyi kat",scripts/ui/GuildViews.gd:517
"Endless Rift, best time","Sonsuz Yarık, en iyi süre",scripts/ui/GuildViews.gd:518
Daily twists sealed,Mühürlenen günlük cilveler,scripts/ui/GuildViews.gd:519
%d (streak %d),%d (seri %d),scripts/ui/GuildViews.gd:519
Items and relics crafted,Üretilen eşya ve kalıntılar,scripts/ui/GuildViews.gd:520
Heroes lost,Kaybedilen kahramanlar,scripts/ui/GuildViews.gd:522
Strongest hero,En güçlü kahraman,scripts/ui/GuildViews.gd:523
Most-defeated foe,En çok yenilen düşman,scripts/ui/GuildViews.gd:524
No runs yet. Your last %d runs will be listed here.,Henüz koşu yok. Son %d koşun burada listelenecek.,scripts/ui/GuildViews.gd:538
Day %d · %s · floor %s,Gün %d · %s · kat %s,scripts/ui/GuildViews.gd:548
Day %d · %s · %d:%02d · %d kills,Gün %d · %s · %d:%02d · %d öldürme,scripts/ui/GuildViews.gd:550
%+d Gold  %+d Essence,%+d Altın  %+d Öz,scripts/ui/GuildViews.gd:554
Party: ,Ekip: ,scripts/ui/GuildViews.gd:555
"
Boons: ","
Lütuflar: ",scripts/ui/GuildViews.gd:557
Memorial,Anıt,scripts/ui/GuildViews.gd:1092
Heroes lost for good. Their names stay with the guild.,Sonsuza dek kaybedilen kahramanlar. İsimleri loncada yaşar.,scripts/ui/GuildViews.gd:565
No one has fallen. May it stay that way.,Kimse düşmedi. Öyle kalsın.,scripts/ui/GuildViews.gd:567
"%s — Rank %s, Level %d","%s — Rütbe %s, Seviye %d",scripts/ui/GuildViews.gd:578
"%s, on day %d. %d rift%s sealed, %d foe%s felled.","%s, %d. günde. %d yarık%s mühürledi, %d düşman%s devirdi.",scripts/ui/GuildViews.gd:579
No answer by payday counts as a no.,Maaş gününe kadar cevap verilmezse hayır sayılır.,scripts/ui/GuildViews.gd:620
No answer by payday: they choose for themselves.,Maaş gününe kadar cevap yoksa: kendisi seçer.,scripts/ui/GuildViews.gd:633
No answer by payday counts as declining.,Maaş gününe kadar cevap yoksa reddetmiş sayılırsın.,scripts/ui/GuildViews.gd:633
No answer by payday: they take it.,Maaş gününe kadar cevap yoksa: onlar alır.,scripts/ui/GuildViews.gd:634
%d day%s to payday.,Maaş gününe %d gün%s.,scripts/ui/GuildViews.gd:636
Decide later,Sonra karar ver,scripts/ui/GuildViews.gd:665
 Answer in Guild > Ledger., Lonca > Defter'den cevap ver.,scripts/ui/GuildViews.gd:674
Payday · %d Gold,Maaş günü · %d Altın,scripts/ui/GuildViews.gd:701
Wages %d + upkeep %d Gold; you have %d.,Maaş %d + bakım %d Altın; sende %d var.,scripts/ui/GuildViews.gd:702
Request closes,İstek kapanır,scripts/ui/GuildViews.gd:704
Dare due,Meydan okuma biter,scripts/ui/GuildViews.gd:706
Rival waits,Rakip bekliyor,scripts/ui/GuildViews.gd:706
Contract due,Sözleşme süresi,scripts/ui/GuildViews.gd:709
Rift breaks,Yarık taşar,scripts/ui/GuildViews.gd:711
A Rank %s rift breaks near %s.,%s rütbeli bir yarık %s yakınında taşar.,scripts/ui/GuildViews.gd:711
Contest ends,Yarışma biter,scripts/ui/GuildViews.gd:713
The month's Renown contest with %s ends.,%s ile ayın Ün yarışması biter.,scripts/ui/GuildViews.gd:713
Today,Bugün,scripts/ui/GuildViews.gd:723
Day %d,Gün %d,scripts/ui/GuildViews.gd:723
in %d day%s,%d gün%s sonra,scripts/ui/GuildViews.gd:734
A day passes with every rift run or rest.,Her yarık seferi ya da dinlenmeyle bir gün geçer.,scripts/ui/GuildViews.gd:738
Guild Ledger,Lonca Defteri,scripts/ui/GuildViews.gd:748
Paying the guild,Loncayı ödemek,scripts/ui/GuildViews.gd:749
"A day passes with every rift run or rest; wages are due every %d days. An unpaid hero loses %d morale, and a hero unpaid twice in a row, or at rock-bottom morale on payday, walks out. Every Guild Management level also costs %d Gold a week in upkeep.",Her yarık seferi ya da dinlenmeyle bir gün geçer; maaşlar her %d günde bir ödenir. Maaşı ödenmeyen kahraman %d moral kaybeder; üst üste iki kez ödenmeyen ya da maaş gününde morali dipte olan kahraman ayrılır. Her Lonca Yönetimi seviyesi ayrıca haftada %d Altın bakım ister.,scripts/ui/GuildViews.gd:749
Guild news,Lonca haberleri,scripts/ui/GuildViews.gd:761
Treasury,Hazine,scripts/ui/GuildViews.gd:789
Gold in the vault,Kasadaki Altın,scripts/ui/GuildViews.gd:792
Payday in %d day%s,Maaş gününe %d gün%s,scripts/ui/GuildViews.gd:793
Wages %d + upkeep %d Gold (%d a week per Guild Management level).,Maaş %d + bakım %d Altın (Lonca Yönetimi seviyesi başına haftada %d).,scripts/ui/GuildViews.gd:794
Left after payday,Maaş gününden sonra kalan,scripts/ui/GuildViews.gd:795
Since last payday,Son maaş gününden beri,scripts/ui/GuildViews.gd:797
Gold gained or spent since the last payday.,Son maaş gününden beri kazanılan ya da harcanan Altın.,scripts/ui/GuildViews.gd:797
The vault against the bill.,"Kasa, ödenecek tutara karşı.",scripts/ui/GuildViews.gd:801
Put some heroes on half pay below,Aşağıdan bazı kahramanları yarım maaşa al,scripts/ui/GuildViews.gd:804
"About %d rift run%s at your recent pay would cover it, or put some heroes on half pay below",Son kazancınla yaklaşık %d yarık seferi%s bunu karşılar; ya da aşağıdan bazı kahramanları yarım maaşa al,scripts/ui/GuildViews.gd:806
%d Gold paid,%d Altın ödendi,scripts/ui/GuildViews.gd:812
unpaid: %s,ödenmedi: %s,scripts/ui/GuildViews.gd:814
walked out: %s,çekip gitti: %s,scripts/ui/GuildViews.gd:816
Last payday (day %d): %s.,Son maaş günü (gün %d): %s.,scripts/ui/GuildViews.gd:817
At the pay table,Maaş masasında,scripts/ui/GuildViews.gd:822
"Wen keeps the guild's chronicle, Dobbs keeps its books, and Old Hesper is the last of an Accord guild: she had a fever on the Night of Breaking and missed it.","Wen loncanın tarihçesini yazar, Dobbs defterlerini tutar; Yaşlı Hesper ise bir Ahit loncasından kalan son kişidir: Kırılma Gecesi ateşler içinde yatıyordu ve o geceyi kaçırdı.",scripts/ui/GuildViews.gd:826
Hold a feast · %d Gold,Ziyafet ver · %d Altın,scripts/ui/GuildViews.gd:832
"+%d morale for up to %d heroes, lowest morale first. Once a week.","+%d moral, en fazla %d kahramana; morali en düşük olandan başlayarak. Haftada bir.",scripts/ui/GuildViews.gd:839
Already feasted this week — the next one after payday.,Bu hafta zaten ziyafet verildi — bir sonraki maaş gününden sonra.,scripts/ui/GuildViews.gd:839
Training Yard: %d of %d trainings left this week,Talim Alanı: bu hafta %d / %d eğitim kaldı,scripts/ui/GuildViews.gd:841
Half,Yarım,scripts/ui/GuildViews.gd:849
Full,Tam,scripts/ui/GuildViews.gd:849
Bonus,Primli,scripts/ui/GuildViews.gd:849
Payroll,Maaş bordrosu,scripts/ui/GuildViews.gd:859
%d Gold a week,Haftada %d Altın,scripts/ui/GuildViews.gd:862
Half pay saves Gold but costs %d morale each payday; a bonus pays %d%% more for +%d morale. Wages go out top to bottom while the Gold lasts.,Yarım maaş Altın kazandırır ama her maaş gününde %d moral götürür; prim %%%d fazla öder ve +%d moral getirir. Maaşlar Altın yettiği sürece yukarıdan aşağıya ödenir.,scripts/ui/GuildViews.gd:868
Rank %s · Lv%d,Rütbe %s · Sv%d,scripts/ui/GuildViews.gd:891
 · unpaid if payday came now, · maaş günü şimdi olsa ödenmezdi,scripts/ui/GuildViews.gd:891
Morale %d · %s%s%s,Moral %d · %s%s%s,scripts/ui/GuildViews.gd:903
 (%+d%% damage), (%+d%% hasar),scripts/ui/GuildViews.gd:903
 · unpaid %d week%s, · %d hafta%s ödenmedi,scripts/ui/GuildViews.gd:903
Sealing a rift +%d · a lost rift %d · knocked out %d · unpaid %d · a week without a rift %d · a failed contract %d · a feast +%d,Yarık mühürlemek +%d · kaybedilen yarık %d · bayılmak %d · maaş ödenmemesi %d · yarıksız bir hafta %d · başarısız sözleşme %d · ziyafet +%d,scripts/ui/GuildViews.gd:905
%s %d,%s %d,scripts/ui/GuildViews.gd:916
%s: %d Gold a week%s.,%s: haftada %d Altın%s.,scripts/ui/GuildViews.gd:918
", %+d morale each payday",", her maaş gününde %+d moral",scripts/ui/GuildViews.gd:918
Confirm: let them go,Onayla: gitmesine izin ver,scripts/ui/GuildViews.gd:926
Dismiss,Görevden al,scripts/ui/GuildViews.gd:926
They leave the guild for good; their gear goes back to the stockpile. No more wages.,Loncadan kalıcı olarak ayrılır; teçhizatı depoya döner. Artık maaş yok.,scripts/ui/GuildViews.gd:938
Rival: %s,Rakip: %s,scripts/ui/GuildViews.gd:958
Led by %s,Lideri: %s,scripts/ui/GuildViews.gd:959
Renown — you %d · them %d (%s),Ün — sen %d · onlar %d (%s),scripts/ui/GuildViews.gd:963
you lead by %d,%d öndesin,scripts/ui/GuildViews.gd:963
they lead by %d,onlar %d önde,scripts/ui/GuildViews.gd:963
level,eşit,scripts/ui/GuildViews.gd:963
"Renown is the one race with the rival. They gain it every day and sometimes take a posted contract before you do. At payday the leader gets the pick of next week's recruits (one more offer for you, or one fewer); every 20 you earn arms an Epic relic at your next Shop. Seal rifts and finish contracts to gain it; failed contracts and unpaid upkeep cost it.","Rakiple tek yarışın Ün. Onlar her gün Ün kazanır ve bazen ilandaki bir sözleşmeyi senden önce kapar. Maaş gününde önde olan, gelecek haftanın acemilerinden ilk seçimi yapar (sana bir teklif fazla ya da eksik); kazandığın her 20 Ün, bir sonraki Dükkânda Destansı bir kalıntı garantiler. Yarık mühürleyerek ve sözleşme bitirerek kazanılır; başarısız sözleşmeler ve ödenmeyen bakım masrafı kaybettirir.",scripts/ui/GuildViews.gd:965
"This month: Renown gained — you %d · them %d · %d day%s left. Prize: %d Gold, %d Renown.","Bu ay kazanılan Ün — sen %d · onlar %d · %d gün%s kaldı. Ödül: %d Altın, %d Ün.",scripts/ui/GuildViews.gd:969
"The Crown's herald counts Renown toward the Royal Charter: one guild, every contract, for a generation.","Taç'ın tellalı Ünü Kraliyet Beratı için sayıyor: tek lonca, her sözleşme, bir nesil boyunca.",scripts/ui/GuildViews.gd:973
Guild Standings,Lonca Sıralaması,scripts/ui/GuildViews.gd:975
Guild,Lonca,scripts/ui/GuildViews.gd:980
Tower floor,Kule katı,scripts/ui/GuildViews.gd:980
Endless best,Sonsuz en iyi,scripts/ui/GuildViews.gd:980
 (you), (sen),scripts/ui/GuildViews.gd:986
 — rival, — rakip,scripts/ui/GuildViews.gd:986
The other guilds' records grow every day. Top the Renown column for an achievement.,Diğer loncaların kayıtları her gün büyür. Bir başarım için Ün sütununda zirveye çık.,scripts/ui/GuildViews.gd:992
Assemble a party in the Rift Hall and enter a rift,Yarık Salonu'nda bir ekip kur ve bir yarığa gir,scripts/ui/GuildViews.gd:1007
Equip an item on a hero (Roster > Heroes),Bir kahramana eşya kuşandır (Kadro > Kahramanlar),scripts/ui/GuildViews.gd:1008
Spend a skill point (Roster > Heroes > Skills),Bir beceri puanı harca (Kadro > Kahramanlar > Beceriler),scripts/ui/GuildViews.gd:1009
Seal your first rift by beating its boss,Boss'unu yenerek ilk yarığını mühürle,scripts/ui/GuildViews.gd:1010
%d SP,%d BP,scripts/ui/GuildViews.gd:1026
can evolve,evrimleşebilir,scripts/ui/GuildViews.gd:1032
empty %s slot,boş %s yuvası,scripts/ui/GuildViews.gd:1035
%d hero(es) wounded or downed,%d kahraman yaralı ya da düşmüş,scripts/ui/GuildViews.gd:1043
%d recruit(s) you can afford,Paranın yettiği %d aday,scripts/ui/GuildViews.gd:1047
%d craft(s) ready in Crafting,Zanaat'ta %d üretim hazır,scripts/ui/GuildViews.gd:1061
%d relic slot(s) empty — equip a relic under Items > Relics,%d kalıntı yuvası boş — Eşyalar > Kalıntılar'dan bir kalıntı kuşan,scripts/ui/GuildViews.gd:1065
%d quest(s) ready to claim,Ödülü alınabilir %d görev,scripts/ui/GuildViews.gd:1068
Command Tent,Komuta Çadırı,scripts/ui/GuildViews.gd:1080
Ledger,Defter,scripts/ui/GuildViews.gd:1089
Codex,Kodeks,scripts/ui/GuildViews.gd:1090
Trading Post,Ticaret Karakolu,scripts/ui/GuildViews.gd:1101
Scholar's Lodge,Bilgin Köşkü,scripts/ui/GuildViews.gd:1107
%s (locked),%s (kilitli),scripts/ui/GuildViews.gd:1120
Freed at the end of Act %s.,%s. Perde'nin sonunda kurtarılır.,scripts/ui/GuildViews.gd:1150
Lost in the Endless Rift: survive past %d:%02d to find their light.,Sonsuz Yarık'ta kayıp: ışığını bulmak için %d:%02d sonrasına kadar dayan.,scripts/ui/GuildViews.gd:1154
%s · Level %d/%d,%s · Seviye %d/%d,scripts/ui/GuildViews.gd:1163
Boon: ,Lütuf: ,scripts/ui/GuildViews.gd:1164
Call: %s — %s (%s),Çağrı: %s — %s (%s),scripts/ui/GuildViews.gd:1169
twice a rift,yarık başına iki kez,scripts/ui/GuildViews.gd:1169
once a rift,yarık başına bir kez,scripts/ui/GuildViews.gd:1169
Overseeing,Gözetiyor,scripts/ui/GuildViews.gd:1176
Oversee rifts,Yarıkları gözet,scripts/ui/GuildViews.gd:1176
"The overseer's Boon lifts the whole party in every rift run, and any hero can spend their turn on the Call.",Gözetmenin Lütfu her yarık seferinde tüm ekibi güçlendirir; herhangi bir kahraman sırasını Çağrı'ya harcayabilir.,scripts/ui/GuildViews.gd:1181
Level up — %d Essence,Seviye atla — %d Öz,scripts/ui/GuildViews.gd:1185
%s reaches level %d,%s %d. seviyeye ulaştı,scripts/ui/GuildViews.gd:1191
Boon and Call grow stronger,Lütuf ve Çağrı güçlenir,scripts/ui/GuildViews.gd:1191
"Each level: Boon and Call +%d%%, and +%d%% HP and damage in the Endless Rift. At level %d the Call works twice a rift.","Her seviye: Lütuf ve Çağrı +%%%d, Sonsuz Yarık'ta +%%%d can ve hasar. %d. seviyede Çağrı yarık başına iki kez kullanılır.",scripts/ui/GuildViews.gd:1194
"Champions are freed by the story and rescued in the Endless Rift. One oversees your rift runs: the whole party gets their Boon, and any hero can spend a turn on their Call. In the Endless Rift your champions are the party. Spend Essence here to level them up.",Şampiyonlar hikâyede özgürleşir ve Sonsuz Yarık'ta kurtarılır. Biri yarık seferlerini gözetir: tüm grup onun Lütfunu alır ve herhangi bir kahraman sırasını onun Çağrısına harcayabilir. Sonsuz Yarık'ta grup şampiyonlarının kendisidir. Seviye atlatmak için burada Öz harca.,scripts/ui/GuildViews.gd:1203
Essence: %d,Öz: %d,scripts/ui/GuildViews.gd:1207
Spend it to level up champions. The Endless Rift pays the most.,Şampiyonların seviyesini yükseltmek için harca. En çok Sonsuz Yarık öder.,scripts/ui/GuildViews.gd:1209
%d of %d champions found. Every new guild meets a different twelve.,%d/%d şampiyon bulundu. Her yeni lonca farklı on iki şampiyonla karşılaşır.,scripts/ui/GuildViews.gd:1214
Hiring heroes,Kahraman işe almak,scripts/ui/GuildViews.gd:1228
Recruit heroes below; higher ranks are stronger.,Aşağıdan kahraman işe al; yüksek rütbeler daha güçlüdür.,scripts/ui/GuildViews.gd:1228
New faces arrive every day and wait a few days; payday fills the board. Each reroll or commission doubles the next until payday (back to %d Gold).%s,Her gün yeni yüzler gelir ve birkaç gün bekler; maaş günü pano dolar. Her yenileme ya da ısmarlama bir sonrakinin fiyatını maaş gününe kadar ikiye katlar (sonra yine %d Altın).%s,scripts/ui/GuildViews.gd:1229
 The rival may sign your best offer first., Rakip en iyi adayını senden önce kapabilir.,scripts/ui/GuildViews.gd:1229
Rank odds: %s%s,Rütbe olasılıkları: %s%s,scripts/ui/GuildViews.gd:1230
  ·  Scouts' Lodge: a C+ recruit is assured each payday,  ·  İzci Köşkü: her maaş günü bir C+ aday garanti,scripts/ui/GuildViews.gd:1230
Hero Recruits — %d/%d roster slots,Kahraman Adayları — %d/%d kadro yeri,scripts/ui/GuildViews.gd:1233
Your roster is full. The Barracks (Guild > Manage > Operations) adds 2 slots a level; you can also let a hero go from the Ledger.,Kadron dolu. Kışla (Lonca > Yönetim > Operasyon) her seviyede 2 yer ekler; bir kahramanı Defter'den de gönderebilirsin.,scripts/ui/GuildViews.gd:1235
No one is looking for work right now. New faces arrive every day.,Şu an iş arayan kimse yok. Her gün yeni yüzler gelir.,scripts/ui/GuildViews.gd:1239
Commission a recruit (%d Gold):,Bir acemi ısmarla (%d Altın):,scripts/ui/GuildViews.gd:1244
A %s joins the offers at the usual rank odds (the last offer leaves).,Teklifler arasına olağan rütbe ihtimalleriyle bir %s katılır (son teklif gider).,scripts/ui/GuildViews.gd:1255
Rank %s %s · %d Gold · Power %d · %d HP · wage %d/week,Rütbe %s %s · %d Altın · Güç %d · %d Can · maaş %d/hafta,scripts/ui/GuildViews.gd:1278
Passive — ,Pasif — ,scripts/ui/GuildViews.gd:1280
Last day,Son gün,scripts/ui/GuildViews.gd:1283
Leaves tomorrow,Yarın ayrılıyor,scripts/ui/GuildViews.gd:1283
Leaves in %d days,%d gün sonra ayrılıyor,scripts/ui/GuildViews.gd:1283
"Waits on the board until day %d, then takes work elsewhere.","%d. güne kadar panoda bekler, sonra başka yerde iş bulur.",scripts/ui/GuildViews.gd:1286
Reroll (%d Gold),Yenile (%d Altın),scripts/ui/GuildViews.gd:1290
"Swap this offer for a new face. The next reroll costs double, until payday.",Bu adayı yeni bir yüzle değiştir. Bir sonraki yenileme maaş gününe kadar iki katına çıkar.,scripts/ui/GuildViews.gd:1297
Recruit,İşe al,scripts/ui/GuildViews.gd:1299
%s joins the guild!,%s loncaya katıldı!,scripts/ui/GuildViews.gd:1305
"Leans on %s. Might: damage and HP · Agility: speed, dodge, first strike · Focus: ability power, mending.","Ağırlığı %s. Kudret: hasar ve can · Çeviklik: hız, kaçınma, ilk vuruş · Odak: yetenek gücü, iyileştirme.",scripts/ui/GuildViews.gd:1324
Medical Bay — %d/%d beds occupied,Revir — %d/%d yatak dolu,scripts/ui/GuildViews.gd:1343
"Field Triage: once per rift, get a downed hero back up mid-rift.","Sahada Triyaj: yarık başına bir kez, düşmüş bir kahramanı yarığın ortasında ayağa kaldır.",scripts/ui/GuildViews.gd:1345
%d/%d HP · %s,%d/%d Can · %s,scripts/ui/GuildViews.gd:1371
Empty bed,Boş yatak,scripts/ui/GuildViews.gd:1374
Recovering without a bed (slower):,Yataksız iyileşenler (daha yavaş):,scripts/ui/GuildViews.gd:1381
%s — %d/%d HP (%s) · %s,%s — %d/%d Can (%s) · %s,scripts/ui/GuildViews.gd:1385
downed,yere serilmiş,scripts/ui/GuildViews.gd:1385
wounded,yaralı,scripts/ui/GuildViews.gd:1385
Put in a bed,Yatağa yatır,scripts/ui/GuildViews.gd:1389
Every bed is taken,Bütün yataklar dolu,scripts/ui/GuildViews.gd:1394
A downed hero comes back a run sooner; a wounded one is fully healed after the next run.,Yere serilmiş bir kahraman bir koşu erken döner; yaralı biri sonraki koşudan sonra tamamen iyileşir.,scripts/ui/GuildViews.gd:1394
Rest the guild (pass one run's time),Loncayı dinlendir (bir koşu süresi geçir),scripts/ui/GuildViews.gd:1400
Heroes recover as if a run had ended.,Kahramanlar bir koşu bitmiş gibi toparlanır.,scripts/ui/GuildViews.gd:1404
"Recovery counts rift runs, not real time: a downed hero sits out %d run(s) (a bed takes one off); a wounded hero regains %d%% HP each run (all of it in a bed).",Toparlanma gerçek zamanla değil yarık koşularıyla sayılır: düşmüş bir kahraman %d koşu dışarıda kalır (yatak birini düşürür); yaralı bir kahraman her koşuda canının %%%d kadarını geri kazanır (yatakta hepsini).,scripts/ui/GuildViews.gd:1407
back in %d run%s,%d koşu%s sonra döner,scripts/ui/GuildViews.gd:1413
full after next run,sonraki koşudan sonra tam,scripts/ui/GuildViews.gd:1415
+%d%% HP per run,Koşu başına +%%%d Can,scripts/ui/GuildViews.gd:1416
%d/3 — need %d more,%d/3 — %d tane daha gerek,scripts/ui/GuildViews.gd:1443
%d owned — ready to craft%s,%d adet var — üretime hazır%s,scripts/ui/GuildViews.gd:1444
Combine 3 of the same kind and rarity into 1 of the next rarity up.,Aynı türden ve nadirlikten 3 tanesini bir üst nadirlikte 1 taneye birleştir.,scripts/ui/GuildViews.gd:1449
No craftable (unequipped Common/Rare) items.,Üretilebilir (kuşanılmamış Sıradan/Nadir) eşya yok.,scripts/ui/GuildViews.gd:1465
Craft → %s,Üret → %s,scripts/ui/GuildViews.gd:1472
No craftable (unequipped Common/Rare) relics.,Üretilebilir (kuşanılmamış Sıradan/Nadir) kalıntı yok.,scripts/ui/GuildViews.gd:1497
poisons its target for a few rounds,hedefini birkaç tur zehirler,scripts/ui/GuildViews.gd:1529
heals its allies each round,her tur müttefiklerini iyileştirir,scripts/ui/GuildViews.gd:1530
starts the fight behind a ward,dövüşe bir korumanın ardında başlar,scripts/ui/GuildViews.gd:1531
hits harder when badly hurt,ağır yaralıyken daha sert vurur,scripts/ui/GuildViews.gd:1532
heals itself from the damage it deals,verdiği hasardan kendini iyileştirir,scripts/ui/GuildViews.gd:1533
reflects part of the damage it takes,aldığı hasarın bir kısmını yansıtır,scripts/ui/GuildViews.gd:1534
Monsters,Canavarlar,scripts/ui/GuildViews.gd:1543
Monster,Canavar,scripts/ui/GuildViews.gd:1543
Elites,Seçkinler,scripts/ui/GuildViews.gd:1544
Rift Wardens,Yarık Bekçileri,scripts/ui/GuildViews.gd:1545
%s — %d/%d met,%s — %d/%d karşılaşıldı,scripts/ui/GuildViews.gd:1550
Hazards — %d/%d met,Tehlikeler — %d/%d karşılaşıldı,scripts/ui/GuildViews.gd:1559
%s · finds %s,%s · bulur: %s,scripts/ui/GuildViews.gd:1575
Telegraphs: %s,Önceden belli eder: %s,scripts/ui/GuildViews.gd:1606
Brings a random warden mechanic each fight. %s,Her dövüşe rastgele bir bekçi mekaniği getirir. %s,scripts/ui/GuildViews.gd:1609
Defeated.,Yenildi.,scripts/ui/GuildViews.gd:1609
Not yet defeated.,Henüz yenilmedi.,scripts/ui/GuildViews.gd:1609
Chronicle,Tarihçe,scripts/ui/GuildViews.gd:1617
Systems,Sistemler,scripts/ui/GuildViews.gd:1617
Compendium,Derleme,scripts/ui/GuildViews.gd:1631
Hall of Guilds · %d Laurels,Loncalar Salonu · %d Defne,scripts/ui/GuildViews.gd:1649
Renewed the Accord,Ahit'i yeniledi,scripts/ui/GuildViews.gd:1672
Broke the Accord,Ahit'i bozdu,scripts/ui/GuildViews.gd:1672
Retired in Act %s,Perde %s içinde emekliye ayrıldı,scripts/ui/GuildViews.gd:1672
 · oaths kept: %d, · tutulan yemin: %d,scripts/ui/GuildViews.gd:1675
%s · day %d · %d rifts sealed · +%d Laurels%s,%s · gün %d · mühürlenen yarık %d · +%d Defne%s,scripts/ui/GuildViews.gd:1676
 · remembered: %s, · hatırlananlar: %s,scripts/ui/GuildViews.gd:1677
Watch the opening,Açılışı izle,scripts/ui/GuildViews.gd:1681
What this guild can still finish · +%d Laurels each,Bu loncanın hâlâ bitirebilecekleri · her biri +%d Defne,scripts/ui/GuildViews.gd:1686
Tides of the Open Hollow: %d held of %d,"Açık Oyuk'un gelgitleri: dayanılan %d, toplam %d",scripts/ui/GuildViews.gd:1692
The world,Dünya,scripts/ui/GuildViews.gd:1694
The story so far,Şimdiye kadarki hikâye,scripts/ui/GuildViews.gd:1700
??? — seal Act %s's finale,??? — %s. Perde'nin finalini mühürle,scripts/ui/GuildViews.gd:1709
The Grandmaster's ledger — %d/%d pages,Büyük Üstat'ın defteri — %d/%d sayfa,scripts/ui/GuildViews.gd:1722
Pages turn up in sealed rifts as the campaign goes on; a finale always yields one.,Sefer ilerledikçe mühürlenen yarıklarda sayfalar çıkar; bir final her zaman bir sayfa verir.,scripts/ui/GuildViews.gd:1723
%d page%s still missing,%d sayfa%s hâlâ eksik,scripts/ui/GuildViews.gd:1728
What the champions remember — %d/%d freed,Şampiyonların hatırladıkları — %d/%d kurtarıldı,scripts/ui/GuildViews.gd:1732
Each act's finale frees a champion of the old guilds; more wait in the Endless Rift.,Her perdenin finali eski loncalardan bir şampiyonu kurtarır; daha fazlası Sonsuz Yarık'ta bekliyor.,scripts/ui/GuildViews.gd:1734
"Items are hero-bound gear. Weapon items fill a hero's weapon slots (1, or 2 for a dual-wield class); Armor and Focus items share one ""gear"" slot pool that grows with hero rank. A Common rolls one stat, a Rare one bigger stat and a named effect, an Epic two stats and a stronger effect (some effects only come on Epics). Legendaries are unique.","Eşyalar kahramana bağlı teçhizattır. Silahlar kahramanın silah yuvalarını doldurur (1, çift silahlı sınıflarda 2); Zırh ve Odak eşyaları, kahraman rütbesiyle büyüyen tek bir ""teçhizat"" yuva havuzunu paylaşır. Sıradan eşya bir nitelik, Nadir daha büyük bir nitelik ve adlı bir etki, Destansı iki nitelik ve daha güçlü bir etki taşır (bazı etkiler yalnızca Destansılarda çıkar). Efsaneviler eşsizdir.",scripts/ui/GuildViews.gd:1750
Stats: %s,Nitelikler: %s,scripts/ui/GuildViews.gd:1759
 (Epic), (Destansı),scripts/ui/GuildViews.gd:1761
Damage,Hasar,scripts/ui/GuildViews.gd:1764
Chance,Şans,scripts/ui/GuildViews.gd:1764
Defense,Savunma,scripts/ui/GuildViews.gd:1764
Fortune,Talih,scripts/ui/GuildViews.gd:1764
"Relics sit on the Relic Altar (Inventory) and work for the whole party. Each adds damage and a shield, plus a special; Rare and Epic relics also carry a trigger that fires in battle. Rarity scales the numbers (a Rare's by 1.4, an Epic's by 1.9). A relic levelled to 5 awakens a second special, and any special or trigger can be rerolled for Essence.","Kalıntılar Kalıntı Sunağı'nda (Envanter) durur ve tüm grup için çalışır. Her biri hasar ve kalkan ekler, bir de özel etki taşır; Nadir ve Destansı kalıntılarda ayrıca savaşta tetiklenen bir etki vardır. Nadirlik sayıları büyütür (Nadir 1,4 kat, Destansı 1,9 kat). 5. seviyeye çıkan bir kalıntı uyanır ve ikinci bir özel etki kazanır; her özel etki ya da tetikleyici Öz karşılığında yeniden atılabilir.",scripts/ui/GuildViews.gd:1768
Types and their specials,Türler ve özel etkileri,scripts/ui/GuildViews.gd:1771
A relic's type picks its special from its own family 60% of the time (any other family otherwise). Values shown are a Common's.,"Bir kalıntının türü, özel etkisini %60 oranında kendi ailesinden seçer (geri kalanında başka bir aileden). Gösterilen değerler Sıradan bir kalıntınınkidir.",scripts/ui/GuildViews.gd:1772
%s — %s,%s — %s,scripts/ui/GuildViews.gd:1782
Triggers (Rare and Epic),Tetikleyiciler (Nadir ve Destansı),scripts/ui/GuildViews.gd:1789
"One per relic, rolled from this list. Values shown are the base; a Rare rolls them about 18% stronger, an Epic about 38%.","Her kalıntıda bir tane, bu listeden atılır. Gösterilen değerler temeldir; Nadir bir kalıntıda yaklaşık %18, Destansı bir kalıntıda yaklaşık %38 daha güçlüdür.",scripts/ui/GuildViews.gd:1790
"An act's finale, or a very rare drop",Bir perdenin finali ya da çok nadir bir ganimet,scripts/ui/GuildViews.gd:1799
"Tower of Trials, floor %d guardian","Sınav Kulesi, %d. kat muhafızı",scripts/ui/GuildViews.gd:1801
An Endless Rift milestone,Bir Sonsuz Yarık aşaması,scripts/ui/GuildViews.gd:1803
Legendaries — %d/%d found,Efsaneviler — %d/%d bulundu,scripts/ui/GuildViews.gd:1806
Crafting (Arcane Lab) turns three unequipped items or relics of one kind and rarity into one of the next rarity up.,"Zanaat (Gizem Laboratuvarı), aynı tür ve nadirlikteki kuşanılmamış üç eşyayı ya da kalıntıyı bir üst nadirlikte tek bir parçaya dönüştürür.",scripts/ui/GuildViews.gd:1844
[color=#%s]3 × %s[/color]  →  [color=#%s]1 × %s[/color]   [color=#%s](numbers × %s)[/color],,scripts/ui/GuildViews.gd:1848
"Items: three of the same category (Weapon, Armor or Focus). The new item rolls fresh stats at the best rank among the three.","Eşyalar: aynı kategoriden üç tane (Silah, Zırh ya da Odak). Yeni eşya, üçünün en yüksek rütbesinde yeni değerler alır.",scripts/ui/GuildViews.gd:1854
"Relics: three of the same type (Ember, Frost...). The new relic keeps that type and rolls fresh effects.","Kalıntılar: aynı türden üç tane (Kor, Ayaz...). Yeni kalıntı bu türü korur ve yeni etkiler alır.",scripts/ui/GuildViews.gd:1855
Equipped gear never goes in. Legendaries can't be crafted or fed in: they are fixed finds.,Kuşanılmış teçhizat kullanılmaz. Efsaneviler üretilemez ve malzeme olarak kullanılamaz: sabit buluntulardır.,scripts/ui/GuildViews.gd:1856
relic,kalıntı,scripts/ui/GuildViews.gd:1868
Ready now — %d,Şimdi hazır — %d,scripts/ui/GuildViews.gd:1872
Nothing yet: no three spare pieces of one kind and rarity.,Henüz yok: aynı tür ve nadirlikte üç boşta parça yok.,scripts/ui/GuildViews.gd:1874
"%s: %d spare, %d craft%s","%s: %d boşta, %d üretim%s",scripts/ui/GuildViews.gd:1876
Open Crafting,Zanaatı aç,scripts/ui/GuildViews.gd:1878
Guild Management,Lonca Yönetimi,scripts/ui/GuildViews.gd:1885
"Spend Essence on 9 upgrades across 4 branches, and Gold on the Defenses branch (Armory, Engineering, Palisade, Watchtower) for Riftbreaks. Every level adds its effect; some levels unlock a perk (a first-strike bonus, a boss Essence cache, extra relic slots, tier 3 towers…). Guild Tier tracks total levels. A building damaged in a Riftbreak works a level lower until you repair it with Gold.","9 geliştirmeye (4 dal) Öz, Yarık Taşmaları için Savunma dalına (Cephanelik, Mühendislik, Şarampole, Gözcü Kulesi) Altın harca. Her seviye etkisini ekler; bazı seviyeler bir ayrıcalık açar (ilk vuruş bonusu, boss Öz sandığı, ek emanet yuvası, 3. kademe kuleler…). Lonca Kademesi toplam seviyeleri izler. Bir Yarık Taşmasında hasar gören yapı, Altınla onarılana dek bir seviye düşük çalışır.",scripts/ui/GuildViews.gd:1885
"Once you have sealed a rift, the Rift Ladder offers a twist each day: a rule and a starting boon that come from the date, so every guild faces the same one. Tick it and your next ladder rift (any rank) carries it; one try a day. Sealing it pays bonus Essence and grows your streak. Records (in the Guild Hall) track achievements, lifetime statistics and your last 30 runs; the Memorial remembers heroes lost for good.","İlk yarığını mühürledikten sonra Yarık Merdiveni her gün bir cilve sunar: tarihe göre belirlenen bir kural ve başlangıç lütfu, böylece her lonca aynısıyla karşılaşır. İşaretlersen bir sonraki merdiven yarığın (herhangi bir rütbe) onu taşır; günde bir deneme. Mühürlemek ek Öz kazandırır ve serini uzatır. Kayıtlar (Lonca Salonu'nda) başarıları, genel istatistikleri ve son 30 seferini tutar; Anıt, sonsuza dek kaybedilen kahramanları anar.",scripts/ui/GuildViews.gd:1886
Endless Rift,Sonsuz Yarık,scripts/ui/GuildViews.gd:1887
"A real-time survival run in the region you pick, and only champions go in (up to 4). You steer the first (WASD, arrows, drag or stick); the rest follow and fight on their own, and each fires their signature move on a timer (the ring over their head fills as it recharges). Your equipped relics come along. Every five minutes the rift runs the same cycle: the horde, a swarm, an elite pack (its leader carries a chest), archers and casters, then a lull with a chest nearby, and a warden at the end of it. At 20:00 the Rift Warden comes: beat it to seal the rift. The rift's strength (shown before you enter) starts gentle and grows with every champion you free and every act you pass. A run pays Essence and a little Gold, and costs the guild a day.","Seçtiğin bölgede gerçek zamanlı bir hayatta kalma seferi; içeri yalnızca şampiyonlar girer (en fazla 4). İlkini sen yönetirsin (WASD, oklar, sürükleme ya da çubuk); diğerleri onu izler ve kendi başlarına savaşır, her biri imza hareketini belli aralıklarla kullanır (başlarının üstündeki halka dolunca hazırdır). Takılı kalıntıların da seninle gelir. Yarık her beş dakikada aynı döngüyü işletir: sürü, bir akın, seçkin bir takım (lideri bir sandık taşır), okçular ve büyücüler, ardından yakınında bir sandıkla bir durgunluk ve sonunda bir muhafız. 20:00'de Yarık Muhafızı gelir: onu yenip yarığı mühürle. Yarığın gücü (girmeden önce gösterilir) hafif başlar ve özgürleştirdiğin her şampiyonla ve geçtiğin her perdeyle artar. Bir sefer Öz ve biraz Altın kazandırır, loncaya bir güne mal olur.",scripts/ui/GuildViews.gd:1887
Endless picks,Sonsuz seçimleri,scripts/ui/GuildViews.gd:1888
"Collect shards to level up and pick 1 of 3; one card is always a signature pick while any are left. Party upgrades (damage, speed, health…), a champion's role skill, a rank in their signature (up to 3: sooner and harder), or one of their two signature mods once it has a rank (Aftershock, Kindled, Frostbite, Expose, Stagger, Leech, Shrapnel, Radiance, Bulwark, Fervor, Renewal, Smokescreen). From level 10, two champions whose signatures are rank 2 can fuse: they fire together, 25% harder, and carry each other's mods. Max an upgrade and the matching role's attack can evolve (Whirlwind, Thousand Cuts, Arrow Storm, Starfall, Sanctum). Chests give one of three rift relics for the run.","Seviye atlamak için kırıkları topla ve 3 seçenekten birini al; kalan varken kartlardan biri hep bir imza seçimidir. Ekip geliştirmeleri (hasar, hız, can…), bir şampiyonun rol becerisi, imzasında bir rütbe (en fazla 3: daha erken ve daha sert) ya da imzanın bir rütbesi olunca iki imza güçlendirmesinden biri (Artçı Sarsıntı, Tutuşmuş, Soğuk Isırığı, Açığa Çıkar, Sersemlet, Sülük, Şarapnel, Nur, Siper, Coşku, Yenilenme, Sis Perdesi). 10. seviyeden itibaren imzaları 2. rütbede olan iki şampiyon kaynaşabilir: birlikte ateşlenir, %25 daha sert vurur ve birbirlerinin güçlendirmelerini taşırlar. Bir geliştirmeyi en üste çıkar, eşleşen rolün saldırısı evrilebilir (Kasırga Dönüşü, Bin Kesik, Ok Fırtınası, Yıldız Yağmuru, Kutsal Oda). Sandıklar koşu boyunca üç yarık emanetinden birini verir.",scripts/ui/GuildViews.gd:1888
Endless ground,Sonsuz arazisi,scripts/ui/GuildViews.gd:1889
"The Vale has pillars that block foes, the Marches have pools that slow everyone, the Wastes have lava that burns foes and your lead. Braziers break when you walk into or hit them, dropping a heal, a magnet for shards or a bomb. Elites and wardens slam: step out of the red circle before it fills. Your first 5, 10 and 15 minutes and your first sealed rift each pay once, with two Endless relics and guild titles.","Vadide düşmanları durduran sütunlar, Bataklıklarda herkesi yavaşlatan göletler, Çorak Topraklarda düşmanları ve önderini yakan lav var. Mangallar üstüne yürüyünce ya da vurunca kırılır ve bir iyileşme, parçalar için bir mıknatıs ya da bir bomba düşürür. Seçkinler ve bekçiler yere vurur: kırmızı daire dolmadan dışına çık. İlk 5, 10 ve 15 dakikan ve ilk mühürlediğin yarık birer kez ödül verir; iki Sonsuz kalıntısı ve lonca unvanlarıyla.",scripts/ui/GuildViews.gd:1889
Hero voices,Kahraman sesleri,scripts/ui/GuildViews.gd:1890
"A hero's born quirk sets their personality (Bold, Quick, Stoic, Nervous, Devout or Scholarly), shown on their sheet. They speak up in fights when they land a big kill, hang on at low health or see an ally fall, and one of them sums up every win.","Bir kahramanın doğuştan huyu kişiliğini belirler (Cesur, Çevik, Soğukkanlı, Tedirgin, Dindar ya da Bilgin); sayfasında görünür. Büyük bir öldürme yaptıklarında, az canla dayandıklarında ya da bir müttefik düştüğünde savaşta konuşurlar ve her zaferi biri özetler.",scripts/ui/GuildViews.gd:1890
Boss phases,Boss evreleri,scripts/ui/GuildViews.gd:1891
"Every boss changes once it drops to half health: Call the Horde (two foes join), Fury (hits 20% harder and winds up more often) or Last Bastion (a ward worth 12% of its health). Its plate shows which, and the warning bar calls it out as it gets close, so save burst and Defend for the turn.","Her boss canı yarıya inince değişir: Sürüyü Çağır (iki düşman katılır), Hiddet (%20 daha sert vurur ve daha sık güç toplar) ya da Son Burç (canının %12'si değerinde bir koruma). Plakası hangisi olduğunu gösterir, uyarı çubuğu yaklaşınca haber verir; en güçlü saldırılarını ve Savun'u o tur için sakla.",scripts/ui/GuildViews.gd:1891
Elite affixes,Seçkin ekleri,scripts/ui/GuildViews.gd:1892
"Elites roll an affix: Vampiric, Thorned, Shielded, Venomous, Juggernaut, Blazing, Hasted (acts twice) or Commander (brings two escorts). Rank B+ rifts give them two. Hover the badges on their plate to read them.","Seçkinler bir ek alır: Vampirik, Dikenli, Kalkanlı, Zehirli, Durdurulamaz, Alevli, Hızlandırılmış (iki kez davranır) ya da Komutan (iki muhafız getirir). Rütbe B+ yarıklarda iki ek alırlar. Okumak için plakalarındaki rozetlerin üstüne gel.",scripts/ui/GuildViews.gd:1892
Boons,Lütuflar,scripts/ui/GuildViews.gd:1893
"Beating an elite in a rift offers 1 of 3 boons that last until that rift ends. Boons come in seven families (Ember, Frost, Blood, Steel, Storm, Shadow, Holy); owning 2 of a family adds a set bonus and 4 a strong capstone, so a run can grow into a build. Not offered in the Tower.","Bir yarıkta seçkin yenmek, o yarık bitene kadar süren 3 lütuftan 1'ini sunar. Lütuflar yedi aileden gelir (Kor, Ayaz, Kan, Çelik, Fırtına, Gölge, Kutsal); bir aileden 2 tanesi set bonusu, 4 tanesi güçlü bir zirve verir; böylece bir koşu bir yapıya dönüşebilir. Kule'de sunulmaz.",scripts/ui/GuildViews.gd:1893
Guild Orders,Lonca Emirleri,scripts/ui/GuildViews.gd:1894
"Lv2 of the Infirmary, Drill Yard, Trade Network and Scouts' Lodge each unlock an order you can call inside a rift: Supply Drop (heal 35% between fights), Rally (act first and hit 30% harder this round), Requisition (reroll a fight's loot) and Scout Ahead (reroll a fork). 1 order per rift, 2 at Renowned tier, 3 at Legendary.","Revir, Talim Alanı, Ticaret Ağı ve İzci Köşkü'nün Sv2'si, yarık içinde verebileceğin bir emir açar: İkmal Atışı (dövüşler arasında %35 iyileş), Toparlan (bu tur önce davran ve %30 daha sert vur), Talep (bir dövüşün ganimetini yenile) ve Öncü Keşif (bir ayrımı yenile). Yarık başına 1 emir, Ünlü kademede 2, Efsanevide 3.",scripts/ui/GuildViews.gd:1894
Rift Ladder,Yarık Merdiveni,scripts/ui/GuildViews.gd:1895
"Rifts come in ranks, F to SSS. F-D are Lesser rifts, C and up Greater rifts (open after Act I). Each rank hits harder than the last and pays more; from B up they add rules (more elites, harsher hazards, fewer shops, bosses with two mechanics). Seal a rank to open the next. Gear drops at the rank of the rift it came from.","Yarıklar F'den SSS'ye rütbelere ayrılır. F-D Küçük yarıklar, C ve üstü Büyük yarıklardır (I. Perde'den sonra açılır). Her rütbe öncekinden sert vurur ve daha çok öder; B'den itibaren kurallar eklenir (daha çok seçkin, daha sert tehlikeler, daha az dükkân, iki mekanikli bosslar). Bir rütbeyi mühürlemek bir sonrakini açar. Teçhizat, geldiği yarığın rütbesinde düşer.",scripts/ui/GuildViews.gd:1895
Bonds,Bağlar,scripts/ui/GuildViews.gd:1896
"Heroes who seal rifts together grow a bond: level 1, 2 and 3 after 2, 5 and 10 rifts. Each level adds 2% party damage while both stand in a fight (up to the cap). Bonds show on the hero sheet's History tab.","Birlikte yarık mühürleyen kahramanlar bağ kurar: 2, 5 ve 10 yarıktan sonra seviye 1, 2 ve 3. Her seviye, ikisi de dövüşte ayaktayken ekip hasarına %2 ekler (üst sınıra kadar). Bağlar kahraman sayfasının Geçmiş sekmesinde görünür.",scripts/ui/GuildViews.gd:1896
Ability Awakening,Yetenek Uyanışı,scripts/ui/GuildViews.gd:1897
"Spend Skill Points once to give a hero's Ability a secondary effect (by ability: +2 Momentum back, a lingering debuff, a party dodge boost, a self-shield, or a small damage stack).","Bir kahramanın Yeteneğine ikincil bir etki vermek için bir kez Beceri Puanı harca (yeteneğe göre: +2 İvme geri, kalıcı bir zayıflatma, ekibe kaçınma artışı, kendine kalkan ya da küçük bir hasar birikimi).",scripts/ui/GuildViews.gd:1897
"Heroes stand in the front or back row. Foes aim most attacks at the front row; Snipes hunt the back. Warriors and rogues hit at half strength with a basic attack from the back row, and some skills need a row. Move (7) switches rows for a turn. Back-row foes take less damage from attacks.",Kahramanlar ön ya da arka sırada durur. Düşmanlar saldırıların çoğunu ön sıraya yöneltir; Nişanlar arkayı avlar. Savaşçılar ve haydutlar arka sıradan temel saldırıyla yarı güçle vurur ve bazı beceriler belli bir sıra ister. Yer Değiştir (7) bir sıra karşılığında sıranı değiştirir. Arka sıradaki düşmanlar saldırılardan daha az hasar alır.,scripts/ui/GuildViews.gd:1898
Controls,Kontroller,scripts/ui/GuildViews.gd:1899
"Keyboard: 1-5 switch camp tabs; in a fight 1 Attack, 2-4 skills, 5 Defend, M opens More (6 Guard, 7 Move, 8 Tonics, 9 Call; their keys work either way), Space repeats the last action, Tab cycles targets, A toggles Auto, Esc goes back. Endless Rift: WASD or arrows (or drag), Esc pauses. Riftbreak defense: click a pad to build, the ground to send your champion, Space calls the next wave, Esc pauses. Gamepad: D-pad and A work every menu, B goes back, LB/RB switch camp tabs. In a fight A repeats the last action, X Defends, Y uses the Ability, LB/RB the two skills, Start opens More (Guard, Move, Tonics, Call), the D-pad cycles targets, Select toggles Auto. Endless Rift: left stick or D-pad steer, Start pauses.","Klavye: 1-5 kamp sekmelerini değiştirir; savaşta 1 Saldırı, 2-4 beceriler, 5 Savunma, M Diğer'i açar (6 Koru, 7 Yer Değiştir, 8 İksirler, 9 Çağrı; tuşları her iki durumda da çalışır), Boşluk son eylemi tekrarlar, Tab hedefler arasında geçer, A Otomatik'i açıp kapar, Esc geri gider. Sonsuz Yarık: WASD ya da oklar (ya da sürükle), Esc duraklatır. Yarık Taşması savunması: kurmak için bir kaideye, şampiyonunu göndermek için yere tıkla, Boşluk sonraki dalgayı çağırır, Esc duraklatır. Oyun kolu: yön tuşları ve A her menüde çalışır, B geri gider, LB/RB kamp sekmelerini değiştirir. Savaşta A son eylemi tekrarlar, X Savunur, Y Yeteneği kullanır, LB/RB iki beceri, Start Diğer'i açar (Koru, Yer Değiştir, İksirler, Çağrı), yön tuşları hedefler arasında geçer, Select Otomatik'i açıp kapar. Sonsuz Yarık: sol çubuk ya da yön tuşları yönlendirir, Start duraklatır.",scripts/ui/GuildViews.gd:1899
Momentum and skills,İvme ve beceriler,scripts/ui/GuildViews.gd:1900
"Momentum is the party's shared pool (up to 10, starting at 3). Each basic attack adds 1, each kill 1, and each hit taken while Defending or Guarding 1 (2 for a heavy blow). Every hero has two role skills (Lv1 and Lv6) and their subclass Ability (Lv3). Skills cost 2-4 Momentum, Abilities 4.","İvme ekibin ortak havuzudur (en fazla 10, 3 ile başlar). Her temel saldırı 1, her öldürme 1 ve Savunurken ya da Korurken alınan her darbe 1 ekler (ağır darbe için 2). Her kahramanın iki rol becerisi (Sv1 ve Sv6) ve alt sınıf Yeteneği (Sv3) vardır. Beceriler 2-4 İvme, Yetenekler 4 İvme harcar.",scripts/ui/GuildViews.gd:1900
Enemy moves,Düşman hamleleri,scripts/ui/GuildViews.gd:1901
"Each round a foe shows its next move above its health bar: an attack on a hero, a wind-up (a heavy blow next round), or a special move: Sweep (hits everyone), Snipe (the most-hurt back-row hero), Curse (40% less damage for 2 rounds), Ward, Mend or Roar. Shield Bash stuns a foe; Shield Bash and Frost Nova break wind-ups.","Her tur bir düşman sonraki hamlesini can çubuğunun üstünde gösterir: bir kahramana saldırı, güç toplama (sonraki tur ağır darbe) ya da özel bir hamle: Süpürme (herkese vurur), Nişan (arka sıradaki en yaralı kahraman), Lanet (2 tur %40 daha az hasar), Koruma, İyileştirme ya da Kükreme. Kalkan Darbesi bir düşmanı sersemletir; Kalkan Darbesi ve Buz Novası güç toplamaları bozar.",scripts/ui/GuildViews.gd:1901
Designed encounters,Tasarlanmış karşılaşmalar,scripts/ui/GuildViews.gd:1902
"About six regular fights in ten are one of a region's named encounters (Scarecrow Line, Reed Snipers, Forge Guard...), groups whose members play off each other: a warder shielding a brute, a healer behind a wall, snipers behind a tank. The name and a tactical hint open the fight log; hover the round label to read the hint again.","Her on normal dövüşten yaklaşık altısı bir bölgenin adlı karşılaşmalarından biridir (Korkuluk Hattı, Kamış Nişancıları, Demirhane Muhafızı...); üyeleri birbirini tamamlayan gruplar: bir zorbayı koruyan bir bekçi, bir duvarın ardında bir şifacı, bir tankın ardında nişancılar. Ad ve bir taktik ipucu dövüş kaydını açar; ipucunu yeniden okumak için tur etiketinin üstüne gel.",scripts/ui/GuildViews.gd:1902
Rift bosses,Yarık bossları,scripts/ui/GuildViews.gd:1903
"Each boss is always the same fight. Vaelith's Harvest hits everyone and heals her, and she calls a Crier and a Warden at half health. Nyxara's Drowning Tide chills and weakens the party. Korrath's Sunder tears the wards off the front row. Drevok Brands a hero to take 50% more damage and calls fire cultists. Sythrane Immolates the party while she regenerates and enrages. Their signature moves are telegraphed like any other.",Her boss hep aynı dövüştür. Vaelith'in Hasadı herkese vurur ve onu iyileştirir; yarı canda bir Çığırtkan ve bir Bekçi çağırır. Nyxara'nın Boğan Dalgası ekibi üşütür ve zayıflatır. Korrath'ın Parçala'sı ön sıranın korumalarını söker. Drevok bir kahramanı %50 daha fazla hasar alacak şekilde Damgalar ve ateş tarikatçılarını çağırır. Sythrane yenilenip öfkelenirken ekibi Yakıp Kavurur. İmza hamleleri de diğerleri gibi önceden belli olur.,scripts/ui/GuildViews.gd:1903
"Every monster, boss, and hazard you've encountered is tracked as a silhouette-to-full-color reveal — pure record-keeping, no reward tied to completion.","Karşılaştığın her canavar, boss ve tehlike, siluetten tam renge açılarak kaydedilir — sadece kayıt tutma, tamamlamaya bağlı ödül yok.",scripts/ui/GuildViews.gd:1904
"Opens with Act II, in the Rift Hall. 100 fixed floors, one fight each: a floor is always the same fight, so a loss is something to plan around. Heroes fight at full HP and leave as they came (no downing, scars or days passing). Most floors carry a rule (armored or burning foes, a swarm, a party cap). Every 10th floor is a guardian that gives a unique relic, and floors 10/25/50/75/100 earn guild titles. Only a first clear pays; floors 91-100 reshuffle their rules every week and pay half for a re-clear.","II. Perde ile Yarık Salonu'nda açılır. 100 sabit kat, her biri tek dövüş: bir kat hep aynı dövüştür, yani bir kayıp planlanacak bir şeydir. Kahramanlar tam canla dövüşür ve geldikleri gibi ayrılır (düşme, yara izi ya da gün geçmesi yok). Çoğu katın bir kuralı vardır (zırhlı ya da yanan düşmanlar, kalabalık, ekip sınırı). Her 10. kat benzersiz bir kalıntı veren bir muhafızdır ve 10/25/50/75/100. katlar lonca unvanı kazandırır. Yalnızca ilk temizleme ödül verir; 91-100. katlar her hafta kurallarını değiştirir ve tekrar temizlemede yarısını öder.",scripts/ui/GuildViews.gd:1905
Foes & regions,Düşmanlar ve bölgeler,scripts/ui/GuildViews.gd:1906
"Each rift is in a region (the Vale, the Marshes, the Ashen Wastes) with its own foes. Some foes wind up a heavy blow a turn ahead (x2.5, stuns unless the target Defends); armored foes shrug off part of every basic attack (each hit chips the armor; abilities ignore it); fire foes can burn and frost foes can chill (act late). A Field Tonic cleanses burn, chill, poison and stun.","Her yarık kendi düşmanları olan bir bölgededir (Vadi, Bataklıklar, Küllü Çorak Topraklar). Bazı düşmanlar ağır bir darbe için bir tur önceden güç toplar (x2,5, hedef Savunmazsa sersemletir); zırhlı düşmanlar her temel saldırının bir kısmını savuşturur (her darbe zırhı aşındırır; yetenekler yok sayar); ateş düşmanları yakabilir, ayaz düşmanları üşütebilir (geç davranır). Saha Toniği yanma, üşüme, zehir ve sersemliği temizler.",scripts/ui/GuildViews.gd:1906
"Three acts, each ending in a finale rift against a named foe. Meet an act\'s objectives (shown in the Rift Hall) to open its finale; sealing it pays a reward and a Legendary relic. Act I opens Greater Rifts, Act II the Endless Rift.","Üç perde; her biri adlı bir düşmana karşı final yarığıyla biter. Finali açmak için perdenin hedeflerini tamamla (Yarık Salonu'nda gösterilir); mühürlemek bir ödül ve Efsanevi bir kalıntı verir. I. Perde Büyük Yarıkları, II. Perde Sonsuz Yarık'ı açar.",scripts/ui/GuildViews.gd:1907
"Relics sit on the Relic Altar (Inventory) and empower the whole party. Every relic has a special; rare and epic ones also have a trigger that fires in battle (on a kill, every third round, when an ally falls...). Level a relic to 5 to awaken a new effect, or reroll any effect for Essence. Legendary relics have unique powers.","Kalıntılar Kalıntı Sunağı'nda (Envanter) durur ve tüm ekibi güçlendirir. Her kalıntının bir özel gücü vardır; nadir ve destansı olanların ayrıca savaşta tetiklenen bir etkisi olur (öldürünce, her üç turda bir, bir müttefik düşünce...). Yeni bir etki uyandırmak için bir kalıntıyı 5. seviyeye çıkar ya da herhangi bir etkiyi Öz karşılığında yenile. Efsanevi kalıntıların eşsiz güçleri vardır.",scripts/ui/GuildViews.gd:1908
Quirks,Huylar,scripts/ui/GuildViews.gd:1909
"Everything personal about a hero beyond class, skills and gear: at most one born quirk (it sets their voice), up to 2 scars from being knocked out (a wound with a small upside), and quirks earned by what they've done. Bad born quirks and scars can be treated for Gold at the Arcane Lab.","Bir kahramanın sınıfı, becerileri ve teçhizatı dışındaki her şey: en fazla bir doğuştan huy (sesini belirler), bayılmaktan kalan en fazla 2 yara izi (küçük bir artısı olan bir yara) ve yaptıklarıyla kazandığı huylar. Kötü doğuştan huylar ve yara izleri Gizem Laboratuvarı'nda Altınla tedavi edilebilir.",scripts/ui/GuildViews.gd:1909
Riftbreaks,Yarık Taşmaları,scripts/ui/GuildViews.gd:1910
"From Act II a rift swells every so often: a rank, a place and a countdown in days (Rift Hall and the camp's status board). Seal a rift of that rank or higher before it runs out to close it, for a little Essence. Otherwise it breaks, and every rift run waits until your guild defends. Ranks below S break out in a region; from S up they break at your camp. Holding pays Gold and Essence. Losing costs a share of your Essence and of the Gold beyond the coming payday's wages, damages a building (two at the camp) and wounds the posted heroes who fell.","II. Perde'den itibaren ara sıra bir yarık kabarır: bir rütbe, bir yer ve günlerle bir geri sayım (Yarık Salonu ve kampın durum panosu). Süre bitmeden o rütbede ya da daha yüksek bir yarığı mühürlersen kapanır ve biraz Öz kazanırsın. Yoksa taşar ve loncan savunana dek her yarık seferi bekler. S'nin altındaki rütbeler bir bölgede taşar; S ve üstü kampında taşar. Dayanmak Altın ve Öz kazandırır. Kaybetmek Özünden ve yaklaşan maaş gününün ücretleri dışındaki Altınından bir pay alır, bir yapıya (kampta ikisine) hasar verir ve düşen nöbetçi kahramanları yaralar.",scripts/ui/GuildViews.gd:1910
Defending,Savunma,scripts/ui/GuildViews.gd:1911
"Foes walk the roads toward the goal. Build towers on the round pads with supplies (you start with some and earn more for every kill); click a tower to upgrade or sell it. Ballistas shoot far, Fire Braziers splash and burn, Frost Totems slow, Ward Stones shield nearby heroes, Chapels mend them; research in the Defenses branch opens the last three and tier 3. Idle heroes stand at posts: warriors and rogues hold foes in place, rangers and mages shoot. Steer one champion by clicking where to go. Every foe that gets through costs integrity (an elite 3, a warden 10); at 0 the defense is lost. Call a wave early for bonus supplies.","Düşmanlar yollardan hedefe doğru yürür. Yuvarlak kaidelere erzakla kuleler kur (bir miktarla başlarsın, her öldürmede daha fazlasını kazanırsın); geliştirmek ya da satmak için bir kuleye tıkla. Balistalar uzağa atar, Ateş Mangalları sıçrar ve yakar, Ayaz Totemleri yavaşlatır, Muhafız Taşları yakındaki kahramanları korur, Şapeller onları iyileştirir; Savunma dalındaki araştırma son üçünü ve 3. kademeyi açar. Boştaki kahramanlar nöbet yerlerinde durur: savaşçılar ve düzenbazlar düşmanları yerinde tutar, korucular ve büyücüler ateş eder. Bir şampiyonu gideceği yere tıklayarak yönet. Geçen her düşman bütünlüğe mal olur (bir seçkin 3, bir muhafız 10); 0'da savunma kaybedilir. Ek erzak için bir dalgayı erken çağır.",scripts/ui/GuildViews.gd:1911
"Each new guild meets twelve champions, drawn from a pool of twenty-four: three are freed at the end of Acts I, II and III, and nine are lost in the Endless Rift, where a pillar of light marks each one (stand in it to free them). A champion never joins the roster. In rift runs one oversees the party: their Boon lifts everyone, and any hero can spend a turn on their Call (once a rift, twice from level 3). In the Endless Rift your champions are the party, each with their Call as a signature move. Essence levels them up (to 5).","Her yeni lonca, yirmi dörtlük bir havuzdan çekilen on iki şampiyonla tanışır: üçü I., II. ve III. Perdenin sonunda özgürleşir, dokuzu Sonsuz Yarık'ta kayıptır ve her birini bir ışık sütunu işaret eder (özgürleştirmek için içinde dur). Şampiyonlar kadroya katılmaz. Yarık seferlerinde biri grubu gözetir: Lütfu herkesi güçlendirir ve herhangi bir kahraman sırasını onun Çağrısına harcayabilir (yarık başına bir, 3. seviyeden itibaren iki kez). Sonsuz Yarık'ta grup şampiyonlarının kendisidir ve her birinin Çağrısı imza hareketidir. Öz ile seviye atlarlar (en fazla 5).",scripts/ui/GuildViews.gd:1912
Attributes,Nitelikler,scripts/ui/GuildViews.gd:1913
"Might (damage, HP), Agility (speed, dodge, first strike) and Focus (ability power, mend). Heroes gain 3 points per level to spend on the Roster's Hero tab; gear adds more, and better gear needs a minimum in its attribute to equip. Train up to 8 extra points with Gold, or reset a hero's points for 5 Essence per level (gear they no longer qualify for comes off).","Kudret (hasar, can), Çeviklik (hız, kaçınma, ilk vuruş) ve Odak (yetenek gücü, iyileşme). Kahramanlar seviye başına Kadro'nun Kahraman sekmesinde harcanacak 3 puan kazanır; teçhizat daha fazlasını ekler ve daha iyi teçhizat kuşanmak için niteliğinde bir alt sınır ister. Altınla en fazla 8 ek puan eğit ya da bir kahramanın puanlarını seviye başına 5 Öz karşılığında sıfırla (artık uygun olmadığı teçhizat çıkarılır).",scripts/ui/GuildViews.gd:1913
Quests & Milestones,Görevler ve Kilometre Taşları,scripts/ui/GuildViews.gd:1914
"The quest board posts 6 quests (hunts, boss bounties, rift seals, trials); take up to 3 at a time. Unaccepted postings are replaced every 3 days (a day passes with each rift run or rest). Milestones are a static checklist, auto-granted the moment they're met. Renown occasionally arms a guaranteed Epic relic at the next Shop. A rare escort NPC can also tag along on a fight — surviving pays a small bonus.","Görev panosu 6 görev asar (avlar, boss ödülleri, yarık mühürleri, sınavlar); aynı anda en fazla 3 tane al. Kabul edilmeyen ilanlar her 3 günde bir değişir (her yarık koşusu ya da dinlenmeyle bir gün geçer). Kilometre taşları sabit bir listedir, karşılandıkları an kendiliğinden verilir. Ün ara sıra sonraki Dükkânda garanti bir Destansı kalıntı hazırlar. Nadiren bir eşlik edilen kişi de bir dövüşe katılabilir — hayatta kalırsa küçük bir bonus öder.",scripts/ui/GuildViews.gd:1914
"Wages, morale and the rival","Maaş, moral ve rakip",scripts/ui/GuildViews.gd:1915
"Every 7 days (a day = one rift run or rest) heroes draw wages by rank and level, and every Guild Management level costs upkeep; see Guild > Ledger. Unpaid upkeep costs Renown. The Training Yard trains only a few attribute points a week (more with the Drill Yard), and a feast seats a limited number of heroes, lowest morale first (more with the Trade Network). The unpaid lose morale, and a hero unpaid twice in a row, or at rock-bottom morale on payday, walks out. Morale (0-100) rises with sealed rifts and feasts and falls with defeats, knockouts, idle weeks and failed contracts: Inspired heroes deal +10% damage, Shaken -10%, Breaking -20%. Taken contracts are due in 6-10 days. A rival guild gains Renown daily, and once a week it may make a move you answer before payday: court one of your heroes (match their offer, or they choose, staying only at morale 50 or above), dare you to seal a rift by payday (Renown rides on it), or go for a posted contract (take it on or lose it). Requests and the rival's moves pop up at camp and wait in the Ledger, whose week board shows each day to payday. At payday, the leader on Renown gets the better recruits. Every 28 days, whichever guild gained more Renown wins a prize.","Her 7 günde bir (bir gün = bir yarık seferi ya da dinlenme) kahramanlar rütbe ve seviyeye göre maaş alır ve her Lonca Yönetimi seviyesinin bakım masrafı vardır; bkz. Lonca > Defter. Ödenmeyen bakım Üne mal olur. Eğitim Sahası haftada yalnızca birkaç nitelik puanı çalıştırır (Talim Sahası ile daha fazla) ve bir ziyafet sınırlı sayıda kahramanı, en düşük morallilerden başlayarak ağırlar (Ticaret Ağı ile daha fazla). Maaşı ödenmeyenlerin morali düşer; üst üste iki kez ödenmeyen ya da maaş gününde morali dipteki kahraman ayrılır. Moral (0-100) mühürlenen yarıklar ve ziyafetlerle yükselir; yenilgiler, bayılmalar, boş haftalar ve başarısız sözleşmelerle düşer: Coşkulu kahramanlar +%10 hasar verir, Sarsılmış -%10, Çöken -%20. Alınan sözleşmelerin süresi 6-10 gündür. Rakip bir lonca her gün Ün kazanır ve haftada bir, maaş gününden önce cevaplaman gereken bir hamle yapabilir: kahramanlarından birine göz diker (teklifi karşıla ya da kendisi seçsin; yalnızca 50 ve üstü moralde kalır), maaş gününe kadar bir yarığı mühürlemen için meydan okur (Ün ortaya konur) ya da ilandaki bir sözleşmenin peşine düşer (üstlen ya da kaybet). İstekler ve rakibin hamleleri kampta açılır ve Defter'de bekler; Defter'in hafta panosu maaş gününe kadar her günü gösterir. Maaş gününde Ünde önde olan daha iyi acemileri alır. Her 28 günde bir, daha çok Ün kazanan lonca ödül kazanır.",scripts/ui/GuildViews.gd:1915
Hero requests,Kahraman istekleri,scripts/ui/GuildViews.gd:1916
"Mid-week a hero may ask for something: time off (away a few days), a raise (a bigger wage for good), Gold for kit, a Training Yard slot, or your side in a feud with another hero. Saying yes costs something; saying no costs morale. Answer in the Ledger before payday, or it counts as a no.","Hafta ortasında bir kahraman bir şey isteyebilir: izin (birkaç gün uzakta), zam (kalıcı olarak daha yüksek maaş), teçhizat için Altın, bir Talim Alanı yeri ya da başka bir kahramanla kavgasında senin desteğin. Evet demek bir şeye mal olur; hayır demek morale mal olur. Maaş gününden önce Defter'de cevap ver, yoksa hayır sayılır.",scripts/ui/GuildViews.gd:1916
Hunt,Av,scripts/ui/GuildViews.gd:1927
Wanted,Aranan,scripts/ui/GuildViews.gd:1927
Seal the Rift,Yarığı Mühürle,scripts/ui/GuildViews.gd:1927
Trial,Sınav,scripts/ui/GuildViews.gd:1928
Supply,İkmal,scripts/ui/GuildViews.gd:1928
Day %d  ·  Taken %d/%d  ·  new postings in %d day%s,Gün %d  ·  Alınan %d/%d  ·  yeni ilanlara %d gün%s,scripts/ui/GuildViews.gd:1964
A day passes with every rift run or rest. Unaccepted postings are replaced when the board refreshes; quests you've taken stay.,Her yarık koşusu ya da dinlenmeyle bir gün geçer. Kabul edilmeyen ilanlar pano yenilenince değişir; aldığın görevler kalır.,scripts/ui/GuildViews.gd:1969
Nothing posted — new postings in %d day%s.,İlan yok — yeni ilanlara %d gün%s.,scripts/ui/GuildViews.gd:1981
Every 20 Renown arms a guaranteed Epic relic at your next Shop.,"Her 20 Ün, sonraki Dükkânında garanti bir Destansı kalıntı hazırlar.",scripts/ui/GuildViews.gd:1985
Milestones,Kilometre taşları,scripts/ui/GuildViews.gd:1988
Claimed,Alındı,scripts/ui/GuildViews.gd:1994
Quest,Görev,scripts/ui/GuildViews.gd:2020
Due in %d day%s,%d gün%s içinde,scripts/ui/GuildViews.gd:2041
Due today,Bugün bitiyor,scripts/ui/GuildViews.gd:2041
%d days once taken,Alınınca %d gün,scripts/ui/GuildViews.gd:2046
Difficulty,Zorluk,scripts/ui/GuildViews.gd:2053
Reward: ,Ödül: ,scripts/ui/GuildViews.gd:2056
Take on,Üstlen,scripts/ui/GuildViews.gd:2066
You already have %d quests — finish or abandon one first,Zaten %d görevin var — önce birini bitir ya da bırak,scripts/ui/GuildViews.gd:2073
Only progress made after taking it counts,Yalnızca görevi aldıktan sonraki ilerleme sayılır,scripts/ui/GuildViews.gd:2073
Claim reward,Ödülü al,scripts/ui/GuildViews.gd:2078
Abandon,Bırak,scripts/ui/GuildViews.gd:2092
Take it down,İndir,scripts/ui/GuildViews.gd:2100
DONE,BİTTİ,scripts/ui/GuildViews.gd:2124
TAKEN,ALINDI,scripts/ui/GuildViews.gd:2124
FAILED,BAŞARISIZ,scripts/ui/GuildViews.gd:2124
Keepers of the Vale · %d/%d halls restored,Vadi'nin Bekçileri · yeniden açılan salon %d/%d,scripts/ui/GuildViews.gd:2144
"The rifts are shut. The old Accord guilds' halls stand empty across the Vale; restore them, and each keeps giving.","Yarıklar kapalı. Eski Ahit loncalarının salonları Vadi'nin dört bir yanında boş duruyor; onları yeniden aç, her biri vermeye devam eder.",scripts/ui/GuildViews.gd:2145
Restore · %d Gold · %d Essence,Yeniden aç · %d Altın · %d Öz,scripts/ui/GuildViews.gd:2164
The Open Hollow · %d tides held of %d,"Açık Oyuk · dayanılan gelgit %d, toplam %d",scripts/ui/GuildViews.gd:2176
"The Hollow is out. A tide breaks every week, and each one held makes the next stronger. Every tidewall holds a little of it back.",Oyuk açıkta. Her hafta bir gelgit kırılıyor ve dayanılan her gelgit bir sonrakini güçlendiriyor. Her gelgit duvarı onun bir kısmını geri tutar.,scripts/ui/GuildViews.gd:2177
Tidewalls: %d,Gelgit duvarları: %d,scripts/ui/GuildViews.gd:2183
"The next tide: %d%% of the first one's strength, %d%% against your walls","Sonraki gelgit: ilkinin gücünün %%%d kadarı, duvarlarına karşı %%%d",scripts/ui/GuildViews.gd:2184
Raise a tidewall · %d Gold · %d Essence,Gelgit duvarı yükselt · %d Altın · %d Öz,scripts/ui/GuildViews.gd:2187
Every tide is %d%% weaker against the guild for each wall.,Her duvar için her gelgit loncaya karşı %%%d daha zayıf olur.,scripts/ui/GuildViews.gd:2191
 Branch, Dalı,scripts/ui/GuildViews.gd:2205
Click again to confirm reset,Sıfırlamayı onaylamak için tekrar tıkla,scripts/ui/GuildViews.gd:2225
Reset Guild,Loncayı Sıfırla,scripts/ui/GuildViews.gd:2225
Lv %d/%d,Sv %d/%d,scripts/ui/GuildViews.gd:2270
Damaged in a Riftbreak: works at Lv %d until repaired.,Bir Yarık Taşmasında hasar gördü: onarılana dek Sv %d olarak çalışır.,scripts/ui/GuildViews.gd:2293
Repair a level — %d Gold,Bir seviye onar — %d Altın,scripts/ui/GuildViews.gd:2296
%s repaired,%s onarıldı,scripts/ui/GuildViews.gd:2299
Works at Lv %d,Sv %d düzeyinde çalışıyor,scripts/ui/GuildViews.gd:2299
Each level: %s · upkeep +%d Gold a week,Her seviye: %s · bakım haftada +%d Altın,scripts/ui/GuildViews.gd:2302
%s Lv%d — %s,%s Sv%d — %s,scripts/ui/GuildViews.gd:2307
⌂ Camp: the %s is rebuilt at Lv3 and Lv5 (now tier %d/3),⌂ Kamp: %s Sv3 ve Sv5'te yeniden yapılır (şu an kademe %d/3),scripts/ui/GuildViews.gd:2313
⌂ Camp: every level grows the Guild Hall (guild tier),⌂ Kamp: her seviye Lonca Salonu'nu büyütür (lonca kademesi),scripts/ui/GuildViews.gd:2315
Upgrade to Lv%d — %d Gold,Geliştir: Sv%d — %d Altın,scripts/ui/GuildViews.gd:2320
Upgrade to Lv%d — %d Essence,Yükselt: Sv%d — %d Öz,scripts/ui/GuildViews.gd:2320
%s — Lv%d,%s — Sv%d,scripts/ui/GuildViews.gd:2327
Next: %s%s,Sonraki: %s%s,scripts/ui/GuildViews.gd:2330
"
Unlocks: ","
Açar: ",scripts/ui/GuildViews.gd:2330
navigator.storage && navigator.storage.persist && navigator.storage.persist();,,scripts/ui/Main.gd:35
(new URLSearchParams(location.search)).get('receive')||'',(new URLSearchParams(location.search)).get('receive')||'',scripts/ui/Main.gd:38
"history.replaceState(null,'',location.pathname)","history.replaceState(null,'',location.pathname)",scripts/ui/Main.gd:40
Click to dismiss,Kapatmak için tıkla,scripts/ui/Main.gd:236
"%d achievements, see Records","%d başarım, Kayıtlar'a bak",scripts/ui/Main.gd:304
Achievement: %s,Başarım: %s,scripts/ui/Main.gd:309
Achievement earned,Başarım kazanıldı,scripts/ui/Main.gd:311
Back up your guild,Loncanı yedekle,scripts/ui/Main.gd:315
It lives in this browser only. Settings > Backup > Export save keeps a copy.,Yalnızca bu tarayıcıda duruyor. Ayarlar > Yedek > Kaydı dışa aktar bir kopya tutar.,scripts/ui/Main.gd:316
Turn your phone sideways,Telefonunu yan çevir,scripts/ui/Main.gd:457
Guildhold plays in landscape.,Guildhold yatay ekranda oynanır.,scripts/ui/Main.gd:463
Expose the Company,Bölüğü ifşa et,scripts/ui/Main.gd:535
+%d Renown. The Company will strike back: a Riftbreak at your door.,+%d Ün. Bölük karşılık verecek: kapında bir Yarık Taşması.,scripts/ui/Main.gd:538
Keep quiet,Sessiz kal,scripts/ui/Main.gd:540
Contracts pay %d%% more Gold for the rest of the campaign. The Accord said: never sell a rift.,Sözleşmeler seferin geri kalanında %%%d daha fazla Altın öder. Ahit şöyle derdi: asla bir yarık satma.,scripts/ui/Main.gd:543
Give it back (+%d Renown),Geri ver (+%d Ün),scripts/ui/Main.gd:554
Keep it (+%d Essence),Sakla (+%d Öz),scripts/ui/Main.gd:558
Who takes the forty-first post?,Kırk birinci nöbeti kim devralacak?,scripts/ui/Main.gd:575
"%s — Rank %s, Lv%d","%s — Rütbe %s, Sv%d",scripts/ui/Main.gd:577
They leave the guild forever and go on the Memorial. Riftbreaks end.,Loncadan sonsuza dek ayrılır ve Anıt'a yazılır. Yarık Taşmaları sona erer.,scripts/ui/Main.gd:583
Back,Geri,locale/extra_msgids.txt
Renew the Accord,Ahit'i yenile,scripts/ui/Main.gd:589
Sign the last line. One of your heroes holds the forty-first post forever; Riftbreaks end.,Son satırı imzala. Kahramanlarından biri kırk birinci nöbeti sonsuza dek tutar; Yarık Taşmaları sona erer.,scripts/ui/Main.gd:592
Break the Accord,Ahit'i boz,scripts/ui/Main.gd:594
Burn the Terms. Every champion of the old guilds comes home; Riftbreaks come twice as often.,Şartları yak. Eski loncaların bütün şampiyonları eve döner; Yarık Taşmaları iki kat sık gelir.,scripts/ui/Main.gd:597
Retire the %s,%s loncasını emekliye ayır,scripts/ui/Main.gd:634
The Vale will remember the %s,"Vadi, %s loncasını hatırlayacak",scripts/ui/Main.gd:634
"The guild leaves its save slot for the Hall of Guilds, where its record stays. It can't be played again.",Lonca kayıt yuvasından ayrılıp Loncalar Salonu'na geçer; kaydı orada kalır. Bir daha oynanamaz.,scripts/ui/Main.gd:639
"Your guild's story is told. Choose up to two heroes the Vale will remember: they come back as champions in your later guilds, waiting to be freed in the Endless Rift.",Loncanın hikâyesi anlatıldı. Vadi'nin hatırlayacağı en fazla iki kahraman seç: sonraki loncalarında şampiyon olarak geri dönerler ve Sonsuz Yarık'ta kurtarılmayı beklerler.,scripts/ui/Main.gd:640
Laurels this guild leaves: %d,Bu loncanın bıraktığı Defne: %d,scripts/ui/Main.gd:641
"5 for each act finished, 10 for the Accord's ending, 2 for each champion freed in the Endless Rift, 5 for the Royal Charter, 3 for Captain Morrow, 1 for each echo given back. Spent when founding your next guild.","Biten her perde için 5, Ahit'in sonu için 10, Sonsuz Yarık'ta kurtarılan her şampiyon için 2, Kraliyet Beratı için 5, Yüzbaşı Morrow için 3, geri verilen her yankı için 1. Sonraki loncanı kurarken harcanır.",scripts/ui/Main.gd:643
"%s, who took the forty-first post, will be remembered too.",Kırk birinci nöbeti üstlenen %s de hatırlanacak.,scripts/ui/Main.gd:646
"No hero has reached Rank C or sealed 25 rifts yet, so none can be remembered.",Henüz hiçbir kahraman C Rütbeye ulaşmadı ya da 25 yarık mühürlemedi; bu yüzden kimse hatırlanamaz.,scripts/ui/Main.gd:650
Remember (%d/%d):,Hatırla (%d/%d):,scripts/ui/Main.gd:652
Rank %s %s · %d rifts,%s Rütbe %s · %d yarık,scripts/ui/Main.gd:666
Write it in the Chronicle,Tarihçe'ye yaz,scripts/ui/Main.gd:679
The %s joined the Hall of Guilds: +%d Laurels.,%s loncası Loncalar Salonu'na katıldı: +%d Defne.,scripts/ui/Main.gd:683
Charter,Kuruluş,scripts/ui/Main.gd:702
%s · locked,%s · kilitli,scripts/ui/Main.gd:714
Unlock · %d Laurels,Kilidi aç · %d Defne,scripts/ui/Main.gd:722
%d Laurels,%d Defne,scripts/ui/Main.gd:736
%s: %s,%s: %s,scripts/ui/Main.gd:739
 or , ya da ,scripts/ui/Main.gd:739
Still locked — %s,Hâlâ kilitli — %s,scripts/ui/Main.gd:741
The Vale this year,Vadi'de bu yıl,scripts/ui/Main.gd:751
Roll again · %d Laurels,Yeniden çek · %d Defne,scripts/ui/Main.gd:757
Oaths · +%d%% Laurels,Yeminler · +%%%d Defne,scripts/ui/Main.gd:775
Oaths (optional; they can't be dropped later),Yeminler (isteğe bağlı; sonradan bırakılamaz),scripts/ui/Main.gd:775
%s · +%d%%,%s · +%%%d,scripts/ui/Main.gd:784
Laurels: %d (from %d past guild%s),Defne: %d (geçmiş lonca sayısı %d%s),scripts/ui/Main.gd:807
%s · %d,%s · %d,scripts/ui/Main.gd:817
Party Assembly,Ekip Kurma,scripts/ui/Main.gd:1192
Riftbreak,Yarık Taşması,scripts/ui/Main.gd:886
Tower of Trials — Floor %d,Sınav Kulesi — Kat %d,scripts/ui/Main.gd:2325
The Descent — Depth %d,İniş — Derinlik %d,scripts/ui/Main.gd:888
Rift Run — Floor %d/%d,Yarık Koşusu — Kat %d/%d,scripts/ui/Main.gd:889
Settings,Ayarlar,scripts/ui/Main.gd:1312
Camp,Kamp,scripts/ui/Main.gd:1173
Camp — %s,Kamp — %s,scripts/ui/Main.gd:892
★ RANK S ★,★ RÜTBE S ★,scripts/ui/Main.gd:940
is offered as a Champion!,Şampiyon olarak sunuluyor!,scripts/ui/Main.gd:943
is available to recruit!,işe alınabilir!,scripts/ui/Main.gd:943
"Gold — recruit and train heroes, buy from rift shops and supplies, reroll offers.","Altın — kahraman işe al ve eğit, yarık dükkânlarından ve ikmalden satın al, teklifleri yenile.",scripts/ui/Main.gd:972
"Essence — earned by fighting and sealing rifts. Evolves heroes, upgrades relics and the guild, reforges gear, resets attributes.","Öz — dövüşerek ve yarık mühürleyerek kazanılır. Kahramanları evrimleştirir, kalıntıları ve loncayı geliştirir, teçhizatı yeniden döver, nitelikleri sıfırlar.",scripts/ui/Main.gd:973
Roster,Kadro,scripts/ui/Main.gd:1001
Library,Kütüphane,scripts/ui/Main.gd:1005
%s  (key %s),%s  (tuş %s),scripts/ui/Main.gd:1088
Tower,Kule,scripts/ui/Main.gd:1182
Back to %s,Geri: %s,scripts/ui/Main.gd:1229
%d Guild Management levels,%d Lonca Yönetimi seviyesi,scripts/ui/Main.gd:1250
 · %d more to %s, · %d seviye daha: %s,scripts/ui/Main.gd:1252
. The tier grows with Guild Management levels; the Guild Hall grows with it.,. Kademe Lonca Yönetimi seviyeleriyle büyür; Lonca Salonu da onunla büyür.,scripts/ui/Main.gd:1253
Guild titles — Tower of Trials (best floor %d) and the Endless Rift (best %d:%02d),Lonca unvanları — Sınav Kulesi (en iyi kat %d) ve Sonsuz Yarık (en iyi %d:%02d),scripts/ui/Main.gd:1268
Renown %d — %s %s (%d). The leader at payday gets the better recruits; every 20 arms an Epic at your next rift shop. See Guild > Ledger.,Ün %d — %s: %s (%d). Maaş gününde önde olan daha iyi acemileri alır; her 20 Ün bir sonraki yarık dükkânında bir Destansı garantiler. Bkz. Lonca > Defter.,scripts/ui/Main.gd:1300
you lead,öndesin,scripts/ui/Main.gd:1301
you trail,geridesin,scripts/ui/Main.gd:1301
level with,berabersin,scripts/ui/Main.gd:1301
Guildhold,Guildhold,scripts/ui/Main.gd:1346
A guild-management roguelite,Bir lonca yönetimi roguelite oyunu,scripts/ui/Main.gd:1354
Test build %s · what's new is %s,Test sürümü %s · yenilikler %s,scripts/ui/Main.gd:1355
below,aşağıda,scripts/ui/Main.gd:1355
on the right,sağda,scripts/ui/Main.gd:1355
New Game,Yeni Oyun,scripts/ui/Main.gd:1363
Load Game,Oyun Yükle,scripts/ui/Main.gd:1371
Receive a guild,Lonca al,scripts/ui/Main.gd:1375
Credits,Emeği Geçenler,scripts/ui/Main.gd:1380
Feedback,Geri Bildirim,scripts/ui/Main.gd:1385
Quit,Çıkış,scripts/ui/Main.gd:1392
"This test build is made for a computer with a keyboard and mouse (or a gamepad). It runs on a phone, but small screens are cramped.",Bu test sürümü klavye ve fareli (ya da oyun kollu) bir bilgisayar için yapıldı. Telefonda da çalışır ama küçük ekranlar sıkışık kalır.,scripts/ui/Main.gd:1397
What's new in %s,%s sürümünde yenilikler,scripts/ui/Main.gd:1479
"Your save lives in this browser. Clearing site data erases it, so back it up under Load Game > Backup now and then.",Kaydın bu tarayıcıda duruyor. Site verilerini temizlemek onu siler; ara sıra Oyun Yükle > Yedek'ten yedekle.,scripts/ui/Main.gd:1484
Version %s (%s),Sürüm %s (%s),scripts/ui/Main.gd:1496
"Day %d, Act %d, %d heroes, %d rifts sealed, best rank %s, Endless best %d:%02d, Tower floor %d","Gün %d, Perde %d, %d kahraman, %d yarık mühürlendi, en iyi rütbe %s, Sonsuz en iyi %d:%02d, Kule katı %d",scripts/ui/Main.gd:1498
"

What happened:

What you expected:

Anything confusing, too hard or too easy:
","

Ne oldu:

Ne bekliyordun:

Kafa karıştıran, çok zor ya da çok kolay bir şey:
",scripts/ui/Main.gd:1502
Played %dh %02dm,Oynama süresi: %d sa %02d dk,scripts/ui/Main.gd:1510
"Fights: %d by hand (%d won), %d on Auto (%d won)","Dövüşler: %d elle (%d kazanıldı), %d Otomatik (%d kazanıldı)",scripts/ui/Main.gd:1511
Last %d runs: %s,Son %d sefer: %s,scripts/ui/Main.gd:1517
"Unspent: %d Gold, %d Essence, %d skill points, %d attribute points","Harcanmamış: %d Altın, %d Öz, %d beceri puanı, %d nitelik puanı",scripts/ui/Main.gd:1523
Renown %d vs rival %d; heroes lost %d,"Ün %d, rakip %d; kaybedilen kahraman %d",scripts/ui/Main.gd:1524
Send feedback,Geri bildirim gönder,scripts/ui/Main.gd:1533
"Found a bug, or something felt off? Tell us on Discord. This report already says which build you're on and how far your guild is: copy it, then paste it into your message.","Bir hata mı buldun, ya da bir şey tuhaf mı geldi? Discord'da bize anlat. Bu rapor hangi sürümde olduğunu ve loncanın ne kadar ilerlediğini zaten içeriyor: kopyala, sonra mesajına yapıştır.",scripts/ui/Main.gd:1534
Copy report,Raporu kopyala,scripts/ui/Main.gd:1540
Copied. Paste it into a message on the Discord.,Kopyalandı. Discord'daki bir mesaja yapıştır.,scripts/ui/Main.gd:1542
Copy and open Discord,Kopyala ve Discord'u aç,scripts/ui/Main.gd:1544
Leave fullscreen,Tam ekrandan çık,scripts/ui/Main.gd:1561
Fullscreen,Tam ekran,scripts/ui/Main.gd:1561
"setTimeout(function(){ try { screen.orientation.lock('landscape').catch(function(){}); } catch (e) {} }, 400);","setTimeout(function(){ try { screen.orientation.lock('landscape').catch(function(){}); } catch (e) {} }, 400);",scripts/ui/Main.gd:1565
"A roguelite guild-management game — recruit heroes, evolve their subclasses, and send them through the Rifts.","Bir roguelite lonca yönetimi oyunu — kahraman topla, alt sınıflarını evrimleştir ve onları Yarıklara gönder.",scripts/ui/Main.gd:1583
Version %s,Sürüm %s,scripts/ui/Main.gd:1585
Built with Godot Engine 4.7,Godot Engine 4.7 ile yapıldı,scripts/ui/Main.gd:1586
Pixel art generated with PixelLab,Piksel sanat PixelLab ile üretildi,scripts/ui/Main.gd:1587
"Sound effects by Kenney, rubberduck and artisticdude (CC0)","Ses efektleri: Kenney, rubberduck ve artisticdude (CC0)",scripts/ui/Main.gd:1588
Ashen,,scripts/ui/Main.gd:1612
Silver,,scripts/ui/Main.gd:1612
Iron,,scripts/ui/Main.gd:1612
Dawn,,scripts/ui/Main.gd:1612
Hollow,,scripts/ui/Main.gd:1612
Raven,,scripts/ui/Main.gd:1612
Gilded,,scripts/ui/Main.gd:1612
Last,,scripts/ui/Main.gd:1612
Lantern,,scripts/ui/Main.gd:1613
Crows,,scripts/ui/Main.gd:1613
Wardens,,scripts/ui/Main.gd:1613
Blades,,scripts/ui/Main.gd:1613
Oath,,scripts/ui/Main.gd:1613
Company,,scripts/ui/Main.gd:1613
Watch,,scripts/ui/Main.gd:1613
Hearth,,scripts/ui/Main.gd:1613
Banner,,scripts/ui/Main.gd:1613
Vigil,,scripts/ui/Main.gd:1613
Save Slot %d,Kayıt Yuvası %d,scripts/ui/Main.gd:1619
Name Your Guild,Loncana İsim Ver,scripts/ui/Main.gd:1629
Guild name,Lonca adı,scripts/ui/Main.gd:1631
Random name,Rastgele ad,scripts/ui/Main.gd:1639
The %s %s,%s %s,scripts/ui/Main.gd:1640
Choose a Crest,Bir Arma Seç,scripts/ui/Main.gd:1644
Randomize,Rastgele,scripts/ui/Main.gd:1648
Found the Guild,Loncayı Kur,scripts/ui/Main.gd:1659
Name your guild first,Önce loncana bir ad ver,scripts/ui/Main.gd:1663
"The Ashen Crown is shattered. Rifts still open — push the Endless Rift, climb the rift ladder to SSS, and take on quests.","Küllü Taç paramparça. Yarıklar hâlâ açılıyor — Sonsuz Yarık'ta sınırlarını zorla, yarık merdiveninde SSS'ye tırman ve görevler üstlen.",scripts/ui/Main.gd:1705
Face the finale: %s,Finalle yüzleş: %s,scripts/ui/Main.gd:1729
Recommended power %d,Önerilen güç %d,scripts/ui/Main.gd:1740
Complete every objective above first,Önce yukarıdaki tüm hedefleri tamamla,scripts/ui/Main.gd:1740
"Payday in %d day%s: %d Gold due, you have %d — ","Maaş gününe %d gün%s: %d Altın ödenecek, sende %d var — ",scripts/ui/Main.gd:1753
covered.,karşılanıyor.,locale/extra_msgids.txt
short %d; about %d rift%s at your recent pay (%d each) covers it.,%d eksik; yaklaşık %d yarık%s son kazancınla (her biri %d) bunu karşılar.,scripts/ui/Main.gd:1757
short %d.,%d eksik.,scripts/ui/Main.gd:1759
Choosing a rift,Yarık seçmek,scripts/ui/Main.gd:1773
"Rifts come in ranks, F to SSS. Seal a rank to open the next. The readout compares your best party's power with what the rift expects — Deadly, Risky, Even or Favored. Your very first rift is a shorter training run.","Yarıklar F'den SSS'ye rütbelere ayrılır. Bir rütbeyi mühürlemek bir sonrakini açar. Gösterge en iyi ekibinin gücünü yarığın beklentisiyle karşılaştırır — Ölümcül, Riskli, Denk ya da Avantajlı. İlk yarığın daha kısa bir eğitim koşusudur.",scripts/ui/Main.gd:1773
Rank %s Rift,Rütbe %s Yarığı,scripts/ui/Main.gd:1807
Endless Rift — locked,Sonsuz Yarık — kilitli,scripts/ui/Main.gd:1808
Ranks C-SSS — locked,Rütbe C-SSS — kilitli,scripts/ui/Main.gd:1810
Rank C — %s,Rütbe C — %s,scripts/ui/Main.gd:1810
Two ways down. Either one can free the lost champions.,Aşağıya iki yol var. İkisi de kayıp şampiyonları kurtarabilir.,scripts/ui/Main.gd:1958
Your best,En iyin,scripts/ui/Main.gd:1967
Choose,Seç,scripts/ui/Main.gd:1970
The Descent,İniş,scripts/ui/Main.gd:1993
"Turn-based, with your heroes: depth after depth, each harder; lost champions wait in pillars · deepest %d","Sıra tabanlı, kahramanlarınla: derinlik ardına derinlik, her biri daha zor; kayıp şampiyonlar ışık sütunlarında bekler · en derin: %d",scripts/ui/Main.gd:1993
Opens when you complete Act II,II. Perde'yi bitirince açılır,scripts/ui/Main.gd:1994
Assemble party,Ekip kur,scripts/ui/Main.gd:1994
"Real-time, with your champions: steer them through endless waves · best %d:%02d","Gerçek zamanlı, şampiyonlarınla: onları bitmeyen dalgaların arasından yönet · en iyi %d:%02d",scripts/ui/Main.gd:1995
100 fixed floors · best floor %d,100 sabit kat · en iyi kat %d,scripts/ui/Main.gd:1997
Enter the Tower,Kuleye gir,scripts/ui/Main.gd:1998
Your best party,En iyi ekibin,scripts/ui/Main.gd:2019
Go,Git,scripts/ui/Main.gd:2059
Next: Rank %s — %s,Sonraki: Rütbe %s — %s,scripts/ui/Main.gd:2083
Rank %s — %s,Rütbe %s — %s,scripts/ui/Main.gd:2094
Rank %s — sealed,Rütbe %s — mühürlendi,scripts/ui/Main.gd:2096
Rank %s · %d floors,Rütbe %s · %d kat,scripts/ui/Main.gd:2108
Foes: base,Düşmanlar: temel,scripts/ui/Main.gd:2123
"Foes: ×%s health, ×%s damage","Düşmanlar: ×%s can, ×%s hasar",scripts/ui/Main.gd:2123
%s%s · Rewards ×%s%s,%s%s · Ödüller ×%s%s,scripts/ui/Main.gd:2124
Best floor %d / %d%s,En iyi kat %d / %d%s,scripts/ui/Main.gd:2139
The Tower,Kule,scripts/ui/Main.gd:2140
"Every floor is always the same fight — if you lose, study it, change your party and come back. Heroes fight at full HP and leave exactly as they came, so a loss costs nothing. Each floor pays the first time you clear it; every 10th floor is a guardian with its own relic.","Her kat hep aynı dövüştür — kaybedersen incele, ekibini değiştir ve geri gel. Kahramanlar tam canla dövüşür ve geldikleri gibi ayrılır, yani kaybetmenin bedeli yok. Her kat ilk temizlediğinde ödül verir; her 10. kat kendi kalıntısı olan bir muhafızdır.",scripts/ui/Main.gd:2140
You've cleared this week's ladder. Floors %d–%d reshuffle their rules in %d day%s.,Bu haftanın merdivenini temizledin. %d–%d katlarının kuralları %d gün%s sonra değişir.,scripts/ui/Main.gd:2144
Guardians,Muhafızlar,scripts/ui/Main.gd:2151
Floor %d,Kat %d,scripts/ui/Main.gd:2162
%s (floor %d),%s (kat %d),scripts/ui/Main.gd:2175
Titles: ,Unvanlar: ,scripts/ui/Main.gd:2176
Guardian: ,Muhafız: ,scripts/ui/Main.gd:2194
Elite fight,Seçkin dövüşü,scripts/ui/Main.gd:2194
Fight,Dövüş,scripts/ui/Main.gd:2194
  ·  weekly ladder,  ·  haftalık merdiven,scripts/ui/Main.gd:2195
Rule · %s — %s,Kural · %s — %s,scripts/ui/Main.gd:2204
No special rules on this floor.,Bu katta özel kural yok.,scripts/ui/Main.gd:2208
Assemble party (up to %d),Ekip kur (en fazla %d),scripts/ui/Main.gd:2214
First clear:,İlk temizleme:,scripts/ui/Main.gd:2233
This week's re-clear:,Bu haftanın tekrar temizlemesi:,scripts/ui/Main.gd:2233
Floor %d — %s,Kat %d — %s,scripts/ui/Main.gd:2270
 · streak %d, · seri %d,scripts/ui/Main.gd:2284
Today's twist is done%s. A new one tomorrow.,Günün cilvesi tamam%s. Yarın yenisi gelir.,scripts/ui/Main.gd:2286
"Today's twist: %s, start with %s · +%d Essence%s","Günün cilvesi: %s, %s ile başla · +%d Öz%s",scripts/ui/Main.gd:2288
"Rule: %s
Starting boon: %s (%s)
One try a day, any rank. Every guild faces the same twist today; seal it for +%d Essence and a longer streak.","Kural: %s
Başlangıç lütfu: %s (%s)
Günde bir deneme, herhangi bir rütbe. Bugün her lonca aynı cilveyle karşılaşıyor; mühürlersen +%d Öz ve daha uzun bir seri.",scripts/ui/Main.gd:2293
Rank %s Rift — today's twist: %s,Rütbe %s Yarığı — günün cilvesi: %s,scripts/ui/Main.gd:2322
Rule: %s Starting boon: %s (%s). Sealing it pays +%d Essence. Up to 4 heroes.,Kural: %s Başlangıç lütfu: %s (%s). Mühürlemek +%d Öz kazandırır. En fazla 4 kahraman.,scripts/ui/Main.gd:2323
Up to %d heroes. Everyone fights at full HP and leaves as they came.%s,En fazla %d kahraman. Herkes tam canla dövüşür ve geldiği gibi ayrılır.%s,scripts/ui/Main.gd:2327
 Rules: , Kurallar: ,scripts/ui/Main.gd:2327
The Descent — Rank %s,İniş — %s Rütbe,scripts/ui/Main.gd:2329
"Depths of %d floors, each harder and better paid than the last. Every second depth ends at a pillar where a lost champion waits. Climb out whenever you like and keep everything; fall, and lose half of what the Descent earned. Up to 4 heroes; it costs a day.","Her biri %d kattan oluşan, bir öncekinden daha zor ve daha iyi ödeyen derinlikler. Her ikinci derinlik, kayıp bir şampiyonun beklediği bir ışık sütununda biter. İstediğin zaman tırmanıp çık ve her şeyi koru; düşersen İniş'in kazandırdığının yarısını kaybedersin. En fazla 4 kahraman; bir gün sürer.",scripts/ui/Main.gd:2330
Finale — %s,Final — %s,scripts/ui/Main.gd:2332
A harder %s Rift that ends in %s. Up to 4 heroes.,Daha zor bir %s Yarığı; sonunda %s var. En fazla 4 kahraman.,scripts/ui/Main.gd:2333
Assemble Party (up to 4),Ekip Kur (en fazla 4),scripts/ui/Main.gd:2335
Pick your party,Ekibini seç,scripts/ui/Main.gd:2336
"Add heroes, then Enter the Rift. The front row takes most of the hits; the back row is attacked far less.","Kahraman ekle, sonra Yarığa Gir. Ön sıra darbelerin çoğunu alır; arka sıraya çok daha az saldırılır.",scripts/ui/Main.gd:2336
No heroes yet — recruit some under Roster > Recruits first.,Henüz kahraman yok — önce Kadro > Adaylar'dan birkaç tane işe al.,scripts/ui/Main.gd:2344
"Roster — click a hero to add them, or drag them onto a slot",Kadro — eklemek için bir kahramana tıkla ya da onu bir yuvaya sürükle,scripts/ui/Main.gd:2348
Add strongest,En güçlüleri ekle,scripts/ui/Main.gd:2354
"Fill the party with your strongest ready heroes, each in the row they stood in last.","Ekibi en güçlü hazır kahramanlarınla doldur, her biri en son durduğu sırada.",scripts/ui/Main.gd:2360
Clear,Temizle,scripts/ui/Main.gd:2363
Your overseer,Gözetmenin,scripts/ui/Main.gd:2381
"A champion never fights in a rift run. They oversee it: their Boon lifts the whole party, and any hero can spend a turn on their Call. (In the Endless Rift champions are the party; in a defense you steer one.)","Şampiyonlar yarık seferlerinde savaşmaz, seferi gözetir: Lütfu tüm grubu güçlendirir ve herhangi bir kahraman sırasını onun Çağrısına harcayabilir. (Sonsuz Yarık'ta grup şampiyonların kendisidir; bir savunmada birini sen yönetirsin.)",scripts/ui/Main.gd:2381
"Starting Relic (pick one, optional)","Başlangıç Kalıntısı (birini seç, isteğe bağlı)",scripts/ui/Main.gd:2386
F = Front row: takes most of the enemy's attacks.   B = Back row: attacked far less.,Ö = Ön sıra: düşman saldırılarının çoğunu alır.   A = Arka sıra: çok daha az saldırı alır.,scripts/ui/Main.gd:2449
Foes ›,Düşmanlar ›,scripts/ui/Main.gd:2461
Add a hero,Kahraman ekle,scripts/ui/Main.gd:2504
Front row,Ön sıra,scripts/ui/Main.gd:2513
Back row,Arka sıra,scripts/ui/Main.gd:2513
Front row: takes most of the enemy's attacks,Ön sıra: düşman saldırılarının çoğunu alır,scripts/ui/Main.gd:2520
Back row: attacked far less,Arka sıra: çok daha az saldırı alır,scripts/ui/Main.gd:2520
Send home,Eve gönder,scripts/ui/Main.gd:2533
Power %d,Güç %d,scripts/ui/Main.gd:2556
Fights best in Front,En iyi ön sırada dövüşür,scripts/ui/Main.gd:2561
Fights best in Back,En iyi arka sırada dövüşür,scripts/ui/Main.gd:2561
Click to send home,Eve göndermek için tıkla,scripts/ui/Main.gd:2591
"Click to add to the party, or drag onto a slot",Ekibe eklemek için tıkla ya da bir yuvaya sürükle,scripts/ui/Main.gd:2591
Lv%d %s · Power %d,Sv%d %s · Güç %d,scripts/ui/Main.gd:2628
Out %d run%s,%d sefer dışarıda%s,scripts/ui/Main.gd:2630
Away %d run%s,%d sefer uzakta%s,scripts/ui/Main.gd:2630
In the party · Front,Ekipte · Ön,scripts/ui/Main.gd:2632
In the party · Back,Ekipte · Arka,scripts/ui/Main.gd:2632
Choose a hero,Bir kahraman seç,scripts/ui/Main.gd:2675
Swap in a hero,Yerine bir kahraman koy,scripts/ui/Main.gd:2675
 · swaps places, · yer değiştirir,scripts/ui/Main.gd:2696
No other hero is ready to go.,Gitmeye hazır başka kahraman yok.,scripts/ui/Main.gd:2706
Send this one home,Bunu eve gönder,scripts/ui/Main.gd:2712
Loadouts,Dizilimler,scripts/ui/Main.gd:2733
%d · %s,%d · %s,scripts/ui/Main.gd:2746
%d · empty,%d · boş,scripts/ui/Main.gd:2746
"Left out (recovering, away or over the cap): %s","Dışarıda kaldı (iyileşiyor, uzakta ya da sınır dolu): %s",scripts/ui/Main.gd:2750
"Load this party, each hero in their saved row.",Bu grubu yükle; her kahraman kayıtlı sırasında.,scripts/ui/Main.gd:2753
Save,Kaydet,scripts/ui/Main.gd:2756
Loadout %d saved.,%d. dizilim kaydedildi.,scripts/ui/Main.gd:2758
"Save the party above, with their rows, as loadout %d.",Yukarıdaki grubu sıralarıyla birlikte %d. dizilim olarak kaydet.,scripts/ui/Main.gd:2762
Overseer: %s,Gözetmen: %s,scripts/ui/Main.gd:2774
none,yok,scripts/ui/Main.gd:2774
Boon: %s  ·  Call: %s — %s,Lütuf: %s  ·  Çağrı: %s — %s,scripts/ui/Main.gd:2777
None,Yok,scripts/ui/Main.gd:2794
Endless Rift — your champions (up to 4),Sonsuz Yarık — şampiyonların (en fazla 4),scripts/ui/Main.gd:2805
Champions only,Yalnızca şampiyonlar,scripts/ui/Main.gd:2806
"Only champions go into the Endless Rift. You steer the first one you pick; the others follow and fight on their own, each with their Call as a signature move. Somewhere in the rift, lost champions wait in pillars of light: stand in one to free them. A run costs the guild a day.","Sonsuz Yarık'a yalnızca şampiyonlar girer. İlk seçtiğini sen yönetirsin; diğerleri onu izler ve kendi başlarına savaşır, her birinin imza hamlesi Çağrısıdır. Yarığın bir yerinde kayıp şampiyonlar ışık sütunlarında bekler: kurtarmak için birinin içinde dur. Bir sefer loncaya bir güne mal olur.",scripts/ui/Main.gd:2806
Party power %d,Ekip gücü %d,scripts/ui/Main.gd:2822
%d lost champions still wait in the rift.,Yarıkta hâlâ %d kayıp şampiyon bekliyor.,scripts/ui/Main.gd:2825
Every lost champion has been found.,Bütün kayıp şampiyonlar bulundu.,scripts/ui/Main.gd:2825
Rift strength %d%% — it grows with every champion you free and every act you pass.,Yarık gücü %%%d — kurtardığın her şampiyon ve geçtiğin her perdeyle artar.,scripts/ui/Main.gd:2826
Enter the Rift,Yarığa Gir,scripts/ui/Main.gd:2828
%s · Level %d,%s · Seviye %d,scripts/ui/Main.gd:2859
Signature: %s,İmza hamlesi: %s,scripts/ui/Main.gd:2860
You steer this one,Bunu sen yönetiyorsun,scripts/ui/Main.gd:2862
Remove,Çıkar,scripts/ui/Main.gd:2863
Add,Ekle,scripts/ui/Main.gd:2863
You have no champions yet. The first is freed at the end of Act I.,Henüz şampiyonun yok. İlki I. Perde'nin sonunda kurtarılır.,scripts/ui/Main.gd:2876
Add at least one hero to the party.,Ekibe en az bir kahraman ekle.,scripts/ui/Main.gd:2906
Wounded: %s — they start the rift hurt.,Yaralı: %s — yarığa yaralı başlarlar.,scripts/ui/Main.gd:2908
"Endless Rift: you steer %s (the first hero you picked); the others follow and fight on their own. Your build comes along: gear, skills, equipped relics, dodge and mending, and each hero's Ability. Survive the waves, and beat the Rift Warden at 20:00 to seal the rift.","Sonsuz Yarık: %s karakterini sen yönetirsin (ilk seçtiğin kahraman); diğerleri takip eder ve kendi başına dövüşür. Donanımın seninle gelir: teçhizat, beceriler, kuşanılmış kalıntılar, kaçınma ve iyileşme, her kahramanın Yeteneği. Dalgalara dayan ve yarığı mühürlemek için 20:00'de Yarık Bekçisini yen.",scripts/ui/Main.gd:2916
Begin the trial,Sınava başla,scripts/ui/Main.gd:2918
Region:,Bölge:,scripts/ui/Main.gd:2985
The ,,scripts/ui/Main.gd:2991
Your best time in %s. It sets the foes you'll meet and the Rift Warden at 20:00 (%s).,%s bölgesindeki en iyi süren. Karşılaşacağın düşmanları ve 20:00'deki Yarık Bekçisini (%s) belirler.,scripts/ui/Main.gd:2994
%d gold,%d altın,scripts/ui/Main.gd:3006
%d essence,%d öz,scripts/ui/Main.gd:3007
the relic %s,%s kalıntısı,scripts/ui/Main.gd:3009
"the title ""%s""","""%s"" unvanı",scripts/ui/Main.gd:3011
Beat the Rift Warden at 20:00,20:00'de Yarık Bekçisini yen,scripts/ui/Main.gd:3012
Survive %d:00,%d:00'a kadar dayan,scripts/ui/Main.gd:3012
Next milestone: %s for %s.,Sonraki kilometre taşı: %s — ödül: %s.,scripts/ui/Main.gd:3013
⚠ A Rank %s rift near %s breaks in %d day%s — seal a Rank %s rift or higher to close it,⚠ %s rütbeli bir yarık %s yakınında %d gün%s içinde taşacak — kapatmak için %s rütbeli ya da daha yüksek bir yarığı mühürle,scripts/ui/Main.gd:3032
"Or let it break and defend: build towers, post idle heroes, steer a champion (Guild > Manage > Defenses researches towers).","Ya da taşmasına izin ver ve savun: kuleler kur, boştaki kahramanları nöbete koy, bir şampiyonu yönet (Lonca > Yönetim > Savunma kuleleri araştırır).",scripts/ui/Main.gd:3033
The rift has broken! Rank %s near %s,"Yarık taştı! %s rütbe, %s yakınında",scripts/ui/Main.gd:3053
Monsters are pouring out. Rift runs wait until your guild defends.,Canavarlar akın ediyor. Loncan savunana dek yarık seferleri bekler.,scripts/ui/Main.gd:3056
Riftbreak — Rank %s near %s,"Yarık Taşması — %s rütbe, %s yakınında",scripts/ui/Main.gd:3079
"Foes walk the roads toward your outpost. Build towers on the round pads with supplies: you start with some and earn more for every kill. Tap a built tower to upgrade or sell it. Heroes at posts stand by the road: warriors and rogues hold foes in place, rangers and mages shoot. Tap the ground to send your champion. Every foe that gets through costs integrity; at 0 the defense is lost.","Düşmanlar yollardan karakoluna doğru yürür. Yuvarlak kaidelere erzakla kuleler kur: bir miktarla başlarsın, her öldürmede daha fazlasını kazanırsın. Geliştirmek ya da satmak için kurulu bir kuleye dokun. Nöbetteki kahramanlar yol kenarında durur: savaşçılar ve düzenbazlar düşmanları yerinde tutar, korucular ve büyücüler ateş eder. Şampiyonunu göndermek için yere dokun. Geçen her düşman bütünlüğe mal olur; 0'da savunma kaybedilir.",scripts/ui/Main.gd:3080
%d waves · integrity %d · %d starting supplies,%d dalga · bütünlük %d · %d başlangıç erzakı,scripts/ui/Main.gd:3085
Towers: %s · up to tier %d,Kuleler: %s · en fazla %d. kademe,scripts/ui/Main.gd:3086
"Holding pays Gold and Essence. If it falls, you lose %d%% of your spare Gold and your Essence, %d building%s is damaged, and posted heroes who fell come back wounded.","Dayanmak Altın ve Öz kazandırır. Düşerse artan Altınının ve Özünün %%%d kadarını kaybedersin, %d yapı%s hasar görür ve düşen nöbetçi kahramanlar yaralı döner.",scripts/ui/Main.gd:3088
Posts (%d/%d),Nöbet yerleri (%d/%d),scripts/ui/Main.gd:3090
No idle heroes can stand guard: towers and your champion will have to hold.,Nöbet tutabilecek boşta kahraman yok: kuleler ve şampiyonun dayanmak zorunda.,scripts/ui/Main.gd:3092
%s · Lv%d · Power %d,%s · Sv%d · Güç %d,scripts/ui/Main.gd:3107
Stand down,Nöbetten al,scripts/ui/Main.gd:3108
Post,Nöbete koy,scripts/ui/Main.gd:3108
Champion: %s,Şampiyon: %s,scripts/ui/Main.gd:3120
The Night of Breaking: how the old guilds vanished. About a minute; Esc skips.,Kırılma Gecesi: eski loncalar nasıl kayboldu. Yaklaşık bir dakika; Esc atlar.,scripts/ui/Main.gd:3241
Hide feedback,Geri bildirimi gizle,scripts/ui/Main.gd:3243
Audio,Ses,scripts/ui/Main.gd:3251
Battle speed,Savaş hızı,scripts/ui/Main.gd:3265
Instant,Anında,scripts/ui/Main.gd:3267
Fights resolve with no animation; the screen updates when it's your turn,Dövüşler animasyonsuz çözülür; sıra sana gelince ekran güncellenir,scripts/ui/Main.gd:3274
Battle animations at %d× speed,Savaş animasyonları %d× hızda,scripts/ui/Main.gd:3274
Display,Görüntü,scripts/ui/Main.gd:3279
Text & UI size,Yazı ve arayüz boyutu,scripts/ui/Main.gd:3284
The game fits your browser window automatically.,Oyun tarayıcı pencerene kendiliğinden sığar.,scripts/ui/Main.gd:3299
Resolution: %s,Çözünürlük: %s,scripts/ui/Main.gd:3304
Accessibility,Erişilebilirlik,scripts/ui/Main.gd:3313
Reduce motion: %s,Hareketi azalt: %s,scripts/ui/Main.gd:3316
on,açık,scripts/ui/Main.gd:3316
off,kapalı,scripts/ui/Main.gd:3316
"No screen shake, zooms, knockbacks, idle sway or flashing in fights","Dövüşlerde ekran sarsıntısı, yakınlaştırma, geri itilme, bekleme salınımı ya da yanıp sönme olmaz",scripts/ui/Main.gd:3320
Colour-blind mode: %s,Renk körü modu: %s,scripts/ui/Main.gd:3322
"Blue instead of green wherever it sits against red (HP, fight readouts, stat changes), and a rarity letter on every item","Kırmızının karşısındaki her yerde yeşil yerine mavi (can, dövüş göstergeleri, istatistik değişimleri) ve her eşyada bir nadirlik harfi",scripts/ui/Main.gd:3326
Key hints: %s,Tuş ipuçları: %s,scripts/ui/Main.gd:3328
"Show each fight command's key (1-9, Space, A) on its button. Off, the keys still work and every tooltip names them.","Her dövüş komutunun tuşunu (1-9, Boşluk, A) düğmesinde göster. Kapalıyken tuşlar yine çalışır ve her ipucu onları söyler.",scripts/ui/Main.gd:3332
Hearing aid: %s,İşitme desteği: %s,scripts/ui/Main.gd:3334
"Sounds that tell you something also show as captions at the bottom of the screen (a boss arriving, a heavy blow, a hero going down, a wind-up, a chest dropping), and the biggest ones pulse the screen's edges","Bilgi veren sesler ekranın altında altyazı olarak da görünür (bir boss'un gelişi, ağır bir darbe, düşen bir kahraman, güç toplama, düşen bir sandık); en önemlileri ekranın kenarlarını da yanıp söndürür",scripts/ui/Main.gd:3338
Tips,İpuçları,scripts/ui/Main.gd:3343
Tips: %s,İpuçları: %s,scripts/ui/Main.gd:3346
Show all tips again,Tüm ipuçlarını yeniden göster,scripts/ui/Main.gd:3351
Save Slots,Kayıt Yuvaları,scripts/ui/Main.gd:3360
Backup,Yedek,scripts/ui/Main.gd:3383
Saves live in this browser/device only; clearing site data erases them. Export one to keep a copy or move it to another device. The previous save is also kept automatically in case one gets damaged.,Kayıtlar yalnızca bu tarayıcıda/cihazda durur; site verilerini temizlemek onları siler. Bir kopya tutmak ya da başka cihaza taşımak için dışa aktar. Bir kayıt bozulursa diye önceki kayıt da kendiliğinden saklanır.,scripts/ui/Main.gd:3384
Last exported: %s,Son dışa aktarım: %s,scripts/ui/Main.gd:3386
day %d (today is day %d),gün %d (bugün gün %d),scripts/ui/Main.gd:3386
Export save,Kaydı dışa aktar,scripts/ui/Main.gd:3391
Nothing to export in this slot yet.,Bu yuvada henüz dışa aktarılacak bir şey yok.,scripts/ui/Main.gd:3394
"Downloaded, and copied to the clipboard.",İndirildi ve panoya kopyalandı.,scripts/ui/Main.gd:3399
Copied to the clipboard — paste it somewhere safe.,Panoya kopyalandı — güvenli bir yere yapıştır.,scripts/ui/Main.gd:3401
Import save…,Kayıt içe aktar…,scripts/ui/Main.gd:3406
Cancel import,İçe aktarmayı iptal et,scripts/ui/Main.gd:3406
Paste an exported save below%s. It replaces Slot %d%s.,Dışa aktarılmış bir kaydı aşağıya yapıştır%s. Yuva %d içindeki kaydın yerine geçer%s.,scripts/ui/Main.gd:3416
 or pick the file, ya da dosyayı seç,scripts/ui/Main.gd:3416
Choose file…,Dosya seç…,scripts/ui/Main.gd:3418
"{""guild_name"": ...}",,scripts/ui/Main.gd:3421
Replace Slot %d with this save,Yuva %d içeriğini bu kayıtla değiştir,scripts/ui/Main.gd:3425
Save imported.,Kayıt içe aktarıldı.,scripts/ui/Main.gd:3433
Send to another device,Başka bir cihaza gönder,scripts/ui/Main.gd:3448
Gives you a code (and a QR code) to open this guild on your phone or another computer.,Bu loncayı telefonunda veya başka bir bilgisayarda açmak için bir kod (ve bir QR kodu) verir.,scripts/ui/Main.gd:3450
Receive from another device,Başka bir cihazdan al,scripts/ui/Main.gd:3452
Cancel receiving,Almaktan vazgeç,scripts/ui/Main.gd:3452
"On your other device, scan this with the camera, or open Guildhold, choose Receive a guild and type the code. It works once, for the next 15 minutes.",Diğer cihazında bunu kamerayla tara ya da Guildhold'u açıp Lonca al'ı seç ve kodu yaz. Kod bir kez ve sonraki 15 dakika boyunca geçerli.,scripts/ui/Main.gd:3479
ABC 123,ABC 123,scripts/ui/Main.gd:3488
Receive,Al,scripts/ui/Main.gd:3495
%s arrived (%d rifts sealed). Where should it go?,%s geldi (%d yarık mühürlendi). Nereye konsun?,scripts/ui/Main.gd:3500
Slot %d (empty),Yuva %d (boş),scripts/ui/Main.gd:3507
Replace Slot %d: %s,Yuva %d üzerine yaz: %s,scripts/ui/Main.gd:3507
Nothing to send in this slot yet.,Bu yuvada henüz gönderilecek bir şey yok.,scripts/ui/Main.gd:3531
Sending…,Gönderiliyor…,scripts/ui/Main.gd:3535
Couldn't reach the transfer service. Check your connection and try again.,Aktarım hizmetine ulaşılamadı. Bağlantını kontrol edip tekrar dene.,scripts/ui/Main.gd:3541
?receive=,?receive=,scripts/ui/Main.gd:3544
A transfer code is 6 letters and numbers.,Aktarım kodu 6 harf ve rakamdan oluşur.,scripts/ui/Main.gd:3552
Receiving…,Alınıyor…,scripts/ui/Main.gd:3556
That code has expired or was already used. Send the guild again from the other device.,Bu kodun süresi dolmuş ya da zaten kullanılmış. Loncayı diğer cihazdan yeniden gönder.,scripts/ui/Main.gd:3563
Content-Type: text/plain,Content-Type: text/plain,scripts/ui/Main.gd:3593
"(function(u){if(typeof qrcode==='undefined')return '';var q=qrcode(0,'M');q.addData(u);q.make();var n=q.getModuleCount(),s='';for(var r=0;r<n;r++)for(var c=0;c<n;c++)s+=q.isDark(r,c)?'1':'0';return n+':'+s;})(","(function(u){if(typeof qrcode==='undefined')return '';var q=qrcode(0,'M');q.addData(u);q.make();var n=q.getModuleCount(),s='';for(var r=0;r<n;r++)for(var c=0;c<n;c++)s+=q.isDark(r,c)?'1':'0';return n+':'+s;})(",scripts/ui/Main.gd:3603
Slot %d — Empty,Yuva %d — Boş,scripts/ui/Main.gd:3638
Slot %d — %s (%d rift%s sealed),Yuva %d — %s (%d yarık%s mühürlendi),scripts/ui/Main.gd:3641
  (Active),  (Etkin),scripts/ui/Main.gd:3643
Play,Oyna,scripts/ui/Main.gd:3651
Click again to confirm delete,Silmeyi onaylamak için tekrar tıkla,scripts/ui/Main.gd:3657
Delete,Sil,scripts/ui/Main.gd:3657
"Combat — 1-3 monsters. Gold, Essence and a loot pick.","Dövüş — 1-3 canavar. Altın, Öz ve bir ganimet seçimi.",scripts/ui/RiftRunView.gd:12
"Elite — one tough foe (double HP, harder hits). +40% rewards.","Seçkin — tek ama zorlu bir düşman (iki kat can, daha sert darbeler). Ödüller +%40.",scripts/ui/RiftRunView.gd:13
Shop — spend Gold on items and relics. No fighting.,Dükkân — eşya ve kalıntılara Altın harca. Dövüş yok.,scripts/ui/RiftRunView.gd:14
Hazard — a trap that hurts the party (hazard guard helps). May drop Gold or Essence.,Tehlike — ekibe zarar veren bir tuzak (tehlike koruması yardımcı olur). Altın ya da Öz düşürebilir.,scripts/ui/RiftRunView.gd:15
"Boss — the rift's warden, with a special mechanic. Win to seal the rift.",Boss — özel bir mekaniği olan yarık bekçisi. Yarığı mühürlemek için kazan.,scripts/ui/RiftRunView.gd:16
"Campfire — rest (heal), train (XP) or sharpen (abilities ready). No fighting.","Kamp ateşi — dinlen (iyileş), eğit (TP) ya da bile (yetenekler hazır). Dövüş yok.",scripts/ui/RiftRunView.gd:17
Event — a strange encounter with a few choices; each says what it does.,Olay — birkaç seçenekli tuhaf bir karşılaşma; her biri ne yaptığını söyler.,scripts/ui/RiftRunView.gd:18
Treasure — pick one of two loot drops. No fighting.,Hazine — iki ganimetten birini seç. Dövüş yok.,scripts/ui/RiftRunView.gd:19
Pillar — a lost champion is held in this light. Its keeper fights like a rift warden; win to free them.,Sütun — bu ışıkta kayıp bir şampiyon tutuluyor. Bekçisi bir Yarık Bekçisi gibi dövüşür; onu kurtarmak için kazan.,scripts/ui/RiftRunView.gd:20
"
(click to take this path)","
(bu yolu seçmek için tıkla)",scripts/ui/RiftRunView.gd:71
Choose your path — click a node on the map.,Yolunu seç — haritada bir noktaya tıkla.,scripts/ui/RiftRunView.gd:184
 — Floor %d, — Kat %d,scripts/ui/RiftRunView.gd:228
" — the Descent, depth %d"," — İniş, derinlik %d",scripts/ui/RiftRunView.gd:230
This rift's region sets which foes you'll meet.,Bu yarığın bölgesi hangi düşmanlarla karşılaşacağını belirler.,scripts/ui/RiftRunView.gd:233
Relic ward %d,Kalıntı koruması %d,scripts/ui/RiftRunView.gd:253
Climb out of the Descent? You keep everything it has earned.,İniş'ten tırmanıp çıkıyor musun? Kazandığı her şey sende kalır.,scripts/ui/RiftRunView.gd:264
Leave the rift? You keep your loot but miss the sealing reward.,Yarıktan ayrılıyor musun? Ganimetin sende kalır ama mühürleme ödülünü kaçırırsın.,scripts/ui/RiftRunView.gd:264
Leave rift,Yarıktan ayrıl,scripts/ui/RiftRunView.gd:267
Stay,Kal,scripts/ui/RiftRunView.gd:273
Climb out,Tırmanıp çık,scripts/ui/RiftRunView.gd:275
Retreat,Geri çekil,scripts/ui/RiftRunView.gd:275
"Leave the rift now — keep your loot, no sealing reward","Yarıktan şimdi ayrıl — ganimet sende kalır, mühürleme ödülü yok",scripts/ui/RiftRunView.gd:276
This rift is on the rift ladder at Rank %s. Its rules:,"Bu yarık, yarık merdiveninde Rütbe %s. Kuralları:",scripts/ui/RiftRunView.gd:290
 · down, · düştü,scripts/ui/RiftRunView.gd:310
Open %s's page,%s sayfasını aç,scripts/ui/RiftRunView.gd:316
Hero pages,Kahraman sayfaları,scripts/ui/RiftRunView.gd:339
"Gear, attributes and skills. Or click a hero.","Teçhizat, nitelikler ve beceriler. Ya da bir kahramana tıkla.",scripts/ui/RiftRunView.gd:342
Guild Orders  %d/%d,Lonca Emirleri  %d/%d,scripts/ui/RiftRunView.gd:361
Orders from your Guild Management upgrades. You get %d per rift (more at Renowned and Legendary guild tier).,Lonca Yönetimi geliştirmelerinden gelen emirler. Yarık başına %d alırsın (Ünlü ve Efsanevi lonca kademesinde daha fazla).,scripts/ui/RiftRunView.gd:364
Today's twist · %s — %s,Günün cilvesi · %s — %s,scripts/ui/RiftRunView.gd:413
Training rift — shorter and gentler than a real one. Beat the boss at the end to seal it.,Eğitim yarığı — gerçeğinden daha kısa ve yumuşak. Mühürlemek için sondaki boss'u yen.,scripts/ui/RiftRunView.gd:422
Choosing a path,Yol seçmek,scripts/ui/RiftRunView.gd:427
"Each floor offers a choice. Fights give gold and loot; elites hit harder and pay more; shops, campfires, events and treasure help in other ways. The last floor is the boss.","Her kat bir seçim sunar. Dövüşler altın ve ganimet verir; seçkinler daha sert vurur ve daha çok öder; dükkânlar, kamp ateşleri, olaylar ve hazineler başka yollarla yardım eder. Son kat boss'tur.",scripts/ui/RiftRunView.gd:427
How fights work,Dövüşler nasıl işler,scripts/ui/RiftRunView.gd:429
"Heroes and foes act in the turn order shown under the arena. The tag above each foe shows its next move: who it hits, or a Sweep, Snipe, Curse, Ward, Mend or Roar. Attacks build Momentum (the pips under the hero's name); skills (2-4) spend it. Defend (5) halves damage and Guard (6) takes a hit for an ally, both earning Momentum. Foes ""winding up"" land a heavy blow next round: Defend, or break it with Shield Bash or Frost Nova. Melee heroes hit at half strength from the back row.","Kahramanlar ve düşmanlar arenanın altında gösterilen sırayla hareket eder. Her düşmanın üstündeki etiket bir sonraki hamlesini gösterir: kime vuracağı ya da Süpürme, Nişan, Lanet, Koruma, İyileştirme veya Kükreme. Saldırılar İvme biriktirir (kahramanın adının altındaki noktalar); beceriler (2-4) onu harcar. Savun (5) hasarı yarıya indirir, Koru (6) bir müttefik yerine darbe alır; ikisi de İvme kazandırır. ""Güç toplayan"" düşmanlar sonraki tur ağır bir darbe indirir: Savun ya da Kalkan Darbesi veya Buz Novası ile boz. Yakın dövüş kahramanları arka sıradan yarı güçle vurur.",scripts/ui/RiftRunView.gd:429
Picking loot,Ganimet seçmek,scripts/ui/RiftRunView.gd:431
Choose one reward. Items are worn by one hero: equip them on the hero's page (click a hero in the bar at the top); relics go on the Relic Altar and help the whole party.,Bir ödül seç. Eşyaları bir kahraman giyer: onları kahramanın sayfasında kuşan (üstteki çubukta bir kahramana tıkla); emanetler Emanet Sunağı'na gider ve tüm ekibe yardım eder.,scripts/ui/RiftRunView.gd:431
Rift Sealed! +%d Essence%s%s,Yarık Mühürlendi! +%d Öz%s%s,scripts/ui/RiftRunView.gd:450
 (+%d%% Wardstones), (+%%%d Koruma Taşları),scripts/ui/RiftRunView.gd:452
 · Rift Cache found: +%d Gold!, · Yarık Zulası bulundu: +%d Altın!,scripts/ui/RiftRunView.gd:453
Daily twist sealed! +%d Essence · streak %d,Günün cilvesi mühürlendi! +%d Öz · seri %d,scripts/ui/RiftRunView.gd:461
Rift Hallway Shop,Yarık Koridoru Dükkânı,scripts/ui/RiftRunView.gd:498
Trade Network: -%d%% prices,Ticaret Ağı: fiyatlar -%%%d,scripts/ui/RiftRunView.gd:500
Reroll offers (%d Gold),Teklifleri yenile (%d Altın),scripts/ui/RiftRunView.gd:507
Replace every offer you haven't bought. Costs more each time.,Satın almadığın her teklifi değiştir. Her seferinde daha pahalı.,scripts/ui/RiftRunView.gd:511
Bought,Satın alındı,scripts/ui/RiftRunView.gd:547
Buy — %d Gold,Satın al — %d Altın,scripts/ui/RiftRunView.gd:549
Bought: %s,Satın alındı: %s,scripts/ui/RiftRunView.gd:552
Mild,Hafif,scripts/ui/RiftRunView.gd:579
Moderate,Orta,scripts/ui/RiftRunView.gd:581
Severe,Ağır,scripts/ui/RiftRunView.gd:582
Downed — decide before moving on,Düştü — devam etmeden önce karar ver,scripts/ui/RiftRunView.gd:591
Carry out (+1 day),Taşıyarak çıkar (+1 gün),scripts/ui/RiftRunView.gd:625
The party carries them home. A day passes and the quest board moves on.,Ekip onu eve taşır. Bir gün geçer ve görev panosu ilerler.,scripts/ui/RiftRunView.gd:625
Send %d from camp,Kamptan %d kişi gönder,scripts/ui/RiftRunView.gd:629
%s fetch them — away %d run%s.,%s onu getirir — %d koşu%s uzakta.,scripts/ui/RiftRunView.gd:630
"Needs %d idle hero%s at camp (not in this rift, not recovering).","Kampta %d boşta kahraman%s gerekir (bu yarıkta olmayan, toparlanmayan).",scripts/ui/RiftRunView.gd:630
Heal (%s),İyileştir (%s),scripts/ui/RiftRunView.gd:632
"Back up at %d%% HP, %d%% less max HP until the rift ends. Once per rift.",%%%d canla ayağa kalkar; yarık bitene kadar en yüksek canı %%%d düşük. Yarık başına bir kez.,scripts/ui/RiftRunView.gd:633
"Needs a Rank %s+ Cleric in the party, a Cleric Champion, or Field Triage (Medical) — once per rift.","Ekipte Rütbe %s+ bir Rahip, bir Rahip Şampiyon ya da Sahada Triyaj (Revir) gerekir — yarık başına bir kez.",scripts/ui/RiftRunView.gd:633
Leave them,Onu bırak,scripts/ui/RiftRunView.gd:635
They stay in the rift. Seal it and they're found alive; retreat or fall and they're lost for good.,Yarıkta kalır. Yarığı mühürlersen sağ bulunur; geri çekilir ya da düşersen sonsuza dek kaybedilir.,scripts/ui/RiftRunView.gd:635
A new guild can't leave anyone behind (seal 3 rifts first).,Yeni bir lonca kimseyi geride bırakamaz (önce 3 yarık mühürle).,scripts/ui/RiftRunView.gd:635
Campfire,Kamp ateşi,scripts/ui/RiftRunView.gd:661
A sheltered corner of the rift. There's time for one thing before moving on.,Yarığın korunaklı bir köşesi. Devam etmeden önce tek bir şeye vakit var.,scripts/ui/RiftRunView.gd:666
Rest,Dinlen,scripts/ui/RiftRunView.gd:671
Every hero heals %d%% HP,Her kahraman canının %%%d kadarını iyileştirir,scripts/ui/RiftRunView.gd:672
%d of %d hurt right now,Şu an %d / %d yaralı,scripts/ui/RiftRunView.gd:672
Train,Eğit,scripts/ui/RiftRunView.gd:674
Every hero gains %d XP,Her kahraman %d TP kazanır,scripts/ui/RiftRunView.gd:675
Sharpen,Bile,scripts/ui/RiftRunView.gd:677
The next fight starts with +4 Momentum,Sonraki dövüş +4 İvme ile başlar,scripts/ui/RiftRunView.gd:678
%d%% — %s has %s %d (needs %d),%%%d — %s: %s %d (gereken %d),scripts/ui/RiftRunView.gd:704
You can't afford this,Buna paran yetmiyor,scripts/ui/RiftRunView.gd:706
Treasure,Hazine,scripts/ui/RiftRunView.gd:717
You take your pick and pack it away.,Seçimini yapıp çantana koyuyorsun.,scripts/ui/RiftRunView.gd:719
A forgotten stash. There's only room to carry one of these.,Unutulmuş bir zula. Bunlardan yalnızca birini taşıyacak yer var.,scripts/ui/RiftRunView.gd:722
Your Anchor Artifact blocks it — no damage,Çapa Eserin engelliyor — hasar yok,scripts/ui/RiftRunView.gd:759
No damage (fully warded),Hasar yok (tamamen korumalı),scripts/ui/RiftRunView.gd:761
"%d damage, about %d per hero","%d hasar, kahraman başına yaklaşık %d",scripts/ui/RiftRunView.gd:762
 (wards absorb %d), (korumalar %d emer),scripts/ui/RiftRunView.gd:764
Knocks out: %s,Bayıltır: %s,scripts/ui/RiftRunView.gd:781
Back to the rift,Yarığa dön,scripts/ui/RiftRunView.gd:807
Rank %s: harsher hazards. %s,Rütbe %s: daha sert tehlikeler. %s,scripts/ui/RiftRunView.gd:837
Push Through,Zorla geç,scripts/ui/RiftRunView.gd:859
"%d-%d %s, %d%% chance of double","%d-%d %s, %%%d ihtimalle iki katı",scripts/ui/RiftRunView.gd:860
Bypass,Etrafından dolaş,scripts/ui/RiftRunView.gd:862
"No damage, no reward","Hasar yok, ödül yok",scripts/ui/RiftRunView.gd:863
Costs %d Essence (you have %d),%d Öz tutar (sende %d),scripts/ui/RiftRunView.gd:863
Risk it for double,İki katı için riske gir,scripts/ui/RiftRunView.gd:865
A sure double: %d-%d %s,Kesin iki katı: %d-%d %s,scripts/ui/RiftRunView.gd:866
No heroes recruited yet.,Henüz kahraman işe alınmadı.,scripts/ui/RosterView.gd:20
Power,Güç,scripts/ui/RosterView.gd:47
Level,Seviye,scripts/ui/RosterView.gd:48
Rank,Rütbe,scripts/ui/RosterView.gd:49
Lv%d %s,Sv%d %s,scripts/ui/RosterView.gd:77
Hero,Kahraman,scripts/ui/RosterView.gd:104
History,Geçmiş,scripts/ui/RosterView.gd:106
Build: ,Yapı: ,scripts/ui/RosterView.gd:130
Skill: %s · %d Momentum%s,Beceri: %s · %d İvme%s,scripts/ui/RosterView.gd:142
 · %s row, · %s sıra,scripts/ui/RosterView.gd:142
 %s twist: %s., %s dokunuşu: %s.,scripts/ui/RosterView.gd:143
Unlocks at Lv%d,Sv%d olunca açılır,scripts/ui/RosterView.gd:146
Ability: %s,Yetenek: %s,scripts/ui/RosterView.gd:155
Unlocks at Lv3,Sv3'te açılır,scripts/ui/RosterView.gd:159
Awakened (%s),Uyandı (%s),scripts/ui/RosterView.gd:161
"Awaken (%d SP, %s)","Uyandır (%d BP, %s)",scripts/ui/RosterView.gd:163
"Evolving replaces this Ability, but skill trees carry over.",Evrimleşmek bu Yeteneğin yerine yenisini koyar ama beceri ağaçları korunur.,scripts/ui/RosterView.gd:171
Evolve (%d Essence),Evrimleş (%d Öz),scripts/ui/RosterView.gd:179
Evolve — %s,Evrimleş — %s,scripts/ui/RosterView.gd:179
Hide evolution paths,Evrim yollarını gizle,scripts/ui/RosterView.gd:181
"[b]%s[/b] — Rank %s, %s","[b]%s[/b] — Rütbe %s, %s",scripts/ui/RosterView.gd:189
Main stat: %s,Ana nitelik: %s,scripts/ui/RosterView.gd:190
Passive: %s,Pasif: %s,scripts/ui/RosterView.gd:191
Ability: %s — %s,Yetenek: %s — %s,scripts/ui/RosterView.gd:194
Hide %s,Gizle: %s,scripts/ui/RosterView.gd:218
Skill Points: %d,Beceri Puanı: %d,scripts/ui/RosterView.gd:227
A glowing node can be learned now: click it. Each shows its cost in skill points (SP); a hero earns one per level. Lines lead from what a node needs. Path nodes are one choice: taking one locks the others. Hover a node for what it does.,Parlayan bir düğüm şimdi öğrenilebilir: üstüne tıkla. Her biri bedelini beceri puanı (BP) olarak gösterir; bir kahraman her seviyede bir puan kazanır. Çizgiler bir düğümün neye ihtiyaç duyduğunu gösterir. Yol düğümleri tek bir seçimdir: birini almak diğerlerini kilitler. Ne işe yaradığını görmek için bir düğümün üstüne gel.,scripts/ui/RosterView.gd:231
Respec this tree (%d Gold),Bu ağacı sıfırla (%d Altın),scripts/ui/RosterView.gd:239
%s · Morale %d %s,%s · Moral %d %s,scripts/ui/RosterView.gd:246
Personality (from their born quirk) — e.g. “%s”,Kişilik (doğuştan huyundan) — ör. “%s”,scripts/ui/RosterView.gd:247
No deeds yet — send this hero into a rift.,Henüz bir başarısı yok — bu kahramanı bir yarığa gönder.,scripts/ui/RosterView.gd:255
Equip best (%d),En iyisini kuşan (%d),scripts/ui/RosterView.gd:293
Equipped best gear,En iyi teçhizat kuşanıldı,scripts/ui/RosterView.gd:296
Power %d → %d,Güç %d → %d,scripts/ui/RosterView.gd:296
Fill this hero's slots with the strongest free gear that fits them. Gear worn by other heroes is left alone.,Bu kahramanın yuvalarını ona uyan en güçlü boştaki teçhizatla doldur. Diğer kahramanların kuşandıklarına dokunulmaz.,scripts/ui/RosterView.gd:298
Another gear slot opens at rank %s,%s rütbesinde bir teçhizat yuvası daha açılır,scripts/ui/RosterView.gd:310
No unequipped gear this hero can use.,Bu kahramanın kullanabileceği boşta teçhizat yok.,scripts/ui/RosterView.gd:340
"Unequipped gear that fits · %d usable%s — drag onto a slot, or click a slot","Uyan, kuşanılmamış teçhizat · %d kullanılabilir%s — bir yuvaya sürükle ya da bir yuvaya tıkla",scripts/ui/RosterView.gd:343
 · %d need more attributes, · %d daha fazla nitelik istiyor,scripts/ui/RosterView.gd:343
Quirks:,Huylar:,scripts/ui/RosterView.gd:362
born with it,doğuştan,scripts/ui/RosterView.gd:371
a scar,bir yara izi,scripts/ui/RosterView.gd:371
Treat (%d Gold),Tedavi et (%d Altın),scripts/ui/RosterView.gd:375
HP,Can,scripts/ui/RosterView.gd:386
first strike,ilk vuruş,scripts/ui/RosterView.gd:387
ability power,yetenek gücü,scripts/ui/RosterView.gd:387
%d point%s to spend,Harcanacak %d puan%s,scripts/ui/RosterView.gd:405
No points to spend,Harcanacak puan yok,scripts/ui/RosterView.gd:405
Spend them the %s way,%s yoluyla harca,scripts/ui/RosterView.gd:414
(%+d gear),(%+d teçhizat),scripts/ui/RosterView.gd:432
"
%d is the baseline: above it adds, below it takes a little away.
","
%d temel değerdir: üstü katkı sağlar, altı biraz eksiltir.
",scripts/ui/RosterView.gd:446
at the baseline,temel değerde,scripts/ui/RosterView.gd:448
below the baseline,temel değerin altında,scripts/ui/RosterView.gd:448
small gains,küçük kazançlar,scripts/ui/RosterView.gd:448
Trained %d/%d,Eğitim %d/%d,scripts/ui/RosterView.gd:464
Train +1 — %d,Eğit +1 — %d,scripts/ui/RosterView.gd:464
Buy an attribute point with Gold (%d/%d trained; each costs %d more). Training Yard: %d of %d left this week.,Altınla bir nitelik puanı al (%d/%d eğitildi; her biri %d daha pahalı). Talim Alanı: bu hafta %d / %d kaldı.,scripts/ui/RosterView.gd:471
Yard full this week,Talim alanı bu hafta dolu,scripts/ui/RosterView.gd:473
Confirm — %d,Onayla — %d,scripts/ui/RosterView.gd:483
Keep,Koru,scripts/ui/RosterView.gd:490
Reset %d,Sıfırla %d,scripts/ui/RosterView.gd:492
Refund all %d spent points for %d Essence (you have %d),Harcanan %d puanın hepsini %d Öz karşılığında iade et (sende %d),scripts/ui/RosterView.gd:497
Stats,İstatistikler,scripts/ui/RosterView.gd:536
Learned,Öğrenildi,scripts/ui/RosterView.gd:593
Locked out: you took %s. A Path is one choice; respec the tree to switch.,Kilitli: %s aldın. Yol tek bir seçimdir; değiştirmek için ağacı sıfırla.,scripts/ui/RosterView.gd:596
Requires Lv%d,Sv%d gerekir,scripts/ui/RosterView.gd:598
Learn %s first,Önce %s öğren,scripts/ui/RosterView.gd:601
 and , ve ,scripts/ui/RosterView.gd:601
Learn one of %s first,Önce şunlardan birini öğren: %s,scripts/ui/RosterView.gd:601
Seal a Rank %s+ rift first,Önce Rütbe %s+ bir yarık mühürle,scripts/ui/RosterView.gd:603
Needs %d SP,%d BP gerekir,scripts/ui/RosterView.gd:607
Learn (%d SP%s),Öğren (%d BP%s),scripts/ui/RosterView.gd:609
 + %d Essence, + %d Öz,scripts/ui/RosterView.gd:609
"
Cheaper: your quirks suit this path","
Daha ucuz: huyların bu yola uygun",scripts/ui/RosterView.gd:611
"
%s+%s if a party ally has reached %s's capstone","
%s+%s, bir ekip arkadaşı %s zirvesine ulaşmışsa",scripts/ui/RosterView.gd:616
(Active) ,(Etkin) ,scripts/ui/RosterView.gd:617
Tier 1,Kademe 1,scripts/ui/RosterView.gd:668
Tier 2,Kademe 2,scripts/ui/RosterView.gd:668
Path,Yol,scripts/ui/RosterView.gd:668
Mastery,Ustalık,scripts/ui/RosterView.gd:668
Keystone & Rift,Kilit Taşı ve Yarık,scripts/ui/RosterView.gd:668
Lv%d %s (%s) · %d/%d HP%s,Sv%d %s (%s) · %d/%d Can%s,scripts/ui/RosterView.gd:782
 · away %d run%s, · %d koşu%s uzakta,scripts/ui/RosterView.gd:782
Unspent skill points or gear that fits an empty slot,Harcanmamış beceri puanı ya da boş bir yuvaya uyan teçhizat,scripts/ui/RosterView.gd:790
%s — choose a weapon,%s — bir silah seç,scripts/ui/RosterView.gd:861
%s — choose gear,%s — teçhizat seç,scripts/ui/RosterView.gd:861
Wearing,Kuşanılan,scripts/ui/RosterView.gd:873
Unequip,Çıkar,scripts/ui/RosterView.gd:1457
No unequipped %s this hero can use.,Bu kahramanın kullanabileceği kuşanılmamış %s yok.,scripts/ui/RosterView.gd:889
gains: ,kazanır: ,scripts/ui/RosterView.gd:921
loses: ,kaybeder: ,scripts/ui/RosterView.gd:924
needs %d %s,%d %s gerekir,scripts/ui/RosterView.gd:947
Power %+d,Güç %+d,scripts/ui/RosterView.gd:955
+%d more (hover),+%d daha (üzerine gel),scripts/ui/RosterView.gd:969
Equip,Kuşan,scripts/ui/RosterView.gd:973
Needs %d %s,%d %s gerekir,scripts/ui/RosterView.gd:979
Items  %d,Eşyalar  %d,scripts/ui/RosterView.gd:994
Relics  %d,Kalıntılar  %d,scripts/ui/RosterView.gd:994
Supplies  %d,Erzak  %d,scripts/ui/RosterView.gd:994
All,Tümü,scripts/ui/RosterView.gd:1016
Weapons,Silahlar,scripts/ui/RosterView.gd:1016
Rarity,Nadirlik,scripts/ui/RosterView.gd:1029
Value,Değer,scripts/ui/RosterView.gd:1030
Name,Ad,scripts/ui/RosterView.gd:1031
No unequipped items here — loot drops in rifts.,Burada boşta eşya yok — ganimet yarıklarda düşer.,scripts/ui/RosterView.gd:1042
Click an item to see it and equip it.  + fills someone's empty slot.,Görmek ve kuşanmak için bir eşyaya tıkla.  + birinin boş yuvasını doldurur.,scripts/ui/RosterView.gd:1044
%s — click for details,%s — ayrıntılar için tıkla,scripts/ui/RosterView.gd:1105
Equip → %s,Kuşan → %s,scripts/ui/RosterView.gd:1168
Swap → %s,Değiştir → %s,scripts/ui/RosterView.gd:1168
Equip on,Kuşandır,scripts/ui/RosterView.gd:1175
Needs %d %s: %s,%d %s gerekir: %s,scripts/ui/RosterView.gd:1178
Reforge — reroll one stat (%d Essence),Yeniden döv — bir istatistiği yenile (%d Öz),scripts/ui/RosterView.gd:1181
Reroll %s value,%s değerini yenile,scripts/ui/RosterView.gd:1189
Reroll %s,Yenile: %s,scripts/ui/RosterView.gd:1189
The value rerolls; the kind stays.,Değer yenilenir; tür aynı kalır.,scripts/ui/RosterView.gd:1196
Rerolls into any stat this item doesn't already have (or the same one).,Bu eşyada olmayan herhangi bir istatistiğe (ya da aynısına) dönüşür.,scripts/ui/RosterView.gd:1196
Sell,Sat,scripts/ui/RosterView.gd:1202
Salvage +%d,Söküp kurtar +%d,scripts/ui/RosterView.gd:1208
"Tonics — belt %d/%d · drink one in a fight on a hero's turn (Tonics, key 8)","Tonikler — kemer %d/%d · dövüşte bir kahramanın sırasında iç (Tonikler, tuş 8)",scripts/ui/RosterView.gd:1224
Buy,Satın al,scripts/ui/RosterView.gd:1227
%s (%d Gold) — %s · carrying %d,%s (%d Altın) — %s · taşınan %d,scripts/ui/RosterView.gd:1234
Relic Altar — %d/%d slots · every relic empowers the whole party,Kalıntı Sunağı — %d/%d yuva · her kalıntı tüm ekibi güçlendirir,scripts/ui/RosterView.gd:1246
Collection (%d),Koleksiyon (%d),scripts/ui/RosterView.gd:1258
"No spare relics — they drop from fights, treasure and shops.","Yedek kalıntı yok — dövüşlerden, hazinelerden ve dükkânlardan düşer.",scripts/ui/RosterView.gd:1260
Empty slot — pick a relic from your collection,Boş yuva — koleksiyonundan bir kalıntı seç,scripts/ui/RosterView.gd:1294
%s · Lv%d%s,%s · Sv%d%s,scripts/ui/RosterView.gd:1313
 · Awakened, · Uyanmış,scripts/ui/RosterView.gd:1313
"%s
%s
Click for details","%s
%s
Ayrıntılar için tıkla",scripts/ui/RosterView.gd:1324
Lv%d%s,Sv%d%s,scripts/ui/RosterView.gd:1370
%s %s relic · Lv%d/%d%s,%s %s kalıntı · Sv%d/%d%s,scripts/ui/RosterView.gd:1415
+%d party damage · +%d rift shield,+%d ekip hasarı · +%d yarık kalkanı,scripts/ui/RosterView.gd:1416
Combo: stronger with %s%s,Kombo: %s%s ile daha güçlü,scripts/ui/RosterView.gd:1425
 (active!), (etkin!),scripts/ui/RosterView.gd:1425
Reroll,Yenile,scripts/ui/RosterView.gd:1438
Reroll this effect for %d Essence (each reroll costs more),Bu etkiyi %d Öz karşılığında yenile (her yenileme daha pahalı),scripts/ui/RosterView.gd:1445
Reaches Lv%d: awakens with one more effect.,Sv%d olunca bir etki daha kazanarak uyanır.,scripts/ui/RosterView.gd:1449
Place on the altar,Sunağa koy,scripts/ui/RosterView.gd:1462
Every altar slot is full — take a relic off first,Sunaktaki tüm yuvalar dolu — önce bir kalıntıyı kaldır,scripts/ui/RosterView.gd:1468
Its power is fixed: Legendary relics like this one don't level.,Gücü sabittir: bunun gibi Efsanevi kalıntılar seviye atlamaz.,scripts/ui/RosterView.gd:1471
Scrap,Hurdaya çıkar,scripts/ui/RosterView.gd:1489
"\\s*\\((?:(?:key|tuş)\\s*)?(?:Space|Boşluk|Esc|Tab|Q|M|A|[1-9](?:-[1-9])?)\\)|,\\s*(?:key|tuş)\\s*[1-9]",,scripts/ui/UiKit.gd:320
Foes ×%s HP · ×%s damage,Düşmanlar ×%s can · ×%s hasar,scripts/ui/UiKit.gd:376
Rank %s foes have %s× the HP and %s× the damage of a base %s Rift.,"Rütbe %s düşmanlarının canı %s×, hasarı %s×; temel %s Yarığına göre.",scripts/ui/UiKit.gd:377
"Relic (whole party, a relic slot)","Kalıntı (bütün ekip, bir kalıntı yuvası)",scripts/ui/UiKit.gd:857
Weapon (a hero's weapon slot),Silah (bir kahramanın silah yuvası),scripts/ui/UiKit.gd:858
%s (a hero's gear slot),%s (bir kahramanın teçhizat yuvası),scripts/ui/UiKit.gd:858
 [combo active!], [kombo etkin!],scripts/ui/UiKit.gd:871
Unique,Eşsiz,scripts/ui/UiKit.gd:877
Rank %s · %s,Rütbe %s · %s,scripts/ui/UiKit.gd:881
Base: %s · %s,Temel: %s · %s,scripts/ui/UiKit.gd:893
 (needs %d), (gereken %d),scripts/ui/UiKit.gd:895
Out of position — suits the %s row (%s),Yanlış yerde — %s sıraya uygun (%s),scripts/ui/UiKit.gd:908
%s row · %s: %s,%s sıra · %s: %s,scripts/ui/UiKit.gd:912
"[hint=""%s — %s""][u]%s[/u][/hint]",,scripts/ui/UiKit.gd:993
"

[color=#%s]Keywords[/color]
[color=#%s]%s[/color]","

[color=#%s]Anahtar kelimeler[/color]
[color=#%s]%s[/color]",scripts/ui/UiKit.gd:1008
History: ,Geçmiş: ,scripts/ui/UiKit.gd:1021
Earned: [b]%s[/b] — %s  %s,Kazanıldı: [b]%s[/b] — %s  %s,scripts/ui/UiKit.gd:1027
Next quirk: %s (%d/%d %s),Sonraki huy: %s (%d/%d %s),scripts/ui/UiKit.gd:1034
%s Lv%d (%d rifts),%s Sv%d (%d yarık),scripts/ui/UiKit.gd:1041
Bonds: ,Bağlar: ,scripts/ui/UiKit.gd:1043
[color=#%s]%s[/color],,scripts/ui/UiKit.gd:1053
weapon slot,silah yuvası,scripts/ui/UiKit.gd:1069
gear slot,teçhizat yuvası,scripts/ui/UiKit.gd:1069
 · Rank %s, · Rütbe %s,scripts/ui/UiKit.gd:1071
  (%s has %d),  (%s: %d),scripts/ui/UiKit.gd:1077
Requires %d %s%s,Gereken: %d %s%s,scripts/ui/UiKit.gd:1078
Base: ,Temel: ,scripts/ui/UiKit.gd:1080
Drawback: ,Dezavantaj: ,scripts/ui/UiKit.gd:1089
%s only,Yalnızca %s,scripts/ui/UiKit.gd:1091
 · %d/%d wins to next, · sonrakine %d/%d zafer,scripts/ui/UiKit.gd:1096
Attuned %d/%d (+%d%% stats)%s,Uyum %d/%d (+%%%d istatistik)%s,scripts/ui/UiKit.gd:1097
If equipped on %s%s:,%s%s kuşanırsa:,scripts/ui/UiKit.gd:1103
 (replacing %s), (%s yerine),scripts/ui/UiKit.gd:1103
▼ loses: ,▼ kaybeder: ,scripts/ui/UiKit.gd:1125
No stat change,İstatistik değişmez,scripts/ui/UiKit.gd:1128
Party power,Ekip gücü,scripts/ui/UiKit.gd:1137
Deadly,Ölümcül,scripts/ui/UiKit.gd:1139
Risky,Riskli,scripts/ui/UiKit.gd:1139
Even fight,Denk dövüş,scripts/ui/UiKit.gd:1139
Favored,Avantajlı,scripts/ui/UiKit.gd:1139
%s %d / Recommended %d — %s,%s %d / Önerilen %d — %s,scripts/ui/UiKit.gd:1141
"Power = damage ×2 + effective health ÷3.
Damage counts ability power and ramp; health counts dodge, mending and relic wards.
At Recommended, a party seals about 2 rifts in 3.","Güç = hasar ×2 + etkili can ÷3.
Hasar, yetenek gücünü ve artışı sayar; can, kaçınmayı, iyileşmeyi ve kalıntı korumalarını sayar.
Önerilen güçte bir ekip yaklaşık her 3 yarıktan 2'sini mühürler.",scripts/ui/UiKit.gd:1143
Skill:,Beceri:,scripts/ui/UiKit.gd:1164
Combo:,Kombo:,scripts/ui/UiKit.gd:1164
Keystone,Kilit taşı,scripts/ui/UiKit.gd:1164
Innate,Doğuştan,scripts/ui/UiKit.gd:1164
Quirk:,Huy:,scripts/ui/UiKit.gd:1164
Battered,Hırpalanmış,scripts/ui/UiKit.gd:1164
Party,Ekip,scripts/ui/UiKit.gd:1172
Equipped relics (whole party),Kuşanılmış kalıntılar (tüm ekip),scripts/ui/UiKit.gd:1197
This rift's boons,Bu yarığın lütufları,scripts/ui/UiKit.gd:1200
Bonds in the party,Ekipteki bağlar,scripts/ui/UiKit.gd:1203
Situational:,Duruma bağlı:,scripts/ui/UiKit.gd:1222
vs ,karşı: ,scripts/ui/UiKit.gd:1268
Into an empty slot,Boş bir yuvaya,scripts/ui/UiKit.gd:1268
Relic slots %d/%d — %s,Kalıntı yuvaları %d/%d — %s,scripts/ui/UiKit.gd:1278
equips right away,hemen kuşanılır,scripts/ui/UiKit.gd:1278
goes to your Inventory,Envanterine gider,scripts/ui/UiKit.gd:1278
No one in this party can use it,Bu ekipte onu kullanabilecek kimse yok,scripts/ui/UiKit.gd:1281
Needs %d %s — no one here has that yet,%d %s gerekir — burada henüz kimsede yok,scripts/ui/UiKit.gd:1284
Fills an empty slot on %s,Boş bir yuvayı doldurur: %s,scripts/ui/UiKit.gd:1288
For %s — hover to compare,%s için — karşılaştırmak için üstüne gel,scripts/ui/UiKit.gd:1289
No tips,İpucu yok,scripts/ui/UiKit.gd:1597
Turn every tip off (Settings can turn them back on),Tüm ipuçlarını kapat (Ayarlar'dan yeniden açılabilir),scripts/ui/UiKit.gd:1603
%s — locked,%s — kilitli,scripts/ui/UiKit.gd:1615
Not open yet,Henüz açık değil,scripts/ui/UiKit.gd:1616
First-Strike Damage,İlk Vuruş Hasarı,scripts/ui/UiKit.gd:1911
Escalating Damage,Artan Hasar,scripts/ui/UiKit.gd:1912
Mend (HP over time),İyileşme (zamanla can),scripts/ui/UiKit.gd:1912
Hazard Guard,Tehlike Koruması,scripts/ui/UiKit.gd:1913
Dodge Chance,Kaçınma Şansı,scripts/ui/UiKit.gd:1913
Turn Speed,Sıra Hızı,scripts/ui/UiKit.gd:1913
Ability Power,Yetenek Gücü,scripts/ui/UiKit.gd:1913
Wipe Guard (survive a wipe),Yok Olma Koruması (tüm ekip düşerken hayatta kal),scripts/ui/UiKit.gd:1914
Boss Alpha Strike,Boss'a İlk Vuruş,scripts/ui/UiKit.gd:1914
Loot Rarity,Ganimet Nadirliği,scripts/ui/UiKit.gd:1915
Counter-Attack Chance,Karşı Saldırı Şansı,scripts/ui/UiKit.gd:1915
Momentum on Evade,Kaçınınca İvme,scripts/ui/UiKit.gd:1916
On-Kill Shield,Öldürünce Kalkan,scripts/ui/UiKit.gd:1916
Sort: %s,Sırala: %s,scripts/ui/UiKit.gd:1929
Front,Ön,locale/extra_msgids.txt
front,ön,locale/extra_msgids.txt
back,arka,locale/extra_msgids.txt
all,hepsi,locale/extra_msgids.txt
stunned,sersemle,locale/extra_msgids.txt
ablaze,alev,locale/extra_msgids.txt
chilled,üşü,locale/extra_msgids.txt
shield,kalkan,locale/extra_msgids.txt
mends,iyileş,locale/extra_msgids.txt
Sigil,Mühür,locale/extra_msgids.txt
Shard,Parça,locale/extra_msgids.txt
Idol,Put,locale/extra_msgids.txt
Emblem,Amblem,locale/extra_msgids.txt
Lesser,Küçük,locale/extra_msgids.txt
Greater,Büyük,locale/extra_msgids.txt
item:Guard,Muhafız,locale/extra_msgids.txt
dmg,hasar,locale/extra_msgids.txt
speed,hız,locale/extra_msgids.txt
dodge,kaçınma,locale/extra_msgids.txt
mend,iyileşme,locale/extra_msgids.txt
weapon,silah,locale/extra_msgids.txt
gear,teçhizat,locale/extra_msgids.txt
Sealed,Mühürlendi,locale/extra_msgids.txt
Retreated,Geri çekildi,locale/extra_msgids.txt
Defeated,Yenildi,locale/extra_msgids.txt
Left,Ayrıldı,locale/extra_msgids.txt
Survived,Dayanıldı,locale/extra_msgids.txt
On hit,Vuruşta,locale/extra_msgids.txt
On a kill,Öldürünce,locale/extra_msgids.txt
Every third round,Her üç turda bir,locale/extra_msgids.txt
When an ally falls,Bir müttefik düşünce,locale/extra_msgids.txt
When dodging or hit hard,Kaçınınca ya da sert darbe alınca,locale/extra_msgids.txt
Whenever the party mends,Ekip her iyileştiğinde,locale/extra_msgids.txt
When an ally is attacked,Bir müttefike saldırılınca,locale/extra_msgids.txt
first-strike,[iİ]lk vuruş\\w*,locale/extra_msgids.txt
opener,açılış\\w*,locale/extra_msgids.txt
attrition,yıpratıcı\\w*,locale/extra_msgids.txt
guardian,muhafız\\w*,locale/extra_msgids.txt
evasion,sıyrılma\\w*,locale/extra_msgids.txt
sustain,dayanıklılık\\w*,locale/extra_msgids.txt
executioner,cellat\\w*,locale/extra_msgids.txt
 (Awakened), (Uyanmış),locale/extra_msgids.txt
passed,başarılı,locale/extra_msgids.txt
failed,başarısız,locale/extra_msgids.txt
action,hamlesini,locale/extra_msgids.txt
covered,karşılanıyor,locale/extra_msgids.txt
never,hiç yapılmadı,locale/extra_msgids.txt
weapons,silah,locale/extra_msgids.txt
Established,Yerleşik,locale/extra_msgids.txt
Renowned,Ünlü,locale/extra_msgids.txt
Founding,Kurucu,locale/extra_msgids.txt
