English,简体中文,Where
Music,音乐,scripts/autoload/AudioManager.gd:129
SFX,音效,scripts/autoload/AudioManager.gd:151
Voice,语音,scripts/autoload/AudioManager.gd:155
A %s blocks the way (%d HP).,一只%s挡住了去路（%d生命）。,scripts/autoload/Combat.gd:51
%d foes block the way: %s.,%d个敌人挡住了去路：%s。,scripts/autoload/Combat.gd:56
An opening volley lands for %d!,开场齐射造成%d点伤害！,scripts/autoload/Combat.gd:71
%s: %s (shielded),%s：%s（受护盾保护）,scripts/autoload/Combat.gd:82
"The party's Resolve is broken: foes strike first, and the heroes fight without Momentum.",小队的决心已崩溃：敌人先手攻击，英雄们失去气势作战。,scripts/autoload/Combat.gd:95
The party is wavering: foes strike first.,小队开始动摇：敌人先手攻击。,scripts/autoload/Combat.gd:97
"A %s tags along, hoping to survive the crossing.",一只%s跟了上来，盼着能活着穿过去。,scripts/autoload/Combat.gd:113
Comes with a subclass,自带子职业,scripts/autoload/Combat.gd:171
Not learned yet,尚未习得,scripts/autoload/Combat.gd:173
%s row only,仅限%s排,scripts/autoload/Combat.gd:176
Needs %d Momentum,需要%d点气势,scripts/autoload/Combat.gd:179
Warded — dodge won't help this round.,受守护——本回合闪避无用。,scripts/autoload/Combat.gd:211
Enraged — retaliation is empowered this round.,狂怒——本回合反击得到强化。,scripts/autoload/Combat.gd:214
Regenerating — it will heal after this exchange.,再生中——这轮交锋后它会回复生命。,scripts/autoload/Combat.gd:216
Frenzied — its blows already hit harder.,狂乱——它的攻击已经更重了。,scripts/autoload/Combat.gd:218
%s is close to %d%% health: %s.,%s生命接近%d%%：%s。,scripts/autoload/Combat.gd:225
"At half health, ",生命降至一半时， ,scripts/autoload/Combat.gd:225
At half health ,生命降至一半时 ,scripts/autoload/Combat.gd:225
A heavy blow is coming — consider Defending.,重击将至——考虑防御。,scripts/autoload/Combat.gd:246
Damage is stacking — every attack counts more now.,伤害正在叠加——现在每次攻击都更致命。,scripts/autoload/Combat.gd:248
%s shakes off the stun.,%s摆脱了眩晕。,scripts/autoload/Combat.gd:430
The Gambler's Gold shines bright — damage is doubled this round!,赌徒之金闪耀——本回合伤害翻倍！,scripts/autoload/Combat.gd:525
The Gambler's Gold shows its dark face — damage is halved this round.,赌徒之金露出阴暗面——本回合伤害减半。,scripts/autoload/Combat.gd:528
%s's armor turns aside %d.,%s的护甲挡下了%d点伤害。,scripts/autoload/Combat.gd:752
%s's ward absorbs %d damage.,%s的守护吸收了%d点伤害。,scripts/autoload/Combat.gd:759
%s strikes %s for %d.,%s攻击%s，造成%d点伤害。,scripts/autoload/Combat.gd:761
%s's surface reflects %d damage back at %s.,%s的表面将%d点伤害反射给%s。,scripts/autoload/Combat.gd:766
%s uses %s!,%s使用了%s！,scripts/autoload/Combat.gd:2510
%s is stunned!,%s被眩晕了！,scripts/autoload/Combat.gd:1082
%s's wind-up is broken!,%s的蓄力被打断了！,scripts/autoload/Combat.gd:843
%s shrugs off the stun: a boss only loses a wind-up.,%s甩开了眩晕：首领只会失去蓄力。,scripts/autoload/Combat.gd:845
Every foe turns on %s.,所有敌人都转向了%s。,scripts/autoload/Combat.gd:849
%s is healed for %d.,%s回复了%d点生命。,scripts/autoload/Combat.gd:874
A sanctuary shelters the party.,一处庇护所护住了小队。,scripts/autoload/Combat.gd:881
Smoke fills the field — the party is hard to hit.,烟雾弥漫战场——小队难以被击中。,scripts/autoload/Combat.gd:884
%s moves to the %s row.,%s移动到%s排。,scripts/autoload/Combat.gd:928
%s gives %s a Healing Tonic: +%d HP.,%s给了%s一瓶治疗药剂：+%d生命。,scripts/autoload/Combat.gd:941
%s gives %s an Iron Tonic: a %d ward.,%s给了%s一瓶铁甲药剂：%d点守护。,scripts/autoload/Combat.gd:946
%s drinks a Focus Tonic: +%d Momentum.,%s喝下一瓶专注药剂：+%d气势。,scripts/autoload/Combat.gd:949
%s moves to guard %s.,%s上前守护%s。,scripts/autoload/Combat.gd:958
%s calls on %s: %s!,%s召唤%s：%s！,scripts/autoload/Combat.gd:984
%s uses %s%s!,%s使用了%s%s！,scripts/autoload/Combat.gd:986
The party mends.,小队恢复了伤势。,scripts/autoload/Combat.gd:994
The enemies' strength is sapped.,敌人的力量被削弱了。,scripts/autoload/Combat.gd:998
A burst lands on %s for %d!,爆发命中%s，造成%d点伤害！,scripts/autoload/Combat.gd:1006
A wave of damage sweeps every foe.,一波伤害横扫所有敌人。,scripts/autoload/Combat.gd:1012
A finishing blow strikes %s for %d!,终结一击命中%s，造成%d点伤害！,scripts/autoload/Combat.gd:1019
%s is shielded for %d.,%s获得%d点护盾。,scripts/autoload/Combat.gd:1023
+7 Momentum.,+7气势。,scripts/autoload/Combat.gd:1026
The party moves lighter on its feet.,小队的步伐更轻快了。,scripts/autoload/Combat.gd:1029
Every attack counts for more now.,现在每次攻击都更有分量。,scripts/autoload/Combat.gd:1032
The party stands ready to strike back.,小队已准备好反击。,scripts/autoload/Combat.gd:1035
The party braces against disaster.,小队做好了应对灾难的准备。,scripts/autoload/Combat.gd:1038
%s sacrifices %d HP for a burst on %s for %d!,%s牺牲%d点生命，对%s爆发%d点伤害！,scripts/autoload/Combat.gd:1046
"%s is crippled, dealing far less damage.",%s被致残，造成的伤害大减。,scripts/autoload/Combat.gd:1051
The whole party is shielded.,全队获得护盾。,scripts/autoload/Combat.gd:1056
Every wounded foe is finished off.,所有负伤的敌人都被终结了。,scripts/autoload/Combat.gd:1064
%s is staggered — its wind-up breaks!,%s被打得踉跄——蓄力中断！,scripts/autoload/Combat.gd:1080
%s is frozen solid!,%s被冻得结结实实！,scripts/autoload/Combat.gd:1089
%s is finished off!,%s被终结了！,scripts/autoload/Combat.gd:1093
%s's defences shatter.,%s的防御被粉碎了。,scripts/autoload/Combat.gd:1101
%s is marked.,%s被标记了。,scripts/autoload/Combat.gd:1104
Every foe is set ablaze.,所有敌人都燃起了火焰。,scripts/autoload/Combat.gd:1113
Lightning leaps between the foes.,闪电在敌人之间跳跃。,scripts/autoload/Combat.gd:1124
Every ward and plate is torn away.,所有守护与甲胄都被撕去。,scripts/autoload/Combat.gd:1131
%s stands ready to answer every blow.,%s已准备好回应每一次攻击。,scripts/autoload/Combat.gd:1134
%s plants their feet — every foe turns on them.,%s站稳脚跟——所有敌人都转向了他们。,scripts/autoload/Combat.gd:1140
%s will not fall this round.,%s本回合不会倒下。,scripts/autoload/Combat.gd:1143
%s is raised back to their feet!,%s重新站了起来！,scripts/autoload/Combat.gd:1151
%s is mended.,%s的伤势恢复了。,scripts/autoload/Combat.gd:1158
A cleansing light washes over the party.,净化之光笼罩了小队。,scripts/autoload/Combat.gd:1164
The front row locks shields.,前排锁紧了盾牌。,scripts/autoload/Combat.gd:1170
The party slips out of reach.,小队脱离了攻击范围。,scripts/autoload/Combat.gd:1173
A snare is set.,陷阱已布下。,scripts/autoload/Combat.gd:1176
Every wound the party deals now feeds it.,小队造成的每道伤口都在滋养它。,scripts/autoload/Combat.gd:1179
"%s pays in blood: +3 Momentum, and the party hits harder.",%s以血为代价：+3气势，小队攻击更重。,scripts/autoload/Combat.gd:1184
"%s drains %d from %s, healing %d!",%s吸取%d点生命（来自%s），回复%d！,scripts/autoload/Combat.gd:1192
%s is mended and shielded.,%s的伤势恢复并获得护盾。,scripts/autoload/Combat.gd:1203
%s is frozen in time by the Stopped Clock.,%s被停摆之钟冻结在时间里。,scripts/autoload/Combat.gd:1261
The %s strikes %s for %d!,%s攻击%s，造成%d点伤害！,scripts/autoload/Combat.gd:1267
%s doesn't survive the fight.,%s没能撑过这场战斗。,scripts/autoload/Combat.gd:1269
%s is stunned and loses its action.,%s被眩晕，失去行动。,scripts/autoload/Combat.gd:1279
%s gathers its strength — a heavy blow is coming!,%s正在积蓄力量——重击将至！,scripts/autoload/Combat.gd:1284
%s wards %s for %d.,%s为%s提供%d点守护。,scripts/autoload/Combat.gd:1305
%s mends %s for %d.,%s为%s治疗%d点。,scripts/autoload/Combat.gd:1310
%s roars — every foe hits harder!,%s咆哮——所有敌人攻击更重！,scripts/autoload/Combat.gd:1318
%s curses %s: %d%% less damage for %d rounds.,%s诅咒%s：伤害降低%d%%，持续%d回合。,scripts/autoload/Combat.gd:1325
%s sweeps the whole party!,%s横扫了整支小队！,scripts/autoload/Combat.gd:1328
%s reaps the whole party!,%s收割了整支小队！,scripts/autoload/Combat.gd:1334
%s drinks in the harvest (+%d).,%s吸纳了收获（+%d）。,scripts/autoload/Combat.gd:1346
%s calls the Drowning Tide!,%s召来了溺亡之潮！,scripts/autoload/Combat.gd:1350
%s sets the party ablaze!,%s点燃了整支小队！,scripts/autoload/Combat.gd:1359
%s sunders the front line!,%s击溃了前线！,scripts/autoload/Combat.gd:1370
%s brands %s: they take %d%% more damage for %d rounds.,%s烙印了%s：受到的伤害增加%d%%，持续%d回合。,scripts/autoload/Combat.gd:1381
"%s springs the snare: %d damage, and its attack is lost!",%s触发了陷阱：%d点伤害，且其攻击落空！,scripts/autoload/Combat.gd:1406
%s takes the blow meant for %s!,%s替%s挡下了这一击！,scripts/autoload/Combat.gd:1427
%s saw it coming and slips the blow!,%s早有预料，躲开了这一击！,scripts/autoload/Combat.gd:1464
%s evades %s's retaliation!,%s躲开了%s的反击！,scripts/autoload/Combat.gd:1467
%s's shield absorbs %d damage.,%s的护盾吸收了%d点伤害。,scripts/autoload/Combat.gd:1486
Last Stand! %s clings to life with %d HP.,背水一战！%s以%d点生命苟存。,scripts/autoload/Combat.gd:1496
The %s hits %s for %d.,%s击中%s，造成%d点伤害。,scripts/autoload/Combat.gd:1499
%s is stunned by the blow!,%s被这一击打晕了！,scripts/autoload/Combat.gd:1506
%s is set ablaze!,%s燃起了火焰！,scripts/autoload/Combat.gd:1512
%s is chilled — they'll act late next round.,%s被冻僵——下回合将延后行动。,scripts/autoload/Combat.gd:1515
%s is poisoned!,%s中毒了！,scripts/autoload/Combat.gd:1518
%s drains %d HP from the blow.,%s从这一击中吸取了%d点生命。,scripts/autoload/Combat.gd:1522
%s is knocked out!,%s被击倒了！,scripts/autoload/Combat.gd:1524
"%s ripostes, striking %s for %d!",%s还击，对%s造成%d点伤害！,scripts/autoload/Combat.gd:1530
Down one of its company first,先击倒它的一名同伴,scripts/autoload/Combat.gd:1574
The fight names which one when it starts.,战斗开始时会指明是哪一个。,scripts/autoload/Combat.gd:1574
"If it fights alone, another Feat takes its place.",若它单独作战，会由另一项壮举代替。,scripts/autoload/Combat.gd:1576
Underpowered: party power %d vs %d recommended,实力不足：小队战力%d，建议%d,scripts/autoload/Combat.gd:1665
%d heavy blow%s landed undefended (%d damage),%d次重击%s未被防御（%d点伤害）,scripts/autoload/Combat.gd:1669
Burn and poison did %d damage (%d%% of the total),燃烧与中毒造成%d点伤害（占总量%d%%）,scripts/autoload/Combat.gd:1674
Your foes healed %d HP,敌人回复了%d点生命,scripts/autoload/Combat.gd:1681
The party started the fight at %d%% HP,小队开战时生命为%d%%,scripts/autoload/Combat.gd:1685
No Abilities were used,未使用任何技能,scripts/autoload/Combat.gd:1688
%s fell in the front row,%s倒在了前排,scripts/autoload/Combat.gd:1692
No healer in a long fight,长时间战斗中没有治疗者,scripts/autoload/Combat.gd:1695
%s regenerates %d HP.,%s再生了%d点生命。,scripts/autoload/Combat.gd:1717
%s burns for %d.,%s受到%d点燃烧伤害。,scripts/autoload/Combat.gd:1727
%s suffers %d poison damage.,%s受到%d点毒素伤害。,scripts/autoload/Combat.gd:1760
The party mends its wounds.,小队包扎了伤口。,scripts/autoload/Combat.gd:1781
The %s falls!,%s倒下了！,scripts/autoload/Combat.gd:1794
All foes defeated!,所有敌人已被击败！,scripts/autoload/Combat.gd:1794
The Phoenix Feather flares — the party rises from the ashes!,凤凰之羽燃起——小队浴火重生！,scripts/autoload/Combat.gd:1806
Rally! The guild's order rings out: the party moves first and hits 30% harder this round.,集结！公会号令响起：本回合小队先手行动，伤害提高30%。,scripts/autoload/Combat.gd:1830
%s is stunned and loses the turn.,%s被眩晕，失去回合。,scripts/autoload/Combat.gd:1863
The party withdraws from the fight.,小队撤出了战斗。,scripts/autoload/Combat.gd:1915
Your party is overwhelmed...,你的小队被击溃了……,scripts/autoload/Combat.gd:1924
%s is left with a lasting scar: %s.,%s留下了永久伤疤：%s。,scripts/autoload/Combat.gd:1939
Ward Weave,守护编织,scripts/autoload/Combat.gd:2146
Prophecy: %s saw %s's blow before it began.,预言：%s在%s出手前就看穿了这一击。,scripts/autoload/Combat.gd:2169
Prophecy,预言,scripts/autoload/Combat.gd:2170
Lightning strikes %s for %d.,闪电击中%s，造成%d点伤害。,scripts/autoload/Combat.gd:2174
%s lets the held shot fly!,%s射出了蓄着的一箭！,scripts/autoload/Combat.gd:2189
%s steps in %s's snare (%d) and will act last.,%s踩中了%s的陷阱（%d），将最后行动。,scripts/autoload/Combat.gd:2208
Killing Ground! Every snared foe takes 30% more damage.,杀戮之地！所有被缚的敌人受到的伤害提高30%。,scripts/autoload/Combat.gd:2221
Killing Ground,杀戮之地,scripts/autoload/Combat.gd:2222
%s's blow cleaves through every foe!,%s的一击劈穿了所有敌人！,scripts/autoload/Combat.gd:2316
%s finds Perfect Form: they act twice next round!,%s进入完美状态：下回合行动两次！,scripts/autoload/Combat.gd:2336
Perfect Form,完美状态,scripts/autoload/Combat.gd:2337
%s's called shot breaks %s's wind-up!,%s的瞄准射击打断了%s的蓄力！,scripts/autoload/Combat.gd:2343
%s breaks %s's wind-up!,%s打断了%s的蓄力！,scripts/autoload/Combat.gd:2378
The Quiet Coin: +%d Resolve.,静默之币：+%d决心。,scripts/autoload/Combat.gd:2414
Deathmark! %s strikes again.,死亡印记！%s再次出击。,scripts/autoload/Combat.gd:2424
Deathmark,死亡印记,scripts/autoload/Combat.gd:2425
The fire spreads from the fallen foe.,火焰从倒下的敌人身上蔓延开来。,scripts/autoload/Combat.gd:2432
Judgment! Holy light strikes every foe and mends the party.,审判！圣光打击所有敌人并治愈小队。,scripts/autoload/Combat.gd:2452
Judgment,审判,scripts/autoload/Combat.gd:2453
Inferno! Every foe is left burning.,炼狱！所有敌人都在燃烧。,scripts/autoload/Combat.gd:2496
Inferno,炼狱,scripts/autoload/Combat.gd:2497
%s's heat detonates!,%s的热量引爆了！,scripts/autoload/Combat.gd:2499
Detonate!,引爆！,scripts/autoload/Combat.gd:2500
%s holds their breath.,%s屏住了呼吸。,scripts/autoload/Combat.gd:2538
%s twists %s's fate.,%s扭转了%s的命运。,scripts/autoload/Combat.gd:2565
%s is consecrated: no harm this round.,%s被祝圣：本回合不受伤害。,scripts/autoload/Combat.gd:2585
%s's smite finishes %s.,%s的惩击终结了%s。,scripts/autoload/Combat.gd:2595
Foresight: the party saw %s's blow coming and it comes to nothing.,先见：小队预见了%s的攻击，令其落空。,scripts/autoload/Combat.gd:2704
Foresight,先见,scripts/autoload/Combat.gd:2706
%s takes %d of the blow meant for %s.,%s承受了%d点本该落在%s身上的伤害。,scripts/autoload/Combat.gd:2730
Last Wall! %s throws themself in front of %s.,最后之墙！%s挺身挡在%s面前。,scripts/autoload/Combat.gd:2757
Last Wall,最后之墙,scripts/autoload/Combat.gd:2758
%s dodges and jabs back for %d.,%s闪身反刺，造成%d点伤害。,scripts/autoload/Combat.gd:2774
%s is untouchable!,%s无法被触及！,scripts/autoload/Combat.gd:2786
Untouchable,不可触及,scripts/autoload/Combat.gd:2787
%s counters %s for %d.,%s反击%s，造成%d点伤害。,scripts/autoload/Combat.gd:2799
%s vanishes!,%s消失了！,scripts/autoload/Combat.gd:2807
Vanish,消失,scripts/autoload/Combat.gd:2808
Red Mist! %s's attacks hit every foe.,血雾！%s的攻击命中所有敌人。,scripts/autoload/Combat.gd:2820
Red Mist,血雾,scripts/autoload/Combat.gd:2821
Second Wind! %s gets back up swinging.,重振旗鼓！%s挥舞着兵器重新站起。,scripts/autoload/Combat.gd:2826
Second Wind,重振旗鼓,scripts/autoload/Combat.gd:2827
Hallowed Ground! Damage to the party is halved.,圣域！小队受到的伤害减半。,scripts/autoload/Combat.gd:2839
Hallowed Ground,圣域,scripts/autoload/Combat.gd:2840
Miracle! %s rises again.,奇迹！%s再度站起。,scripts/autoload/Combat.gd:2847
Miracle,奇迹,scripts/autoload/Combat.gd:2848
The Grim Conjurer pulls %s back from the dark.,阴郁咒师将%s从黑暗中拉了回来。,scripts/autoload/Combat.gd:2856
Resonance: %s ×%d,共鸣：%s ×%d,scripts/autoload/Combat.gd:2990
The ward reflects %d back at %s.,守护将%d点伤害反射给%s。,scripts/autoload/Combat.gd:3012
Mirror Ward! Every ward reflects damage for 2 rounds.,镜面守护！所有守护在2回合内反射伤害。,scripts/autoload/Combat.gd:3021
Mirror Ward,镜面守护,scripts/autoload/Combat.gd:3022
%s's wind-up shatters on the ward.,%s的蓄力在守护上粉碎了。,scripts/autoload/Combat.gd:3028
Relics have changed,遗物已改变,scripts/autoload/GameState.gd:167
"Relics bend rules now; stats live on gear. %d rolled relics and every relic level became %d Essence, and Path relics went to heroes of their Path.",遗物现在只改写规则，数值在装备上。%d件随机遗物和每一级遗物等级已转换为%d精华，道途遗物已交给相应道途的英雄。,scripts/autoload/GameState.gd:168
Save restored,存档已恢复,scripts/autoload/GameState.gd:211
"Your last save was damaged, so the one just before it was loaded.",你最近的存档已损坏，因此载入了它之前的那个存档。,scripts/autoload/GameState.gd:212
Heroes have attributes now,英雄现在拥有属性了,scripts/autoload/GameState.gd:230
"Might, Agility and Focus — each hero has points from their past levels to spend (Roster > Hero).",力量、敏捷与专注——每位英雄都有以往等级积累的点数可供分配（名册 > 英雄）。,scripts/autoload/GameState.gd:231
Heroes have Paths now,英雄现在拥有道途了,scripts/autoload/GameState.gd:242
"Every rank is levels 1-10 now; evolve at 10. Subclasses are trained at the Training Yard at Ranks D, B and S, and your heroes keep the ones they have. Skill points were refunded to spend again.",现在每个阶级都是1-10级；10级时进化。子职业在训练场于阶级D、B和S时训练，英雄会保留已有的子职业。技能点已退还，可重新分配。,scripts/autoload/GameState.gd:243
Guild Management rebuilt,公会管理已重做,scripts/autoload/GameState.gd:288
Upgrades are fewer and much stronger now. %d Essence spent on the old tree were refunded.,升级项更少但强得多。旧技能树上花费的%d精华已退还。,scripts/autoload/GameState.gd:289
Champions have changed,勇者已改动,scripts/autoload/GameState.gd:364
"Champions are no longer hired: they're freed by the story and rescued in the Endless Rift, and oversee your rift runs. Champions you hired stay on as heroes.",勇者不再通过雇佣获得：他们由剧情解放、在无尽裂隙中被救出，并督导你的裂隙远征。你雇佣过的勇者会作为英雄留下。,scripts/autoload/GameState.gd:365
The Endless Rift has changed,无尽裂隙已改动,scripts/autoload/GameState.gd:439
Your Endless run was closed: it's a real-time survival run now (Rift Hall).,你的无尽远征已结束：它现在是即时生存模式（裂隙大厅）。,scripts/autoload/GameState.gd:440
Only inside a rift,仅限裂隙内,scripts/autoload/GameState.gd:567
The Tower is a trial: no orders,试炼之塔是一场试炼：不可下达命令,scripts/autoload/GameState.gd:569
Not unlocked,未解锁,scripts/autoload/GameState.gd:572
No orders left this rift,本裂隙已无命令可用,scripts/autoload/GameState.gd:574
Not during a fight,战斗中不可用,scripts/autoload/GameState.gd:580
Everyone is at full HP,所有人生命已满,scripts/autoload/GameState.gd:582
Only during a fight,仅限战斗中,scripts/autoload/GameState.gd:585
Only when choosing a fight's loot,仅限选择战斗战利品时,scripts/autoload/GameState.gd:589
Only when choosing a path,仅限选择路线时,scripts/autoload/GameState.gd:592
Not built yet,尚未建造,scripts/autoload/combat/CombatEffects.gd:37
+%d hero slots,+%d英雄栏位,scripts/autoload/combat/CombatEffects.gd:39
-%d%% recovery time · %d bed%s,恢复时间-%d%% · %d张床%s,scripts/autoload/combat/CombatEffects.gd:40
+%d%% party damage and max HP,小队伤害与最大生命+%d%%,scripts/autoload/combat/CombatEffects.gd:41
+%d%% Essence from fights,战斗精华+%d%%,scripts/autoload/combat/CombatEffects.gd:42
-%d%% hazard damage · +%d%% Essence for sealing,险境伤害-%d%% · 封印精华+%d%%,scripts/autoload/combat/CombatEffects.gd:43
-%d%% shop prices · -%d%% auction fees · +%d%% Rift Cache chance,商店价格-%d%% · 拍卖费用-%d%% · 裂隙宝藏几率+%d%%,scripts/autoload/combat/CombatEffects.gd:44
%d recruit offers,%d个招募名额,scripts/autoload/combat/CombatEffects.gd:45
%d starting relic choices · %d relic slots,%d个初始遗物选项 · %d个遗物栏位,scripts/autoload/combat/CombatEffects.gd:48
+%d%% element-set bonuses,元素套装加成+%d%%,scripts/autoload/combat/CombatEffects.gd:49
+%d%% tower damage,塔伤害+%d%%,scripts/autoload/combat/CombatEffects.gd:50
-%d%% tower costs,塔造价-%d%%,scripts/autoload/combat/CombatEffects.gd:51
+%d integrity · +%d starting supplies,+%d耐久 · +%d初始补给,scripts/autoload/combat/CombatEffects.gd:52
posted heroes +%d%% max HP,驻守英雄最大生命+%d%%,scripts/autoload/combat/CombatEffects.gd:53
%s's %s finds the killing blow!,%s的%s找到了致命一击！,scripts/autoload/combat/CombatEffects.gd:287
%s drains %d HP from the strike.,%s从这一击中吸取了%d点生命。,scripts/autoload/combat/CombatEffects.gd:292
+%d HP,+%d生命,scripts/autoload/combat/CombatEffects.gd:293
The %s shields %s for %d.,%s为%s提供%d点护盾。,scripts/autoload/combat/CombatEffects.gd:297
Shield +%d,护盾+%d,scripts/autoload/combat/CombatEffects.gd:298
"%s counters, striking %s for %d!",%s反击，对%s造成%d点伤害！,scripts/autoload/combat/CombatEffects.gd:304
The %s hums — +1 Momentum!,%s嗡鸣——+1气势！,scripts/autoload/combat/CombatEffects.gd:309
%s's %s — they act again!,%s的%s——他们再次行动！,scripts/autoload/combat/CombatEffects.gd:317
%s steps in front of the blow meant for %s!,%s挺身挡下了冲着%s来的一击！,scripts/autoload/combat/CombatEffects.gd:323
%s's %s blunts %s's strength.,%s的%s削弱了%s的力量。,scripts/autoload/combat/CombatEffects.gd:328
The %s mends the party.,%s治愈了小队。,scripts/autoload/combat/CombatEffects.gd:334
The %s strikes every foe for %d!,%s打击所有敌人，造成%d点伤害！,scripts/autoload/combat/CombatEffects.gd:341
The %s shields the party.,%s为小队提供护盾。,scripts/autoload/combat/CombatEffects.gd:348
Up to %s as HP drops,生命越低越高，最多%s,scripts/autoload/combat/CombatEffects.gd:370
%s per Speed above 10,速度每高于10一点，%s,scripts/autoload/combat/CombatEffects.gd:371
finish foes left below %s HP,终结生命低于%s的敌人,scripts/autoload/combat/CombatEffects.gd:375
heal for %s of damage dealt,回复造成伤害%s的生命,scripts/autoload/combat/CombatEffects.gd:376
shield the lowest-HP ally for %s of their max HP,为生命最低的盟友提供其最大生命%s的护盾,scripts/autoload/combat/CombatEffects.gd:377
%s chance to counter-attack,%s几率反击,scripts/autoload/combat/CombatEffects.gd:378
%s chance to gain 1 Momentum,%s几率获得1点气势,scripts/autoload/combat/CombatEffects.gd:379
act again (once per round),再次行动（每回合一次）,scripts/autoload/combat/CombatEffects.gd:380
%s chance your healthiest hero takes the hit for an ally below half HP,%s几率由你最健康的英雄替生命低于一半的盟友承受攻击,scripts/autoload/combat/CombatEffects.gd:381
%s chance this hero takes the hit for an ally below half HP,%s几率由该英雄替生命低于一半的盟友承受攻击,scripts/autoload/combat/CombatEffects.gd:381
cut the attacker's damage by %s,攻击者伤害降低%s,scripts/autoload/combat/CombatEffects.gd:382
mend every ally for %s of their max HP,为每名盟友回复其最大生命%s的生命,scripts/autoload/combat/CombatEffects.gd:383
strike every foe for %s of the party's damage,对所有敌人造成小队伤害%s的打击,scripts/autoload/combat/CombatEffects.gd:384
shield every ally for %s of their max HP,为每名盟友提供其最大生命%s的护盾,scripts/autoload/combat/CombatEffects.gd:385
in round 1,第1回合,scripts/autoload/combat/CombatEffects.gd:400
in the first %d rounds,前%d回合,scripts/autoload/combat/CombatEffects.gd:400
from round %d on,第%d回合起,scripts/autoload/combat/CombatEffects.gd:401
while above %s HP,生命高于%s时,scripts/autoload/combat/CombatEffects.gd:402
while below %s HP,生命低于%s时,scripts/autoload/combat/CombatEffects.gd:403
against bosses,对首领,scripts/autoload/combat/CombatEffects.gd:404
outside boss fights,首领战之外,scripts/autoload/combat/CombatEffects.gd:404
in the %s row,位于%s排时,scripts/autoload/combat/CombatEffects.gd:405
vs foes below %s HP,对生命低于%s的敌人,scripts/autoload/combat/CombatEffects.gd:406
while an ally is below %s HP,有盟友生命低于%s时,scripts/autoload/combat/CombatEffects.gd:407
when acting first in the round,在回合中首个行动时,scripts/autoload/combat/CombatEffects.gd:408
when acting last in the round,在回合中最后行动时,scripts/autoload/combat/CombatEffects.gd:409
Mends %s HP/round,每回合回复%s生命,scripts/autoload/combat/CombatGen.gd:97
+%s dodge chance,闪避几率+%s,scripts/autoload/combat/CombatGen.gd:98
+%s dmg/round (stacking),每回合伤害+%s（可叠加）,scripts/autoload/combat/CombatGen.gd:99
-%s hazard severity,险境强度-%s,scripts/autoload/combat/CombatGen.gd:100
+%s first-strike damage,先手伤害+%s,scripts/autoload/combat/CombatGen.gd:101
+%s odds toward Rare/Epic loot,稀有/史诗战利品几率+%s,scripts/autoload/combat/CombatGen.gd:102
Relic ward: survive a wipe at %d%% HP,遗物守护：团灭时以%d%%生命幸存,scripts/autoload/combat/CombatGen.gd:103
+%d%% opening volley vs Bosses,对首领开场齐射+%d%%,scripts/autoload/combat/CombatGen.gd:104
+%d%% chance to counter when evading or hit hard,闪避或受重击时反击几率+%d%%,scripts/autoload/combat/CombatGen.gd:105
+%d%% chance to gain 1 Momentum when evading or hit hard,闪避或受重击时获得1点气势的几率+%d%%,scripts/autoload/combat/CombatGen.gd:106
"On a kill, shield the weakest ally for %d%% of max HP",击杀时，为最弱的盟友提供其最大生命%d%%的护盾,scripts/autoload/combat/CombatGen.gd:107
Skill: %s,技能：%s,scripts/autoload/combat/CombatStats.gd:64
Combo: %s,连携：%s,scripts/autoload/combat/CombatStats.gd:71
Keystone drawback: %s,基石代价：%s,scripts/autoload/combat/CombatStats.gd:77
Innate (%s),天赋（%s）,scripts/autoload/combat/CombatStats.gd:82
Morale: %s,士气：%s,scripts/autoload/combat/CombatStats.gd:99
Quirk: %s,特质：%s,scripts/autoload/combat/CombatStats.gd:101
%s%s%% damage,伤害%s%s%%,scripts/autoload/combat/CombatStats.gd:213
%s%s%% HP,生命%s%s%%,scripts/autoload/combat/CombatStats.gd:214
%s%s%% first-strike damage,先手伤害%s%s%%,scripts/autoload/combat/CombatStats.gd:215
%s%s%% damage per round (stacking),每回合伤害%s%s%%（可叠加）,scripts/autoload/combat/CombatStats.gd:216
Mends %s%% of the party's HP pool each round,每回合回复小队总生命的%s%%,scripts/autoload/combat/CombatStats.gd:217
-%s%% party mending per round,每回合小队回复-%s%%,scripts/autoload/combat/CombatStats.gd:217
%s%s%% hazard severity,险境强度%s%s%%,scripts/autoload/combat/CombatStats.gd:218
%s%% chance to block a retaliation,%s%%几率格挡反击,scripts/autoload/combat/CombatStats.gd:219
-%s%% chance to block a retaliation,格挡反击几率-%s%%,scripts/autoload/combat/CombatStats.gd:219
%s%s%% turn speed,回合速度%s%s%%,scripts/autoload/combat/CombatStats.gd:220
%s%s%% ability power,技能强度%s%s%%,scripts/autoload/combat/CombatStats.gd:221
"Once per rift, survive a wipe at %s%% HP",每个裂隙一次，团灭时以%s%%生命幸存,scripts/autoload/combat/CombatStats.gd:222
-%s%% HP on a survived wipe,团灭幸存时生命-%s%%,scripts/autoload/combat/CombatStats.gd:222
Opens every Boss fight with a free strike,每场首领战以一次免费攻击开场,scripts/autoload/combat/CombatStats.gd:223
Wounded Survivor,负伤的幸存者,scripts/autoload/game_data/GameDataArt.gd:57
Lost Scout,迷路的斥候,scripts/autoload/game_data/GameDataArt.gd:57
Stranded Merchant,受困的商人,scripts/autoload/game_data/GameDataArt.gd:57
Frightened Pilgrim,受惊的朝圣者,scripts/autoload/game_data/GameDataArt.gd:57
Inventory,物品栏,scripts/autoload/game_data/GameDataArt.gd:70
Opens once you find your first item,找到第一件物品后开放,scripts/autoload/game_data/GameDataArt.gd:70
Loot you find is kept here — equip items on the Roster's Hero tab.,你找到的战利品存放在这里——在名册的英雄页装备物品。,scripts/autoload/game_data/GameDataArt.gd:70
Medical Bay,医疗所,scripts/autoload/game_data/GameDataArt.gd:71
Opens after your first rift run,完成第一次裂隙远征后开放,scripts/autoload/game_data/GameDataArt.gd:71
Wounded and downed heroes recover faster in a bed.,负伤和倒下的英雄躺在床上恢复得更快。,scripts/autoload/game_data/GameDataArt.gd:71
Bestiary,怪物图鉴,scripts/autoload/game_data/GameDataArt.gd:72
Opens after your first fight,第一场战斗后开放,scripts/autoload/game_data/GameDataArt.gd:72
Every foe you meet is recorded here.,你遇到的每个敌人都会记录在此。,scripts/autoload/game_data/GameDataArt.gd:72
Quests,任务,scripts/autoload/game_data/GameDataArt.gd:73
Opens after you seal your first rift,封印第一个裂隙后开放,scripts/autoload/game_data/GameDataArt.gd:73
"Take on quests for Gold, Essence and Renown.",接取任务，赚取金币、精华和声望。,scripts/autoload/game_data/GameDataArt.gd:73
Training Yard,训练场,scripts/autoload/game_data/GameDataArt.gd:74
Opens after you seal 2 rifts,封印2个裂隙后开放,scripts/autoload/game_data/GameDataArt.gd:74
"Wen, the Chronicler",Wen，编年史官,scripts/autoload/game_data/GameDataArt.gd:74
"""Two rifts sealed, and the yard behind the barracks is finally clear of rubble. Send a hero there for a few days and they come back stronger: an attribute point, a new program. The Drill Yard room adds places. And the quest board has work off the map for anyone left at camp.""","""两座裂隙已封印，兵营后面的院子也终于清走了碎石。派英雄去那里待几天，回来就会更强：一个属性点，一个新项目。操练场这个房间能增加位置。任务板上还有地图之外的活儿，留守营地的人都能接。""",scripts/autoload/game_data/GameDataArt.gd:75
Accord Hall,盟约大厅,scripts/autoload/game_data/GameDataArt.gd:76
"""This camp was an Accord hall once. The Barracks, the Infirmary and the Drill Yard can be rebuilt now, room by room, with Gold. Each level costs a little upkeep. More rooms open as the guild grows."" (Guild > Accord Hall)",“这座营地曾是盟约的一座大厅。兵营、医务室和操练场现在可以用金币一间一间地重建。每一级都要一点维护费。公会壮大后会开放更多房间。”（公会 > 盟约大厅）,scripts/autoload/game_data/GameDataArt.gd:77
Hero requests,英雄请求,scripts/autoload/game_data/GameDataArt.gd:78
Opens after you seal 3 rifts,封印3个裂隙后开放,scripts/autoload/game_data/GameDataArt.gd:78
"Twice a week a hero may ask for something: time off, a partner, a rift of their own. Say yes for their trust, or no.",每周两次，英雄可能会提出请求：休假、一个搭档、一道属于自己的裂隙。答应能赢得信任，也可以拒绝。,scripts/autoload/game_data/GameDataArt.gd:78
Champions,勇者,scripts/autoload/game_data/GameDataArt.gd:79
Opens when you free your first champion (the end of Act I),解放第一位勇者时开放（第一幕结尾）,scripts/autoload/game_data/GameDataArt.gd:79
A champion oversees your rift runs: their Boon for the party and their Call. Choose one and level them up under Roster > Champions.,勇者督导你的裂隙远征：为小队提供恩赐，并有其号令。在名册 > 勇者中选择一位并提升等级。,scripts/autoload/game_data/GameDataArt.gd:79
The Smithy,铁匠铺,scripts/autoload/game_data/GameDataArt.gd:80
Opens when you complete Act I,完成第一幕后开放,scripts/autoload/game_data/GameDataArt.gd:80
"Dobbs, the Quartermaster",Dobbs，军需官,scripts/autoload/game_data/GameDataArt.gd:80
"""Found a smith who'll work for our rates. Bring her any piece a hero wears and she'll temper it: every stat on it a little higher, for Gold. Each temper costs more than the last. She buys spare gear for scrap Essence, too."" (Inventory > Smithy)",“找到一位肯按我们价钱干活的铁匠。把英雄身上的任何一件装备拿给她，她会回火：每项数值都高一点，收金币。每次回火都比上次贵。她也收多余的装备，换些碎精华。”（物品栏 > 铁匠铺）,scripts/autoload/game_data/GameDataArt.gd:81
Relics,遗物,scripts/autoload/game_data/GameDataArt.gd:82
"Relics bend the rules of a fight for the whole guild. Equip them under Inventory > Relics; you have a few slots. Elites, shops and events sometimes hold one.",遗物会为整个公会改写战斗规则。在物品栏 > 遗物中装备；你只有几个栏位。精英、商店和事件有时会带来一件。,scripts/autoload/game_data/GameDataArt.gd:82
Rival moves,对手动向,scripts/autoload/game_data/GameDataArt.gd:83
Opens a day into Act II,第二幕开始一天后开放,scripts/autoload/game_data/GameDataArt.gd:83
"Once a week the rival guild may court a hero, dare you, or go after a contract. Answer before payday.",敌对公会每周可能拉拢一名英雄、向你挑战或争夺契约。请在发薪日前回应。,scripts/autoload/game_data/GameDataArt.gd:83
Resolve and the haul,决心与战利品,scripts/autoload/game_data/GameDataArt.gd:84
Old Hesper,老Hesper,scripts/autoload/game_data/GameDataArt.gd:84
"""The easy rifts are behind you. From now on a party carries Resolve: hard floors and hazards wear it down, rests and shrines bring it back, and a party that breaks hits softer. And what you carry is at risk: lose the boss, or run, and part of the haul stays down there.""",“轻松的裂隙已经过去了。从现在起，小队带着决心出发：艰难的楼层和险境会消磨它，休息和圣坛会让它恢复，崩溃的小队出手更弱。你带着的东西也有风险：输给首领或逃跑，一部分战利品就会留在下面。”,scripts/autoload/game_data/GameDataArt.gd:85
More hall rooms,更多大厅房间,scripts/autoload/game_data/GameDataArt.gd:86
Opens two days into Act II,第二幕开始两天后开放,scripts/autoload/game_data/GameDataArt.gd:86
"The Infrastructure and Logistics rooms can be rebuilt now: Essence Amplifiers, Wardstones, the Trade Network and the Scouts' Lodge (Guild > Accord Hall).",现在可以重建设施和后勤房间了：精华增幅器、守护石、贸易网络和斥候小屋（公会 > 盟约大厅）。,scripts/autoload/game_data/GameDataArt.gd:86
Wardcraft,守御术,scripts/autoload/game_data/GameDataArt.gd:87
Opens when the first rift swells into a breach,第一道裂隙膨胀成破口时开放,scripts/autoload/game_data/GameDataArt.gd:87
"The Armory, Quartermaster, Palisade and Watchtower soften breach rifts (Guild > Accord Hall).",军械库、军需官、栅栏和瞭望塔能削弱破口裂隙（公会 > 盟约大厅）。,scripts/autoload/game_data/GameDataArt.gd:87
Reforge and combine,重铸与合成,scripts/autoload/game_data/GameDataArt.gd:88
Opens when you complete Act II,完成第二幕后开放,scripts/autoload/game_data/GameDataArt.gd:88
"""The smith has taken on an apprentice. Now she can reforge one stat on an item for Essence, and melt three spare pieces into one better one."" (Inventory > Smithy)",“铁匠收了个学徒。现在她可以花精华重铸物品上的一项数值，也能把三件多余的装备熔成一件更好的。”（物品栏 > 铁匠铺）,scripts/autoload/game_data/GameDataArt.gd:89
Research rooms,研究房间,scripts/autoload/game_data/GameDataArt.gd:90
The Relic Vault and the Arcane Lab can be rebuilt now (Guild > Accord Hall).,现在可以重建遗物库和奥术实验室了（公会 > 盟约大厅）。,scripts/autoload/game_data/GameDataArt.gd:90
Daily twist,每日变奏,scripts/autoload/game_data/GameDataArt.gd:91
"Once a day a ladder rift can carry a twist: a special rule and a starting boon, for extra Essence. Tick it in the Rift Hall.",每天一次，阶梯裂隙可附带一项变奏：一条特殊规则和一份开局恩赐，换取额外精华。在裂隙大厅中勾选。,scripts/autoload/game_data/GameDataArt.gd:91
Tower of Trials,试炼之塔,scripts/autoload/game_data/GameDataArt.gd:92
Opens when you complete Act III,完成第三幕后开放,scripts/autoload/game_data/GameDataArt.gd:92
"100 fixed floors in the Rift Hall. Each floor is always the same fight, and pays the first time you clear it.",裂隙大厅中的100个固定层。每层总是同一场战斗，首次通关时给予报酬。,scripts/autoload/game_data/GameDataArt.gd:92
English,English,scripts/autoload/game_data/GameDataArt.gd:176
Türkçe (beta),Türkçe (beta),scripts/autoload/game_data/GameDataArt.gd:176
Español (beta),,scripts/autoload/game_data/GameDataArt.gd:176
zh_CN,,scripts/autoload/game_data/GameDataArt.gd:176
简体中文 (beta),,scripts/autoload/game_data/GameDataArt.gd:176
"An expedition now warns you when it would leave too few heroes at camp to cover for one who is ready for a Path course. Spanish and Chinese cover the founders, expeditions and fixes of 0.67.",若远征会让营地里剩下的英雄不足以替补一名可参加道途课程的英雄，现在会提醒你。西班牙语和中文已涵盖0.67的创始英雄、远征和修复。,scripts/autoload/game_data/GameDataArt.gd:179
"Expedition pay was checked in a full simulation and set by the heroes you send: a job asks for what your spare heroes can do and pays what a rift at their own rank would, so a bench that can't keep up with your best four still has work, and a strong one is no longer paid more on the road than in the rifts.",远征报酬已在完整模拟中核对，并按你派出的英雄来定：任务要求的是你的替补英雄能做到的，报酬相当于他们自身等级的裂隙所得。这样，跟不上最强四人的替补也有活可干，而强大的替补在路上的收入也不再高于裂隙。,scripts/autoload/game_data/GameDataArt.gd:180
"Your own founders and expeditions. A new guild signs its first three heroes from a board of six, one of every class among them, with free rerolls. From two seals the Quest board posts expeditions: jobs off the map for heroes you can spare, gone for whole days while the rifts go on without them. The odds show before they leave, every class and Path brings something on the road, and a perilous job gone wrong can leave a scar. After Act I's card you choose how many tips you want, and the Training Yard now costs Essence.",自选创始英雄与远征。新公会从一块六人招募板（每个职业都有）上签下最初三名英雄，可免费重抽。封印两座裂隙后，任务板会发布远征：给你腾得出手的英雄在地图之外接活，一去就是整天，裂隙那边照常进行。出发前会显示成功率，每个职业和道途在路上都有所助益，凶险任务一旦失手可能留下伤疤。看过第一幕的卡片后，你可以选择想要多少提示；训练场现在需要花费精华。,scripts/autoload/game_data/GameDataArt.gd:181
"Fixes from a full playthrough: the hero who opens a round waits for you instead of replaying last round's move, the turn order and the action bar follow every turn, Guard picks an ally, a stunned hero loses the turn openly, foes keep their size when one is summoned, and new recruits can spend their skill points. Also: Settings and a master volume on the title screen, a crest picker, the shrine's second choice, Take buttons in treasure rooms, a bigger rift map with fewer crossings, the main portal leads to the ranked rifts, front-row heroes stand nearest the foes, a Worn filter in the inventory, banked Momentum on the map, and a cleaner Guild, Records and Library.",完整通关后的修复：开启回合的英雄会等待你的指令，而不是重复上一回合的行动；行动顺序和行动栏每回合都会更新；守护可以选择一名队友；被击晕的英雄会明确地失去回合；召唤出新敌人时，其余敌人保持原有大小；新招募的英雄可以花费技能点。另外：标题画面加入设置和主音量、纹章选择器、圣坛的第二个选项、宝藏房间的拿取按钮、更大且交叉更少的裂隙地图、主传送门通往阶级裂隙、前排英雄站得离敌人最近、物品栏的“已穿戴”筛选、地图上显示储存的气势，以及更清爽的公会、记录和图书馆页面。,scripts/autoload/game_data/GameDataArt.gd:182
"Gear, simpler. The Smithy is one screen for gear's four jobs: temper what your heroes wear, combine three spare items into a better one, reforge a stat line, salvage for Essence. Relics bend rules now and nothing else: every relic is one of a kind (from finales, an elite's loot, a rift shop, events and the Tower), and stats live on gear. Rolled relics, relic levels, rerolls and the starting relic choice are gone; an old save's rolled relics and every relic level became Essence. Path relics are carried by heroes: one each, of their own Path, working while they fight, passed between them on the hero's Path tab. Offers come only for Paths your heroes walk, and declining one pays the seal's full Essence. The Relic Vault adds a relic slot at Lv1, 3 and 5; the Arcane Lab cheapens treatments and respecs and raises salvage.",装备更简单了。铁匠铺把装备的四件事放在一个界面：为英雄身上的装备回火、把三件多余的物品合成一件更好的、重铸一条数值、分解换取精华。遗物现在只改写规则：每件遗物都独一无二（来自终章、精英的战利品、裂隙商店、事件和试炼之塔），数值则在装备上。随机遗物、遗物等级、重随和初始遗物选择都已移除；旧存档中的随机遗物和每一级遗物等级都已转换为精华。道途遗物由英雄携带：每人一件，必须是自己的道途，在其战斗时生效，可在英雄的道途页签中转交。只会为你的英雄所走的道途提供遗物，放弃时可获得封印的全部精华。遗物库在1、3、5级各增加一个遗物栏位；奥术实验室降低治疗和重置的费用，并提高分解收益。,scripts/autoload/game_data/GameDataArt.gd:183
"One new thing at a time. A new guild starts with heroes, rifts, fights and payday; the rest comes in turn, brought in by Wen, Dobbs or Hesper: the Training Yard and the hall's first rooms after two seals, the Smithy and relics with Act I's finale, the rival, Resolve and the haul a day into Act II, reforging and the Daily twist in Act III, the Tower in Act IV. A player whose past guild got past Act I has all of Act II's from day 1. The Accord Hall is one tree now: its 13 rooms are built with Gold, and at the end of Acts I, III and V you choose one of two wings (3 of 6 per guild), each with a new effect. Heroes on a Path can train Path Mastery for Essence: each rank makes their Path rule 4% stronger.",一次只来一样新东西。新公会从英雄、裂隙、战斗和发薪日开始；其余的依次到来，由Wen、Dobbs或Hesper带来：两次封印后是训练场和大厅的第一批房间，第一幕终章带来铁匠铺和遗物，第二幕开始一天后是对手、决心与战利品，第三幕是重铸和每日变奏，第四幕是试炼之塔。曾有公会通过第一幕的玩家，从第一天起就拥有第二幕及之前的一切。盟约大厅现在是一棵树：13个房间用金币建造，在第一、三、五幕结束时，你从两翼中选择一个（每个公会6选3），每一翼都有新效果。走上道途的英雄可以用精华训练道途精通：每一级让其道途规则强化4%。,scripts/autoload/game_data/GameDataArt.gd:184
"Fixes from the review: a reload in the middle of a fight puts the party back as it stood before it, so the fight starts over fairly (and running from it afterwards costs the haul, as fleeing does). The hazard card now shows exactly what lands, Pathfinder and Scavenger included. A key left waiting in Settings no longer catches a later press; moved keys stay in fights and the hints name them. Resolve isn't sold while it doesn't count. The daily score counts Resolve only where it drains and scales with the difficulty. Phones: the map's legend wraps, Resolve shows in a fight, and the attack shows its damage on the foe. Story cards waiting to be read survive a reload. The sound effects are loudness-matched. Settings > Send feedback can share play milestones with the developer, if you tick it.",来自评审的修复：战斗中途重新载入会让小队回到战前的状态，战斗公平地重新开始（之后再逃跑，会像逃跑一样损失战利品）。险境卡片现在准确显示会造成什么，包括探路者和拾荒者。在设置里等待的按键不再捕获之后的按键；改过的按键只作用于战斗，提示也会显示它们。决心不计入时不再出售。每日分数只在决心会消耗时计入它，并随难度缩放。手机：地图图例会换行，战斗中显示决心，攻击会在敌人身上显示伤害。等待阅读的剧情卡片在重新载入后不会丢失。音效按响度统一。设置 > 发送反馈：勾选后可与开发者分享游戏里程碑。,scripts/autoload/game_data/GameDataArt.gd:185
"Five Path relics now carry a drawback, as designed: Bulwark Chain, Red Tooth Torc, Brimming Chalice, Burning Psalter and Feather-Step Wraps. Each stop on the rift map says what it costs or gives back in Resolve. Hardship levels were checked in a full simulation: the Recommended power stays honest at every level.",五件道途遗物现在按原设计附带代价：壁垒之链、赤牙项圈、满溢圣杯、燃烧诗篇和羽步裹布。裂隙地图上的每个地点都会显示消耗或恢复多少决心。磨难各等级已通过完整模拟检验：推荐战力在每个等级下都依然可靠。,scripts/autoload/game_data/GameDataArt.gd:186
"Deeper rifts and a busier guild. Resolve: a party sets out with 8 and loses some with every floor, elite, risky hazard and fled fight; campfires, shrines and some events give it back. At 3 or less foes strike first; at 0 the heroes also lose their Momentum. Sealing a Rank D or higher rift offers one of 30 Path relics, each bending a Path's rule (or Essence instead). The camp has 15 new events and heroes 20 new requests, twice a week, that leave quirks, bonds and titles; heroes earn titles for their deeds and can be renamed on their page. A new guild picks its difficulty: Story, Standard, or a Hardship once a guild has reached Act IV. Hovering a fight command shows the damage it would deal, and Settings > Controls moves the fight keys. About 40 new sounds. The game speaks Spanish, and Simplified Chinese on desktop (both beta). A sealed daily twist has a score you can post to the day's board.",更深的裂隙，更热闹的公会。决心：小队出发时有 8 点，每经过一层、每场精英战、每个冒险险境、每次逃离战斗都会失去一些；营火、圣坛和部分事件能补回。决心为 3 或更低时，敌人先手；为 0 时，英雄还会失去气势。封印 D 阶或更高的裂隙时，可从 30 件道途遗物中选择一件，每件都会改变一条道途的规则（也可改拿精华）。营地新增 15 个事件，英雄新增 20 个请求，每周两次，会留下特质、羁绊和称号；英雄会因事迹获得称号，并可在其页面改名。新公会可选择难度：剧情、标准，或在某个公会到达第四幕后开放的磨难。将鼠标悬停在战斗指令上可看到预计伤害，设置 > 操作可更改战斗按键。新增约 40 种音效。游戏现支持西班牙语，以及桌面版的简体中文（均为测试版）。封印的每日挑战会有得分，可发布到当日榜单。,scripts/autoload/game_data/GameDataArt.gd:187
"A simpler, deeper guild. Rifts are maps now: lanes that cross (3 at the low ranks, up to 5 at the top), so you plan a route, with a campfire before every boss and new stops along the way (an anvil that tempers a piece for free, a Path's shrine, a trainer's echo); from Rank S the far floors stay unseen unless a Trapper or a Stalker scouts. The camp lives: on about a third of days a merchant, a visiting hero, a wandering recruit or a dilemma turns up, and threats like fire, fever, bandits and storms are foretold the evening before, so you can pay, send a hero, or take the loss. Breaches are held in a breach rift (fights back to back, no camp between them) instead of the tower defense, and the Defenses research is now Wardcraft, which softens them. The real-time Endless Rift is resting for now: its gate leads down the Descent. A saved Descent also remembers its depth now.",更简洁、更有深度的公会。裂隙现在是地图：交错的路线（低阶3条，最高5条），你需要规划路线，每个首领前都有营火，沿途还有新的停靠点（免费淬炼一件装备的铁砧、道途圣坛、训练师的回响）；从阶级S起，远处的层不可见，除非有陷阱师或潜猎者侦察。营地也活了起来：大约三分之一的日子里会出现商人、来访英雄、流浪新兵或两难抉择，而火灾、热病、盗匪和风暴等威胁会在前一晚预告，你可以付钱、派英雄处理或承受损失。裂口改在裂口裂隙中守住（连续战斗，中间没有营地），取代了塔防，防御研究现改为守御术，可削弱裂口。即时的无尽裂隙暂时休眠：它的大门通往深渊下行。存档的深渊下行现在也会记住深度。,scripts/autoload/game_data/GameDataArt.gd:188
"Attack and skill animations no longer snap back to the stance after the blow: heroes and foes now play the motion back out, so every swing, shot and cast finishes.",攻击和技能动画不再在出手后直接弹回站姿：英雄和敌人会完整播放收招动作，每次挥砍、射击和施法都有始有终。,scripts/autoload/game_data/GameDataArt.gd:189
"Attacks hit harder on screen: warriors and rogues wind up before they dash in and the blow lands with a jolt; rangers draw and the arrow leaves the bow on the release; mages and clerics gather light in the hand before the bolt flies. New attack animations: the base Ranger, Mage and Cleric, seven rangers who now raise and draw their bows, the Ashen Templar and the Hearth-Warden.",攻击在画面上更有打击感：战士和盗贼先蓄势再冲刺，命中时一震；游侠拉弓，箭在松弦时离弦；法师和牧师先在手中聚光再放出法弹。新攻击动画：基础游侠、法师和牧师，七名现在会举弓拉弦的游侠，灰烬圣殿骑士和炉火守卫。,scripts/autoload/game_data/GameDataArt.gd:190
"Raising Abilities (Faster Than the Wounds, One More Round) raise a fallen ally once a fight now, at 35% and 30% HP; after that they heal. Mercy's Overflow no longer counts the party's mend, and its tree's mend nodes are lower. The Marksman's Signature is now called Held Breath, so it isn't confused with the ranger's Overwatch row bonus.",复活类技能（快过伤口、再来一轮）现在每场战斗复活一名倒下的盟友一次，分别以35%和30%生命复活；之后改为治疗。慈悲的溢流不再计入小队回复，其技能树的回复节点数值降低。神射手的绝技更名为屏息，以免与游侠的警戒排加成混淆。,scripts/autoload/game_data/GameDataArt.gd:191
"A hero's page has a Path tab now: their Path's three stages side by side, the Twist, and the rank and XP bar with Evolve and training. The Skills tab is shorter, so the skill tree starts higher up. Base-class heroes animate in fights. Tuning: Called Shot hits harder, snares bite harder, Benediction heals 10% (was 15%) and Overflow turns half the overhealing into a ward.",英雄页面新增道途页：道途的三个阶段并列展示，还有变奏、阶级与经验条，以及进化和训练。技能页更短，技能树位置更靠上。基础职业英雄在战斗中有动画。调整：瞄准射击伤害更高，陷阱更狠，祝祷治疗10%（原为15%），溢流将一半的过量治疗转为守护。,scripts/autoload/game_data/GameDataArt.gd:192
"Paths: heroes are hired as base classes and grow into one of 15 Paths (3 per role). Every rank is levels 1-10 now, and evolving at 10 starts the next rank at level 1 with +20% XP for two runs; raised heroes end up a little stronger than hired ones, hired ones bring more skill points. At Ranks D, B and S a hero trains at the Training Yard: stage 1 brings the Path's rule (a Bloodrager hits harder the more hurt they are, a Marksman lines up a steady shot), stage 2 a Technique in place of the role's second skill, stage 3 a once-a-fight Signature moment or the role's Legend. Every subclass bends its Path with its own Twist. New subclasses unlock with acts, Tower floors and deeds (Codex › Paths), and a new guild can carry them over with Laurels. Heroes sharing an element now Resonate in a party. Your heroes keep their subclasses; their skill points were refunded to spend again.",道途：英雄以基础职业受雇，并成长为15条道途之一（每个职业3条）。现在每个阶级都是1-10级，10级进化后从下一阶级1级开始，并在两次远征中获得+20%经验；培养起来的英雄最终会比雇来的略强，雇来的则带有更多技能点。在阶级D、B和S，英雄在训练场受训：第一阶段获得道途规则（血怒者越受伤打得越狠，神射手会瞄准稳射），第二阶段以技法替代职业的第二技能，第三阶段获得每场一次的绝技时刻或职业的传奇。每个子职业都以自己的变奏改变其道途。新子职业随幕章、试炼之塔层数和事迹解锁（典籍 › 道途），新公会可以用桂冠继承它们。共享元素的英雄现在会在小队中产生共鸣。你的英雄保留其子职业；技能点已退还，可重新分配。,scripts/autoload/game_data/GameDataArt.gd:193
"Before each fight the room now shows your party's health and the foes waiting there (the same ones you'll fight), so Engage or Retreat is an informed choice.",每场战斗前，房间现在会显示小队的生命和等在那里的敌人（就是你将要面对的那些），让交战或撤退成为知情的选择。,scripts/autoload/game_data/GameDataArt.gd:194
"When Essence piles up, the Grow line now also names a relic level on the Relic Altar or a Guild Management level that strengthens the party (Arcane Lab, Relic Vault, Wardstones).",精华堆积时，“成长”一行现在还会指出遗物祭坛上的遗物等级，或能强化小队的公会管理等级（奥术实验室、遗物库、守护石）。,scripts/autoload/game_data/GameDataArt.gd:195
"The Guild status board's Grow line now speaks up whenever Gold or Essence is piling up, not only when the guild is stuck: it names a Forge temper, a hall wing, an evolution or a stronger recruit you can afford.",公会状态板的“成长”一行现在只要金币或精华堆积就会提示，而不仅是公会卡关时：它会指出你负担得起的锻炉淬炼、大厅翼楼、进化或更强的新兵。,scripts/autoload/game_data/GameDataArt.gd:196
"Recommended power now tells the truth: at Recommended a party seals a rift about 2 times in 3. Rank E and up, and especially the act finales, used to read Even when the odds were 1 in 5 to 1 in 2, so the numbers are higher now (fights themselves are unchanged).",建议战力现在说实话了：在建议战力下，小队大约有三分之二的几率封印裂隙。阶级E及以上，尤其是各幕终章，过去在成功率只有五分之一到二分之一时也显示“势均力敌”，所以现在数值更高（战斗本身未变）。,scripts/autoload/game_data/GameDataArt.gd:197
"Gold buys power now. The Forge tempers any item for Gold (up to 5 times, +6% to its stats each), from the item's pop-up or the gear slot a hero wears it in. Hall Works rebuild your guild hall wing by wing once Act I is done: War Room, Chapel, Smithy, Library, Healers' Wing and Reliquary, each a lasting bonus for the whole guild (Guild Hall > Hall Works). Your first party starts with your three heroes already in it.",金币现在能买到实力。锻炉可用金币淬炼任何物品（最多5次，每次属性+6%），可从物品弹窗或英雄的装备栏进行。第一幕完成后，大厅工程会逐翼重建你的公会大厅：作战室、礼拜堂、铁匠铺、图书馆、医者翼楼和圣物库，每一项都为整个公会带来永久加成（公会大厅 > 大厅工程）。你的第一支小队开局就包含你的三位英雄。,scripts/autoload/game_data/GameDataArt.gd:198
The credits now have a Founding Testers section: play this test build and send your feedback to have your name there. A long guild name no longer pushes the top bar off the screen.,制作人员名单新增“创始测试员”一栏：玩这个测试版本并发送反馈，你的名字就会出现在那里。过长的公会名不再把顶栏挤出屏幕。,scripts/autoload/game_data/GameDataArt.gd:199
"The opening's eight pictures are redrawn in the crisp new style, from the Accord's hall to the villagers waiting for a guild.",开场的八幅画面以清晰的新风格重绘，从盟约大厅到等待公会的村民。,scripts/autoload/game_data/GameDataArt.gd:200
"The title screen, the Rift Hall, the Roster, Items, Management, Medical Bay and Crafting backdrops, the rift shop and every hazard are redrawn in the crisp new style. Spoken lines now dip the music while they play, and the opening's narration is never interrupted by the camp's music or a story card.",标题画面、裂隙大厅、名册、物品、管理、医疗所和制作的背景、裂隙商店和所有险境都以清晰的新风格重绘。语音播放时音乐会降低，开场旁白不再被营地音乐或剧情卡打断。,scripts/autoload/game_data/GameDataArt.gd:201
"A hero can now be dismissed from their own page in the Roster, as well as from the payroll on the Ledger.",现在可以在名册中英雄自己的页面解雇英雄，也可以在账簿的工资单上解雇。,scripts/autoload/game_data/GameDataArt.gd:202
"Music: every region now has its own theme. The Shattered Vale, the Drowned Marches, the Ashen Wastes, the Glass Coast and the Inverted City each play theirs for the whole rift run, and the Endless Rift and the Descent play the Accord Hall's.",音乐：每个地区现在都有自己的主题曲。破碎山谷、淹没沼泽、灰烬荒原、玻璃海岸和倒悬之城在整个裂隙远征中播放各自的音乐，无尽裂隙和深渊下行则播放盟约大厅的音乐。,scripts/autoload/game_data/GameDataArt.gd:203
"End day: a campfire button in the top bar ends the day from any camp screen, without a run. Hover it to see what tomorrow brings: payday and whether you can pay, who finishes training, who is back on their feet, and a rift about to break.",结束一天：顶栏的营火按钮可在任何营地界面结束当天，无需远征。悬停可查看明天的情况：发薪日以及你能否付清、谁完成训练、谁恢复了、哪个裂隙即将崩溃。,scripts/autoload/game_data/GameDataArt.gd:204
"The Training Yard: send heroes to train Might, Agility or Focus for 1, 2 or 3 days. Each day gives +1 attribute point, longer courses also give XP (up to your best hero's level), and you can watch them drill in the camp's courtyard. Trainees sit out runs; the yard has 2 stations and grows to 4 with the Drill Yard. It replaces buying points with Gold.",训练场：派英雄训练力量、敏捷或专注，为期1、2或3天。每天+1属性点，较长的课程还会给予经验（最高到你最强英雄的等级），你还可以在营地庭院看他们操练。受训者不参加远征；训练场有2个位置，有了操练场可增至4个。它取代了用金币购买点数。,scripts/autoload/game_data/GameDataArt.gd:205
"A new look: every fight now has a crisp, detailed backdrop drawn to match the heroes and foes, and the camp has become the ruins of an old Accord guild hall that your guild rebuilds as it grows, from scaffolding to a restored hall. Long sealing reports no longer stretch the screen.",全新面貌：每场战斗都有清晰细致、与英雄和敌人相配的背景，营地变成了一座古老盟约公会大厅的废墟，你的公会会随着成长将其重建，从脚手架到修复一新的大厅。冗长的封印报告不再撑开屏幕。,scripts/autoload/game_data/GameDataArt.gd:206
"The haul: what a rift run earns is only safe once the party is home. If the party falls, half of it is lost; fleeing a fight drops a quarter; sealing the rift or leaving between floors keeps it all. The run bar shows the haul, and at a boss's door you see what's at stake and can still retreat. A guild's first three seals are spared.",战利品：裂隙远征的收获只有小队回家后才算安全。若小队覆灭，损失一半；逃离战斗损失四分之一；封印裂隙或在层间离开则全数保留。远征栏显示战利品，在首领门前你能看到赌注，仍可撤退。公会的前三次封印不受此影响。,scripts/autoload/game_data/GameDataArt.gd:207
"Pixel-perfect fights: heroes and foes are now drawn at a whole number of screen pixels per art pixel at any window size, so no pixel comes out wider than its neighbours. Heroes use their full art canvas like the foes, so they no longer change size when they attack, and Morrow and the First Signatory fight in their own portraits.",像素级精准的战斗：在任何窗口尺寸下，英雄和敌人都以每个美术像素对应整数个屏幕像素来绘制，不会有像素比邻居更宽。英雄和敌人一样使用完整的画布，攻击时不再改变大小，Morrow和首位签署人以自己的立绘作战。,scripts/autoload/game_data/GameDataArt.gd:208
"Playtest build. The Feedback report now notes when you reached each milestone (founding, first seal, first payday, each act), still only on your screen until you paste it. The Grow goal only suggests hiring or drilling once a guild is really stuck, the founding options' toggle draws properly, and narrow desktop windows no longer ask you to turn your phone.",测试版本。反馈报告现在会记录你达成各个里程碑的时间（创建公会、首次封印、首个发薪日、每一幕），在你粘贴之前仍只显示在你的屏幕上。“成长”目标只在公会真正卡关时才建议招募或操练，创建选项的开关显示正常，窄的桌面窗口不再要求你横置手机。,scripts/autoload/game_data/GameDataArt.gd:209
"The guild status board now opens on three goals: the story's next step, the best way to grow stronger, and one thing worth doing on the side. New item icons for every weapon, armour and legendary, the Pearl Colossus and the Ember Whelp redrawn, and a smaller download: the game loads about a fifth faster.",公会状态板现在列出三个目标：剧情的下一步、变强的最佳途径，以及一件值得顺手去做的事。每种武器、护甲和传奇物品都有新图标，珍珠巨像和余烬幼龙已重绘，下载更小：游戏加载快了约五分之一。,scripts/autoload/game_data/GameDataArt.gd:210
"Fights hit harder: every blow flashes and lands with a short pause, attacks wind up before they strike, and each way of fighting has its own effect: a cleave for warriors, a twin cut for rogues, an arrow strike, a holy strike, a burst for each mage element, and claws, spells or acid from foes. Cards have pixel corners, and icons stay crisp.",战斗更有打击感：每一击都有闪光和短暂停顿，攻击出手前有蓄势，每种战斗方式都有专属效果：战士的劈砍、盗贼的双刃、箭击、圣击、每种法师元素的爆发，以及敌人的爪击、法术或酸液。卡牌有像素圆角，图标保持清晰。,scripts/autoload/game_data/GameDataArt.gd:211
"Foes face the right way: in Riftbreak they no longer walk backwards down the road, and Korrath, Captain Morrow, the Spire Oracle, the Rooftop Harrier and the Tideglass Moth turn toward your heroes. Founding a guild is calmer: name and crest up front, everything else under Founding options. Loot is mostly gear now (8 in 10 drops in Act I, 7 in 10 after), so fewer spare relics pile up.",敌人朝向正确：在裂隙崩溃中它们不再倒着走，Korrath、Morrow队长、尖塔神谕、屋顶掠袭者和潮玻蛾会转向你的英雄。创建公会更从容：名称和纹章在前，其余放在创建选项中。战利品现在主要是装备（第一幕10件中8件，之后7件），多余的遗物堆积更少。,scripts/autoload/game_data/GameDataArt.gd:212
"Skip the opening and the narrator still reads the Night of Breaking to you, Hesper's version too for a guild founded on the old oath.",跳过开场后，旁白仍会为你讲述破碎之夜；以旧誓言创建的公会还会听到Hesper的版本。,scripts/autoload/game_data/GameDataArt.gd:213
"The Vale has voices: the narrator reads the story cards, Wen, Dobbs and Hesper talk at the pay table, and the rival leaders read out their letters, Brannoch his memory. Settings has a Voice volume and an on/off switch, and Listen plays a scene again. English only for now.",山谷有了声音：旁白朗读剧情卡，Wen、Dobbs和Hesper在发薪桌旁交谈，敌对首领朗读他们的信，Brannoch讲述他的回忆。设置中有语音音量和开关，“聆听”可重播场景。目前仅限英语。,scripts/autoload/game_data/GameDataArt.gd:214
"Four foes redrawn to match the rest of the Vale: the Mire Sniper, the Voidling Sprite, the Choir Sprite and the Falling Sky itself, each with new attacks and walks. The Glass Coast and Inverted City grounds are calmer, so heroes stand out on them.",四个敌人已重绘以契合山谷的其他部分：泥沼狙击手、虚空精灵、圣咏精灵和陨落之天本身，各有新的攻击和行走动画。玻璃海岸和倒悬之城的地面更素净，英雄站在上面更醒目。,scripts/autoload/game_data/GameDataArt.gd:215
"Every hero now has new art: the clerics in white and gold and the rogues in dark violet join the warriors, rangers and mages, each with a new portrait, new attack, hit and skill animations and a new Endless Rift walk. Champions swing, flinch and cast as themselves instead of turning into a plain warrior mid-fight. Every skill has its own icon, the Tower's and the Endless Rift's legendary relics have theirs, the Glass Coast and the Inverted City have their own ground, the Open Hollow has a picture, and two heroes of the same kind keep their role's colour.",每位英雄都有新美术：白金衣装的牧师和深紫衣装的盗贼加入了战士、游侠和法师的行列，每人都有新立绘、新的攻击、受击和技能动画，以及新的无尽裂隙行走动画。勇者在战斗中以自己的形象挥砍、受击和施法，不再变成普通战士。每个技能都有专属图标，试炼之塔和无尽裂隙的传奇遗物也有了图标，玻璃海岸和倒悬之城有了自己的地面，开启的空洞有了插图，两名同类英雄会保留各自职业的颜色。,scripts/autoload/game_data/GameDataArt.gd:216
"New portraits for every warrior, ranger and mage, in their role colours: red tabards on the warriors, green cloaks on the rangers, blue robes on the mages. Each has new attack, hit and skill animations and a new walk in the Endless Rift. Clerics and rogues are next.",每位战士、游侠和法师都有新立绘，采用职业配色：战士红色罩袍，游侠绿色斗篷，法师蓝色长袍。每人都有新的攻击、受击和技能动画，以及无尽裂隙中的新行走动画。牧师和盗贼紧随其后。,scripts/autoload/game_data/GameDataArt.gd:217
"The story has pictures: every act, the big choices and every ending now open on an illustration, from the rift splitting the Vale to the last door between the worlds.",剧情有了插图：每一幕、重大抉择和每个结局现在都以一幅插画开场，从撕裂山谷的裂隙到两个世界之间的最后一道门。,scripts/autoload/game_data/GameDataArt.gd:218
"The Terms, Act IV's finale, has its own shape at last: the Grandmaster's, written in green ink. The rival guilds' leaders have their own portraits, Morrow included, and Wen, Dobbs and Hesper have faces at the pay table.",第四幕终章“条款”终于有了自己的形象：大团长的形象，以绿墨书写。敌对公会的首领有了各自的立绘，包括Morrow，Wen、Dobbs和Hesper在发薪桌旁也有了面孔。,scripts/autoload/game_data/GameDataArt.gd:219
"New art for the Sky Beneath: all 30 foes of the Glass Coast and the Inverted City, with their own attacks and walks, and six new battle backgrounds. Hesper and Vaelith have their own portraits as champions, with a walk and a signature move in the Endless Rift; Morrow and the First Signatory have theirs when they join your guild; and the seven Accord halls have pictures on the Keepers of the Vale tab.",《下方之天》新美术：玻璃海岸和倒悬之城的全部30个敌人，各有攻击和行走动画，另有六张新战斗背景。Hesper和Vaelith作为勇者有了立绘，以及无尽裂隙中的行走和招牌动作；Morrow和首位签署人加入公会时也有；七座盟约大厅在“山谷守护者”页面有了插图。,scripts/autoload/game_data/GameDataArt.gd:220
"When a guild is stuck on an act's objectives because its heroes are too weak, the Act panel now says what would help after a week, not only once the finale is open. And Act III's wardens stop hiding: while Korrath or Drevok is still to be beaten, a rift in his region always ends with him.",当公会因英雄太弱而卡在某一幕的目标上时，幕章面板现在会在一周后就提示什么有帮助，而不是等终章开启后。第三幕的守卫也不再躲藏：在Korrath或Drevok尚未被击败时，其所在地区的裂隙总会以他收尾。,scripts/autoload/game_data/GameDataArt.gd:221
"A new choice at the Drowned Spire: carry out the Accord's archive or save Hollin, the village down the hill. Every guild meets it, and both sides come back later. Choices you already make come back too: the crossings you let through and Brannoch's door change Book II's ending, keeping quiet or holding the Royal Charter changes Book II, and Vaelith, Ezra's lantern, Mother Ilse and Morrow each turn up again. Holding the Charter, the Crown pays double for turning crossings back.",淹没尖塔的新抉择：运出盟约的档案，或拯救山下的村庄Hollin。每个公会都会遇到，两边都会在之后回响。你已做出的抉择也会回响：你放行的越界者和Brannoch的门会改变第二卷的结局，保持沉默或持有王室特许状会改变第二卷，Vaelith、Ezra的灯笼、Ilse嬷嬷和Morrow都会再次出现。持有特许状时，王冠为遣返越界者支付双倍报酬。,scripts/autoload/game_data/GameDataArt.gd:222
"When a finale is out of reach, the Act panel now says what would help, with costs: evolve this hero, hire that recruit, build the Drill Yard, level your champion. A finished guild can endow the next one with its spare Gold, and a lost tide costs half as much. The Vale remembers more: heirs of remembered heroes, Accord-Sworn and Tide-Hardened recruits after a past guild's ending, one Bestiary across guilds, banner colours earned in the Hall, rivals with a grudge, and the Hall's records.",当终章遥不可及时，幕章面板现在会说明什么有帮助，并附上花费：进化这位英雄、雇佣那名新兵、建造操练场、提升你的勇者等级。完成的公会可以把多余的金币赠予下一个公会，输掉一次潮汐的代价减半。山谷记得更多：被铭记英雄的后裔、前一公会结局后的盟约誓士和历潮新兵、跨公会共享的怪物图鉴、在大厅赢得的旗帜颜色、心怀宿怨的对手，以及大厅的记录。,scripts/autoload/game_data/GameDataArt.gd:223
"Feats: every elite, boss, pillar and finale sets one optional objective that suits the fight: break a wind-up, win by round 4, bank 8 Momentum, down a named foe first, two at once, or stay on your feet. Done by hand, it pays 40% more Gold and Essence, and an elite offers a fourth boon. Also: a past guild's choices only open the story web's gates for later guilds, not for itself.",壮举：每个精英、首领、石柱和终章都会设定一个适合该战斗的可选目标：打断蓄力、在第4回合前获胜、积攒8点气势、先击倒指定敌人、同时击倒两个，或无人倒下。手动完成可多得40%金币和精华，精英还会额外提供第四份恩赐。另外：前一公会的抉择只会为之后的公会打开剧情网中的关口，而不会为它自己打开。,scripts/autoload/game_data/GameDataArt.gd:224
"The Unwritten Accord, part three: the Far Side and the Witnesses. Whose Terms they really were, what knocked on the Night of Breaking, and who signed first. Kael Ashborn and the Hollow's own people tell their versions. New choices for guilds that know enough: let the Choir sing, leave Brannoch at his door or free him, and a sixth crossing. And for a player who has learned it all, an epilogue that changes the Vale for every guild after.",《未书之盟》第三部：彼岸与见证者。那些条款究竟属于谁，破碎之夜敲门的是什么，谁最先签了字。Kael Ashborn和空洞的居民讲述他们的版本。为知晓足够多的公会提供新抉择：让圣咏团歌唱、把Brannoch留在门前或解放他，以及第六次越界。而对于已了解一切的玩家，还有一段会为之后每个公会改变山谷的尾声。,scripts/autoload/game_data/GameDataArt.gd:225
"The Unwritten Accord, part two: the Key and the Lantern. Who opens the rifts, who pays for it, and what Essence really is. Mother Ilse, Captain Morrow and Ser Aldric tell their own versions in their letters. New choices for guilds that know enough: buy Morrow, buy the Crown's hearing, keep or break the key, pour your echoes into Ezra's lantern. And two charters a truth opens: Vaelith's Rangers and the Ninth Lamp.",《未书之盟》第二部：钥匙与灯笼。是谁打开了裂隙，谁为此付出代价，精华到底是什么。Ilse嬷嬷、Morrow队长和Aldric爵士在信中讲述各自的版本。为知晓足够多的公会提供新抉择：收买Morrow、买通王冠的听证、保留或折断钥匙、将你的回响注入Ezra的灯笼。还有两份由真相开启的特许状：Vaelith的游侠团与第九盏灯。,scripts/autoload/game_data/GameDataArt.gd:226
"The Unwritten Accord, part one: the Vale's story now spreads across your guilds. Fragments turn up in rifts, on relics, in rival letters and at the pay table, and every later guild keeps them. Any two of a truth's fragments make it known (Library > Codex > Truths), and witnesses' claims are struck through or confirmed as you learn. Some truths open choices a first guild never gets.",《未书之盟》第一部：山谷的故事现在贯穿你的历代公会。残片会出现在裂隙中、遗物上、对手的信里和发薪桌旁，之后的每个公会都会保留它们。集齐一个真相的任意两块残片即可得知（图书馆 > 典籍 > 真相），随着你的了解，见证者的说法会被划掉或证实。有些真相会开启第一个公会永远得不到的抉择。,scripts/autoload/game_data/GameDataArt.gd:227
"Text that matches the game: the Mercenary and Temple charters say how much more or less Gold they start with, the Break ending describes its weekly tides, the Warded boss and some Awakened Abilities say what they really do, and the Laurels count lists every source.",文本与游戏一致：佣兵与圣殿特许状写明了开局多或少多少金币，“决裂”结局描述了每周的潮汐，受守护首领和部分觉醒技能如实描述其效果，桂冠计数列出了所有来源。,scripts/autoload/game_data/GameDataArt.gd:228
"The Accord Hall's finale grows less with every lost champion you free (2% each, was 5%), and when a finale is beyond your best party, the Act panel says how far, and what raises your power.",你每解放一位失落的勇者，盟约大厅的终章就会减弱一些（每位2%，原为5%），当终章超出你最强小队的能力时，幕章面板会说明差距多少，以及如何提升战力。,scripts/autoload/game_data/GameDataArt.gd:229
"The Sky Beneath, continued: the real-time Endless Rift can now be run on the Glass Coast and in the Inverted City once you reach them, Hollow-born heroes look like they came from the far side, and the Hall of Guilds remembers whether a guild kept the doors open.",《下方之天》续：抵达玻璃海岸和倒悬之城后，即时无尽裂隙也可在那里进行，空洞出生的英雄看起来像来自彼岸，公会大厅会记住一个公会是否让大门保持敞开。,scripts/autoload/game_data/GameDataArt.gd:230
"Book II, the Sky Beneath: after the Accord's ending (any of the three), a reply turns up on the ledger's last page, and two more acts open under the Accord Hall. Act V, the Glass Coast; Act VI, the Inverted City. 30 new foes, crossings to answer, a gate to hold, and one more choice at the end. (The new regions use recoloured art for now; their own art is coming.)",第二卷《下方之天》：在盟约的结局之后（三种中任意一种），账簿最后一页会出现一封回信，盟约大厅之下将开启另外两幕。第五幕，玻璃海岸；第六幕，倒悬之城。30个新敌人、需要回应的越界、一道需要坚守的大门，以及最后的又一个抉择。（新地区暂时使用重新着色的美术；专属美术即将到来。）,scripts/autoload/game_data/GameDataArt.gd:231
"New systems now arrive more gradually: the rival's moves at the third sealed rift, Crafting at the fifth, and the Daily twist at the seventh, after Act I's finale.",新系统现在逐步解锁：对手动向在第三次封印裂隙时，制作在第五次，每日变奏在第七次、第一幕终章之后。,scripts/autoload/game_data/GameDataArt.gd:232
"The Grandmaster's ledger no longer hides behind bad luck: after three sealed rifts without a page (while one is waiting in the current act), the next one finds it.",大团长的账簿不再被坏运气埋没：连续封印三个裂隙都没找到一页（且本幕仍有一页未找到）时，下一次必定找到。,scripts/autoload/game_data/GameDataArt.gd:233
"For playtesters: the founding screen can skip Act I, so you start with it done and can try the middle game straight away (champions, Riftbreaks, the rival's moves).",致测试者：创建界面可以跳过第一幕，让你直接从第一幕完成的状态开始，立即体验中期内容（勇者、裂隙崩溃、对手动向）。,scripts/autoload/game_data/GameDataArt.gd:234
"There is more to Hesper's story than she has told you. Each guild that finishes Act III hears a little more of it, and those who hear all of it, from guilds that have both kept and broken the Accord, may find a third way to end it.",Hesper的故事远不止她告诉你的那些。每个完成第三幕的公会都会多听到一点，而那些听完全部的人——来自既守护过也打破过盟约的公会——或许能找到结束它的第三条路。,scripts/autoload/game_data/GameDataArt.gd:235
"The Vale this year: after your first guild, each new one is founded in a different year. Two of eight year modifiers (a dry year, restless rifts, the Hollow stirring in one region, a hard winter...) each change the campaign one way for better and one for worse, and the rival has a temperament: hiring, boasting or undercutting. Roll the year again for 2 Laurels; Guild > Records shows it.",今年的山谷：在你的第一个公会之后，每个新公会都会在不同的年份创建。八种年份修正中的两种（旱年、躁动的裂隙、空洞在某地区蠢动、严冬……）各以一好一坏的方式改变战役，对手也有性情：重招募、好吹嘘或爱压价。花2桂冠可重抽年份；在公会 > 记录中查看。,scripts/autoload/game_data/GameDataArt.gd:236
"The Descent: a new way into the Endless Rift, turn-based, with your heroes. Go down depth after depth, each harder and better paid; every second depth ends at a pillar where a lost champion waits. Climb out any time and keep everything. Pillars also turn up on Rank B and higher rifts, and the real-time Endless Rift is still there for your champions. Act IV now asks you to free a lost champion by any of the three.",深渊下行：进入无尽裂隙的新方式，回合制，由你的英雄出战。一层层往下，每层更难、报酬更高；每隔一层的尽头都有一根石柱，一位失落的勇者在那里等待。随时可以爬出并保留一切。石柱也会出现在阶级B及以上的裂隙中，即时无尽裂隙仍为你的勇者保留。第四幕现在要求你以三种方式中任意一种解放一位失落的勇者。,scripts/autoload/game_data/GameDataArt.gd:237
"Two new founding gifts for your next guild (Laurels): Veteran start begins with Act I already done, with the heroes, gear and Gold a guild has by then; Old contacts puts two Rank C recruits on the first board.",为下一个公会新增两份创建赠礼（桂冠）：“老兵开局”以第一幕已完成的状态开始，拥有届时公会应有的英雄、装备和金币；“旧日人脉”在首张招募板上放置两名阶级C新兵。,scripts/autoload/game_data/GameDataArt.gd:238
"Tidewalls: a guild that broke the Accord can raise walls against the Open Hollow (Guild > Management). Each makes every tide 6% weaker against the guild, and costs more than the last; Gold and Essence finally have somewhere to go in that postgame.",潮墙：打破盟约的公会可以筑墙抵御开启的空洞（公会 > 管理）。每道墙使每次潮汐对公会的威力降低6%，且造价逐次升高；金币和精华终于在终局后有了去处。,scripts/autoload/game_data/GameDataArt.gd:239
"Postgame tuning: the old Accord halls cost about half as much (all seven: 45,000 Gold and 40,000 Essence). Tides of the Open Hollow now really break every week, with three days' warning, and grow 15% stronger only with each tide you hold: losing one doesn't make the next harder.","终局后调整：古老盟约大厅的花费约减半（全部七座：45,000金币和40,000精华）。开启的空洞的潮汐现在真的每周爆发，提前三天预警，且只在你每守住一次后增强15%：失守不会让下一次更难。",scripts/autoload/game_data/GameDataArt.gd:240
"Hesper, Wen and Dobbs remember your past guilds: on a quiet payday the talk at the pay table can turn to one of them, and to the heroes it left behind.",Hesper、Wen和Dobbs记得你过去的公会：在平静的发薪日，发薪桌旁的话题可能转向其中一个，以及它留下的英雄。,scripts/autoload/game_data/GameDataArt.gd:241
"Your past guilds' banners now hang in camp, either side of the Guild Hall. Hover one for its record; click it for the Hall of Guilds.",你过去公会的旗帜现在悬挂在营地中，位于公会大厅两侧。悬停查看其记录；点击进入公会名人堂。,scripts/autoload/game_data/GameDataArt.gd:242
"After your first guild: found the next one under a charter (Mercenary Company, Temple Order, the Lantern's Smugglers, Last of the Accord) and swear oaths for more Laurels. And the ending now sets the postgame: Keepers of the Vale restore the old Accord halls; a guild that broke the Accord holds back a tide of the Open Hollow every week. The Chronicle lists what a guild can still finish.",第一个公会之后：在特许状下创建下一个公会（佣兵团、圣殿骑士团、灯笼走私者、盟约遗孤），并立下誓言以获得更多桂冠。结局现在决定终局后内容：山谷守护者修复古老的盟约大厅；打破盟约的公会每周抵挡一次开启的空洞的潮汐。编年史会列出公会还能完成的内容。,scripts/autoload/game_data/GameDataArt.gd:243
"Legacy: when your guild chooses the Accord's ending (or retires, from Act III on, under Guild > Records), it joins the Hall of Guilds. Up to two of its heroes come back as champions in your later guilds, waiting to be freed in the Endless Rift, and it leaves Laurels to spend on gifts when you found the next one.",传承：当你的公会选择盟约的结局（或从第三幕起在公会 > 记录中退隐）时，它将进入公会名人堂。最多两名英雄会在之后的公会中以勇者身份回归，在无尽裂隙中等待被解放，它还会留下桂冠，供你创建下一个公会时兑换赠礼。,scripts/autoload/game_data/GameDataArt.gd:244
"Captain Morrow is a real fight now: tougher than other bosses of his rank, and he whistles up his sellswords twice, at two-thirds and again at one-third health.",Morrow队长现在是一场真正的战斗：比同阶级的其他首领更强韧，他会两次吹哨召来佣兵，分别在三分之二和三分之一生命时。,scripts/autoload/game_data/GameDataArt.gd:245
"Party Assembly is simpler: your party stands on four slots facing the foes. Press + on a slot to pick a hero, or drag one from the roster onto it (onto someone to swap). Each hero has a small F/B switch for the Front or Back row.",小队编组更简单：你的小队站在面对敌人的四个位置上。在位置上按+选择英雄，或从名册拖一名到位置上（拖到某人身上则交换）。每位英雄都有一个小小的前/后开关，切换前排或后排。,scripts/autoload/game_data/GameDataArt.gd:246
"The boon after an elite is now a pop-up too: one card per boon in its family's colours, with the set it would complete, Take (or keys 1-3) and Skip.",精英战后的恩赐现在也是弹窗：每份恩赐一张卡，使用其系列的配色，显示它能凑成的套装，以及“拿取”（或按键1-3）和“跳过”。,scripts/autoload/game_data/GameDataArt.gd:247
"After a won fight, choosing your reward is now its own pop-up: the loot as cards with every stat on its own line, who it suits, and a Take button (or keys 1-3).",战斗胜利后，选择奖励现在有独立弹窗：战利品以卡牌呈现，每项属性单独一行，显示适合谁，还有“拿取”按钮（或按键1-3）。,scripts/autoload/game_data/GameDataArt.gd:248
"Move a guild between devices: Settings > Backup > Send to another device gives a short code and a QR code. Scan it with your phone, or choose Receive a guild on the title screen and type the code. A code works once, for 15 minutes.",在设备间转移公会：设置 > 备份 > 发送到其他设备，会生成短代码和二维码。用手机扫描，或在标题画面选择“接收公会”并输入代码。代码仅可使用一次，有效期15分钟。,scripts/autoload/game_data/GameDataArt.gd:249
"Easier to read: the game's text is now set in Lato, wider and clearer at 1080p and below, and the opening's captions sit on a dark plate in a sturdier book face. Back on Settings works again after pressing the gear a second time.",更易阅读：游戏文本现在使用Lato字体，在1080p及以下更宽更清晰，开场字幕以更稳重的书体置于深色底板上。再次按下齿轮后，设置中的“返回”恢复正常。,scripts/autoload/game_data/GameDataArt.gd:250
"The Hollow Crown Company strikes back: expose them and from Act III their sellswords ambush your rifts, and Captain Morrow waits at the bottom of a Rank C+ rift with the key he opens rifts with. A kept echo can now touch a hero who recognises what's in it (Echo-Touched); the third echo brings Ezra the Pale, and the campaign's end says what the Vale remembers. A hero's fiftieth rift gets a line in the Chronicle.",空洞王冠佣兵团反击了：揭发他们后，从第三幕起他们的佣兵会伏击你的裂隙，Morrow队长带着他用来打开裂隙的钥匙，在阶级C+裂隙的底部等候。保留的回响现在可能触动一位认出其中内容的英雄（回响触动）；第三个回响会带来苍白者Ezra，战役结尾会讲述山谷记住了什么。英雄的第五十次裂隙会在编年史中留下一笔。,scripts/autoload/game_data/GameDataArt.gd:251
"New sound effects throughout (free CC0 sounds, picked by ear). The Charter War comes to a head: as Act III opens, Mother Ilse brings proof the Hollow Crown Company opens rifts for profit. Expose them or keep quiet; when Act III ends, the Crown grants its Royal Charter to the guild with the most Renown. Wen now writes a line for every hero on the Memorial, and a scene when a bond reaches its peak.",全新音效（免费CC0音效，凭耳朵挑选）。特许状之争到达高潮：第三幕开始时，Ilse嬷嬷带来证据，证明空洞王冠佣兵团为牟利而打开裂隙。揭发他们或保持沉默；第三幕结束时，王冠会将王室特许状授予声望最高的公会。Wen现在会为纪念碑上的每位英雄写一句话，羁绊达到顶点时还会有一段场景。,scripts/autoload/game_data/GameDataArt.gd:252
"The opening is narrated now, over its own music, with two new scenes: the Accord sealing a rift, and the villagers waiting for a guild. Watch it again from Settings or the Chronicle.",开场现在有了旁白和专属音乐，并新增两个场景：盟约封印裂隙，以及等待公会的村民。可在设置或编年史中重看。,scripts/autoload/game_data/GameDataArt.gd:253
"An opening cinematic: the Night of Breaking, how the old guilds of the Accord vanished, ending on your own guild. It plays when you found a guild; watch it again from Settings or Library > Codex > Chronicle.",开场动画：破碎之夜，盟约的古老公会如何消失，最后落在你自己的公会上。创建公会时播放；可在设置或图书馆 > 典籍 > 编年史中重看。,scripts/autoload/game_data/GameDataArt.gd:254
"From Act II a sealed rift sometimes leaves an echo: Essence that holds something the Hollow took from someone. Give it back to the village, or keep it. Stranger, gentler things now turn up in rifts too. And when a hero first reaches Rank B, the guild marks their new calling with a scene of its own.",从第二幕起，封印的裂隙有时会留下回响：一份精华，里面承载着空洞从某人身上夺走的东西。把它还给村庄，或留下它。裂隙中也会出现更奇异、更温和的事物。当英雄首次达到阶级B时，公会会以专属场景纪念其新的使命。,scripts/autoload/game_data/GameDataArt.gd:255
"Act IV: the Accord Hall. After Sythrane, the posts are tiring, and the Terms of the old bargain wait at the bottom of the Endless Rift (stronger for every post you've emptied). Beat them and choose how the story ends: renew the Accord, or break it. Guilds that already finished Act III can start it now.",第四幕：盟约大厅。在Sythrane之后，驻守者们已疲惫不堪，旧约的条款在无尽裂隙底部等待（你每清空一个岗位，它就更强）。击败它们，并选择故事如何结束：续订盟约，或将其打破。已完成第三幕的公会现在即可开始。,scripts/autoload/game_data/GameDataArt.gd:256
"The guild has people now. Wen the Chronicler, Dobbs the Quartermaster and Old Hesper, the last of an Accord guild, talk at the pay table every payday (see the Ledger). The rival's leader signs every move with a letter of their own, and the Crown has promised a Royal Charter to the best guild. Freeing a champion in the Endless Rift leaves a post empty: the next Riftbreak comes sooner.",公会现在有了人。编年史官Wen、军需官Dobbs和老Hesper——某个盟约公会的最后一人——每个发薪日都会在发薪桌旁交谈（见账簿）。对手首领的每次行动都附有亲笔信，王冠承诺将王室特许状授予最好的公会。在无尽裂隙中解放勇者会空出一个岗位：下一次裂隙崩溃会来得更早。,scripts/autoload/game_data/GameDataArt.gd:257
"The story has a past now: the Broken Accord. Why the old guilds vanished on the Night of Breaking, what the champions remember of it, and pages of the Grandmaster's ledger to find in sealed rifts. Read it all in Library > Codex > Chronicle.",剧情现在有了过往：破碎的盟约。古老的公会为何在破碎之夜消失，勇者们还记得什么，以及在封印的裂隙中寻找大团长账簿的残页。在图书馆 > 典籍 > 编年史中阅读全部内容。,scripts/autoload/game_data/GameDataArt.gd:258
"Recruiting is a board now: new faces arrive every day and wait a few days before moving on, payday fills it, and the rival may sign your best offer first. Each card shows the recruit's attributes and born quirk. Rerolls double in price until payday. Party screens have three saved loadouts: save a party with its rows, load it in one click.",招募现在是一块告示板：每天都有新面孔到来，停留几天后离开，发薪日会补满，对手可能抢先签下你最好的人选。每张卡显示新兵的属性和天生特质。重抽价格翻倍，直到发薪日。小队界面有三个保存的配置：保存含站位的小队，一键载入。,scripts/autoload/game_data/GameDataArt.gd:259
"The Guild Ledger runs the payroll now: put a hero on half pay to save Gold (it costs morale) or give a bonus to keep them Inspired, see the vault against payday at a glance, and who would go unpaid. Skills aimed at one foe ask which: click the foe. Any save can be deleted from Load Game.",公会账簿现在管理工资单：让英雄领半薪以节省金币（会降低士气），或发奖金让他们保持振奋，一眼看清金库与发薪日的对比，以及谁会领不到薪水。针对单个敌人的技能会询问目标：点击敌人即可。任何存档都可以在“载入游戏”中删除。,scripts/autoload/game_data/GameDataArt.gd:260
"A lighter interface: cards and buttons lose their outlines (an edge now means something needs you), the main tabs moved into the header, lists and ledgers sit on a calm background, the hero page says each number once, and notices stack less. Key numbers on fight buttons are a setting now (Settings > Key hints).",更轻盈的界面：卡牌和按钮去掉了描边（现在有边框表示需要你处理），主标签页移到了页眉，列表和账簿置于沉静的背景上，英雄页每个数字只出现一次，通知堆叠更少。战斗按钮上的按键编号现在是一项设置（设置 > 按键提示）。,scripts/autoload/game_data/GameDataArt.gd:261
"Act finales are real climaxes: each is built on the rank you sealed to reach it, a step harder (they had fallen below it, and a quarter of finale fights ended in the first round). The Recommended power on the party screen follows. Champion cards line up in an even grid.",各幕终章成为真正的高潮：每个终章都基于你为抵达它而封印的阶级，难度再高一档（它们曾低于该阶级，四分之一的终章战在第一回合就结束了）。小队界面的建议战力随之调整。勇者卡排列成整齐的网格。,scripts/autoload/game_data/GameDataArt.gd:262
"Inventory and Guild Management open straight on their contents: the room's art is a slim strip with its sections as buttons, and each opens where you left it.",物品栏和公会管理现在直接打开其内容：房间美术是一条细长横幅，各分区作为按钮，每个分区都会在你上次离开的地方打开。,scripts/autoload/game_data/GameDataArt.gd:263
"Cleaner screens on a laptop: shops, treasure, events and hazards no longer sit under the path map (it shows while you choose a path), Victory puts the rewards beside the results, the quest board fits every note, pre-fight art is shorter, and notices moved to the bottom right.",笔记本屏幕更清爽：商店、宝藏、事件和险境不再位于路线图下方（选择路线时才显示），胜利界面将奖励放在结果旁边，任务板能放下每张便条，战前插图更短，通知移到右下角。,scripts/autoload/game_data/GameDataArt.gd:264
"Recruits: commission a hero of the role you want (3 rerolls' Gold), and each offer shows power, HP and wage. Hazards now hurt in line with the rift's rank and always pay about a fight's worth, with a chance of double. Agility gives +1.5% dodge a point (was 0.8%).",招募：委托招募你想要的职业英雄（花费3次重抽的金币），每个人选都显示战力、生命和薪水。险境的伤害现在与裂隙阶级相符，且总能给予约一场战斗的报酬，有几率翻倍。敏捷每点+1.5%闪避（原为0.8%）。,scripts/autoload/game_data/GameDataArt.gd:265
"From player feedback: click a foe to target it (click again to attack). Auto lasts one fight. Quick fight also opens for a Favored party and says why when it can't. Every Ability shows its numbers. Shield Bash can't stun the same foe two rounds running. Fixed Legendary relics no longer take Essence for levels (refunded). Items say which slot they take. The party screen remembers your last party and rows. Clearer Medical Bay, rewards, run summary and skill tree.",来自玩家反馈：点击敌人选为目标（再次点击攻击）。自动持续一场战斗。快速战斗现在也对占优小队开放，不可用时会说明原因。每个技能都显示数值。盾击无法连续两回合眩晕同一敌人。固定的传奇遗物升级不再消耗精华（已退还）。物品会注明占用哪个栏位。小队界面会记住你上次的小队和站位。医疗所、奖励、远征总结和技能树更清晰。,scripts/autoload/game_data/GameDataArt.gd:266
"The bonus for winning by hand (+30% Gold and Essence, no one down) now pays on elites, bosses and every fight on a rank you haven't sealed: the fights where playing by hand matters.",手动获胜的奖励（+30%金币和精华，无人倒下）现在适用于精英、首领以及你尚未封印过的阶级中的每场战斗：也就是手动操作真正重要的战斗。,scripts/autoload/game_data/GameDataArt.gd:267
"Fights: Quick fight now opens on a rank once you've sealed it, so a new rank and the act finales are fought where you can see them. Auto pauses when a hero is about to fall. The bonus for winning by hand shows before every fight.",战斗：快速战斗现在在你封印某阶级后才对该阶级开放，因此新阶级和各幕终章都在你眼前进行。英雄即将倒下时自动战斗会暂停。手动获胜的奖励会在每场战斗前显示。,scripts/autoload/game_data/GameDataArt.gd:268
"Balance: from Rank E up, monsters hit harder and last longer, so a party at Recommended power now seals about 3 rifts in 5 and Deadly means it. Hero wages are 50% higher, so a big roster has to earn its keep.",平衡：从阶级E起，怪物攻击更重、更耐打，建议战力下的小队现在大约五次封印三次，“致命”名副其实。英雄薪水提高50%，庞大的名册必须物有所值。,scripts/autoload/game_data/GameDataArt.gd:269
"A new guild meets its systems one at a time: Quests after your first seal, Management after the second, then Crafting, the daily twist and the rival's moves after the third. A broke guild with fewer than 3 heroes now gets free volunteers at payday.",新公会逐一接触各个系统：首次封印后开放任务，第二次后开放管理，第三次后开放制作、每日变奏和对手动向。英雄少于3名的破产公会现在会在发薪日获得免费志愿者。,scripts/autoload/game_data/GameDataArt.gd:270
"Phones: no keyboard hints where there's no keyboard, and a larger turn-your-phone prompt.",手机：没有键盘时不再显示按键提示，横置手机的提示更大。,scripts/autoload/game_data/GameDataArt.gd:271
"Phones: hold your phone sideways and the game now fits, with larger text and buttons and the whole fight on one screen. Press and hold anything to read what it does. A fight won by hand with no one down now pays +30% Essence as well as Gold.",手机：横握手机，游戏现在会自适应，文字和按钮更大，整场战斗在一屏内。长按任何东西可查看其作用。手动获胜且无人倒下，现在除金币外还会额外给予+30%精华。,scripts/autoload/game_data/GameDataArt.gd:272
"A guild now holds 6 heroes from the start (a party is 4), so there's a bench to choose from. Act I and Act II have new goals. The Feedback report now includes how long you've played and how your fights and runs went.",公会开局即可容纳6名英雄（小队为4人），因此有替补可选。第一幕和第二幕有了新目标。反馈报告现在包含你的游戏时长以及战斗和远征的情况。,scripts/autoload/game_data/GameDataArt.gd:273
"Fixes from a full play-through: a foe that has wound up keeps its red warning until the blow lands, the first fight's lessons come in order, the rival's contract grab can't point at a contract that's gone, rift bosses belong to their region (no Act III boss in the Vale), and the rival keeps pace in the Renown race. New: Add strongest on the party screen.",完整通关后的修复：已蓄力的敌人会保持红色警告直到攻击落下，第一场战斗的教学按顺序出现，对手抢夺契约时不会指向已消失的契约，裂隙首领属于其所在地区（山谷中不会出现第三幕首领），对手在声望竞赛中跟得上节奏。新增：小队界面的“添加最强”。,scripts/autoload/game_data/GameDataArt.gd:274
"New foes and stories: six new monsters, two per region (Blight Hound, Lantern Wight, Tide Caller, Mudscale Brute, Cinder Hound, Obsidian Sentinel) in six new designed fights, and 21 new rift events, some found only in one region. Upgrading a facility, hiring a hero, levelling a champion or buying from a shop now lands with a banner and a burst of sparks.",新敌人与新故事：六种新怪物，每个地区两种（枯萎猎犬、灯笼尸妖、唤潮者、泥鳞蛮兽、余烬猎犬、黑曜哨兵），分布于六场新设计的战斗中，另有21个新的裂隙事件，部分只在特定地区出现。升级设施、雇佣英雄、提升勇者等级或在商店购买现在会伴随横幅和一阵火花。,scripts/autoload/game_data/GameDataArt.gd:275
"The rival acts: once a week it may court one of your heroes, dare you to seal a rift by payday, or go for a posted contract, and you decide how to answer. Hero requests and the rival's moves pop up as cards when you're home. The Ledger opens on a week board: every day to payday and what falls on it.",对手行动了：每周它可能拉拢你的一名英雄、挑战你在发薪日前封印一个裂隙，或争夺已发布的契约，由你决定如何回应。英雄请求和对手动向会在你回到营地时以卡牌弹出。账簿打开时显示周计划板：到发薪日的每一天及当天发生的事。,scripts/autoload/game_data/GameDataArt.gd:276
"Fewer, clearer modes: the Daily Rift is now a daily twist on the Rift Ladder (tick it and your next ladder rift, any rank, carries the day's rule and boon for bonus Essence). Echoes are gone: the Endless Rift pays Essence, and Essence levels champions (old Echoes were converted). Renown is the one race with the rival: the monthly contest counts Renown gained, and the Renown tile turns green when you lead.",模式更少、更清晰：每日裂隙现在是裂隙阶梯上的每日变奏（勾选后，你的下一个阶梯裂隙，无论阶级，都会带有当天的规则和恩赐，换取额外精华）。回响已移除：无尽裂隙给予精华，精华用于提升勇者等级（旧回响已转换）。声望是与对手唯一的竞赛：每月竞赛统计获得的声望，领先时声望格变绿。,scripts/autoload/game_data/GameDataArt.gd:277
"New loot: items roll fewer, bigger stats (two per item type), and Rare and Epic items carry a named effect such as Ambush, Thunderclap, Riposte or Renewal. Picking gear shows the Power change. Your current items are unchanged.",新战利品：物品的属性条数更少、数值更大（每种物品类型两条），稀有和史诗物品带有命名效果，如伏击、雷鸣、还击或复苏。挑选装备时会显示战力变化。你现有的物品不变。,scripts/autoload/game_data/GameDataArt.gd:278
"Phase 1 of the design pass: fights fit on screen without scrolling, notices sit in the top-right corner (two at a time, click to dismiss, never over a fight), new guilds start with three heroes, one tip at a time, and a tidier Rift Hall and Ledger.",设计调整第一阶段：战斗无需滚动即可完整显示，通知位于右上角（每次两条，点击关闭，绝不遮挡战斗），新公会以三名英雄开局，每次一条提示，裂隙大厅和账簿更整洁。,scripts/autoload/game_data/GameDataArt.gd:279
"Hero pages are tidier: the header is a row of chips, clicking a slot opens a pop-up of item cards (gains in green, losses in red), and the passive and build notes moved to the Skills tab.",英雄页面更整洁：页眉是一排标签，点击栏位会弹出物品卡（提升为绿色，下降为红色），被动和构筑说明移到了技能页。,scripts/autoload/game_data/GameDataArt.gd:280
"Hero pages between fights: click a hero in the rift's top bar (or Hero pages) for the same page as the Roster — gear, attribute and skill points, with tabs for the whole party. It replaces the old Gear Up panel.",战斗间隙的英雄页面：点击裂隙顶栏中的英雄（或“英雄页面”），即可打开与名册相同的页面——装备、属性和技能点，整支小队各有标签页。它取代了旧的整备面板。,scripts/autoload/game_data/GameDataArt.gd:281
"Riftbreak defenses have painted roads, the Defenses research stands on the war-room map, and a lost defense never touches the Gold set aside for payday. Champions' signature mods are spread evenly: each of the 12 on four champions.",裂隙崩溃防御有了绘制的道路，防御研究立于作战室地图上，防御失败绝不会动用为发薪日预留的金币。勇者的招牌改造分布均匀：12种各分给四位勇者。,scripts/autoload/game_data/GameDataArt.gd:282
"Riftbreaks: from Act II a rift swells now and then, with a countdown in days. Seal a rift of its rank in time to close it, or it breaks and your guild defends: build towers on the road, post your idle heroes and steer a champion. Losing costs Gold, Essence and a damaged building. New Defenses research in Guild > Manage, paid in Gold.",裂隙崩溃：从第二幕起，裂隙不时会膨胀，并以天数倒计时。及时封印一个同阶级的裂隙即可关闭它，否则它会崩溃，你的公会须进行防御：在道路上建造塔、派驻空闲的英雄并指挥一位勇者。失败会损失金币、精华，并有一座建筑受损。公会 > 管理中新增防御研究，以金币支付。,scripts/autoload/game_data/GameDataArt.gd:283
"Endless Rift level-ups are built around your champions now: each champion's signature move has two mods of its own (Aftershock, Kindled, Leech, Bulwark and more). From level 10, fuse two champions: their signatures fire together, 25% harder, and share their mods.",无尽裂隙的升级现在围绕你的勇者展开：每位勇者的招牌动作有两种专属改造（余震、引燃、吸血、壁垒等）。从10级起，可融合两位勇者：他们的招牌动作一同触发，威力提高25%，并共享改造。,scripts/autoload/game_data/GameDataArt.gd:284
"Endless Rift: gentler when it first opens, and it grows stronger with every champion you free and every act you pass (the party screen shows its strength).",无尽裂隙：刚开放时更温和，并随着你解放的每位勇者和推进的每一幕而增强（小队界面显示其强度）。,scripts/autoload/game_data/GameDataArt.gd:285
Endless Rift: every champion now walks with their own animation and plays a signature move when their Call fires.,无尽裂隙：每位勇者现在都有专属行走动画，号令触发时会施展招牌动作。,scripts/autoload/game_data/GameDataArt.gd:286
"Champions, reworked: 24 named champions with their own art, and each new guild meets a different 12. Three are freed by the story, nine are lost in the Endless Rift (stand in their light to free them). One oversees your rift runs with a Boon and a Call; Echoes level them up.",勇者重做：24位有专属美术的具名勇者，每个新公会会遇到不同的12位。三位由剧情解放，九位迷失在无尽裂隙中（站在他们的光芒中即可解放）。一位勇者以恩赐和号令督导你的裂隙远征；回响可提升其等级。,scripts/autoload/game_data/GameDataArt.gd:287
"The Endless Rift is now the champions' rift: only champions go in, each with a signature move. It pays Echoes and a little gold, and costs the guild a day.",无尽裂隙现在是勇者的裂隙：只有勇者能进入，每人都有招牌动作。它给予回响和少量金币，并花费公会一天时间。,scripts/autoload/game_data/GameDataArt.gd:288
"Türkçe (beta): Settings or the title screen. Menus, fights, tips, names and descriptions are all in Turkish.",Türkçe（测试版）：在设置或标题画面中选择。菜单、战斗、提示、名称和描述全部为土耳其语。,scripts/autoload/game_data/GameDataArt.gd:289
"Settings > Hearing aid: captions for sounds that tell you something (a boss arriving, a heavy blow, a hero going down, a wind-up), and the screen's edges pulse on the biggest moments.",设置 > 听觉辅助：为传达信息的声音提供字幕（首领到来、重击、英雄倒下、蓄力），并在最关键的时刻让屏幕边缘闪动。,scripts/autoload/game_data/GameDataArt.gd:290
"Two heroes of the same subclass no longer look like twins: the second wears different colours, everywhere they appear.",两名同一子职业的英雄不再像双胞胎：第二位无论出现在哪里都会穿不同的颜色。,scripts/autoload/game_data/GameDataArt.gd:291
"Endless Rift: fixed the field going grey after a stutter; the ground has grass, reeds, cracks and embers; the party stands out in the middle; banners no longer pile up.",无尽裂隙：修复了卡顿后场地变灰的问题；地面有了草、芦苇、裂缝和余烬；小队在中央更醒目；旗帜不再堆叠。,scripts/autoload/game_data/GameDataArt.gd:292
"New look: the title, camp and Rift Hall fill the screen, with flickering torches, breathing portals, stars and fireflies; screens fade between each other and a rift opens as you step in.",新面貌：标题、营地和裂隙大厅铺满屏幕，有摇曳的火把、呼吸般的传送门、星星和萤火虫；界面之间淡入淡出，踏入裂隙时它会随之开启。,scripts/autoload/game_data/GameDataArt.gd:293
"Endless Rift: waves every minute, elite packs with chests, archers, a Rift Warden at 20:00 to beat, evolutions, rift relics, terrain and braziers.",无尽裂隙：每分钟一波敌人，带宝箱的精英群、弓手、20:00出现的裂隙守卫等你击败，还有进化、裂隙遗物、地形和火盆。,scripts/autoload/game_data/GameDataArt.gd:294
Fights: the main actions fit one row (More holds the rest); hover to preview Momentum; winning by hand with no one down pays +30% Gold.,战斗：主要行动排成一行（“更多”收纳其余）；悬停预览气势；手动获胜且无人倒下可多得+30%金币。,scripts/autoload/game_data/GameDataArt.gd:295
"Guild: a This-week strip in camp, hero requests to answer, a rival with a face and a monthly contest.",公会：营地中的“本周”栏、需要回应的英雄请求、有面孔的对手和每月竞赛。,scripts/autoload/game_data/GameDataArt.gd:296
"New music, larger text, and rank rules shown in the rift.",新音乐、更大的文字，裂隙中显示阶级规则。,scripts/autoload/game_data/GameDataArt.gd:297
1280×800 (Default),1280×800（默认）,scripts/autoload/game_data/GameDataArt.gd:415
Ballista,弩车,scripts/autoload/game_data/GameDataBreach.gd:77
Long-range bolts at the foe furthest along the road,向道路上最远的敌人发射远程弩矢,scripts/autoload/game_data/GameDataBreach.gd:77
Fire Brazier,火盆,scripts/autoload/game_data/GameDataBreach.gd:79
Hurls fire that splashes and burns,投掷溅射燃烧的火焰,scripts/autoload/game_data/GameDataBreach.gd:79
Frost Totem,冰霜图腾,scripts/autoload/game_data/GameDataBreach.gd:81
Chills every foe in reach: they walk slower,冻寒范围内所有敌人：使其移动变慢,scripts/autoload/game_data/GameDataBreach.gd:81
Ward Stone,守护石,scripts/autoload/game_data/GameDataBreach.gd:83
Heroes in reach take less damage,范围内的英雄受到的伤害降低,scripts/autoload/game_data/GameDataBreach.gd:83
Wayside Chapel,路边礼拜堂,scripts/autoload/game_data/GameDataBreach.gd:85
Heroes in reach mend every second,范围内的英雄每秒回复生命,scripts/autoload/game_data/GameDataBreach.gd:85
Brannoch,Brannoch,scripts/autoload/game_data/GameDataChampions.gd:40
the Unbroken,不屈者,locale/extra_msgids.txt
"The knight who asked for the deepest post, under a city nobody on our side has seen, and held its door with his shoulder for twenty years. The chains are still on his wrists; he says they help him remember why.",这位骑士请求驻守最深的岗位，在一座我们这边无人见过的城市之下，用肩膀抵住那扇门二十年。锁链仍在他的手腕上；他说这能帮他记住为什么。,scripts/autoload/game_data/GameDataChampions.gd:41
Unbroken Line,不破之线,scripts/autoload/game_data/GameDataChampions.gd:42
Last Stand,背水一战,scripts/autoload/game_data/GameDataChampions.gd:43
shields every ally for 35% of their max HP,为每名盟友提供其最大生命35%的护盾,scripts/autoload/game_data/GameDataChampions.gd:43
Grell,Grell,scripts/autoload/game_data/GameDataChampions.gd:45
Ironjaw,铁颚,locale/extra_msgids.txt
Lost his jaw to a rift-beast and had a better one forged. He has not stopped talking since.,他的下颚被裂隙兽咬掉了，于是锻造了一副更好的。从那以后他就没停过嘴。,scripts/autoload/game_data/GameDataChampions.gd:46
Iron Resolve,钢铁决心,scripts/autoload/game_data/GameDataChampions.gd:47
War Cry,战吼,scripts/autoload/game_data/GameDataChampions.gd:48
the whole party hits 25% harder for the rest of the fight,整支小队在本场战斗剩余时间内伤害提高25%,scripts/autoload/game_data/GameDataChampions.gd:48
Mordrake,Mordrake,scripts/autoload/game_data/GameDataChampions.gd:50
the Deathless,不死者,locale/extra_msgids.txt
He died in the Endless Rift once. It didn't take.,他曾在无尽裂隙中死过一次。没死成。,scripts/autoload/game_data/GameDataChampions.gd:51
Grim Momentum,冷酷气势,scripts/autoload/game_data/GameDataChampions.gd:52
Deathless,不死,scripts/autoload/game_data/GameDataChampions.gd:53
braces the party against a wipe for the rest of the fight,在本场战斗剩余时间内保护小队免于团灭,scripts/autoload/game_data/GameDataChampions.gd:53
Sigrun,Sigrun,scripts/autoload/game_data/GameDataChampions.gd:55
Shieldmaiden,持盾少女,locale/extra_msgids.txt
Her village sank into a rift in a single night. She walked in after it and has been walking ever since.,她的村庄一夜之间沉入了裂隙。她随之走了进去，从此一直走着。,scripts/autoload/game_data/GameDataChampions.gd:56
Shieldwall,盾墙,scripts/autoload/game_data/GameDataChampions.gd:57
Shield Wall,盾墙,scripts/autoload/game_data/GameDataChampions.gd:58
wards the front row for 50% of their max HP,为前排提供其最大生命50%的守护,scripts/autoload/game_data/GameDataChampions.gd:58
Kael,Kael,scripts/autoload/game_data/GameDataChampions.gd:60
the Oathsworn,誓约者,locale/extra_msgids.txt
Swore to guard a rift-gate until relieved. Nobody came. He is very glad to see you.,他发誓守卫一道裂隙之门，直到有人换岗。没人来过。他很高兴见到你。,scripts/autoload/game_data/GameDataChampions.gd:61
Vanguard Oath,先锋之誓,scripts/autoload/game_data/GameDataChampions.gd:62
Spear Wall,矛墙,scripts/autoload/game_data/GameDataChampions.gd:63
a sweep of the spear hits every foe,长矛一扫，击中所有敌人,scripts/autoload/game_data/GameDataChampions.gd:63
Kaya,Kaya,scripts/autoload/game_data/GameDataChampions.gd:66
Swiftwind,疾风,locale/extra_msgids.txt
"She outran a rift-storm once. Now she can't stop running, so she brings the storm with her.",她曾跑赢过一场裂隙风暴。如今她停不下来，于是把风暴也带在身边。,scripts/autoload/game_data/GameDataChampions.gd:67
Tailwind,顺风,scripts/autoload/game_data/GameDataChampions.gd:68
Arrow Storm,箭雨,scripts/autoload/game_data/GameDataChampions.gd:69
"arrows ride the wind, jumping between foes",箭矢乘风，在敌人之间弹跳,scripts/autoload/game_data/GameDataChampions.gd:69
Hesk,Hesk,scripts/autoload/game_data/GameDataChampions.gd:71
the Beastcaller,唤兽者,locale/extra_msgids.txt
"Raised by rift-wolves. Speaks their language better than ours, and prefers their company.",由裂隙狼群养大。说狼的语言比说我们的还好，也更喜欢它们的陪伴。,scripts/autoload/game_data/GameDataChampions.gd:72
Pack Hunter,群猎者,scripts/autoload/game_data/GameDataChampions.gd:73
Pounce,扑杀,scripts/autoload/game_data/GameDataChampions.gd:74
"the pack falls on the weakest foe, harder the more it's hurt",兽群扑向最弱的敌人，它伤得越重，扑得越狠,scripts/autoload/game_data/GameDataChampions.gd:74
Lyra,Lyra,scripts/autoload/game_data/GameDataChampions.gd:76
Thornwood,荆棘林,locale/extra_msgids.txt
The last warden of a forest the rifts swallowed. The forest is still in there; so is she.,一片被裂隙吞没的森林的最后一位守林人。森林还在里面；她也是。,scripts/autoload/game_data/GameDataChampions.gd:77
Leaf on the Wind,随风之叶,scripts/autoload/game_data/GameDataChampions.gd:78
Thorn Snare,荆棘陷阱,scripts/autoload/game_data/GameDataChampions.gd:79
"thorns bind the target: it loses its next two actions (a boss, one)",荆棘缚住目标：使其失去接下来两次行动（首领为一次）,scripts/autoload/game_data/GameDataChampions.gd:79
Bram,Bram,scripts/autoload/game_data/GameDataChampions.gd:81
the Trapper,陷阱师,locale/extra_msgids.txt
Forty years of setting snares for things that come out of rifts. Some of them are still in his cellar.,四十年来一直为从裂隙里出来的东西设陷阱。有些至今还关在他的地窖里。,scripts/autoload/game_data/GameDataChampions.gd:82
Trail Wisdom,林径智慧,scripts/autoload/game_data/GameDataChampions.gd:83
Deadfall,落石陷阱,scripts/autoload/game_data/GameDataChampions.gd:84
springs every trap at once on the wounded foes,对负伤的敌人同时触发所有陷阱,scripts/autoload/game_data/GameDataChampions.gd:84
Ossian,Ossian,scripts/autoload/game_data/GameDataChampions.gd:86
Greyfeather,灰羽,locale/extra_msgids.txt
Has never missed a shot. He will tell you this before you ask.,从未失手过。不等你问，他就会告诉你。,scripts/autoload/game_data/GameDataChampions.gd:87
First Shot,第一箭,scripts/autoload/game_data/GameDataChampions.gd:88
Killshot,致命一箭,scripts/autoload/game_data/GameDataChampions.gd:89
"one perfect arrow at the weakest foe, deadlier the more it's hurt",对最弱的敌人射出完美一箭，它伤得越重越致命,scripts/autoload/game_data/GameDataChampions.gd:89
Vesh,Vesh,scripts/autoload/game_data/GameDataChampions.gd:92
the Ashborn,灰烬之子,locale/extra_msgids.txt
"Once the herald of an ash-queen, until he read what he was heralding. The embers under his skin never cooled.",曾是一位灰烬女王的传令官，直到他读懂了自己在宣告什么。他皮肤下的余烬从未冷却。,scripts/autoload/game_data/GameDataChampions.gd:93
Cinder Tongue,余烬之舌,scripts/autoload/game_data/GameDataChampions.gd:94
Crownfall,王冠陨落,scripts/autoload/game_data/GameDataChampions.gd:95
a rain of burning ash engulfs every foe,燃烧的灰烬如雨落下，吞没所有敌人,scripts/autoload/game_data/GameDataChampions.gd:95
Auriel,Auriel,scripts/autoload/game_data/GameDataChampions.gd:97
the Starwright,星匠,locale/extra_msgids.txt
"Mapped every star, then noticed new ones leaking out of the rifts. She has been following them since.",她绘遍了每一颗星，然后注意到有新的星从裂隙中渗出。从那以后她一直追随着它们。,scripts/autoload/game_data/GameDataChampions.gd:98
Star Chart,星图,scripts/autoload/game_data/GameDataChampions.gd:99
Meteor,陨星,scripts/autoload/game_data/GameDataChampions.gd:100
calls down a falling star on every foe,召唤一颗陨星砸向所有敌人,scripts/autoload/game_data/GameDataChampions.gd:100
Morwen,Morwen,scripts/autoload/game_data/GameDataChampions.gd:102
of the Frost,寒霜之女,locale/extra_msgids.txt
Froze a rift solid to save a town. The town is fine. She has been cold for a hundred years.,为拯救一座城镇，她将一道裂隙冻得结结实实。城镇安然无恙。她已经冷了一百年。,scripts/autoload/game_data/GameDataChampions.gd:103
Rime Ward,霜之守护,scripts/autoload/game_data/GameDataChampions.gd:104
Deep Freeze,深度冻结,scripts/autoload/game_data/GameDataChampions.gd:105
"freezes the target solid: it loses its next two actions (a boss, one)",将目标冻得结结实实：使其失去接下来两次行动（首领为一次）,scripts/autoload/game_data/GameDataChampions.gd:105
Tamsin,Tamsin,scripts/autoload/game_data/GameDataChampions.gd:107
Sparkwright,火花工匠,locale/extra_msgids.txt
Built a machine to close rifts. It opened one instead. She is working on version two.,造了一台机器来关闭裂隙。结果却打开了一道。她正在做第二版。,scripts/autoload/game_data/GameDataChampions.gd:108
Overclock,超频,scripts/autoload/game_data/GameDataChampions.gd:109
Chain Lightning,连锁闪电,scripts/autoload/game_data/GameDataChampions.gd:110
lightning arcs from foe to foe,闪电在敌人之间跳跃,scripts/autoload/game_data/GameDataChampions.gd:110
Ezra,Ezra,scripts/autoload/game_data/GameDataChampions.gd:112
the Pale,苍白者,locale/extra_msgids.txt
"Studies what the rifts take from people. Keeps some of it in the lantern, for safekeeping. He insists.",研究裂隙从人们身上夺走的东西。把其中一些放在灯笼里，妥善保管。他坚持这么说。,scripts/autoload/game_data/GameDataChampions.gd:113
Soul Tithe,灵魂什一税,scripts/autoload/game_data/GameDataChampions.gd:114
Harvest,收割,scripts/autoload/game_data/GameDataChampions.gd:115
"drains the weakest foe, healing the caster for a share of it",吸取最弱的敌人，按一定比例为施法者回复生命,scripts/autoload/game_data/GameDataChampions.gd:115
Imre,Imre,scripts/autoload/game_data/GameDataChampions.gd:118
of the Tides,潮汐之女,locale/extra_msgids.txt
Kept alive at the bottom of a drowned spire as a lantern for something that hated the dark. She still carries the light.,被困在淹没尖塔的底部，作为某个憎恨黑暗之物的灯火苟活。她至今仍带着那道光。,scripts/autoload/game_data/GameDataChampions.gd:119
Tidal Grace,潮汐恩典,scripts/autoload/game_data/GameDataChampions.gd:120
Low Tide,退潮,scripts/autoload/game_data/GameDataChampions.gd:121
"heals the party 55% and washes away burn, poison, chill, stun and curses",为小队回复55%生命，并洗去燃烧、中毒、冻寒、眩晕和诅咒,scripts/autoload/game_data/GameDataChampions.gd:121
Odo,Odo,scripts/autoload/game_data/GameDataChampions.gd:123
the Lamplighter,点灯人,locale/extra_msgids.txt
Lit the lamps of a city that fell into a rift. He kept lighting them. Eventually the lamps led him out.,他为一座坠入裂隙的城市点灯。他一直点下去。最终，那些灯把他引了出来。,scripts/autoload/game_data/GameDataChampions.gd:124
Lamp in the Dark,暗中明灯,scripts/autoload/game_data/GameDataChampions.gd:125
Light the Way,照亮前路,scripts/autoload/game_data/GameDataChampions.gd:126
raises a fallen ally at 60% HP (or heals the most hurt),以60%生命复活一名倒下的盟友（或治疗伤势最重者）,scripts/autoload/game_data/GameDataChampions.gd:126
Seraphine,Seraphine,scripts/autoload/game_data/GameDataChampions.gd:128
Dawnbringer,破晓者,locale/extra_msgids.txt
Walked into the dark between rifts to find the sunrise. Came back with it.,走进裂隙之间的黑暗去寻找日出。带着它回来了。,scripts/autoload/game_data/GameDataChampions.gd:129
Dawn's Blessing,黎明祝福,scripts/autoload/game_data/GameDataChampions.gd:130
Sunrise,日出,scripts/autoload/game_data/GameDataChampions.gd:131
heals the whole party for 65% of their max HP,为全队回复其最大生命65%的生命,scripts/autoload/game_data/GameDataChampions.gd:131
Hobb,Hobb,scripts/autoload/game_data/GameDataChampions.gd:133
the Friar,修士,locale/extra_msgids.txt
Opened a tavern at the edge of a rift. Business was terrible. Blessings were excellent.,在裂隙边上开了一家酒馆。生意糟透了。祝福好极了。,scripts/autoload/game_data/GameDataChampions.gd:134
Liquid Courage,酒壮人胆,scripts/autoload/game_data/GameDataChampions.gd:135
Round's On Me,这轮我请,scripts/autoload/game_data/GameDataChampions.gd:136
heals the whole party for 50% of their max HP,为全队回复其最大生命50%的生命,scripts/autoload/game_data/GameDataChampions.gd:136
Veyla,Veyla,scripts/autoload/game_data/GameDataChampions.gd:138
the Penitent,忏悔者,locale/extra_msgids.txt
Wears the mask so the rift can't see her face. It has been looking for her a long time.,戴着面具，让裂隙看不见她的脸。它已经找了她很久。,scripts/autoload/game_data/GameDataChampions.gd:139
Incense Veil,熏香之幕,scripts/autoload/game_data/GameDataChampions.gd:140
Censer Smoke,香炉烟雾,scripts/autoload/game_data/GameDataChampions.gd:141
thick smoke: +30% dodge for the rest of the fight,浓烟：在本场战斗剩余时间内闪避+30%,scripts/autoload/game_data/GameDataChampions.gd:141
Selune,Selune,scripts/autoload/game_data/GameDataChampions.gd:144
of the Hollow Moon,空月之女,locale/extra_msgids.txt
An assassin who took one contract too many: on the moon. It didn't go well for either of them.,一名多接了一单的刺客：目标在月亮上。对双方来说结局都不太好。,scripts/autoload/game_data/GameDataChampions.gd:145
New Moon,新月,scripts/autoload/game_data/GameDataChampions.gd:146
Eclipse,月蚀,scripts/autoload/game_data/GameDataChampions.gd:147
"darkness falls, and every wounded foe with it",黑暗降临，所有负伤的敌人随之倒下,scripts/autoload/game_data/GameDataChampions.gd:147
Pip,Pip,scripts/autoload/game_data/GameDataChampions.gd:149
Quickfingers,快手,locale/extra_msgids.txt
Stole a key from a rift-lord's belt. The key opened the rift. Pip would like to give it back.,从一位裂隙领主的腰带上偷了把钥匙。那把钥匙打开了裂隙。Pip很想把它还回去。,scripts/autoload/game_data/GameDataChampions.gd:150
Slippery,滑不留手,scripts/autoload/game_data/GameDataChampions.gd:151
Smoke and Mirrors,烟雾与镜像,scripts/autoload/game_data/GameDataChampions.gd:152
+35% dodge for the rest of the fight,在本场战斗剩余时间内闪避+35%,scripts/autoload/game_data/GameDataChampions.gd:152
Raske,Raske,scripts/autoload/game_data/GameDataChampions.gd:154
the Red,赤红,locale/extra_msgids.txt
Captained a ship that sailed off the edge of the world and into a rift. Kept the coat.,曾任一艘船的船长，那艘船驶出了世界的边缘，驶进了裂隙。外套留下了。,scripts/autoload/game_data/GameDataChampions.gd:155
Blood in the Water,血腥入水,scripts/autoload/game_data/GameDataChampions.gd:156
Whirlwind,旋风,scripts/autoload/game_data/GameDataChampions.gd:157
a spinning storm of cutlasses hits every foe,弯刀旋成风暴，击中所有敌人,scripts/autoload/game_data/GameDataChampions.gd:157
Corvin,Corvin,scripts/autoload/game_data/GameDataChampions.gd:159
Ashwhisper,灰语,locale/extra_msgids.txt
Brews poisons from what bleeds out of rifts. Swears most of them are medicine.,用裂隙里渗出的东西熬制毒药。发誓说大多数都是良药。,scripts/autoload/game_data/GameDataChampions.gd:160
Slow Venom,缓毒,scripts/autoload/game_data/GameDataChampions.gd:161
Plague Cloud,瘟疫之云,scripts/autoload/game_data/GameDataChampions.gd:162
a toxic cloud that eats at every foe for three rounds,毒云持续侵蚀所有敌人，为期三回合,scripts/autoload/game_data/GameDataChampions.gd:162
Vaelith,Vaelith,scripts/autoload/game_data/GameDataChampions.gd:174
Who Left Her Post,擅离职守者,scripts/autoload/game_data/GameDataChampions.gd:174
"An Accord ranger who walked off her post on the Night of Breaking, toward the noise. She has been holding a door open ever since.",一位盟约游侠，在破碎之夜离开了岗位，循着声响而去。从那以后她一直撑着一扇门。,scripts/autoload/game_data/GameDataChampions.gd:175
Listening,聆听,scripts/autoload/game_data/GameDataChampions.gd:176
Hold the Door,守住大门,scripts/autoload/game_data/GameDataChampions.gd:177
"she steps in front of the target: it loses its next two actions (a boss, one)",她挺身挡在目标面前：使其失去接下来两次行动（首领为一次）,scripts/autoload/game_data/GameDataChampions.gd:177
I counted the voices behind my door every night for a year. Then I stopped counting and opened it.,整整一年，我每晚都数着门后的声音。后来我不数了，把门打开了。,scripts/autoload/game_data/GameDataChampions.gd:179
%s of %s,%s（%s）,scripts/autoload/game_data/GameDataChampions.gd:191
{name} {title},{title}{name},scripts/autoload/game_data/GameDataChampions.gd:193
"There was a girl on the other side of my door. I told her to wait, that I'd come back for her. I'd like to know if she did.",我那扇门的另一边有个女孩。我叫她等着，说我会回来接她。我想知道她有没有等。,scripts/autoload/game_data/GameDataChampions.gd:212
We drew lots for the posts. I drew a deep one. I remember thinking that was lucky.,我们抽签决定岗位。我抽到了很深的一个。我记得当时还觉得是好运。,scripts/autoload/game_data/GameDataChampions.gd:213
"When the light closed over me it didn't hurt. It felt like being told to wait, very firmly.",光合拢在我身上时并不疼。感觉就像被人非常坚决地命令：等着。,scripts/autoload/game_data/GameDataChampions.gd:214
My whole shield-company walked into the light together. I came out alone. Ask the others if they're still holding.,我整个盾卫连一起走进了光里。只有我一个人出来了。去问问其他人，他们是否还在坚守。,scripts/autoload/game_data/GameDataChampions.gd:215
The order was: hold until relieved. The Grandmaster said she would come back for us herself. She didn't. Why didn't she?,命令是：坚守，直到换岗。大团长说她会亲自回来接我们。她没有。为什么没有？,scripts/autoload/game_data/GameDataChampions.gd:216
"I ran messages between the posts that night. The last one I carried was from the Grandmaster, and it was sealed with ash.",那晚我在各个岗位之间传递消息。我送的最后一封出自大团长，用灰烬封着。,scripts/autoload/game_data/GameDataChampions.gd:217
The wolves knew before we did. They howled at the Hall for three days before the Night. Nobody listens to wolves.,狼比我们先知道。破碎之夜前三天，它们一直对着大厅嚎叫。没人会听狼的话。,scripts/autoload/game_data/GameDataChampions.gd:218
Some of us didn't go into the light willingly. The Grandmaster said there wasn't time to ask.,我们中有些人并非自愿走进光里。大团长说没时间问了。,scripts/autoload/game_data/GameDataChampions.gd:219
"I set a snare at my post, out of habit. Caught a voice. It kept saying: the price, the price.",出于习惯，我在岗位上设了个陷阱。逮到了一个声音。它一直在说：代价，代价。,scripts/autoload/game_data/GameDataChampions.gd:220
"I had the Grandmaster in my sights that night, on her way out. I've never missed. I didn't take the shot. I'd like to know if that was right.",那晚大团长离开时，我把她套在了准星里。我从没失过手。我没有放箭。我想知道那样做对不对。,scripts/autoload/game_data/GameDataChampions.gd:221
I read her proclamations aloud in the ash for years before I read one closely. It began: the Accord is dissolved.,多年来我在灰烬中高声宣读她的公告，直到有一次细读。开头写着：盟约就此解散。,scripts/autoload/game_data/GameDataChampions.gd:222
"The new stars leaking from the rifts are the posts, going out one by one. I have counted forty dark since the Night.",从裂隙中渗出的新星就是那些岗位，正一个接一个熄灭。自破碎之夜以来，我已数到四十颗暗了。,scripts/autoload/game_data/GameDataChampions.gd:223
"Freezing my rift was my own idea, not the Accord's. I think that's why the Hollow never got its hooks into me.",冻结我的裂隙是我自己的主意，不是盟约的。我想这就是空洞从未把钩子扎进我身上的原因。,scripts/autoload/game_data/GameDataChampions.gd:224
The Accord's engineers built the bargain like a lock. I've seen the plans. Every lock has a key.,盟约的工匠把这桩交易造得像一把锁。我见过图纸。每把锁都有钥匙。,scripts/autoload/game_data/GameDataChampions.gd:225
Each of us gave the Hollow something to seal the deal. I gave my colour. You can probably tell.,我们每个人都给了空洞一样东西来达成交易。我给的是我的颜色。你大概看得出来。,scripts/autoload/game_data/GameDataChampions.gd:226
I was kept lit to read the archive by. I read all of it. The bargain has a clause about what happens when a post is abandoned.,他们让我一直亮着，好借光阅读档案。我读完了全部。交易里有一条，讲的是岗位被遗弃时会发生什么。,scripts/autoload/game_data/GameDataChampions.gd:227
"The lamps of my city were Accord lamps, meant to lead the guilds home. The city fell before anyone came back.",我那座城的灯是盟约之灯，本是用来引领各公会回家的。还没等到有人回来，城就陷落了。,scripts/autoload/game_data/GameDataChampions.gd:228
The Grandmaster said there would be no sunrise until the price was paid. She was wrong. I went and found it.,大团长说代价付清之前不会有日出。她错了。我去把它找了回来。,scripts/autoload/game_data/GameDataChampions.gd:229
Half the Accord drank at my tavern the night before. The Grandmaster paid for every round. I thought it was generous. It was a goodbye.,那天前夜，半个盟约都在我的酒馆里喝酒。每一轮都是大团长请的。我以为她很大方。那是在道别。,scripts/autoload/game_data/GameDataChampions.gd:230
I signed the bargain as a witness. The mask is so the Hollow can't match my face to my name on it.,我以见证人的身份签了那份交易。戴面具是为了不让空洞把我的脸和上面的名字对上。,scripts/autoload/game_data/GameDataChampions.gd:231
My last contract came from inside the Accord: remove a ranger who had left her post. I didn't. Vaelith owes me one.,我的最后一单来自盟约内部：除掉一名擅离职守的游侠。我没下手。Vaelith欠我一个人情。,scripts/autoload/game_data/GameDataChampions.gd:232
"The key I stole opened a rift, yes. It was the Grandmaster's key. I'm told that matters.",我偷的钥匙确实打开了一道裂隙。那是大团长的钥匙。听说这很重要。,scripts/autoload/game_data/GameDataChampions.gd:233
We were to ferry the last guild to its post across the Marches. The water rose too fast. I kept the coat. I kept the list of names too.,我们本该载着最后一个公会穿过沼泽前往岗位。水涨得太快了。外套我留着。名单我也留着。,scripts/autoload/game_data/GameDataChampions.gd:234
"The Accord's healers poisoned nobody, whatever the songs say. They gave the posts something to sleep. I still have the recipe.",不管歌谣怎么唱，盟约的医者没毒害任何人。他们给了驻守者让人沉睡的东西。配方我还留着。,scripts/autoload/game_data/GameDataChampions.gd:235
%s beat us once. They're gone. You're not.,%s曾经打败过我们。他们已经不在了。你们还在。,scripts/autoload/game_data/GameDataChampions.gd:261
"We remember %s. We'll remember you too, for a shorter while.",我们记得%s。我们也会记得你们，只是时间短些。,scripts/autoload/game_data/GameDataChampions.gd:262
The Royal Charter hung in %s's hall. It'll hang in ours this time.,王室特许状曾挂在%s的大厅里。这次它会挂在我们的大厅。,scripts/autoload/game_data/GameDataChampions.gd:263
"%s haven't forgotten %s, who beat them to the Royal Charter. They'll race you harder, and beating them again is worth %d Laurels.",%s没有忘记抢先拿下王室特许状的%s。他们会更拼命地与你竞赛，再次击败他们可得%d桂冠。,scripts/autoload/game_data/GameDataChampions.gd:265
The crest's own,纹章本色,scripts/autoload/game_data/GameDataChampions.gd:269
Keepers' gold,守护者之金,scripts/autoload/game_data/GameDataChampions.gd:270
Renew the Accord,续订盟约,scripts/autoload/game_data/GameDataChampions.gd:270
Hollow green,空洞之绿,scripts/autoload/game_data/GameDataChampions.gd:271
Break the Accord,打破盟约,scripts/autoload/game_data/GameDataChampions.gd:271
Turns white,化为白色,scripts/autoload/game_data/GameDataChampions.gd:272
Rewrite the Terms,改写条款,scripts/autoload/game_data/GameDataChampions.gd:272
Sea-glass,海玻璃,scripts/autoload/game_data/GameDataChampions.gd:273
Keep both worlds open,让两个世界都保持敞开,scripts/autoload/game_data/GameDataChampions.gd:273
Oath crimson,誓约深红,scripts/autoload/game_data/GameDataChampions.gd:274
Keep three oaths in one guild,在一个公会中守住三项誓言,scripts/autoload/game_data/GameDataChampions.gd:274
Grandmaster violet,大团长之紫,scripts/autoload/game_data/GameDataChampions.gd:275
Restore the Grandmaster's Hall,修复大团长的大厅,scripts/autoload/game_data/GameDataChampions.gd:275
Tide blue,潮汐之蓝,scripts/autoload/game_data/GameDataChampions.gd:276
Hold five tides,守住五次潮汐,scripts/autoload/game_data/GameDataChampions.gd:276
Lamplight,灯火,scripts/autoload/game_data/GameDataChampions.gd:277
Learn ten truths,得知十条真相,scripts/autoload/game_data/GameDataChampions.gd:277
300 more Gold,额外300金币,scripts/autoload/game_data/GameDataChampions.gd:285
"A fourth hero, Rank D",第四名英雄，阶级D,scripts/autoload/game_data/GameDataChampions.gd:286
A rare relic,一件稀有遗物,scripts/autoload/game_data/GameDataChampions.gd:287
The Barracks one level up,兵营提升一级,scripts/autoload/game_data/GameDataChampions.gd:288
Old contacts: two Rank C recruits waiting,旧日人脉：两名阶级C新兵在等候,scripts/autoload/game_data/GameDataChampions.gd:289
Veteran start: Act I already done,老兵开局：第一幕已完成,scripts/autoload/game_data/GameDataChampions.gd:290
The Clerk's Copy: two ledger pages already found,书记员的副本：已找到两页账簿,scripts/autoload/game_data/GameDataChampions.gd:291
Pip's Key: choose your rifts' region until Act III is done,Pip的钥匙：在第三幕完成前自选裂隙地区,scripts/autoload/game_data/GameDataChampions.gd:292
"Once Rank %s with %s: %d rifts sealed, %d foes felled.",曾为阶级%s，效力于%s：封印%d个裂隙，击倒%d个敌人。,scripts/autoload/game_data/GameDataChampions.gd:304
"Took the forty-first post for %s, and held it.",为%s接下了第四十一个岗位，并守住了它。,scripts/autoload/game_data/GameDataChampions.gd:305
Different crest on the banner. Same work. I sealed %d rifts with %s; I can manage a few more.,旗帜上的纹章不同了。活儿一样。我封印过%d个裂隙，那时效力于%s；再多几个也没问题。,scripts/autoload/game_data/GameDataChampions.gd:307
"Tell Hesper I kept count. %d rifts with %s, and every one of them stayed shut.",告诉Hesper我一直在数。%d个裂隙，和%s一起，每一个都关得严严实实。,scripts/autoload/game_data/GameDataChampions.gd:308
"The light was very quiet. I kept thinking about payday at %s, of all things. %d rifts, and I still miss the pay table.",光非常安静。我一直在想%s的发薪日，偏偏是这个。%d个裂隙，我还是怀念那张发薪桌。,scripts/autoload/game_data/GameDataChampions.gd:309
Every year someone from %s climbed down to tell me how the harvest went. I'd like to hear it up close for once.,每年都会有个%s的人爬下来告诉我收成如何。我想有一次能当面听听。,scripts/autoload/game_data/GameDataChampions.gd:311
Warrior,战士,scripts/autoload/game_data/GameDataHeroes.gd:4
Ranger,游侠,scripts/autoload/game_data/GameDataHeroes.gd:5
Mage,法师,scripts/autoload/game_data/GameDataHeroes.gd:6
Cleric,牧师,scripts/autoload/game_data/GameDataHeroes.gd:7
Rogue,盗贼,scripts/autoload/game_data/GameDataHeroes.gd:8
Common,普通,scripts/autoload/game_data/GameDataHeroes.gd:13
Rare,稀有,scripts/autoload/game_data/GameDataHeroes.gd:14
Epic,史诗,scripts/autoload/game_data/GameDataHeroes.gd:15
Legendary,传奇,scripts/autoload/game_data/GameDataHeroes.gd:20
Ember,余烬,scripts/autoload/game_data/GameDataHeroes.gd:124
Frost,冰霜,scripts/autoload/game_data/GameDataHeroes.gd:124
Verdant,翠绿,scripts/autoload/game_data/GameDataHeroes.gd:124
Umbral,暗影,scripts/autoload/game_data/GameDataHeroes.gd:124
Arcane,奥术,scripts/autoload/game_data/GameDataHeroes.gd:124
Mends 2% HP/round,每回合回复2%生命,scripts/autoload/game_data/GameDataHeroes.gd:129
+5% dodge chance,闪避几率+5%,scripts/autoload/game_data/GameDataHeroes.gd:130
+1.5% dmg/round (stacking),每回合伤害+1.5%（可叠加）,scripts/autoload/game_data/GameDataHeroes.gd:131
-6% hazard severity,险境强度-6%,scripts/autoload/game_data/GameDataHeroes.gd:132
+6% first-strike damage,先手伤害+6%,scripts/autoload/game_data/GameDataHeroes.gd:133
Relic ward: survive a wipe at 8% HP,遗物守护：团灭时以8%生命幸存,scripts/autoload/game_data/GameDataHeroes.gd:134
+30% opening volley vs Bosses,对首领开场齐射+30%,scripts/autoload/game_data/GameDataHeroes.gd:135
+6% odds toward Rare/Epic loot,稀有/史诗战利品几率+6%,scripts/autoload/game_data/GameDataHeroes.gd:136
+15% chance to counter-attack when evading or taking a heavy hit,闪避或受到重击时反击几率+15%,scripts/autoload/game_data/GameDataHeroes.gd:137
+25% chance to gain 1 Momentum when evading or hit hard,闪避或受重击时获得1点气势的几率+25%,scripts/autoload/game_data/GameDataHeroes.gd:138
"On a kill, shields the lowest-HP ally for 20% of their max HP",击杀时，为生命最低的盟友提供其最大生命20%的护盾,scripts/autoload/game_data/GameDataHeroes.gd:139
of Renewal,复苏,scripts/autoload/game_data/GameDataHeroes.gd:144
of the Wind,疾风,scripts/autoload/game_data/GameDataHeroes.gd:144
of the Pyre,烈焰,scripts/autoload/game_data/GameDataHeroes.gd:144
of Warding,守护,scripts/autoload/game_data/GameDataHeroes.gd:144
of First Light,晨光,scripts/autoload/game_data/GameDataHeroes.gd:145
of the Last Stand,背水,scripts/autoload/game_data/GameDataHeroes.gd:145
of the Warhorn,战号,scripts/autoload/game_data/GameDataHeroes.gd:145
of Fortune,好运,scripts/autoload/game_data/GameDataHeroes.gd:146
of Thorns,荆棘,scripts/autoload/game_data/GameDataHeroes.gd:146
of Haste,迅捷,scripts/autoload/game_data/GameDataHeroes.gd:146
of the Bulwark,壁垒,scripts/autoload/game_data/GameDataHeroes.gd:146
The rift closes behind you.,裂隙在你身后合拢。,scripts/autoload/game_data/GameDataHeroes.gd:182
Another door shuts.,又一扇门关上了。,scripts/autoload/game_data/GameDataHeroes.gd:182
The tear in the world seals over.,世界的裂口愈合了。,scripts/autoload/game_data/GameDataHeroes.gd:182
Quiet returns to the floor you just cleared.,你刚清理的这一层恢复了安静。,scripts/autoload/game_data/GameDataHeroes.gd:182
The world holds a little longer.,世界又多撑了一会儿。,scripts/autoload/game_data/GameDataHeroes.gd:183
Nobody will thank you for it.,没人会为此感谢你。,scripts/autoload/game_data/GameDataHeroes.gd:183
It won't stay closed forever.,它不会永远关着。,scripts/autoload/game_data/GameDataHeroes.gd:183
One less wound in the Rift's hide.,裂隙的皮上少了一道伤口。,scripts/autoload/game_data/GameDataHeroes.gd:183
You were in and out before the rift even noticed.,裂隙还没察觉，你们就进出完毕了。,scripts/autoload/game_data/GameDataHeroes.gd:186
Clean work.,干净利落。,scripts/autoload/game_data/GameDataHeroes.gd:186
"No wasted swings, no wasted time.",没有一招白费，没有一刻虚度。,scripts/autoload/game_data/GameDataHeroes.gd:186
The Rift barely had a chance to answer.,裂隙几乎没机会回应。,scripts/autoload/game_data/GameDataHeroes.gd:186
The Rift barely had time to react.,裂隙几乎来不及反应。,scripts/autoload/game_data/GameDataHeroes.gd:187
Efficiency the guild will remember.,公会会记住这份效率。,scripts/autoload/game_data/GameDataHeroes.gd:187
Some fights end before they really begin.,有些战斗还没真正开始就结束了。,scripts/autoload/game_data/GameDataHeroes.gd:187
Not every victory needs to be hard-won.,不是每场胜利都得来不易。,scripts/autoload/game_data/GameDataHeroes.gd:187
It fought like it knew what was coming.,它打起来像是知道会发生什么。,scripts/autoload/game_data/GameDataHeroes.gd:190
The rift's champion falls.,裂隙的霸主倒下了。,scripts/autoload/game_data/GameDataHeroes.gd:190
"Whatever it was guarding, it isn't guarding anymore.",不管它守着什么，现在都不再守了。,scripts/autoload/game_data/GameDataHeroes.gd:190
The floor goes quiet where it used to stand.,它曾站立的地方安静下来。,scripts/autoload/game_data/GameDataHeroes.gd:190
Didn't matter.,无关紧要。,scripts/autoload/game_data/GameDataHeroes.gd:191
The rift itself feels smaller for it.,裂隙本身似乎也因此变小了。,scripts/autoload/game_data/GameDataHeroes.gd:191
The guild adds one more name to the list.,公会的名单上又添了一个名字。,scripts/autoload/game_data/GameDataHeroes.gd:191
Some things don't come back from a fight like that.,有些东西经过那样一场战斗就回不来了。,scripts/autoload/game_data/GameDataHeroes.gd:191
"Stronger than the rest, and still not strong enough.",比其他的都强，却还是不够强。,scripts/autoload/game_data/GameDataHeroes.gd:194
It made you work for it.,它让你们费了一番功夫。,scripts/autoload/game_data/GameDataHeroes.gd:194
A cut above the usual — until it wasn't.,比寻常的高出一截——直到不再是。,scripts/autoload/game_data/GameDataHeroes.gd:194
The Rift saves its better monsters for later. This one came early.,裂隙会把更好的怪物留到后面。这一只来早了。,scripts/autoload/game_data/GameDataHeroes.gd:194
That's the difference between elite and dead.,这就是精英和死物的区别。,scripts/autoload/game_data/GameDataHeroes.gd:195
Worth the extra scars.,值得多添几道伤疤。,scripts/autoload/game_data/GameDataHeroes.gd:195
The rest of the floor felt easier after that.,那之后这一层的其余部分感觉轻松多了。,scripts/autoload/game_data/GameDataHeroes.gd:195
It won't be the last one like it.,它不会是最后一只这样的。,scripts/autoload/game_data/GameDataHeroes.gd:195
Something in them has shifted.,他们身上有什么改变了。,scripts/autoload/game_data/GameDataHeroes.gd:198
The rift changes people.,裂隙会改变人。,scripts/autoload/game_data/GameDataHeroes.gd:198
They walked out different than they walked in.,他们走出来时，已不是走进去时的样子。,scripts/autoload/game_data/GameDataHeroes.gd:198
"Whatever they were before, it isn't enough anymore.",不管他们以前是什么，现在都不够了。,scripts/autoload/game_data/GameDataHeroes.gd:198
"This time, for the better.",这一次，是变得更好。,scripts/autoload/game_data/GameDataHeroes.gd:199
"Growth has a cost, and they just paid it.",成长有代价，他们刚刚付过。,scripts/autoload/game_data/GameDataHeroes.gd:199
The guild takes notice.,公会注意到了。,scripts/autoload/game_data/GameDataHeroes.gd:199
Not every change happens by choice — but this one did.,不是每次改变都出于选择——但这一次是。,scripts/autoload/game_data/GameDataHeroes.gd:199
Something in the wreckage doesn't belong to this floor at all.,残骸中有样东西根本不属于这一层。,scripts/autoload/game_data/GameDataHeroes.gd:202
The rift doesn't usually give things like this away.,裂隙通常不会把这种东西拱手送出。,scripts/autoload/game_data/GameDataHeroes.gd:202
"Buried under the ordinary, something extraordinary.",平凡之下，埋着不凡之物。,scripts/autoload/game_data/GameDataHeroes.gd:202
Not every rift hides a find like this.,不是每个裂隙都藏着这样的发现。,scripts/autoload/game_data/GameDataHeroes.gd:202
"Luck, or the Rift wanted rid of it.",是运气，还是裂隙想甩掉它。,scripts/autoload/game_data/GameDataHeroes.gd:203
The guild will be talking about this one.,公会会议论这件事很久。,scripts/autoload/game_data/GameDataHeroes.gd:203
Worth every wound it took to find it.,为找到它受的每道伤都值得。,scripts/autoload/game_data/GameDataHeroes.gd:203
Some things are worth the risk of coming back for.,有些东西值得冒险回来取。,scripts/autoload/game_data/GameDataHeroes.gd:203
"A name, a crest, and nothing else yet.",一个名字，一面纹章，暂时别无其他。,scripts/autoload/game_data/GameDataHeroes.gd:206
Every guild starts as an empty ledger.,每个公会都始于一本空白的账簿。,scripts/autoload/game_data/GameDataHeroes.gd:206
The banner goes up before anyone's earned it.,旗帜在任何人配得上之前就已升起。,scripts/autoload/game_data/GameDataHeroes.gd:206
No history yet. Just intent.,还没有历史。只有决心。,scripts/autoload/game_data/GameDataHeroes.gd:206
That's how it always starts.,一切总是这样开始的。,scripts/autoload/game_data/GameDataHeroes.gd:207
"The Rift doesn't care how you began, only how you end.",裂隙不在乎你怎么开始，只在乎你怎么结束。,scripts/autoload/game_data/GameDataHeroes.gd:207
Everything after this gets written the hard way.,此后的一切都得靠硬拼写就。,scripts/autoload/game_data/GameDataHeroes.gd:207
"Whatever comes next, it starts here.",无论接下来是什么，都从这里开始。,scripts/autoload/game_data/GameDataHeroes.gd:207
The rift left its mark.,裂隙留下了它的印记。,scripts/autoload/game_data/GameDataHeroes.gd:210
Some wounds don't close all the way.,有些伤口永远不会完全愈合。,scripts/autoload/game_data/GameDataHeroes.gd:210
Not every scar shows on the skin.,不是每道伤疤都显在皮肤上。,scripts/autoload/game_data/GameDataHeroes.gd:210
The fight is over. The fear isn't.,战斗结束了。恐惧没有。,scripts/autoload/game_data/GameDataHeroes.gd:210
Quiet about how it happened.,对事情经过绝口不提。,scripts/autoload/game_data/GameDataHeroes.gd:211
A price paid for coming back at all.,能回来本身就付出了代价。,scripts/autoload/game_data/GameDataHeroes.gd:211
The rift takes more than HP sometimes.,裂隙有时夺走的不只是生命。,scripts/autoload/game_data/GameDataHeroes.gd:211
Not every cost gets fully repaid.,不是每份代价都能完全偿还。,scripts/autoload/game_data/GameDataHeroes.gd:211
The Rift Hall's third gate finally answers.,裂隙大厅的第三道门终于有了回应。,scripts/autoload/game_data/GameDataHeroes.gd:214
"With Vaelith's Breach sealed, the chains on the old gateway snap loose.",Vaelith的裂口封印后，旧门上的锁链崩开了。,scripts/autoload/game_data/GameDataHeroes.gd:214
The rubble in the doorway stops mattering.,门口的瓦砾不再碍事了。,scripts/autoload/game_data/GameDataHeroes.gd:214
"Something the guild wasn't ready for, until now it is.",公会之前还没准备好面对的东西，如今准备好了。,scripts/autoload/game_data/GameDataHeroes.gd:214
It was always waiting.,它一直在等。,scripts/autoload/game_data/GameDataHeroes.gd:215
"Whatever's behind it, the guild has earned the right to find out.",不管门后是什么，公会都已赢得了一探究竟的资格。,scripts/autoload/game_data/GameDataHeroes.gd:215
Not every gate opens with a key. Some just need proof.,不是每扇门都用钥匙打开。有些只需要证明。,scripts/autoload/game_data/GameDataHeroes.gd:215
The easy floors are behind you now.,容易的层已经在你身后了。,scripts/autoload/game_data/GameDataHeroes.gd:215
Word spreads.,消息传开了。,scripts/autoload/game_data/GameDataHeroes.gd:218
Other guilds have started asking who you are.,其他公会开始打听你们是谁。,scripts/autoload/game_data/GameDataHeroes.gd:218
The name on the banner starts to mean something.,旗帜上的名字开始有分量了。,scripts/autoload/game_data/GameDataHeroes.gd:218
Renown is its own kind of currency.,声望本身就是一种货币。,scripts/autoload/game_data/GameDataHeroes.gd:218
The guild's name means something now.,公会的名字如今有了分量。,scripts/autoload/game_data/GameDataHeroes.gd:219
Not everyone gets to hear it and stay calm.,不是每个人听到它都能保持镇定。,scripts/autoload/game_data/GameDataHeroes.gd:219
"Whatever you're building, people have noticed.",不管你在建造什么，人们都注意到了。,scripts/autoload/game_data/GameDataHeroes.gd:219
Growth like this doesn't go unnoticed for long.,这样的成长很快就会引人注目。,scripts/autoload/game_data/GameDataHeroes.gd:219
Weapon,武器,scripts/autoload/game_data/GameDataHeroes.gd:230
Armor,护甲,scripts/autoload/game_data/GameDataHeroes.gd:230
Focus,专注,scripts/autoload/game_data/GameDataHeroes.gd:230
Blade,长刃,scripts/autoload/game_data/GameDataHeroes.gd:240
Bow,长弓,scripts/autoload/game_data/GameDataHeroes.gd:240
Staff,法杖,scripts/autoload/game_data/GameDataHeroes.gd:240
Mace,钉锤,scripts/autoload/game_data/GameDataHeroes.gd:240
Dagger,匕首,scripts/autoload/game_data/GameDataHeroes.gd:240
Axe,战斧,scripts/autoload/game_data/GameDataHeroes.gd:240
Spear,长矛,scripts/autoload/game_data/GameDataHeroes.gd:240
Wand,魔杖,scripts/autoload/game_data/GameDataHeroes.gd:240
Plate,板甲,scripts/autoload/game_data/GameDataHeroes.gd:241
Guard,守护,scripts/autoload/game_data/GameDataHeroes.gd:241
Bracer,护腕,scripts/autoload/game_data/GameDataHeroes.gd:241
Greaves,护胫,scripts/autoload/game_data/GameDataHeroes.gd:241
Mail,锁甲,scripts/autoload/game_data/GameDataHeroes.gd:241
Robe,法袍,scripts/autoload/game_data/GameDataHeroes.gd:241
Helm,头盔,scripts/autoload/game_data/GameDataHeroes.gd:241
Ring,戒指,scripts/autoload/game_data/GameDataHeroes.gd:242
Amulet,护符,scripts/autoload/game_data/GameDataHeroes.gd:242
Charm,符咒,locale/extra_msgids.txt
Band,指环,scripts/autoload/game_data/GameDataHeroes.gd:242
Talisman,护身符,scripts/autoload/game_data/GameDataHeroes.gd:242
Tome,法典,scripts/autoload/game_data/GameDataHeroes.gd:242
Orb,宝珠,scripts/autoload/game_data/GameDataHeroes.gd:242
Brutal,残暴,scripts/autoload/game_data/GameDataHeroes.gd:267
Savage,凶蛮,scripts/autoload/game_data/GameDataHeroes.gd:267
Ambushing,伏袭,scripts/autoload/game_data/GameDataHeroes.gd:268
Sudden,骤袭,scripts/autoload/game_data/GameDataHeroes.gd:268
Relentless,无情,scripts/autoload/game_data/GameDataHeroes.gd:269
Rising,渐强,scripts/autoload/game_data/GameDataHeroes.gd:269
Stalwart,坚毅,scripts/autoload/game_data/GameDataHeroes.gd:270
Hardy,强健,scripts/autoload/game_data/GameDataHeroes.gd:270
Warded,受守护,scripts/autoload/game_data/GameDataHeroes.gd:271
Bulwark,壁垒,scripts/autoload/game_data/GameDataHeroes.gd:271
Mending,愈合,scripts/autoload/game_data/GameDataHeroes.gd:272
Restorative,复原,scripts/autoload/game_data/GameDataHeroes.gd:272
Evasive,闪避,scripts/autoload/game_data/GameDataHeroes.gd:273
Nimble,灵巧,scripts/autoload/game_data/GameDataHeroes.gd:273
Swift,迅捷,scripts/autoload/game_data/GameDataHeroes.gd:274
Fleet,疾行,scripts/autoload/game_data/GameDataHeroes.gd:274
of Ruin,毁灭,scripts/autoload/game_data/GameDataHeroes.gd:277
of Slaughter,屠戮,scripts/autoload/game_data/GameDataHeroes.gd:277
of First Blood,见血,scripts/autoload/game_data/GameDataHeroes.gd:278
of the Ambush,伏击,scripts/autoload/game_data/GameDataHeroes.gd:278
of Escalation,渐进,scripts/autoload/game_data/GameDataHeroes.gd:279
of the Storm,风暴,scripts/autoload/game_data/GameDataHeroes.gd:279
of Vitality,活力,scripts/autoload/game_data/GameDataHeroes.gd:280
of Fortitude,坚韧,scripts/autoload/game_data/GameDataHeroes.gd:280
of Mending,愈合,scripts/autoload/game_data/GameDataHeroes.gd:282
of Evasion,规避,scripts/autoload/game_data/GameDataHeroes.gd:283
of Shadows,暗影,scripts/autoload/game_data/GameDataHeroes.gd:283
First-strike,先手,scripts/autoload/game_data/GameDataHeroes.gd:292
bonus damage on the party's opening round of every fight,每场战斗中小队开场回合的额外伤害,scripts/autoload/game_data/GameDataHeroes.gd:292
per round \\(stacking\\)|escalat\\w*,可叠加|渐进,scripts/autoload/game_data/GameDataHeroes.gd:293
Escalation,渐进,scripts/autoload/game_data/GameDataHeroes.gd:293
damage that keeps growing every round the fight goes on,战斗每多进行一回合就持续增长的伤害,scripts/autoload/game_data/GameDataHeroes.gd:293
hazard severity|hazard guard,险境强度|险境防护,scripts/autoload/game_data/GameDataHeroes.gd:294
Hazard guard,险境防护,scripts/autoload/game_data/GameDataHeroes.gd:294
"cuts the damage rift hazards (traps, fog, lava) deal to the party",降低裂隙险境（陷阱、迷雾、熔岩）对小队造成的伤害,scripts/autoload/game_data/GameDataHeroes.gd:294
block a retaliation|dodge,格挡反击|闪避,scripts/autoload/game_data/GameDataHeroes.gd:295
Dodge,闪避,scripts/autoload/game_data/GameDataHeroes.gd:295
chance to avoid a monster's attack completely,完全躲开怪物攻击的几率,scripts/autoload/game_data/GameDataHeroes.gd:295
mends?|mending,回复|治愈,scripts/autoload/game_data/GameDataHeroes.gd:296
Mend,回复,scripts/autoload/game_data/GameDataHeroes.gd:296
the party heals a share of its HP at the end of every round,小队在每回合结束时回复一部分生命,scripts/autoload/game_data/GameDataHeroes.gd:296
survive a wipe|wipe guard,团灭,scripts/autoload/game_data/GameDataHeroes.gd:297
Wipe guard,团灭防护,scripts/autoload/game_data/GameDataHeroes.gd:297
"once per rift, the last hero standing survives a killing blow",每个裂隙一次，最后站着的英雄能在致命一击下幸存,scripts/autoload/game_data/GameDataHeroes.gd:297
take the hit|intercept,承受攻击|拦截,scripts/autoload/game_data/GameDataHeroes.gd:298
Intercept,拦截,scripts/autoload/game_data/GameDataHeroes.gd:298
step in front of an attack aimed at a wounded ally,挺身挡下瞄准负伤盟友的攻击,scripts/autoload/game_data/GameDataHeroes.gd:298
counter-attack|counters?,反击,scripts/autoload/game_data/GameDataHeroes.gd:299
Counter,反击,scripts/autoload/game_data/GameDataHeroes.gd:299
strike back at the attacker after dodging or taking a heavy hit,闪避或受到重击后反击攻击者,scripts/autoload/game_data/GameDataHeroes.gd:299
finish foes|execute,终结,scripts/autoload/game_data/GameDataHeroes.gd:300
Execute,终结,scripts/autoload/game_data/GameDataHeroes.gd:300
instantly defeats a foe your hit leaves below the threshold,立即击败被你打到阈值以下的敌人,scripts/autoload/game_data/GameDataHeroes.gd:300
act again,再次行动,scripts/autoload/game_data/GameDataHeroes.gd:301
Extra turn,额外回合,scripts/autoload/game_data/GameDataHeroes.gd:301
"the hero immediately takes another turn, once per round",该英雄立即再行动一次，每回合一次,scripts/autoload/game_data/GameDataHeroes.gd:301
shields?,护盾,scripts/autoload/game_data/GameDataHeroes.gd:302
Shield,护盾,scripts/autoload/game_data/GameDataHeroes.gd:302
absorbs incoming damage before HP is lost,在损失生命之前吸收伤害,scripts/autoload/game_data/GameDataHeroes.gd:302
acting first|acting last,首个行动|最后行动,scripts/autoload/game_data/GameDataHeroes.gd:303
Turn order,行动顺序,scripts/autoload/game_data/GameDataHeroes.gd:303
everyone acts in Speed order each round; first/last means this round's order,每回合所有人按速度顺序行动；首个/最后指本回合的顺序,scripts/autoload/game_data/GameDataHeroes.gd:303
turn speed|speed,回合速度|速度,scripts/autoload/game_data/GameDataHeroes.gd:304
Speed,速度,scripts/autoload/game_data/GameDataHeroes.gd:304
"sets turn order each round, faster acts earlier",决定每回合的行动顺序，越快越先行动,scripts/autoload/game_data/GameDataHeroes.gd:304
front row|back row,前排|后排,scripts/autoload/game_data/GameDataHeroes.gd:305
Formation,阵型,scripts/autoload/game_data/GameDataHeroes.gd:305
the front row draws about 3x as many monster attacks as the back row,前排吸引的怪物攻击约为后排的3倍,scripts/autoload/game_data/GameDataHeroes.gd:305
Opener,先攻,scripts/autoload/game_data/GameDataHeroes.gd:306
"win fast: first-strike, speed and round-one bursts",速战速决：先手、速度和首回合爆发,scripts/autoload/game_data/GameDataHeroes.gd:306
Attrition,消耗,scripts/autoload/game_data/GameDataHeroes.gd:307
win long fights: bonuses that grow with every round,赢下持久战：随回合增长的加成,scripts/autoload/game_data/GameDataHeroes.gd:307
Guardian,护卫,scripts/autoload/game_data/GameDataHeroes.gd:308
"keep the party standing: HP, hazard/wipe guard, intercepts",让小队屹立不倒：生命、险境/团灭防护、拦截,scripts/autoload/game_data/GameDataHeroes.gd:308
Evasion,规避,scripts/autoload/game_data/GameDataHeroes.gd:309
avoid hits: dodge and punishing counters,躲开攻击：闪避与惩戒性反击,scripts/autoload/game_data/GameDataHeroes.gd:309
Sustain,续航,scripts/autoload/game_data/GameDataHeroes.gd:310
"outlast: mending, lifesteal and shields",比对手撑得更久：回复、吸血和护盾,scripts/autoload/game_data/GameDataHeroes.gd:310
Executioner,处决者,scripts/autoload/game_data/GameDataHeroes.gd:311
"finish things: raw damage, executes, boss killing",了结一切：纯粹伤害、终结、击杀首领,scripts/autoload/game_data/GameDataHeroes.gd:311
(*UCP)(?i)(,,scripts/autoload/game_data/GameDataHeroes.gd:333
(*UCP)(?i)\\b(,(*UCP)(?i)\\b(,scripts/autoload/game_data/GameDataHeroes.gd:333
Killer's Eye,杀手之眼,scripts/autoload/game_data/GameDataHeroes.gd:361
Bloodrush,血涌,scripts/autoload/game_data/GameDataHeroes.gd:362
Headhunter,猎首者,scripts/autoload/game_data/GameDataHeroes.gd:363
Stand Firm,坚守,scripts/autoload/game_data/GameDataHeroes.gd:366
Protector,守护者,scripts/autoload/game_data/GameDataHeroes.gd:367
Unbowed,不屈,scripts/autoload/game_data/GameDataHeroes.gd:368
Quick Draw,快拔,scripts/autoload/game_data/GameDataHeroes.gd:371
Ambusher,伏击者,scripts/autoload/game_data/GameDataHeroes.gd:372
Opening Salvo,开场齐射,scripts/autoload/game_data/GameDataHeroes.gd:373
Long Fight,持久战,scripts/autoload/game_data/GameDataHeroes.gd:377
Wear Them Down,消磨,scripts/autoload/game_data/GameDataHeroes.gd:378
Field Medic,战地医者,scripts/autoload/game_data/GameDataHeroes.gd:381
Siphon,虹吸,scripts/autoload/game_data/GameDataHeroes.gd:382
Rallying Word,鼓舞之言,scripts/autoload/game_data/GameDataHeroes.gd:383
Wary,警觉,scripts/autoload/game_data/GameDataHeroes.gd:386
Brace,稳守,scripts/autoload/game_data/GameDataHeroes.gd:387
Covering Stance,掩护姿态,scripts/autoload/game_data/GameDataHeroes.gd:388
Riposte,还击,scripts/autoload/game_data/GameDataHeroes.gd:392
Back-Row Shadow,后排暗影,scripts/autoload/game_data/GameDataHeroes.gd:393
Last Bastion,最后堡垒,scripts/autoload/game_data/GameDataHeroes.gd:396
Oathkeeper,守誓者,scripts/autoload/game_data/GameDataHeroes.gd:397
Rally,集结,scripts/autoload/game_data/GameDataHeroes.gd:398
Giant's Bane,巨人克星,scripts/autoload/game_data/GameDataHeroes.gd:401
Crushing Blow,粉碎打击,scripts/autoload/game_data/GameDataHeroes.gd:402
Apex,巅峰,scripts/autoload/game_data/GameDataHeroes.gd:403
Vanguard,先锋,scripts/autoload/game_data/GameDataHeroes.gd:412
Flanker,侧袭者,scripts/autoload/game_data/GameDataHeroes.gd:414
Overwatch,警戒,scripts/autoload/game_data/GameDataHeroes.gd:416
Safe Distance,安全距离,scripts/autoload/game_data/GameDataHeroes.gd:418
Sanctuary Line,圣所防线,scripts/autoload/game_data/GameDataHeroes.gd:420
Might,力量,scripts/autoload/game_data/GameDataHeroes.gd:504
Agility,敏捷,scripts/autoload/game_data/GameDataHeroes.gd:504
+2% damage and +1.5% HP per point above 5,高于5的每点：伤害+2%，生命+1.5%,scripts/autoload/game_data/GameDataHeroes.gd:514
"+2% speed, +1.5% dodge and +2% first-strike per point above 5",高于5的每点：速度+2%，闪避+1.5%，先手伤害+2%,scripts/autoload/game_data/GameDataHeroes.gd:515
+4% ability power and +0.2% mend per point above 5,高于5的每点：技能强度+4%，回复+0.2%,scripts/autoload/game_data/GameDataHeroes.gd:516
Healing Tonic,治疗药剂,scripts/autoload/game_data/GameDataHeroes.gd:551
"Heals an ally 35% of max HP and cleanses burn, poison, chill, stun and curses.",为一名盟友回复其最大生命35%的生命，并净化燃烧、中毒、冻寒、眩晕和诅咒。,scripts/autoload/game_data/GameDataHeroes.gd:552
Iron Tonic,铁甲药剂,scripts/autoload/game_data/GameDataHeroes.gd:553
Wards an ally for 30% of their max HP.,为一名盟友提供其最大生命30%的守护。,scripts/autoload/game_data/GameDataHeroes.gd:554
Focus Tonic,专注药剂,scripts/autoload/game_data/GameDataHeroes.gd:555
+3 Momentum for the party.,小队+3气势。,scripts/autoload/game_data/GameDataHeroes.gd:556
Ambush,伏击,scripts/autoload/game_data/GameDataHeroes.gd:643
of the Headsman,刽子手,scripts/autoload/game_data/GameDataHeroes.gd:644
Bloodthirst,嗜血,scripts/autoload/game_data/GameDataHeroes.gd:645
of Thirst,渴血,scripts/autoload/game_data/GameDataHeroes.gd:645
Surge,涌动,scripts/autoload/game_data/GameDataHeroes.gd:646
of the Surge,涌动,scripts/autoload/game_data/GameDataHeroes.gd:646
Thunderclap,雷鸣,scripts/autoload/game_data/GameDataHeroes.gd:647
of Thunder,雷霆,scripts/autoload/game_data/GameDataHeroes.gd:647
of the Long Fight,持久,scripts/autoload/game_data/GameDataHeroes.gd:648
Onslaught,猛攻,scripts/autoload/game_data/GameDataHeroes.gd:649
of Onslaught,猛攻,scripts/autoload/game_data/GameDataHeroes.gd:649
of Riposte,还击,scripts/autoload/game_data/GameDataHeroes.gd:652
Shield-Bearer,持盾者,scripts/autoload/game_data/GameDataHeroes.gd:653
of the Shield-Bearer,持盾者,scripts/autoload/game_data/GameDataHeroes.gd:653
Blunting,钝化,scripts/autoload/game_data/GameDataHeroes.gd:654
of Blunting,钝化,scripts/autoload/game_data/GameDataHeroes.gd:654
Aegis,圣盾,scripts/autoload/game_data/GameDataHeroes.gd:656
of the Aegis,圣盾,scripts/autoload/game_data/GameDataHeroes.gd:656
Renewal,复苏,scripts/autoload/game_data/GameDataHeroes.gd:659
Grace,恩典,scripts/autoload/game_data/GameDataHeroes.gd:660
of Grace,恩典,scripts/autoload/game_data/GameDataHeroes.gd:660
Blur,残影,scripts/autoload/game_data/GameDataHeroes.gd:661
of the Blur,残影,scripts/autoload/game_data/GameDataHeroes.gd:661
Giant-Slayer,屠巨者,scripts/autoload/game_data/GameDataHeroes.gd:662
of Giants,巨人,scripts/autoload/game_data/GameDataHeroes.gd:662
of Focus,专注,scripts/autoload/game_data/GameDataHeroes.gd:663
"Fresh off the recruiting table, with a borrowed sword and big plans.",刚从招募桌前过来，拿着借来的剑，怀着远大的计划。,scripts/autoload/game_data/GameDataHeroes.gd:733
"Good with a bow, better with a trail, untested in a rift.",弓使得不错，追踪更好，还没在裂隙里经受过考验。,scripts/autoload/game_data/GameDataHeroes.gd:734
"Knows enough spells to be dangerous, mostly to foes.",会的法术足以构成危险，主要是对敌人。,scripts/autoload/game_data/GameDataHeroes.gd:735
"Carries a prayer book and a bag of bandages, in that order.",带着一本祈祷书和一包绷带，顺序如此。,scripts/autoload/game_data/GameDataHeroes.gd:736
Light on their feet and lighter-fingered; nobody asks too closely.,脚步轻盈，手脚更轻；没人会追问太多。,scripts/autoload/game_data/GameDataHeroes.gd:737
Squire,侍从,scripts/autoload/game_data/GameDataHeroes.gd:779
A guild recruit swinging a borrowed blade.,挥舞着借来兵刃的公会新兵。,scripts/autoload/game_data/GameDataHeroes.gd:779
Footman,步兵,scripts/autoload/game_data/GameDataHeroes.gd:780
"Slow, sturdy, and hard to put down.",慢、结实、难以撂倒。,scripts/autoload/game_data/GameDataHeroes.gd:780
Duelist,决斗者,scripts/autoload/game_data/GameDataHeroes.gd:781
Wins the exchange before it starts.,交锋还没开始就已经赢了。,scripts/autoload/game_data/GameDataHeroes.gd:781
A wall with opinions.,一堵有主见的墙。,scripts/autoload/game_data/GameDataHeroes.gd:782
Berserker,狂战士,scripts/autoload/game_data/GameDataHeroes.gd:783
Considers armor a personal insult.,视护甲为对自己的侮辱。,scripts/autoload/game_data/GameDataHeroes.gd:783
Iron-Guard,铁卫,scripts/autoload/game_data/GameDataHeroes.gd:784
"Rift-forged plate, dented and unbothered.",裂隙锻造的板甲，坑坑洼洼，毫不在意。,scripts/autoload/game_data/GameDataHeroes.gd:784
Bloodletter,放血者,scripts/autoload/game_data/GameDataHeroes.gd:785
Trades wounds and wins the trade.,以伤换伤，还换赢了。,scripts/autoload/game_data/GameDataHeroes.gd:785
Runeblade,符文剑士,scripts/autoload/game_data/GameDataHeroes.gd:786
Every strike is already inscribed.,每一击都早已铭刻。,scripts/autoload/game_data/GameDataHeroes.gd:786
Ashen Templar,灰烬圣殿骑士,scripts/autoload/game_data/GameDataHeroes.gd:787
Has died before. Didn't care for it.,死过一次。不怎么喜欢。,scripts/autoload/game_data/GameDataHeroes.gd:787
Rift Sovereign,裂隙君主,scripts/autoload/game_data/GameDataHeroes.gd:788
The Rift answers to almost nothing. Almost.,裂隙几乎不听命于任何东西。几乎。,scripts/autoload/game_data/GameDataHeroes.gd:788
Fieldmender,战地愈者,scripts/autoload/game_data/GameDataHeroes.gd:791
Patches the party between swings.,在挥砍间隙为小队包扎。,scripts/autoload/game_data/GameDataHeroes.gd:791
Featherguard,羽卫,scripts/autoload/game_data/GameDataHeroes.gd:792
"Heavy armor, light feet.",重甲在身，脚步轻盈。,scripts/autoload/game_data/GameDataHeroes.gd:792
Trailblazer,开路者,scripts/autoload/game_data/GameDataHeroes.gd:793
"First through the door, first to swing.",第一个进门，第一个出手。,scripts/autoload/game_data/GameDataHeroes.gd:793
Frostguard,霜卫,scripts/autoload/game_data/GameDataHeroes.gd:794
The cold never bothered the plate much.,寒冷从来不怎么困扰板甲。,scripts/autoload/game_data/GameDataHeroes.gd:794
Warbrand,战痕,scripts/autoload/game_data/GameDataHeroes.gd:795
"Gets angrier, not slower.",越来越愤怒，而不是越来越慢。,scripts/autoload/game_data/GameDataHeroes.gd:795
Aegis-Bearer,圣盾持有者,scripts/autoload/game_data/GameDataHeroes.gd:796
"The last thing standing, on principle.",原则上，最后一个倒下。,scripts/autoload/game_data/GameDataHeroes.gd:796
Stormguard,风暴卫士,scripts/autoload/game_data/GameDataHeroes.gd:797
Meets the charge before it lands.,在冲锋落地之前迎上去。,scripts/autoload/game_data/GameDataHeroes.gd:797
Rift-Breaker,破隙者,scripts/autoload/game_data/GameDataHeroes.gd:798
Puts the first crack in anything.,在任何东西上砸开第一道裂缝。,scripts/autoload/game_data/GameDataHeroes.gd:798
Trapper,陷阱师,scripts/autoload/game_data/GameDataHeroes.gd:800
Sets more snares than the Rift can spring.,设的陷阱比裂隙能触发的还多。,scripts/autoload/game_data/GameDataHeroes.gd:800
Slinger,投石手,scripts/autoload/game_data/GameDataHeroes.gd:801
Improvises a weapon out of whatever's at hand.,随手拿起什么都能当武器。,scripts/autoload/game_data/GameDataHeroes.gd:801
Pathfinder,探路者,scripts/autoload/game_data/GameDataHeroes.gd:802
Already knows where the floor gives way.,早就知道哪里的地面会塌。,scripts/autoload/game_data/GameDataHeroes.gd:802
Longshot,远射手,scripts/autoload/game_data/GameDataHeroes.gd:803
One arrow. Rarely needs a second.,一支箭。很少需要第二支。,scripts/autoload/game_data/GameDataHeroes.gd:803
Blade-Dancer,刃舞者,scripts/autoload/game_data/GameDataHeroes.gd:804
The opening strike is the whole performance.,开场一击就是整场表演。,scripts/autoload/game_data/GameDataHeroes.gd:804
Warden,守卫,locale/extra_msgids.txt
Has walked through worse hallways than this.,走过比这更糟的走廊。,scripts/autoload/game_data/GameDataHeroes.gd:805
Stormtracker,逐雷者,scripts/autoload/game_data/GameDataHeroes.gd:806
Follows the lightning instead of waiting for thunder.,追着闪电跑，而不是等雷声。,scripts/autoload/game_data/GameDataHeroes.gd:806
Rift-Ranger,裂隙游侠,scripts/autoload/game_data/GameDataHeroes.gd:807
Reads a hallway before it reads back.,在走廊读懂它之前先读懂走廊。,scripts/autoload/game_data/GameDataHeroes.gd:807
Deadfall Hunter,落石猎人,scripts/autoload/game_data/GameDataHeroes.gd:808
Sets the trap the Rift walks into instead.,设下让裂隙自己走进去的陷阱。,scripts/autoload/game_data/GameDataHeroes.gd:808
Voidwalker,虚空行者,scripts/autoload/game_data/GameDataHeroes.gd:809
Half-stepped out of the fight before it began.,战斗开始前就已半步抽身。,scripts/autoload/game_data/GameDataHeroes.gd:809
Shadowtracker,影踪者,scripts/autoload/game_data/GameDataHeroes.gd:812
Tracks by scent when the light gives out.,光熄灭时凭气味追踪。,scripts/autoload/game_data/GameDataHeroes.gd:812
Fieldscout,野外斥候,scripts/autoload/game_data/GameDataHeroes.gd:813
Knows exactly where to put an arrow.,确切知道箭该射向哪里。,scripts/autoload/game_data/GameDataHeroes.gd:813
Nightwarden,夜卫,scripts/autoload/game_data/GameDataHeroes.gd:814
Watches the dark so the party doesn't have to.,替小队盯着黑暗。,scripts/autoload/game_data/GameDataHeroes.gd:814
Sapling-Keeper,树苗守护者,scripts/autoload/game_data/GameDataHeroes.gd:815
Field dressings from whatever's growing nearby.,用附近长着的东西就地包扎。,scripts/autoload/game_data/GameDataHeroes.gd:815
Duskstalker,暮色潜猎者,scripts/autoload/game_data/GameDataHeroes.gd:816
Gone before the echo catches up.,回声追上之前就已消失。,scripts/autoload/game_data/GameDataHeroes.gd:816
Gale Marksman,疾风神射手,scripts/autoload/game_data/GameDataHeroes.gd:817
The wind carries the first shot true.,风让第一箭准确无误。,scripts/autoload/game_data/GameDataHeroes.gd:817
Rift-Piercer,破隙射手,scripts/autoload/game_data/GameDataHeroes.gd:818
Finds the one seam every ward has.,找到每道守护都有的那条缝。,scripts/autoload/game_data/GameDataHeroes.gd:818
Wintertide Archer,冬潮弓手,scripts/autoload/game_data/GameDataHeroes.gd:819
Colder with every arrow loosed.,每放一箭都更冷一分。,scripts/autoload/game_data/GameDataHeroes.gd:819
Rift-Eclipsed Warden,裂隙蚀月守卫,scripts/autoload/game_data/GameDataHeroes.gd:820
Every shadow in the Rift owes her an arrow.,裂隙里的每道阴影都欠她一箭。,scripts/autoload/game_data/GameDataHeroes.gd:820
Apprentice,学徒,scripts/autoload/game_data/GameDataHeroes.gd:822
Still learning to hold a spark steady.,还在学着稳住一点火花。,scripts/autoload/game_data/GameDataHeroes.gd:822
Cinderling,小火苗,scripts/autoload/game_data/GameDataHeroes.gd:823
"Sparks first, thinks second.",先冒火花，再动脑子。,scripts/autoload/game_data/GameDataHeroes.gd:823
Fledgling Seer,见习先知,scripts/autoload/game_data/GameDataHeroes.gd:824
Sees the trap a half-second before it triggers.,在陷阱触发前半秒就看见了它。,scripts/autoload/game_data/GameDataHeroes.gd:824
Cinder-Adept,余烬术士,scripts/autoload/game_data/GameDataHeroes.gd:825
Every spell warms up the next.,每个法术都为下一个预热。,scripts/autoload/game_data/GameDataHeroes.gd:825
Frost Scholar,冰霜学者,scripts/autoload/game_data/GameDataHeroes.gd:826
Studies the Rift's cold so it can't study back.,研究裂隙的寒冷，好让它没法反过来研究自己。,scripts/autoload/game_data/GameDataHeroes.gd:826
Wardweaver,守护编织者,scripts/autoload/game_data/GameDataHeroes.gd:827
Weaves a ward faster than the Rift can break it.,编织守护的速度比裂隙打破它还快。,scripts/autoload/game_data/GameDataHeroes.gd:827
Stormcaller,唤雷者,scripts/autoload/game_data/GameDataHeroes.gd:828
Calls down more with every passing second.,每过一秒就召下更多。,scripts/autoload/game_data/GameDataHeroes.gd:828
Pyromancer,炎术士,scripts/autoload/game_data/GameDataHeroes.gd:829
The Rift itself seems to lean away.,连裂隙本身都似乎要躲开。,scripts/autoload/game_data/GameDataHeroes.gd:829
Archon of Storms,风暴执政官,scripts/autoload/game_data/GameDataHeroes.gd:830
Opens every Warden's door with thunder.,以雷霆敲开每位守卫的大门。,scripts/autoload/game_data/GameDataHeroes.gd:830
The Unbound,无缚者,scripts/autoload/game_data/GameDataHeroes.gd:831
No name holds it. No floor stops it.,没有名字能束缚它。没有一层能阻挡它。,scripts/autoload/game_data/GameDataHeroes.gd:831
Thornweaver,荆棘编织者,scripts/autoload/game_data/GameDataHeroes.gd:834
Grows a ward out of nothing but will.,仅凭意志就能长出一道守护。,scripts/autoload/game_data/GameDataHeroes.gd:834
Shade-Adept,暗影术士,scripts/autoload/game_data/GameDataHeroes.gd:835
The first spell is always the quiet one.,第一个法术总是最安静的那个。,scripts/autoload/game_data/GameDataHeroes.gd:835
Stoneward Mystic,石护秘术师,scripts/autoload/game_data/GameDataHeroes.gd:836
Turns skin to something closer to bark.,把皮肤变得更像树皮。,scripts/autoload/game_data/GameDataHeroes.gd:836
Grim Conjurer,阴郁咒师,scripts/autoload/game_data/GameDataHeroes.gd:837
Bargains with the dark for one more round.,与黑暗讨价还价，再多换一回合。,scripts/autoload/game_data/GameDataHeroes.gd:837
Verdant Oracle,翠绿神谕,scripts/autoload/game_data/GameDataHeroes.gd:838
Reads the future in root and leaf.,从根与叶中读出未来。,scripts/autoload/game_data/GameDataHeroes.gd:838
Duskglass Seer,暮镜先知,scripts/autoload/game_data/GameDataHeroes.gd:839
Sees the strike land before it's thrown.,攻击还没出手，就看见它落下。,scripts/autoload/game_data/GameDataHeroes.gd:839
Ashbound Theorist,灰缚理论家,scripts/autoload/game_data/GameDataHeroes.gd:840
Every equation ends in fire.,每个方程都以火焰告终。,scripts/autoload/game_data/GameDataHeroes.gd:840
Rift-Warden Magus,裂隙守卫术士,scripts/autoload/game_data/GameDataHeroes.gd:841
Wards the floor before the Rift finishes forming it.,在裂隙成形之前就为这一层布下守护。,scripts/autoload/game_data/GameDataHeroes.gd:841
Peddler,小贩,scripts/autoload/game_data/GameDataHeroes.gd:843
Sells bandages. Uses them too.,卖绷带。也用绷带。,scripts/autoload/game_data/GameDataHeroes.gd:843
Acolyte,侍僧,scripts/autoload/game_data/GameDataHeroes.gd:844
"Prays quietly, heals quietly.",静静祈祷，静静治疗。,scripts/autoload/game_data/GameDataHeroes.gd:844
Herbalist,草药师,scripts/autoload/game_data/GameDataHeroes.gd:845
Carries a field kit for every wound.,为每种伤口都备有急救包。,scripts/autoload/game_data/GameDataHeroes.gd:845
Lay Brother,平信徒修士,scripts/autoload/game_data/GameDataHeroes.gd:846
Swings a censer like it owes him money.,挥舞香炉的架势像是香炉欠他钱。,scripts/autoload/game_data/GameDataHeroes.gd:846
Battle Chaplain,战斗牧师,scripts/autoload/game_data/GameDataHeroes.gd:847
Prays loudly enough to keep the party moving.,祈祷声大到足以让小队继续前进。,scripts/autoload/game_data/GameDataHeroes.gd:847
Zealot,狂信者,scripts/autoload/game_data/GameDataHeroes.gd:848
"Faith, mostly. A blade, occasionally.",主要靠信仰。偶尔靠刀刃。,scripts/autoload/game_data/GameDataHeroes.gd:848
Rift-Medic,裂隙医者,scripts/autoload/game_data/GameDataHeroes.gd:849
Faster hands than the Rift has wounds to give.,手比裂隙给伤口的速度还快。,scripts/autoload/game_data/GameDataHeroes.gd:849
Dawnkeeper,守晓者,scripts/autoload/game_data/GameDataHeroes.gd:850
Carries first light into the deepest floor.,把第一缕晨光带到最深的一层。,scripts/autoload/game_data/GameDataHeroes.gd:850
Sanctified Shield,圣化之盾,scripts/autoload/game_data/GameDataHeroes.gd:851
Swears the party will not fall today.,发誓今天小队不会倒下。,scripts/autoload/game_data/GameDataHeroes.gd:851
Alchemist,炼金术士,scripts/autoload/game_data/GameDataHeroes.gd:852
Brews faster than the Rift can wound.,熬药比裂隙伤人还快。,scripts/autoload/game_data/GameDataHeroes.gd:852
Emberblessed Acolyte,余烬祝福侍僧,scripts/autoload/game_data/GameDataHeroes.gd:855
"Prays with a lit candle, not a cold one.",祈祷时点着蜡烛，而不是熄着的。,scripts/autoload/game_data/GameDataHeroes.gd:855
Frostward Sister,霜护修女,scripts/autoload/game_data/GameDataHeroes.gd:856
Keeps the chill out of everyone but herself.,把寒意挡在每个人身外，除了她自己。,scripts/autoload/game_data/GameDataHeroes.gd:856
Vanguard Chaplain,先锋牧师,scripts/autoload/game_data/GameDataHeroes.gd:857
Blesses the blade before it's needed.,在需要之前就为刀刃祝福。,scripts/autoload/game_data/GameDataHeroes.gd:857
Hearth-Warden,炉火守卫,scripts/autoload/game_data/GameDataHeroes.gd:858
A fire that doesn't go out in the cold.,一团在寒冷中不熄的火。,scripts/autoload/game_data/GameDataHeroes.gd:858
Ember Confessor,余烬告解者,scripts/autoload/game_data/GameDataHeroes.gd:859
"Absolves the Rift of its sins, briefly.",暂时赦免裂隙的罪孽。,scripts/autoload/game_data/GameDataHeroes.gd:859
Frost Anchorite,霜寒隐修士,scripts/autoload/game_data/GameDataHeroes.gd:860
"Fasts, prays, and somehow still heals faster.",禁食、祈祷，却不知怎的治疗得更快。,scripts/autoload/game_data/GameDataHeroes.gd:860
Radiant Vanguard,辉光先锋,scripts/autoload/game_data/GameDataHeroes.gd:861
"Leads with light, not caution.",以光引路，而非谨慎。,scripts/autoload/game_data/GameDataHeroes.gd:861
Sainted Ember,圣化余烬,scripts/autoload/game_data/GameDataHeroes.gd:862
The Rift's worst still flinches from her first word.,裂隙最凶恶的东西听到她第一句话仍会退缩。,scripts/autoload/game_data/GameDataHeroes.gd:862
Last-Light Martyr,残光殉道者,scripts/autoload/game_data/GameDataHeroes.gd:863
The party has never seen the floor she stood between them and.,她挡住的那一层，小队从未亲眼见过。,scripts/autoload/game_data/GameDataHeroes.gd:863
Scavenger,拾荒者,scripts/autoload/game_data/GameDataHeroes.gd:865
Knows which puddles not to step in.,知道哪些水坑不能踩。,scripts/autoload/game_data/GameDataHeroes.gd:865
Runaway,逃亡者,scripts/autoload/game_data/GameDataHeroes.gd:866
Has never once stood and fought fair.,从来没有堂堂正正地站着打过一场。,scripts/autoload/game_data/GameDataHeroes.gd:866
Cutpurse,扒手,scripts/autoload/game_data/GameDataHeroes.gd:867
Leaves with more than they came with.,离开时带走的比来时多。,scripts/autoload/game_data/GameDataHeroes.gd:867
Skirmisher,游斗者,scripts/autoload/game_data/GameDataHeroes.gd:868
Never where the last swing landed.,永远不在上一击落下的地方。,scripts/autoload/game_data/GameDataHeroes.gd:868
Footpad,拦路贼,scripts/autoload/game_data/GameDataHeroes.gd:869
Nobody's ever heard them arrive.,从没人听见他们到来。,scripts/autoload/game_data/GameDataHeroes.gd:869
Shadowfoot,影足,scripts/autoload/game_data/GameDataHeroes.gd:870
The Rift barely notices it was there.,裂隙几乎察觉不到它来过。,scripts/autoload/game_data/GameDataHeroes.gd:870
Fleetblade,疾刃,scripts/autoload/game_data/GameDataHeroes.gd:871
Gets faster the longer no one catches them.,越久没人抓住，就越快。,scripts/autoload/game_data/GameDataHeroes.gd:871
Nightblade,夜刃,scripts/autoload/game_data/GameDataHeroes.gd:872
Strikes from the dark and returns to it.,从黑暗中出击，再回到黑暗。,scripts/autoload/game_data/GameDataHeroes.gd:872
Wraithstep,魅影步,scripts/autoload/game_data/GameDataHeroes.gd:873
Leaves two footprints and no explanation.,留下两个脚印，不作任何解释。,scripts/autoload/game_data/GameDataHeroes.gd:873
Duskrunner,暮行者,scripts/autoload/game_data/GameDataHeroes.gd:874
Moves like the space between two heartbeats.,移动起来像两次心跳之间的空隙。,scripts/autoload/game_data/GameDataHeroes.gd:874
Herbrunner,采药跑者,scripts/autoload/game_data/GameDataHeroes.gd:877
Knows every plant the Rift hasn't poisoned yet.,认得每一株裂隙还没毒死的植物。,scripts/autoload/game_data/GameDataHeroes.gd:877
Arcane Pilferer,奥术窃贼,scripts/autoload/game_data/GameDataHeroes.gd:878
Steals more than coin from a warded vault.,从受守护的金库里偷走的不只是钱币。,scripts/autoload/game_data/GameDataHeroes.gd:878
Ironhide Footpad,铁皮拦路贼,scripts/autoload/game_data/GameDataHeroes.gd:879
Tougher than a rogue has any right to be.,比盗贼应有的样子结实得多。,scripts/autoload/game_data/GameDataHeroes.gd:879
Glyphhand,符文之手,scripts/autoload/game_data/GameDataHeroes.gd:880
Reads a ward's seams like a lockpick reads a door.,读守护的缝隙，就像开锁器读门。,scripts/autoload/game_data/GameDataHeroes.gd:880
Bramblefoot,荆棘足,scripts/autoload/game_data/GameDataHeroes.gd:881
The undergrowth hides more than it seems to.,灌木丛藏着的比看上去更多。,scripts/autoload/game_data/GameDataHeroes.gd:881
Rift-Slipper,裂隙滑行者,scripts/autoload/game_data/GameDataHeroes.gd:882
Steps half out of reality when it matters.,关键时刻半步踏出现实。,scripts/autoload/game_data/GameDataHeroes.gd:882
Wraithblade Adept,魅影刃术士,scripts/autoload/game_data/GameDataHeroes.gd:883
"Every strike thinner than the last, and faster.",每一击都比上一击更薄，也更快。,scripts/autoload/game_data/GameDataHeroes.gd:883
The Unseen Hand,无形之手,scripts/autoload/game_data/GameDataHeroes.gd:884
Already struck before the boss noticed it arrive.,首领还没察觉它到来，就已出手。,scripts/autoload/game_data/GameDataHeroes.gd:884
The Final Cut,终末一刀,scripts/autoload/game_data/GameDataHeroes.gd:885
Nothing has landed a hit since the Rift learned her name.,自从裂隙得知她的名字，就再没有东西击中过她。,scripts/autoload/game_data/GameDataHeroes.gd:885
Bloodthirst Fang,嗜血獠牙,scripts/autoload/game_data/GameDataItems.gd:18
Heals the wielder for 25% of the damage they deal each round they attack. -15% hazard severity guard.,每回合攻击时，回复造成伤害25%的生命。险境防护-15%。,scripts/autoload/game_data/GameDataItems.gd:22
Widow's Edge,寡妇之刃,scripts/autoload/game_data/GameDataItems.gd:23
Instantly finishes a foe this hero's attack would drop below 15% HP. -10% damage otherwise.,若该英雄的攻击会使敌人生命低于15%，立即将其终结。否则伤害-10%。,scripts/autoload/game_data/GameDataItems.gd:27
Last Stand Plate,背水板甲,scripts/autoload/game_data/GameDataItems.gd:28
"The lower this hero's HP, up to +30% dodge chance near death. -10% dodge chance at full HP.",该英雄生命越低，闪避越高，濒死时最多+30%。满血时闪避几率-10%。,scripts/autoload/game_data/GameDataItems.gd:32
Oathbound Talisman,誓缚护身符,scripts/autoload/game_data/GameDataItems.gd:33
"Whenever the party mends, also shields the lowest-HP ally for 15% of their max HP. -15% damage. Cleric only.",小队每次回复时，同时为生命最低的盟友提供其最大生命15%的护盾。伤害-15%。仅限牧师。,scripts/autoload/game_data/GameDataItems.gd:37
Reaper's Due,死神之酬,scripts/autoload/game_data/GameDataItems.gd:40
"On a kill, this hero immediately acts again (once per round). -10% HP.",击杀时，该英雄立即再次行动（每回合一次）。生命-10%。,scripts/autoload/game_data/GameDataItems.gd:44
Quickening Band,疾速指环,scripts/autoload/game_data/GameDataItems.gd:45
+2% damage for every point of Speed above 10. -8% HP.,速度每高于10一点，伤害+2%。生命-8%。,scripts/autoload/game_data/GameDataItems.gd:49
Millstone Maul,磨盘重锤,scripts/autoload/game_data/GameDataItems.gd:50
+50% damage when this hero is the last in the round to act. -40% Speed.,该英雄在回合中最后行动时伤害+50%。速度-40%。,scripts/autoload/game_data/GameDataItems.gd:54
Hourglass of First Light,晨光沙漏,scripts/autoload/game_data/GameDataItems.gd:55
+40% damage when this hero acts first in the round. -8% HP.,该英雄在回合中首个行动时伤害+40%。生命-8%。,scripts/autoload/game_data/GameDataItems.gd:59
Warden's Oath,守卫之誓,scripts/autoload/game_data/GameDataItems.gd:60
60% chance to step in front of a blow aimed at an ally below half HP. -10% dodge chance.,60%几率挺身挡下瞄准生命低于一半盟友的攻击。闪避几率-10%。,scripts/autoload/game_data/GameDataItems.gd:64
Ember of the Last Hour,终时余烬,scripts/autoload/game_data/GameDataItems.gd:65
+45% damage while this hero is below 35% HP. -10% HP.,该英雄生命低于35%时伤害+45%。生命-10%。,scripts/autoload/game_data/GameDataItems.gd:69
Chronoblade,时光之刃,scripts/autoload/game_data/GameDataItems.gd:70
60% chance to cool every Ability by 1 round when this hero dodges or takes a heavy hit. -8% damage.,该英雄闪避或受到重击时，60%几率使所有技能冷却减少1回合。伤害-8%。,scripts/autoload/game_data/GameDataItems.gd:74
Bossbane Spear,克首长矛,scripts/autoload/game_data/GameDataItems.gd:75
+40% damage in Boss fights. -10% first-strike damage.,首领战中伤害+40%。先手伤害-10%。,scripts/autoload/game_data/GameDataItems.gd:79
The Gambler's Gold,赌徒之金,scripts/autoload/game_data/GameDataItems.gd:89
"Each round: 50% chance the party's damage is doubled, 50% chance it's halved.",每回合：50%几率小队伤害翻倍，50%几率减半。,scripts/autoload/game_data/GameDataItems.gd:93
Ashes of the Fallen,逝者之灰,scripts/autoload/game_data/GameDataItems.gd:94
-10% hazard severity guard,险境防护-10%,scripts/autoload/game_data/GameDataItems.gd:96
"+damage the more wounded the party collectively is, up to +30% at the brink of death. -10% hazard severity guard.",小队整体伤势越重伤害越高，濒死时最多+30%。险境防护-10%。,scripts/autoload/game_data/GameDataItems.gd:98
Sable Standard,黑貂军旗,scripts/autoload/game_data/GameDataItems.gd:99
"+25% team damage, but only while every living hero shares the same role.",全队伤害+25%，但仅在所有存活英雄职业相同时生效。,scripts/autoload/game_data/GameDataItems.gd:103
Twin Embers,双子余烬,scripts/autoload/game_data/GameDataItems.gd:104
"+2% dmg/round (stacking) on its own. Paired with Ashes of the Fallen, that relic's desperation bonus doubles.",单独装备时每回合伤害+2%（可叠加）。与逝者之灰搭配时，该遗物的绝境加成翻倍。,scripts/autoload/game_data/GameDataItems.gd:109
Phoenix Feather,凤凰之羽,scripts/autoload/game_data/GameDataItems.gd:110
"Once per rift, when the whole party falls, everyone rises again at 30% HP.",每个裂隙一次，全队倒下时，所有人以30%生命重新站起。,scripts/autoload/game_data/GameDataItems.gd:112
Warden's Seal,守卫之印,scripts/autoload/game_data/GameDataItems.gd:113
-20% hazard severity.,险境强度-20%。,scripts/autoload/game_data/GameDataItems.gd:116
Crown of Oaths,誓约之冠,scripts/autoload/game_data/GameDataItems.gd:117
The Champion's Call can be used twice per rift.,勇者的号令每个裂隙可使用两次。,scripts/autoload/game_data/GameDataItems.gd:119
Bloodpact Dagger,血契匕首,scripts/autoload/game_data/GameDataItems.gd:120
"+35% team damage, but the party never mends between rounds.",全队伤害+35%，但小队在回合之间不会回复。,scripts/autoload/game_data/GameDataItems.gd:122
Quartermaster's Ledger,军需官账簿,scripts/autoload/game_data/GameDataItems.gd:123
Quests pay 50% more Gold and Essence. +5% odds toward Rare/Epic loot.,任务报酬的金币和精华增加50%。稀有/史诗战利品几率+5%。,scripts/autoload/game_data/GameDataItems.gd:126
Lantern of the Lost,失落者之灯,scripts/autoload/game_data/GameDataItems.gd:127
Carrying a downed hero out of a rift costs no day. Mends 2% HP/round.,把倒下的英雄抬出裂隙不消耗天数。每回合回复2%生命。,scripts/autoload/game_data/GameDataItems.gd:130
The Stopped Clock,停摆之钟,scripts/autoload/game_data/GameDataItems.gd:131
-15% first-strike damage,先手伤害-15%,scripts/autoload/game_data/GameDataItems.gd:132
Foes can't act in the first round of a fight. -15% first-strike damage.,战斗第一回合敌人无法行动。先手伤害-15%。,scripts/autoload/game_data/GameDataItems.gd:133
Mirror Shard,镜之碎片,scripts/autoload/game_data/GameDataItems.gd:134
Copies every special of your best other equipped relic.,复制你已装备的其他最佳遗物的所有特效。,scripts/autoload/game_data/GameDataItems.gd:136
Stormcaller Idol,唤雷神像,scripts/autoload/game_data/GameDataItems.gd:137
"Every third round, lightning strikes every foe for 60% of the party's damage.",每隔三回合，闪电打击所有敌人，造成小队伤害60%的伤害。,scripts/autoload/game_data/GameDataItems.gd:140
Prism Heart,棱镜之心,scripts/autoload/game_data/GameDataItems.gd:141
+5% team damage for each different element among your standing heroes.,站立的英雄中每有一种不同元素，全队伤害+5%。,scripts/autoload/game_data/GameDataItems.gd:143
Bulwark Chain,壁垒之链,scripts/autoload/game_data/GameDataItems.gd:176
"Guardian takes 40% of the blows aimed at the back row (was 25%), but Shieldwall heroes take 10% more from blows aimed at them.",护卫承受瞄准后排攻击的40%（原为25%），但盾墙英雄受到针对自己的攻击时伤害提高10%。,scripts/autoload/game_data/GameDataItems.gd:177
Oathplate Rivets,誓甲铆钉,scripts/autoload/game_data/GameDataItems.gd:178
"When the Guardian takes a share of a blow: +1 Momentum, once a round.",护卫分担攻击时：+1气势，每回合一次。,scripts/autoload/game_data/GameDataItems.gd:179
Red Tooth Torc,赤牙项圈,scripts/autoload/game_data/GameDataItems.gd:180
"Bloodrage climbs to +60% damage (was +40%), but Bloodrage heroes heal half as much.",血怒最高提升至伤害+60%（原为+40%），但血怒英雄受到的治疗减半。,scripts/autoload/game_data/GameDataItems.gd:181
Grudge Knot,宿怨之结,scripts/autoload/game_data/GameDataItems.gd:182
"Below 30% HP, a Bloodrage hero's hits ignore armour and wards.",生命低于30%时，血怒英雄的攻击无视护甲和守护。,scripts/autoload/game_data/GameDataItems.gd:183
Whetstone of Habit,习惯磨刀石,scripts/autoload/game_data/GameDataItems.gd:184
Combo stacks two higher.,连携层数上限提高两层。,scripts/autoload/game_data/GameDataItems.gd:185
Duelist's Ribbon,决斗者缎带,scripts/autoload/game_data/GameDataItems.gd:186
"At 4 Combo, hits on the same foe ignore armour and wards.",连携达到4层时，对同一敌人的攻击无视护甲和守护。,scripts/autoload/game_data/GameDataItems.gd:187
Owl-Feather Fletching,枭羽箭羽,scripts/autoload/game_data/GameDataItems.gd:188
Steady Aim shrugs off the first hit each fight.,每场战斗中，稳定瞄准不受第一次受击影响。,scripts/autoload/game_data/GameDataItems.gd:189
Long Sightline,远眺视线,scripts/autoload/game_data/GameDataItems.gd:190
Steady Aim gives +55% from the back row (was +35%).,稳定瞄准在后排提供+55%（原为+35%）。,scripts/autoload/game_data/GameDataItems.gd:191
Bramble Coil,荆棘绳圈,scripts/autoload/game_data/GameDataItems.gd:192
In round 1 the snares take two foes.,第1回合陷阱可缚住两个敌人。,scripts/autoload/game_data/GameDataItems.gd:193
Tripwire Bells,绊索铃铛,scripts/autoload/game_data/GameDataItems.gd:194
Snared foes take 15% more damage from everyone.,被缚的敌人受到所有人的伤害提高15%。,scripts/autoload/game_data/GameDataItems.gd:195
Hunter's Chalk,猎人粉笔,scripts/autoload/game_data/GameDataItems.gd:196
"When a marked foe falls, the Mark jumps to the next foe.",被标记的敌人倒下时，印记转移到下一个敌人。,scripts/autoload/game_data/GameDataItems.gd:197
Blood Scent,血腥气味,scripts/autoload/game_data/GameDataItems.gd:198
The party deals +25% to a marked foe (was +15%).,小队对被标记敌人的伤害+25%（原为+15%）。,scripts/autoload/game_data/GameDataItems.gd:199
Kindling Box,引火盒,scripts/autoload/game_data/GameDataItems.gd:200
Evocation heroes start every fight with 2 Heat.,唤焰英雄每场战斗开始时拥有2层热量。,scripts/autoload/game_data/GameDataItems.gd:201
Cinder Glass,烬玻璃,scripts/autoload/game_data/GameDataItems.gd:202
Heat detonates one step sooner.,热量提前一层引爆。,scripts/autoload/game_data/GameDataItems.gd:203
Loomed Sigil,织机符印,scripts/autoload/game_data/GameDataItems.gd:204
Ward Weave covers the two most-hurt allies.,守护编织覆盖伤势最重的两名盟友。,scripts/autoload/game_data/GameDataItems.gd:205
Thrice-Knotted Thread,三结丝线,scripts/autoload/game_data/GameDataItems.gd:206
Ward Weave wards 12% of max HP (was 8%).,守护编织提供最大生命12%的守护（原为8%）。,scripts/autoload/game_data/GameDataItems.gd:207
Second Sight,第二视觉,scripts/autoload/game_data/GameDataItems.gd:208
Foresight cancels one more heavy blow each fight.,先见每场战斗多抵消一次重击。,scripts/autoload/game_data/GameDataItems.gd:209
Omen Bones,预兆之骨,scripts/autoload/game_data/GameDataItems.gd:210
A blow cancelled by Foresight gives +2 Momentum.,被先见抵消的攻击提供+2气势。,scripts/autoload/game_data/GameDataItems.gd:211
Brimming Chalice,满溢圣杯,scripts/autoload/game_data/GameDataItems.gd:212
"Overflow turns all overheal into a ward (was half), but all healing is 10% weaker.",溢流将全部过量治疗转为守护（原为一半），但所有治疗效果降低10%。,scripts/autoload/game_data/GameDataItems.gd:213
Saint's Tally,圣徒计数,scripts/autoload/game_data/GameDataItems.gd:214
A Miracle raises the fallen with 15% more HP.,奇迹复活倒下者时生命多15%。,scripts/autoload/game_data/GameDataItems.gd:215
Hallowed Mortar,圣化灰浆,scripts/autoload/game_data/GameDataItems.gd:216
Sanctuary cuts damage to the party by 9% (was 6%).,庇护所使小队受到的伤害降低9%（原为6%）。,scripts/autoload/game_data/GameDataItems.gd:217
Sanctum Chime,圣所钟鸣,scripts/autoload/game_data/GameDataItems.gd:218
"With an Aegis hero in the party, hazards deal 25% less.",小队中有圣盾英雄时，险境伤害降低25%。,scripts/autoload/game_data/GameDataItems.gd:219
Burning Psalter,燃烧诗篇,scripts/autoload/game_data/GameDataItems.gd:220
"Fervor heals 35% of damage dealt (was 25%), but Zeal heroes take 10% more damage.",热忱回复造成伤害35%的生命（原为25%），但狂热英雄受到的伤害提高10%。,scripts/autoload/game_data/GameDataItems.gd:221
Judgment Nail,审判之钉,scripts/autoload/game_data/GameDataItems.gd:222
A Zeal hero's kill gives +1 Momentum.,狂热英雄击杀时+1气势。,scripts/autoload/game_data/GameDataItems.gd:223
Widow's Thread,寡妇丝线,scripts/autoload/game_data/GameDataItems.gd:224
Execute works below 45% HP (was 35%).,终结在生命低于45%时生效（原为35%）。,scripts/autoload/game_data/GameDataItems.gd:225
Quiet Coin,静默之币,scripts/autoload/game_data/GameDataItems.gd:226
The first Assassin kill each fight restores 1 Resolve.,每场战斗中刺客的首次击杀恢复1点决心。,scripts/autoload/game_data/GameDataItems.gd:227
Feather-Step Wraps,羽步裹布,scripts/autoload/game_data/GameDataItems.gd:228
"Evasion gives +25% dodge (was +15%), but a Skirmisher who is hit takes 10% more.",规避提供+25%闪避（原为+15%），但游斗者被击中时伤害提高10%。,scripts/autoload/game_data/GameDataItems.gd:229
Riposte Cord,还击绳索,scripts/autoload/game_data/GameDataItems.gd:230
The dodge jab hits 60% harder.,闪避后的反刺伤害提高60%。,scripts/autoload/game_data/GameDataItems.gd:231
Brawler's Knuckle,斗士指虎,scripts/autoload/game_data/GameDataItems.gd:232
Scrappy heals 25% of damage dealt (was 15%).,好斗回复造成伤害25%的生命（原为15%）。,scripts/autoload/game_data/GameDataItems.gd:233
Pit-Fighter's Tape,角斗士绷带,scripts/autoload/game_data/GameDataItems.gd:234
Scrappy's patch-up works in the back row too.,好斗的包扎在后排也能生效。,scripts/autoload/game_data/GameDataItems.gd:235
Warden's Shard,守卫碎片,scripts/autoload/game_data/GameDataItems.gd:240
Every kill mends the party 6%.,每次击杀为小队回复6%。,scripts/autoload/game_data/GameDataItems.gd:241
Heart of the Rift,裂隙之心,scripts/autoload/game_data/GameDataItems.gd:242
"Every third round, a nova hits every foe for 40% of your damage.",每隔三回合，新星打击所有敌人，造成你伤害40%的伤害。,scripts/autoload/game_data/GameDataItems.gd:243
Gatekeeper's Key,守门人之钥,scripts/autoload/game_data/GameDataItems.gd:249
+30% first-strike damage.,先手伤害+30%。,scripts/autoload/game_data/GameDataItems.gd:250
Mire Lantern,沼泽提灯,scripts/autoload/game_data/GameDataItems.gd:251
Mends 4% HP every round.,每回合回复4%生命。,scripts/autoload/game_data/GameDataItems.gd:252
Cinder Brand,余烬烙印,scripts/autoload/game_data/GameDataItems.gd:253
+4% damage every round (stacking).,每回合伤害+4%（可叠加）。,scripts/autoload/game_data/GameDataItems.gd:254
Choir Bell,圣咏之钟,scripts/autoload/game_data/GameDataItems.gd:255
"Every third round, shields the whole party for 15% of max HP.",每隔三回合，为全队提供其最大生命15%的护盾。,scripts/autoload/game_data/GameDataItems.gd:256
Tide Mirror,潮汐之镜,scripts/autoload/game_data/GameDataItems.gd:257
+12% dodge chance.,闪避几率+12%。,scripts/autoload/game_data/GameDataItems.gd:258
Regent's Crown,摄政之冠,scripts/autoload/game_data/GameDataItems.gd:259
+60% opening volley against bosses.,对首领开场齐射+60%。,scripts/autoload/game_data/GameDataItems.gd:260
Gravewright's Thread,掘墓人丝线,scripts/autoload/game_data/GameDataItems.gd:261
"Relic ward: once a fight, survive a wipe at 35% HP.",遗物守护：每场战斗一次，团灭时以35%生命幸存。,scripts/autoload/game_data/GameDataItems.gd:262
Oracle's Eye,神谕之眼,scripts/autoload/game_data/GameDataItems.gd:263
+30% chance to counter when evading or hit hard.,闪避或受重击时反击几率+30%。,scripts/autoload/game_data/GameDataItems.gd:264
Ashfather's Coal,灰父之炭,scripts/autoload/game_data/GameDataItems.gd:265
"Every third round, fire strikes every foe for 80% of the party's damage.",每隔三回合，火焰打击所有敌人，造成小队伤害80%的伤害。,scripts/autoload/game_data/GameDataItems.gd:266
Summit Star,巅峰之星,scripts/autoload/game_data/GameDataItems.gd:267
"+5% damage every round (stacking), and every third round a starfall hits every foe for 100% of the party's damage.",每回合伤害+5%（可叠加），且每隔三回合星落打击所有敌人，造成小队伤害100%的伤害。,scripts/autoload/game_data/GameDataItems.gd:269
The Ranger Who Left,离开的游侠,scripts/autoload/game_data/GameDataLore.gd:21
The Clerk,书记员,scripts/autoload/game_data/GameDataLore.gd:22
The Key,钥匙,scripts/autoload/game_data/GameDataLore.gd:23
The Lantern,灯笼,scripts/autoload/game_data/GameDataLore.gd:24
The Far Side,彼岸,scripts/autoload/game_data/GameDataLore.gd:25
The Witnesses,见证者,scripts/autoload/game_data/GameDataLore.gd:26
Vaelith's squad took four posts in a row at Thornwood.,Vaelith的小队在荆棘林连续拿下了四个岗位。,scripts/autoload/game_data/GameDataLore.gd:30
Rangers' tags turn up in the Vale's rifts.,游侠的身份牌出现在山谷的裂隙中。,scripts/autoload/game_data/GameDataLore.gd:31
Vaelith didn't desert. She heard children behind her door.,Vaelith并没有当逃兵。她听见门后有孩子。,scripts/autoload/game_data/GameDataLore.gd:32
Someone who knew Vaelith might say what she was listening for.,认识Vaelith的人或许能说出她在听什么。,scripts/autoload/game_data/GameDataLore.gd:33
"At Act I's finale, a guild can let Vaelith go.",在第一幕终章，公会可以放Vaelith离开。,scripts/autoload/game_data/GameDataLore.gd:34
"The great Breach is the door Vaelith held open, and she is still in it.",那道巨大的裂口就是Vaelith撑开的门，她至今仍在其中。,scripts/autoload/game_data/GameDataLore.gd:35
A guild that let Vaelith go would know where she went.,放Vaelith离开的公会会知道她去了哪里。,scripts/autoload/game_data/GameDataLore.gd:36
Vaelith's Rangers joins the founding charters.,Vaelith的游侠团加入创建特许状。,scripts/autoload/game_data/GameDataLore.gd:37
Hesper wrote the Terms out fair. She knew every word.,Hesper亲手誊清了条款。她知道每一个字。,scripts/autoload/game_data/GameDataLore.gd:38
Hesper's handwriting is in more places than she admits.,Hesper的笔迹出现的地方比她承认的更多。,scripts/autoload/game_data/GameDataLore.gd:39
"There was no fever. Hesper wrote the note herself, and ran.",根本没有热病。那张字条是Hesper自己写的，然后她逃了。,scripts/autoload/game_data/GameDataLore.gd:40
Ask who nursed Hesper that week.,去问问那一周是谁在照料Hesper。,scripts/autoload/game_data/GameDataLore.gd:41
"The Grandmaster let Hesper go, and left the forty-second line blank for her.",大团长放走了Hesper，并为她留空了第四十二行。,scripts/autoload/game_data/GameDataLore.gd:42
The Grandmaster's own hall remembers who it waited for.,大团长自己的大厅记得它在等谁。,scripts/autoload/game_data/GameDataLore.gd:43
"At the Renew ending, Hesper can sign the forty-first line herself. The Clerk's Copy joins the founding gifts.",在续订结局中，Hesper可以亲自签下第四十一行。书记员的副本加入创建赠礼。,scripts/autoload/game_data/GameDataLore.gd:44
"The Accord's key opens any door, from either side.",盟约的钥匙能从任意一边打开任何门。,scripts/autoload/game_data/GameDataLore.gd:45
Whoever holds Morrow's key could say what it opens.,持有Morrow钥匙的人能说出它打开什么。,scripts/autoload/game_data/GameDataLore.gd:46
Whoever holds the key may keep it or break it. Pip's Key joins the founding gifts.,持有钥匙的人可以保留或折断它。Pip的钥匙加入创建赠礼。,scripts/autoload/game_data/GameDataLore.gd:47
"Pip stole the key from the Warden of Rifts, a royal officer.",Pip是从裂隙守卫官——一位王室官员——那里偷走钥匙的。,scripts/autoload/game_data/GameDataLore.gd:48
Someone in a fine hat is missing a key.,某个戴着华丽帽子的人丢了一把钥匙。,scripts/autoload/game_data/GameDataLore.gd:49
"At the Crown's hearing, a guild that's losing can buy the Charter.",在王冠的听证会上，落后的公会可以买下特许状。,scripts/autoload/game_data/GameDataLore.gd:50
The Royal Treasury pays the Hollow Crown Company to open rifts.,王室国库付钱让空洞王冠佣兵团打开裂隙。,scripts/autoload/game_data/GameDataLore.gd:51
Follow the money behind the Company's contracts.,追查佣兵团契约背后的钱。,scripts/autoload/game_data/GameDataLore.gd:52
"In the Charter War, a guild can turn Morrow instead.",在特许状之争中，公会也可以策反Morrow。,scripts/autoload/game_data/GameDataLore.gd:53
"Ezra was the Ninth Lamp's last apprentice. He was below, measuring, on the Night.",Ezra是第九盏灯的最后一名学徒。那一夜，他在下面测量。,scripts/autoload/game_data/GameDataLore.gd:54
Ezra's lantern has a maker's mark.,Ezra的灯笼上有制作者的印记。,scripts/autoload/game_data/GameDataLore.gd:55
"Ezra's lantern holds what the rifts took, from both sides.",Ezra的灯笼装着裂隙从两边夺走的东西。,scripts/autoload/game_data/GameDataLore.gd:56
"Ask what Ezra keeps in the lantern, and whose voices are in it.",问问Ezra灯笼里装着什么，里面是谁的声音。,scripts/autoload/game_data/GameDataLore.gd:57
"When Ezra visits, a guild can pour its kept echoes into the lantern.",Ezra来访时，公会可以把保留的回响注入灯笼。,scripts/autoload/game_data/GameDataLore.gd:58
Essence is the far side's sky. Every crystal burned is a piece of it falling.,精华是彼岸的天空。每烧掉一块晶体，就有一片天空坠落。,scripts/autoload/game_data/GameDataLore.gd:59
The Ninth Lamp measured something the Crown wanted kept quiet.,第九盏灯测量了王冠想要掩盖的东西。,scripts/autoload/game_data/GameDataLore.gd:60
The Ninth Lamp joins the founding charters.,第九盏灯加入创建特许状。,scripts/autoload/game_data/GameDataLore.gd:61
The Last Lantern is the Ninth Lamp's sister hall. Mother Ilse has known all along.,末灯会是第九盏灯的姊妹会堂。Ilse嬷嬷一直都知道。,scripts/autoload/game_data/GameDataLore.gd:62
Mother Ilse signs her letters with more than her name.,Ilse嬷嬷的信上签的不只是她的名字。,scripts/autoload/game_data/GameDataLore.gd:63
"The Terms were the Grandmaster's own. The ledger's ""voice that offered terms"" was a lie.","条款是大团长自己的。账簿上那句""提出条款的声音""是谎言。",scripts/autoload/game_data/GameDataLore.gd:64
Read the ledger's third day beside the reply on its last page.,把账簿第三天的记录与最后一页的回信对照着读。,scripts/autoload/game_data/GameDataLore.gd:65
"With the right guild in the Hall, a sixth crossing comes to the door.",大厅中有合适的公会时，第六次越界会来到门前。,scripts/autoload/game_data/GameDataLore.gd:66
The Night of Breaking was the far side knocking on every door at once.,破碎之夜是彼岸同时敲响了每一扇门。,scripts/autoload/game_data/GameDataLore.gd:67
Ask the ones who came through what they remember of that night.,问问那些穿越过来的人，他们记得那一夜的什么。,scripts/autoload/game_data/GameDataLore.gd:68
"When the Choir crosses, a guild can let them sing.",圣咏团越界时，公会可以让他们歌唱。,scripts/autoload/game_data/GameDataLore.gd:69
"Brannoch holds the door under the Inverted City, and promised a child he'd come back.",Brannoch守着倒悬之城下的门，并答应过一个孩子他会回来。,scripts/autoload/game_data/GameDataLore.gd:70
Somebody once measured a child's height on a deep pillar.,曾有人在一根深处的石柱上为一个孩子量身高。,scripts/autoload/game_data/GameDataLore.gd:71
"At Act VI's start, a guild can leave Brannoch holding, or free him.",第六幕开始时，公会可以让Brannoch继续坚守，或解放他。,scripts/autoload/game_data/GameDataLore.gd:72
A rewrite reaches both sides: the far side holds its doors in turns too.,改写会传到两边：彼岸也轮流守着他们的门。,scripts/autoload/game_data/GameDataLore.gd:73
"A guild that rewrote the Terms, or kept both worlds, would know.",改写过条款或保全了两个世界的公会会知道。,scripts/autoload/game_data/GameDataLore.gd:74
"The Iron Chorus marched for the Crown on the Night of Breaking, not for the Vale.",破碎之夜，钢铁合唱团是为王冠而进军，不是为了山谷。,scripts/autoload/game_data/GameDataLore.gd:75
The Iron Chorus is proud of an old order.,钢铁合唱团以一道旧命令为荣。,scripts/autoload/game_data/GameDataLore.gd:76
A year of witnesses can come round.,见证者之年可能会轮到。,scripts/autoload/game_data/GameDataLore.gd:77
"The Ashen Wolves served the Ashen Crown, and fed it.",灰烬狼群效忠灰烬王冠，并供养着它。,scripts/autoload/game_data/GameDataLore.gd:78
Ask what the wolves did after the Night.,问问那些狼在破碎之夜之后做了什么。,scripts/autoload/game_data/GameDataLore.gd:79
The first signature on the Terms is the Crown's seal.,条款上的第一个签名是王冠的印章。,scripts/autoload/game_data/GameDataLore.gd:81
Someone on the far side kept the first page.,彼岸有人保留着第一页。,scripts/autoload/game_data/GameDataLore.gd:82
Corin's tag,Corin的身份牌,scripts/autoload/game_data/GameDataLore.gd:100
Corin's Tag,Corin的身份牌,scripts/autoload/game_data/GameDataLore.gd:101
"Accord ranger's tag, Thornwood post. ""Corin"" stamped on the front. On the back, in someone else's knife-work: ""V. said wait. I waited.""","盟约游侠的身份牌，荆棘林岗位。正面刻着""Corin""。背面是另一个人用刀刻的：""V.说等着。我等了。""",scripts/autoload/game_data/GameDataLore.gd:102
Mags's tag,Mags的身份牌,scripts/autoload/game_data/GameDataLore.gd:103
Mags's Tag,Mags的身份牌,scripts/autoload/game_data/GameDataLore.gd:104
"Accord ranger's tag, Thornwood post: ""Mags"". Something chewed one corner and gave up. Scratched under the name, in the same hand as Corin's: ""Third in line. V. fourth.""","盟约游侠的身份牌，荆棘林岗位：""Mags""。有东西啃过一角，又放弃了。名字下面刻着字，笔迹和Corin那块一样：""排第三。V.第四。""",scripts/autoload/game_data/GameDataLore.gd:105
The face in the echo,回响中的面孔,scripts/autoload/game_data/GameDataLore.gd:106
"Wen copies the ranger's face before the crystal goes home. On the collar, too small for the elder to notice, is a squad mark: a V with four notches.",在晶体送回家之前，Wen临摹下了那名游侠的脸。衣领上有个小到长者注意不到的小队标记：一个V，带四道刻痕。,scripts/autoload/game_data/GameDataLore.gd:107
"Vaelith, listening",倾听的Vaelith,scripts/autoload/game_data/GameDataLore.gd:108
"Wen's note for the Bestiary: twice in the fight Vaelith stopped, turned her head to the Breach, and listened. Not to us. To something small behind it.",Wen为怪物图鉴写的笔记：战斗中Vaelith两次停下，把头转向裂口，侧耳倾听。不是在听我们。是在听裂口后面某个小小的东西。,scripts/autoload/game_data/GameDataLore.gd:109
Two sides,两面,scripts/autoload/game_data/GameDataLore.gd:110
Hesper,Hesper,scripts/autoload/game_data/GameDataLore.gd:111
Vaelith asked me once if doors had two sides.,Vaelith有一次问我，门是不是有两面。,scripts/autoload/game_data/GameDataLore.gd:111
Wen,Wen,scripts/autoload/game_data/GameDataLore.gd:111
What did you say?,你怎么说的？,scripts/autoload/game_data/GameDataLore.gd:111
That rifts don't. She looked at me like I'd failed a test I didn't know I was taking.,我说裂隙没有。她看我的眼神，就像我没通过一场我都不知道自己在参加的考试。,scripts/autoload/game_data/GameDataLore.gd:111
The Iron Chorus,钢铁合唱团,scripts/autoload/game_data/GameDataLore.gd:112
Orla Venn's postscript,Orla Venn的附言,scripts/autoload/game_data/GameDataLore.gd:112
"P.S. Your Vaelith was a deserter, whatever the songs say. She walked off her post toward the noise, not away from it. The Chorus has never decided which was worse.",附：不管歌谣怎么唱，你们的Vaelith就是个逃兵。她离开岗位，朝着声响走去，而不是逃开。合唱团至今没想清楚哪种更糟。,scripts/autoload/game_data/GameDataLore.gd:113
Footprints,脚印,scripts/autoload/game_data/GameDataLore.gd:114
"Small bare footprints in the frost at the rift's mouth, leading out, not in. They stop at the road, where someone in ranger's boots picked them up.",裂隙口的霜上有一串赤裸的小脚印，向外走，而不是向里。它们在路边停住，有个穿游侠靴子的人在那里接走了它们。,scripts/autoload/game_data/GameDataLore.gd:115
Ranger shorthand,游侠速记,scripts/autoload/game_data/GameDataLore.gd:116
"A note on the pay table, in ranger shorthand.",发薪桌上有张字条，用游侠速记写的。,scripts/autoload/game_data/GameDataLore.gd:117
Dobbs,Dobbs,scripts/autoload/game_data/GameDataLore.gd:117
Saying?,写的什么？,scripts/autoload/game_data/GameDataLore.gd:117
"""Door holding. Four more through. Don't pay me. Feed them.""","""门守住了。又过来四个。别付我钱。喂饱他们。""",scripts/autoload/game_data/GameDataLore.gd:117
Feed whom?,喂饱谁？,scripts/autoload/game_data/GameDataLore.gd:117
The green lady's door,绿衣女士的门,scripts/autoload/game_data/GameDataLore.gd:118
"The eldest points at your crest, then up at the Vale. ""The green lady's door,"" she says. ""She let our cousins through. She said you were kinder than you look.""","最年长的那位指了指你的纹章，又抬头指向山谷。""绿衣女士的门，""她说，""她放我们的表亲过来了。她说你们比看上去和善。""",scripts/autoload/game_data/GameDataLore.gd:119
The clerk,书记员,scripts/autoload/game_data/GameDataLore.gd:121
"Hesper says she was the Grandmaster's clerk, and wrote the Terms out fair: forty-one lines, in her own hand.",Hesper说她曾是大团长的书记员，亲手誊清了条款：四十一行，都是她的笔迹。,scripts/autoload/game_data/GameDataLore.gd:122
Quiet Coin's copies,静默之币的副本,scripts/autoload/game_data/GameDataLore.gd:123
"In Quiet Coin's counting room Dobbs finds the Accord's copies of the Terms, all in one neat hand. He holds one up beside this week's wage sheet. Hesper's.",在静默之币的账房里，Dobbs找到了盟约保存的条款副本，全出自同一手工整的笔迹。他拿起一份，与本周的工资单并排对照。是Hesper的。,scripts/autoload/game_data/GameDataLore.gd:124
A spelling,一处拼写,scripts/autoload/game_data/GameDataLore.gd:125
"Page two says ""refuse them properly"".","第二页写着""好好地拒绝它们""。",scripts/autoload/game_data/GameDataLore.gd:126
"She wrote ""proper"". She never could spell. I fixed it when I wrote them out fair.","她写的是""的""。她总分不清“的”和“地”。我誊清的时候改过来了。",scripts/autoload/game_data/GameDataLore.gd:126
When you what?,你什么的时候？,scripts/autoload/game_data/GameDataLore.gd:126
The green ink,绿墨水,scripts/autoload/game_data/GameDataLore.gd:127
"Hesper, your fever note is in green ink.",Hesper，你那张热病字条是用绿墨水写的。,scripts/autoload/game_data/GameDataLore.gd:128
The Terms are in green ink.,条款也是用绿墨水写的。,scripts/autoload/game_data/GameDataLore.gd:128
It was the ink I had.,那是我手头有的墨水。,scripts/autoload/game_data/GameDataLore.gd:128
The Last Lantern,末灯会,scripts/autoload/game_data/GameDataLore.gd:129
Mother Ilse's postscript,Ilse嬷嬷的附言,scripts/autoload/game_data/GameDataLore.gd:129
P.S. My regards to Hesper. I still have the blanket she lent me on the night she was meant to be in bed with a fever. She was never sick a day in her life.,附：代我问候Hesper。她本该发烧卧床的那一晚借给我的毯子，我还留着。她这辈子一天都没病过。,scripts/autoload/game_data/GameDataLore.gd:130
The Green Hand's ledger,绿手会的账簿,scripts/autoload/game_data/GameDataLore.gd:131
"The Green Hand wrote down everyone they nursed. The week of the Night of Breaking has eleven names: burns, a broken arm, a midwife's twins. No fevers. Wen closes it gently.",绿手会记下了他们照料过的每个人。破碎之夜那一周有十一个名字：烧伤、一条断臂、一位接生婆的双胞胎。没有热病。Wen轻轻合上了它。,scripts/autoload/game_data/GameDataLore.gd:132
"Day 11, the clerk's copy",第11天，书记员的副本,scripts/autoload/game_data/GameDataLore.gd:133
"Day 11, in a clerk's neat hand: ""V. asked who holds the last post. G. said the ledger. After, G. told me to go home with a fever. I said I wasn't ill. She said: you will be, and you'll come back.""","第11天，书记员工整的笔迹：""V.问谁守最后一个岗位。G.说账簿。之后，G.让我以热病为由回家。我说我没病。她说：你会病的，然后你会回来。""",scripts/autoload/game_data/GameDataLore.gd:134
The copyists' index,抄写员索引,scripts/autoload/game_data/GameDataLore.gd:135
"The archive's index lists every copyist by year. For the year of the Terms there is one name, and it has been scratched out so hard the pen went through. The initial is still there: H.",档案索引按年份列出了每位抄写员。条款那一年只有一个名字，被狠狠划掉，笔尖都戳穿了纸。首字母还在：H。,scripts/autoload/game_data/GameDataLore.gd:136
The clerk's stool,书记员的凳子,scripts/autoload/game_data/GameDataLore.gd:137
"Forty-one chairs at the long table, thick with dust. At the end, the clerk's stool is clean, and the inkwell beside it is full. Someone kept it ready for twenty years.",长桌旁四十一把椅子，积着厚厚的灰。桌尾，书记员的凳子却干干净净，旁边的墨水瓶是满的。有人二十年来一直让它备着。,scripts/autoload/game_data/GameDataLore.gd:138
Her hand,她的笔迹,scripts/autoload/game_data/GameDataLore.gd:139
"Hesper writes the forty-second line without looking at the page. ""I had twenty years to practise,"" she says. ""She left it blank for me. I just never came back.""","Hesper写下第四十二行，看都没看纸面。""我练了二十年，""她说，""她为我留了空白。我只是一直没回来。""",scripts/autoload/game_data/GameDataLore.gd:140
The wrong way,转错了方向,scripts/autoload/game_data/GameDataLore.gd:142
"Dobbs tries Morrow's key in the rift's door, to lock it. It turns the wrong way, and keeps turning. Something on the other side knocks back, twice, politely.",Dobbs把Morrow的钥匙插进裂隙的门里，想把它锁上。钥匙朝错误的方向转，而且一直在转。另一边有什么东西回敲了两下，很有礼貌。,scripts/autoload/game_data/GameDataLore.gd:143
Pip's story,Pip的故事,scripts/autoload/game_data/GameDataLore.gd:144
I nicked it off a rift-lord. Big hat. Smelled of ink.,我从一个裂隙领主身上顺来的。大帽子。一身墨水味。,scripts/autoload/game_data/GameDataLore.gd:145
Last week he smelled of fish.,上周他一身鱼腥味。,scripts/autoload/game_data/GameDataLore.gd:145
Long night. He opened three doors with it before I got it off him.,那晚很长。我把钥匙弄到手之前，他已经用它开了三扇门。,scripts/autoload/game_data/GameDataLore.gd:145
Company Crossbowman,佣兵团弩手,scripts/autoload/game_data/GameDataLore.gd:146
Fresh bolts,新鲜的弩矢,scripts/autoload/game_data/GameDataLore.gd:146
"Wen's note for the Bestiary: the crossbowmen's bolts are tipped with fresh Essence, and fresh means a rift opened this week. Their quartermaster keeps a calendar of rifts opening, which is a strange thing to be able to keep.",Wen为怪物图鉴写的笔记：弩手的弩矢尖上涂着新鲜的精华，新鲜意味着本周有裂隙开启。他们的军需官有一份裂隙开启的日历，能有这种东西本身就很奇怪。,scripts/autoload/game_data/GameDataLore.gd:147
The Gilded Lance,镀金长枪团,scripts/autoload/game_data/GameDataLore.gd:148
Ser Aldric's postscript,Aldric爵士的附言,scripts/autoload/game_data/GameDataLore.gd:148
"P.S. My cousin is Warden of the Crown's Rifts, and the Vale is safe in his hands. He did lose a key once, to a girl no taller than a sword. We don't mention it.",附：我的表兄是王冠的裂隙守卫官，山谷在他手中安然无恙。他确实丢过一把钥匙，被一个还没剑高的女孩偷走。我们不提这事。,scripts/autoload/game_data/GameDataLore.gd:149
The Warden's ring,守卫官的戒指,scripts/autoload/game_data/GameDataLore.gd:150
The Warden's Ring,守卫官的戒指,scripts/autoload/game_data/GameDataLore.gd:151
"A signet ring from a deep rift: a crowned door, and under it, Warden of Rifts. The inside of the band is worn smooth where a key on a cord used to rub.",一枚来自深处裂隙的印章戒指：一扇戴冠的门，下方刻着“裂隙守卫官”。戒圈内侧有一处被磨得光滑，那是曾经挂在绳上的钥匙摩擦的地方。,scripts/autoload/game_data/GameDataLore.gd:152
A royal watermark,王室水印,scripts/autoload/game_data/GameDataLore.gd:153
"Dobbs holds the Company's offer up to the window. Under Morrow's seal the paper carries a watermark: a crowned door. ""That's not a Company mark,"" he says. ""That's the Warden's.""","Dobbs把佣兵团的报价举到窗前。Morrow的封印下面，纸上有一道水印：一扇戴冠的门。""这不是佣兵团的标记，""他说，""这是守卫官的。""",scripts/autoload/game_data/GameDataLore.gd:154
Ilse's whole page,Ilse的整页,scripts/autoload/game_data/GameDataLore.gd:155
"This time Ilse brings the whole page, not the torn half. Beside the list of rifts and dates is a second column, headed Paid: every amount signed for by the Royal Treasury.",这次Ilse带来的是整页，不是撕下的半张。在裂隙与日期的清单旁还有第二栏，标题是“已付”：每一笔都由王室国库签收。,scripts/autoload/game_data/GameDataLore.gd:156
The small print,小字,scripts/autoload/game_data/GameDataLore.gd:157
"At the foot of Morrow's first generous contract, in very small print: ""Disbursed by the Royal Treasury, Office of Rifts."" Dobbs reads it three times, then stops reading it.","在Morrow第一份慷慨契约的末尾，用很小的字写着：""由王室国库裂隙司拨付。""Dobbs读了三遍，然后不再读了。",scripts/autoload/game_data/GameDataLore.gd:158
One hireling to another,佣兵对佣兵,scripts/autoload/game_data/GameDataLore.gd:159
"Morrow, bleeding, looks at your charter and laughs. ""Hired swords. Then you know. Someone always pays. The Crown pays me to open them and pays you to close them. Ask who's richer.""","Morrow流着血，看着你们的特许状大笑。""雇来的刀剑。那你就懂了。总有人付钱。王冠付钱让我打开它们，又付钱让你们关上它们。问问谁更有钱。""",scripts/autoload/game_data/GameDataLore.gd:160
His Lamp's,他的灯会,scripts/autoload/game_data/GameDataLore.gd:162
"As Ezra leaves, Wen asks where the lantern came from. ""My Lamp's,"" he says, then corrects himself. ""The Ninth Lamp's. I was their last apprentice. I was below that night, measuring.""","Ezra离开时，Wen问那盏灯笼是从哪来的。""我灯会的，""他说，接着又改口，""第九盏灯的。我是他们最后一名学徒。那晚我在下面，测量。""",scripts/autoload/game_data/GameDataLore.gd:163
One name in the register,名册上的一个名字,scripts/autoload/game_data/GameDataLore.gd:164
"The Ninth Lamp's register lists every member. The lamps along the wall light for one name only, the last apprentice taken on: Ezra, aged sixteen, ""good with depths"".","第九盏灯的名册列出了每一位成员。墙边的灯只为一个名字亮起，最后收下的那名学徒：Ezra，十六岁，""擅长测深""。",scripts/autoload/game_data/GameDataLore.gd:165
"A notebook, signed E.",一本署名E.的笔记,scripts/autoload/game_data/GameDataLore.gd:166
Ezra's Notebook,Ezra的笔记,scripts/autoload/game_data/GameDataLore.gd:167
"A notebook of depth readings from the Night of Breaking, each rift measured twice. The last page, in a shaking hand: ""Deeper than the Assay. Not a wound. A door. Someone is on the other side of all of them.""","一本破碎之夜的测深笔记，每个裂隙都测了两次。最后一页，字迹颤抖：""比勘测石所能测量的更深。不是伤口。是一扇门。它们每一扇的另一边都有人。""",scripts/autoload/game_data/GameDataLore.gd:168
Not our voice,不是我们的声音,scripts/autoload/game_data/GameDataLore.gd:169
"Kept, the Oath echo plays in the vault at night. The words are the Accord's, but the voice isn't human. When Ezra hears of it, he only says: ""Theirs took ours, too.""","保留下来的誓言回响夜里在金库中回放。词句是盟约的，但声音不是人类的。Ezra听说后，只说了一句：""他们的也夺走了我们的。""",scripts/autoload/game_data/GameDataLore.gd:170
"The lantern, full",满了的灯笼,scripts/autoload/game_data/GameDataLore.gd:171
Ezra's lantern was on the step again this morning.,今天早上，Ezra的灯笼又出现在台阶上。,scripts/autoload/game_data/GameDataLore.gd:172
"Empty, like last time?",和上次一样是空的？,scripts/autoload/game_data/GameDataLore.gd:172
Full. Hundreds of little lights. Some of them are saying names. Not ours.,满的。几百点小小的光。有些在念名字。不是我们的。,scripts/autoload/game_data/GameDataLore.gd:172
A name in the song,歌中的一个名字,scripts/autoload/game_data/GameDataLore.gd:173
"Halfway through, the choir sings a name nobody in the Vale knows, then asks after a pale man with a lantern. ""He has some of ours,"" the eldest says. ""We would like them back.""","唱到一半，圣咏团唱出了一个山谷里无人知晓的名字，接着打听一个提着灯笼的苍白男子。""他拿着我们的一些东西，""最年长的那位说，""我们想要回来。""",scripts/autoload/game_data/GameDataLore.gd:174
The last finding,最后的发现,scripts/autoload/game_data/GameDataLore.gd:175
"Under a royal seal, the Ninth Lamp's last finding, a year before the Night: ""Essence is not ours. It is their sky, hardening as it falls. Every crystal we burn, we pull down."" Stamped across it: Not for circulation.","在王室印章之下，是第九盏灯在破碎之夜前一年的最后发现：""精华不属于我们。它是他们的天空，在坠落中凝固。我们每烧掉一块晶体，就拉下一片。""上面盖着戳：不得外传。",scripts/autoload/game_data/GameDataLore.gd:176
Weather,天气,scripts/autoload/game_data/GameDataLore.gd:177
"He turns a crystal of your Essence in his glass fingers. ""You burn these for light? Down there we called it weather. It was the part of the sky that rained.""","他用玻璃般的手指转动着一块你们的精华晶体。""你们烧这个来照明？在下面我们管它叫天气。是天空会下雨的那部分。""",scripts/autoload/game_data/GameDataLore.gd:178
A tide-wrack journal,潮汐残骸日志,scripts/autoload/game_data/GameDataLore.gd:179
"A sodden journal from a Marsh rift, kept by a guild that held the tides: ""Every tide follows a good harvest. The more Essence the Vale burns, the harder the Hollow comes up, as if chasing something it lost.""","一本来自沼泽裂隙、浸透了水的日志，出自一个守住潮汐的公会：""每次潮汐都紧跟着一次丰收。山谷烧的精华越多，空洞涌上来就越猛，像是在追赶它失去的东西。""",scripts/autoload/game_data/GameDataLore.gd:180
Nine flames,九朵火焰,scripts/autoload/game_data/GameDataLore.gd:181
"P.S. Under Ilse's signature, smaller than a fingernail, someone has drawn a lamp with nine flames. The Last Lantern's own mark has one.",附：在Ilse的签名下方，有人画了一盏比指甲还小的灯，灯上九朵火焰。末灯会自己的标记只有一朵。,scripts/autoload/game_data/GameDataLore.gd:182
Lamp oil,灯油,scripts/autoload/game_data/GameDataLore.gd:183
The smugglers' crates came in. I was promised Essence.,走私者的货箱到了。说好的是精华。,scripts/autoload/game_data/GameDataLore.gd:184
And?,然后呢？,scripts/autoload/game_data/GameDataLore.gd:184
"Lamp oil. Nine casks. Mother Ilse's compliments, and ""keep the Lamp lit"".","灯油。九桶。Ilse嬷嬷的问候，外加一句""让灯一直亮着""。",scripts/autoload/game_data/GameDataLore.gd:184
Left on the table,留在桌上,scripts/autoload/game_data/GameDataLore.gd:185
"Mother Ilse is gone before the herald finishes, but she has left something on your table: a brass key to the Ninth Lamp's hall, and a note. ""You'll need this one day. I kept it warm.""","传令官还没念完，Ilse嬷嬷就走了，但她在你的桌上留下了东西：一把第九盏灯会堂的黄铜钥匙，和一张字条。""总有一天你会用到它。我一直替你捂着。""",scripts/autoload/game_data/GameDataLore.gd:186
We accept your Terms,我们接受你们的条款,scripts/autoload/game_data/GameDataLore.gd:188
"Wen reads the reply's first words again. ""We accept your Terms."" Yours. Not theirs. The Grandmaster's ledger says a voice from the deep offered them. Someone is lying, and it isn't the far side.","Wen又读了一遍回信的开头。""我们接受你们的条款。""你们的。不是他们的。大团长的账簿上说，是深处的一个声音提出了条款。有人在撒谎，而那不是彼岸。",scripts/autoload/game_data/GameDataLore.gd:189
Side by side,并排对照,scripts/autoload/game_data/GameDataLore.gd:190
"Day three: ""A voice offered terms.""","第三天：""一个声音提出了条款。""",scripts/autoload/game_data/GameDataLore.gd:191
"The last page: ""We accept your Terms.""","最后一页：""我们接受你们的条款。""",scripts/autoload/game_data/GameDataLore.gd:191
Read them both again. Slower.,再读一遍两段。慢一点。,scripts/autoload/game_data/GameDataLore.gd:191
I have. Nobody wants the last biscuit.,读过了。最后一块饼干没人要。,scripts/autoload/game_data/GameDataLore.gd:191
A polite letter,一封礼貌的信,scripts/autoload/game_data/GameDataLore.gd:192
"Safe on our side, the eldest asks which of you wrote to them first. ""Your Grandmaster's letter. It was very polite. It said: stay where you are.""","到了我们这边安全后，最年长的那位问你们当中谁最先给他们写信。""你们大团长的信。非常礼貌。上面写着：待在原地。""",scripts/autoload/game_data/GameDataLore.gd:193
Every door rang,每扇门都响了,scripts/autoload/game_data/GameDataLore.gd:194
"She remembers the night every door rang. ""We all knocked,"" she says. ""Everyone at once, on every door there was. Somebody told us someone would come.""","她记得每扇门都响起的那一夜。""我们都敲了，""她说，""所有人同时敲，敲遍了每一扇门。有人告诉我们会有人来。""",scripts/autoload/game_data/GameDataLore.gd:195
"Running, not hunting",是逃，不是猎,scripts/autoload/game_data/GameDataLore.gd:196
"A tide-wrack journal on the Glass Coast, from a guild that burned the Terms: ""Most of what came up with the tides wasn't hunting. It was running, and looking back.""","玻璃海岸上的一本潮汐残骸日志，出自一个烧掉了条款的公会：""随潮汐涌上来的大多不是在狩猎。它们在逃，还不断回头张望。""",scripts/autoload/game_data/GameDataLore.gd:197
The Choir's song,圣咏团之歌,scripts/autoload/game_data/GameDataLore.gd:198
"The Choir's song is the Accord's oath, word for word, learned from a guild that came down twenty years ago. They sing it the way the village does now, a little off-key.",圣咏团的歌就是盟约的誓言，一字不差，是从二十年前下来的一个公会那里学来的。他们的唱法和如今村里一样，有点跑调。,scripts/autoload/game_data/GameDataLore.gd:199
The mill wheel,水车,scripts/autoload/game_data/GameDataLore.gd:200
"Hollin's miller remembers the Night of Breaking. Every door in the village knocked at once, from inside the frame, three times. Then the mill wheel turned backwards until morning.",Hollin的磨坊主记得破碎之夜。村里每一扇门同时被敲响，从门框里面，三下。然后水车倒着转了一整夜，直到天亮。,scripts/autoload/game_data/GameDataLore.gd:201
"Day 10, the clerk's copy",第10天，书记员的副本,scripts/autoload/game_data/GameDataLore.gd:202
"Day 10, in the clerk's hand: ""B. asked for the deepest post, under the city. A child watched from the other side. He told her: wait there, I'll come back for you. G. let him go first.""","第10天，书记员的笔迹：""B.请求驻守最深的岗位，在那座城之下。一个孩子在另一边看着。他对她说：在那儿等着，我会回来接你。G.让他第一个去。""",scripts/autoload/game_data/GameDataLore.gd:203
Height marks,身高刻痕,scripts/autoload/game_data/GameDataLore.gd:204
"Knife-marks on a deep pillar's base, a hand's width apart, climbing: a child's height, measured every year. They stop at about the height of a girl of twelve.",深处一根石柱底部的刀痕，相隔一掌宽，逐年往上：一个孩子的身高，每年量一次。刻痕停在约十二岁女孩的高度。,scripts/autoload/game_data/GameDataLore.gd:205
Relief coming,换岗将至,scripts/autoload/game_data/GameDataLore.gd:206
"After the gate holds, someone knocks from below. Three times, then twice, then three times: the Accord's old signal for relief coming.",大门守住之后，有人从下面敲门。三下，再两下，再三下：盟约传递“换岗将至”的老信号。,scripts/autoload/game_data/GameDataLore.gd:207
A list on the wall,墙上的名单,scripts/autoload/game_data/GameDataLore.gd:208
"On the far side of the first door, someone has painted a list on the wall: names and seasons, in turns. Some of the names are ours.",在第一扇门的另一边，有人在墙上画了一份名单：名字与季节，轮流排列。其中一些名字是我们的。,scripts/autoload/game_data/GameDataLore.gd:209
Our keepers,我们的守门人,scripts/autoload/game_data/GameDataLore.gd:210
"The new recruit asked when ""our keepers"" get paid.","新来的新兵问""我们的守门人""什么时候领薪水。",scripts/autoload/game_data/GameDataLore.gd:211
Which keepers?,哪些守门人？,scripts/autoload/game_data/GameDataLore.gd:211
"The ones holding their side of the doors. She says they take turns, like ours.",守着门另一边的那些。她说他们轮班，和我们一样。,scripts/autoload/game_data/GameDataLore.gd:211
The First Signatory,首位签署人,scripts/autoload/game_data/GameDataLore.gd:212
"She is older than the Accord's last guild, and she has walked a long way. ""Your guilds took turns,"" she says. ""So did we. I held our side of the first door.""","她比盟约最后一个公会还要年长，走了很远的路。""你们的公会轮班，""她说，""我们也是。我守着第一扇门我们那一边。""",scripts/autoload/game_data/GameDataLore.gd:213
The marching order,进军令,scripts/autoload/game_data/GameDataLore.gd:215
"Orla Venn sends the contest prize with a copy of her proudest possession: the Chorus's marching order from the Night of Breaking. It is addressed to the Crown's garrison, not to the Vale.",Orla Venn随竞赛奖品附上了她最引以为豪的藏品的副本：合唱团在破碎之夜的进军令。收件方是王冠的驻军，不是山谷。,scripts/autoload/game_data/GameDataLore.gd:216
Blue stones,蓝色石头,scripts/autoload/game_data/GameDataLore.gd:217
"In the Iron Oath's drill yard one row of stones is painted royal blue. The old drillmaster's note: ""Chorus recruits stand here. They take their orders from further up.""","在钢铁誓约的操练场上，有一排石头被漆成了王室蓝。老教官的字条：""合唱团的新兵站这儿。他们听命于更上头的人。""",scripts/autoload/game_data/GameDataLore.gd:218
No collars,没有项圈,scripts/autoload/game_data/GameDataLore.gd:219
"Wen's note for the Bestiary: Sythrane's wolves wore no collars, and never once turned on her. Wolves don't do that for a crown. They do it for whoever feeds them.",Wen为怪物图鉴写的笔记：Sythrane的狼没戴项圈，却从未反咬过她。狼不会为了王冠这样做。它们只为喂养它们的人这样做。,scripts/autoload/game_data/GameDataLore.gd:220
The Ashen Wolves,灰烬狼群,scripts/autoload/game_data/GameDataLore.gd:221
Kael asks for work,Kael来求职,scripts/autoload/game_data/GameDataLore.gd:221
"Kael Ashborn asks for a job, and for once says why. ""My wolves fed the Ashen Crown for ten years. Somebody has to feed them now, and it shouldn't be that.""","Kael Ashborn来找活干，难得说了原因。""我的狼供养了灰烬王冠十年。现在总得有人喂它们，而那不该是王冠。""",scripts/autoload/game_data/GameDataLore.gd:222
The first page,第一页,scripts/autoload/game_data/GameDataLore.gd:223
"The First Signatory unfolds a page she has carried for twenty years: the Terms' first line. Above forty signatures, in red wax, is a seal: a crowned door.",首位签署人展开一页她带了二十年的纸：条款的第一行。在四十个签名之上，红色火漆上压着一枚印章：一扇戴冠的门。,scripts/autoload/game_data/GameDataLore.gd:224
The same seal,同一枚印章,scripts/autoload/game_data/GameDataLore.gd:225
The Warden's ring. I've seen this seal before.,守卫官的戒指。我以前见过这枚印章。,scripts/autoload/game_data/GameDataLore.gd:226
Where?,在哪儿？,scripts/autoload/game_data/GameDataLore.gd:226
On the Terms. Above every signature.,在条款上。每个签名的上方。,scripts/autoload/game_data/GameDataLore.gd:226
A royal stipend,王室津贴,scripts/autoload/game_data/GameDataLore.gd:227
"Quiet Coin's last ledger: a royal stipend, paid to the Grandmaster every year since the Night of Breaking, ""for keeping the doors"". It stops the year she fell.","静默之币的最后一本账：一笔王室津贴，自破碎之夜起每年付给大团长，""用于守门""。在她倒下的那一年停止了。",scripts/autoload/game_data/GameDataLore.gd:228
Copies for a copper,一铜币一份,scripts/autoload/game_data/GameDataLore.gd:229
"A wanderer at the rift's mouth sells copies of a page for a copper each: the Terms' first line, and above it, a crowned seal. Nobody buys one. Dobbs buys three.",裂隙口的一个流浪者兜售某页纸的副本，一铜币一份：条款的第一行，上方是一枚戴冠的印章。没人买。Dobbs买了三份。,scripts/autoload/game_data/GameDataLore.gd:230
Recalled,被召回,scripts/autoload/game_data/GameDataLore.gd:231
"P.S. My cousin has been recalled to the capital. Something about a seal, a ring, and questions he would rather not answer. The Lance is, of course, above such things.",附：我的表兄已被召回王都。似乎和一枚印章、一枚戒指以及一些他不愿回答的问题有关。长枪团当然超然于这类事之上。,scripts/autoload/game_data/GameDataLore.gd:232
The Grandmaster's ledger,大团长的账簿,scripts/autoload/game_data/GameDataLore.gd:238
A voice from the deepest rift offered terms.,最深的裂隙中有个声音提出了条款。,scripts/autoload/game_data/GameDataLore.gd:239
The posts hold the Hollow back.,岗位挡住了空洞。,scripts/autoload/game_data/GameDataLore.gd:240
All the Grandmaster wanted was more time.,大团长想要的只是更多时间。,scripts/autoload/game_data/GameDataLore.gd:241
"She had a fever on the Night of Breaking, and missed it.",破碎之夜她在发烧，所以错过了。,scripts/autoload/game_data/GameDataLore.gd:243
The Grandmaster sent her home to spare her.,大团长送她回家，是为了保全她。,scripts/autoload/game_data/GameDataLore.gd:244
She copied the Terms without reading them.,她誊抄条款时没有读过。,scripts/autoload/game_data/GameDataLore.gd:245
"Marshal Orla Venn, the Iron Chorus",钢铁合唱团，元帅Orla Venn,scripts/autoload/game_data/GameDataLore.gd:246
The Hollow attacked the Vale.,空洞袭击了山谷。,scripts/autoload/game_data/GameDataLore.gd:247
Vaelith was a deserter who doomed her post.,Vaelith是个害了自己岗位的逃兵。,scripts/autoload/game_data/GameDataLore.gd:248
The Crown saved the Vale by paying for the posts.,王冠出钱维持岗位，拯救了山谷。,scripts/autoload/game_data/GameDataLore.gd:249
"Mother Ilse, the Last Lantern",末灯会，Ilse嬷嬷,scripts/autoload/game_data/GameDataLore.gd:250
The Grandmaster betrayed the guilds.,大团长背叛了各公会。,scripts/autoload/game_data/GameDataLore.gd:251
The Hollow Crown Company opens rifts for profit.,空洞王冠佣兵团为牟利打开裂隙。,scripts/autoload/game_data/GameDataLore.gd:252
Someone pays Morrow to do it.,有人付钱让Morrow这么干。,scripts/autoload/game_data/GameDataLore.gd:253
"Captain Morrow, the Hollow Crown Company",空洞王冠佣兵团，Morrow队长,scripts/autoload/game_data/GameDataLore.gd:254
"There is no Hollow, only doors and whoever holds the keys.",没有什么空洞，只有门，和持有钥匙的人。,scripts/autoload/game_data/GameDataLore.gd:255
He works for nobody but himself.,他只为自己干活。,scripts/autoload/game_data/GameDataLore.gd:256
Every guild sells rifts; his just keeps receipts.,每个公会都在卖裂隙；他只是留着收据。,scripts/autoload/game_data/GameDataLore.gd:257
"Ser Aldric Vane, the Gilded Lance",镀金长枪团，Aldric Vane爵士,scripts/autoload/game_data/GameDataLore.gd:258
"The guilds sold too much Essence, and the Hollow came to collect.",各公会卖了太多精华，空洞来讨债了。,scripts/autoload/game_data/GameDataLore.gd:259
"His cousin, the Warden of Rifts, keeps the Vale safe.",他的表兄，裂隙守卫官，守护着山谷的安全。,scripts/autoload/game_data/GameDataLore.gd:260
The key that opens rifts is a myth.,能打开裂隙的钥匙只是传说。,scripts/autoload/game_data/GameDataLore.gd:261
"Kael Ashborn, the Ashen Wolves",灰烬狼群，Kael Ashborn,scripts/autoload/game_data/GameDataLore.gd:262
The Hollow is hunger: you feed it or you burn it.,空洞就是饥饿：要么喂它，要么烧了它。,scripts/autoload/game_data/GameDataLore.gd:263
The Ashen Crown kept the Vale alive.,灰烬王冠让山谷活了下来。,scripts/autoload/game_data/GameDataLore.gd:264
His wolves owe nobody.,他的狼不欠任何人。,scripts/autoload/game_data/GameDataLore.gd:265
The Hollow's people,空洞的居民,scripts/autoload/game_data/GameDataLore.gd:266
"They knocked, everyone at once, on every door.",他们敲了门，所有人同时，敲遍每一扇门。,scripts/autoload/game_data/GameDataLore.gd:267
Someone on this side wrote to them first.,这边有人最先给他们写了信。,scripts/autoload/game_data/GameDataLore.gd:268
They were promised someone would come back.,他们得到过承诺，会有人回来。,scripts/autoload/game_data/GameDataLore.gd:269
"P.S. Keep your walls up. The Hollow came for the Vale once, the night the old guilds fell, and it will come again.",附：守好你们的城墙。旧公会陨落的那一夜，空洞来过山谷一次，它还会再来。,scripts/autoload/game_data/GameDataLore.gd:276
P.S. Remember who paid for the posts. The Crown kept the Vale alive when the guilds could not. The Chorus remembers.,附：记住是谁为岗位付的钱。公会无能为力时，是王冠让山谷活了下来。合唱团记得。,scripts/autoload/game_data/GameDataLore.gd:278
"P.S. Whatever they tell you about the old guilds, remember that they were betrayed by the one they trusted most. I knew her.",附：不管他们怎么跟你说那些旧公会，记住，他们是被自己最信任的人背叛的。我认识她。,scripts/autoload/game_data/GameDataLore.gd:280
"P.S. Watch the Hollow Crown Company. Count the rifts that open on their roads, and the contracts that follow.",附：盯着空洞王冠佣兵团。数一数他们路上开启的裂隙，以及随之而来的契约。,scripts/autoload/game_data/GameDataLore.gd:281
P.S. Morrow hasn't the coin to do what he does. Someone pays him. I'm still finding out who.,附：Morrow没那么多钱干他干的事。有人在付钱给他。我还在查是谁。,scripts/autoload/game_data/GameDataLore.gd:282
"P.S. There's no Hollow, friend. There are doors, and whoever holds the keys. The rest is sermons.",附：朋友，没有什么空洞。只有门，和持有钥匙的人。其余都是布道。,scripts/autoload/game_data/GameDataLore.gd:284
P.S. And before you ask: I work for nobody but myself. Ask anyone.,附：在你问之前先说清楚：我只为自己干活。随便问谁。,scripts/autoload/game_data/GameDataLore.gd:285
P.S. Every guild sells rifts. Mine just keeps receipts.,附：每个公会都在卖裂隙。我的只是留着收据。,scripts/autoload/game_data/GameDataLore.gd:286
"P.S. My grandfather said the old guilds sold too much Essence to too many buyers, and the Hollow came to collect. Grandfather was rarely wrong.",附：我祖父说，旧公会把太多精华卖给了太多买家，于是空洞来讨债了。祖父很少出错。,scripts/autoload/game_data/GameDataLore.gd:288
"P.S. And no, there is no key that opens rifts. That's a story for children and smugglers.",附：还有，没有什么能打开裂隙的钥匙。那是讲给小孩和走私者听的故事。,scripts/autoload/game_data/GameDataLore.gd:290
P.S. The Hollow is a mouth. You feed it or you burn it. My wolves know which.,附：空洞是一张嘴。要么喂它，要么烧了它。我的狼知道该选哪个。,scripts/autoload/game_data/GameDataLore.gd:292
P.S. Say what you like about the Ashen Crown. For ten years nobody in the ash starved. Count that.,附：随你怎么说灰烬王冠。十年来灰烬之中没有人饿死。记上这一笔。,scripts/autoload/game_data/GameDataLore.gd:293
"P.S. And my wolves owe nobody. Not the Crown, not the old guilds, not you.",附：而且我的狼不欠任何人。不欠王冠，不欠旧公会，也不欠你。,scripts/autoload/game_data/GameDataLore.gd:294
"Did you read the Terms, back then?",那时候你读过条款吗？,scripts/autoload/game_data/GameDataLore.gd:296
I copied them. A clerk copies. Reading is for the people who sign.,我誊抄过。书记员负责誊抄。阅读是签字的人的事。,scripts/autoload/game_data/GameDataLore.gd:296
Vaelith's Breach,Vaelith的裂口,scripts/autoload/game_data/GameDataLore.gd:302
"Vaelith is down on one knee at the mouth of the Breach. She isn't looking at your heroes. She is listening to something behind it, and you know now what it is.",Vaelith单膝跪在裂口前。她没有看你的英雄。她在听裂口后面的某样东西，而你现在知道那是什么了。,scripts/autoload/game_data/GameDataLore.gd:303
Let go,放手,scripts/autoload/game_data/GameDataLore.gd:305
"Your heroes lower their weapons. Vaelith looks at them for a long moment, then walks back into the Breach on her own feet. At dawn she comes out carrying a child wrapped in her cloak, and does not explain. She asks for work.

(Vaelith joins as a champion. No relic from this finale, and half its Essence.)","你的英雄放下了武器。Vaelith久久地看着他们，然后自己走回了裂口。黎明时分她走了出来，斗篷里裹着一个孩子，什么也没解释。她来找活干。

（Vaelith作为勇者加入。本终章无遗物，精华减半。）",scripts/autoload/game_data/GameDataLore.gd:306
"The Breach closes behind Vaelith, by her own hand this time. Under her cloak is an Accord badge with the oath scratched out: she was one of them, and she left her post. Whatever the old guilds did that night, she has been undoing it. Greater Rifts are open to your guild.",这一次，裂口在Vaelith身后由她亲手关上。她斗篷下有一枚盟约徽章，誓言已被刮去：她曾是他们中的一员，并离开了岗位。无论旧公会那一夜做了什么，她一直在将其撤销。大型裂隙已向你的公会开放。,scripts/autoload/game_data/GameDataLore.gd:307
"The Grandmaster's clerk, who wrote the Terms out fair and ran from them. Twenty years later she came back and signed the forty-first line herself, for %s.",大团长的书记员，誊清了条款，又逃离了它们。二十年后她回来了，为%s亲自签下了第四十一行。,scripts/autoload/game_data/GameDataLore.gd:312
Tell Wen to keep the books straight. Tell Dobbs the green ink is in the bottom drawer. Tell %s it was my turn.,告诉Wen把账记清楚。告诉Dobbs绿墨水在最下面的抽屉里。告诉%s，轮到我了。,scripts/autoload/game_data/GameDataLore.gd:313
"Wen finds the last page of the Grandmaster's ledger stuck to the back cover, in a hand neither she nor Dobbs knows. It is a reply. ""We accept your Terms. Hold your doors, and we will not come through them. Our sky is falling. We will not ask again."" Wen reads it twice and puts on her coat.","Wen在大团长账簿的封底内侧发现了粘着的最后一页，笔迹她和Dobbs都不认识。是一封回信。""我们接受你们的条款。守住你们的门，我们就不会穿过它们。我们的天空在坠落。我们不会再问第二次。""Wen读了两遍，穿上了外套。",scripts/autoload/game_data/GameDataLore.gd:316
"There is a third way. Hesper left the forty-second line open before she signed: rewrite the Terms, and the posts are held in turns. She would come home.",还有第三条路。Hesper在签字之前留空了第四十二行：改写条款，岗位便可轮班坚守。她就能回家了。,scripts/autoload/game_data/GameDataLore.gd:317
"Your guild climbs down to the forty-first post with the Terms, and Hesper writes the forty-second line there, in her own hand, because hers is the only one the Terms accept: the posts are held in turns. Then she climbs out with you. The forty in the pillars walk home, and nobody holds the Hollow alone any more.

(Riftbreaks have ended, every champion of this guild is free, Hesper is home, and the old Accord halls can be restored.)","你的公会带着条款下到第四十一号岗位，Hesper在那里亲手写下第四十二行，因为条款只接受她的笔迹：岗位轮班坚守。然后她和你们一起爬了出来。石柱中的四十人走回了家，再也没有人独自挡住空洞。

（裂隙崩溃已终结，本公会的所有勇者获得自由，Hesper回家了，古老的盟约大厅可以修复。）",scripts/autoload/game_data/GameDataLore.gd:318
"Wen finds it while copying the last page: a line in the margin, in a smaller, neater hand than the Grandmaster's. ""If a guild ever has to choose, there is a forty-second line. Ask the clerk."" Wen asks Dobbs who the Grandmaster's clerk was. Dobbs looks at the empty fourth chair at the pay table, and doesn't answer.","Wen在誊抄最后一页时发现了它：页边的一行字，笔迹比大团长的更小、更工整。""若有哪个公会不得不做出选择，还有第四十二行。去问书记员。""Wen问Dobbs大团长的书记员是谁。Dobbs看着发薪桌旁空着的第四把椅子，没有回答。",scripts/autoload/game_data/GameDataLore.gd:319
"A letter comes up from the forty-first post, in green ink. ""I was the clerk. I wrote her letters and her contracts, and I wrote the Terms out fair: forty-one lines. The night they were signed, she sent me home with a note that said I had a fever. I kept the note. I never told %s. I'm telling you. H.""","一封信从第四十一号岗位传了上来，用绿墨水写的。""我就是那个书记员。我替她写信、写契约，也誊清了条款：四十一行。签约那晚，她给了我一张说我在发烧的字条，把我送回了家。字条我留着。我从没告诉过%s。现在我告诉你们。H.""",scripts/autoload/game_data/GameDataLore.gd:320
"Another letter from the post, in green ink. ""There was a line under the forty-first. She made me leave it blank. It says the Terms can be changed, once, by a guild that has both kept them and broken them, and a guild is everyone who came before it. %s kept them. %s burned them. Write the forty-second line, and come and fetch me. H.""","岗位又来了一封绿墨水写的信。""第四十一行下面还有一行。她让我留空。上面写着，条款可以被更改一次，由一个既守护过它又打破过它的公会来改，而一个公会包括它之前的所有人。%s守护了它。%s烧掉了它。写下第四十二行，然后来接我。H.""",scripts/autoload/game_data/GameDataLore.gd:321
"Another letter from the post, in green ink. ""There was a line under the forty-first. She made me leave it blank. It says the Terms can be changed, once, by a guild that has both kept them and broken them, and a guild is everyone who came before it. None of ours has done both yet. H.""","岗位又来了一封绿墨水写的信。""第四十一行下面还有一行。她让我留空。上面写着，条款可以被更改一次，由一个既守护过它又打破过它的公会来改，而一个公会包括它之前的所有人。我们的公会还没有一个两者都做到。H.""",scripts/autoload/game_data/GameDataLore.gd:322
"Morrow's contracts start arriving on your board, generous ones. Wen reads the first, folds it, and doesn't write anything down. She doesn't have to.

(Contracts pay 25% more Gold for the rest of the campaign.)","Morrow的契约开始出现在你的告示板上，都很慷慨。Wen读完第一份，叠起来，什么也没记。她不需要记。

（本战役剩余时间内契约多付25%金币。）",scripts/autoload/game_data/GameDataLore.gd:323
"Wen holds it a long time, then sends it down to the forty-first post. It comes back with a note in green ink: ""That was the Grandmaster, before. Give it to the village."" They give it to the village.","Wen拿着它很久，然后把它送到了第四十一号岗位。它带着一张绿墨水字条回来了：""那是从前的大团长。把它交给村子吧。""他们把它交给了村子。",scripts/autoload/game_data/GameDataLore.gd:324
"The Iron Oath trained shield-walls. Their drill yard is still marked out in white stones, and Dobbs walks it once, end to end, counting, before he lets the recruits in.",钢铁誓约曾训练盾墙。他们的操练场仍用白石标着界线，Dobbs先从头到尾走了一遍，边走边数，才让新兵进去。,scripts/autoload/game_data/GameDataLore.gd:325
"Dobbs pays for the climb down out of Morrow's old contracts, and doesn't say where the money came from. Wen writes it down anyway.",Dobbs用Morrow旧契约的钱支付了下行的开销，没说钱从哪来。Wen还是记了下来。,scripts/autoload/game_data/GameDataLore.gd:326
"Wen keeps the guild's chronicle and Dobbs keeps its books. Old Hesper, the last of an Accord guild, holds the forty-first post; her letters come up in green ink.",Wen记录公会的编年史，Dobbs管账。老Hesper，某个盟约公会的最后一人，守着第四十一号岗位；她的信都用绿墨水写成。,scripts/autoload/game_data/GameDataLore.gd:327
I keep setting four cups.,我总是摆四个杯子。,scripts/autoload/game_data/GameDataLore.gd:330
Send one down to the post.,送一杯下去给岗位。,scripts/autoload/game_data/GameDataLore.gd:330
It'd be cold by the time it got there.,送到时早就凉了。,scripts/autoload/game_data/GameDataLore.gd:330
She'd drink it anyway.,她还是会喝的。,scripts/autoload/game_data/GameDataLore.gd:330
"Morrow, turned",倒戈的Morrow,scripts/autoload/game_data/GameDataLore.gd:339
The Charter War,特许状之争,scripts/autoload/game_data/GameDataLore.gd:339
"You don't take the page to the herald. You take it to Morrow, with the second column showing, and the coin. He reads it, counts the coin, and laughs for a long time. ""The Treasury's man, bought by a guild. Fine. I was tired of their calendar.""

(Morrow joins your guild as a Rank S rogue on double wages, and the Company stops hunting. Miss his pay once and he's gone. The Crown will remember at its hearing.)","你没有把那页纸交给传令官。你把它带给了Morrow，露出第二栏，还带着钱。他读完，数了数钱，笑了很久。""国库的人，被一个公会收买了。行。我早就受够他们的日历了。""

（Morrow以阶级S盗贼的身份加入你的公会，领双倍薪水，佣兵团不再追杀。漏发一次薪水他就会走。王冠会在听证会上记住这件事。）",scripts/autoload/game_data/GameDataLore.gd:340
By Royal Hand,凭王室之手,scripts/autoload/game_data/GameDataLore.gd:347
The Crown's hearing,王冠的听证会,scripts/autoload/game_data/GameDataLore.gd:347
"The herald's list has another guild's name at the top. The Warden of Rifts' office, you happen to know, has a price, and a cousin who once mislaid a key.",传令官的名单最上面是另一个公会的名字。碰巧你知道，裂隙守卫官的官署有个价码，还有个曾经弄丢钥匙的表兄。,scripts/autoload/game_data/GameDataLore.gd:348
"The Royal Charter is yours, at a price",王室特许状归你了，但有代价,scripts/autoload/game_data/GameDataLore.gd:350
"The herald clears his throat, turns his list over, and reads your name off the back of it. Nobody shakes your hand.

(Contracts pay 10% more Gold and Essence. A bought Charter earns no Laurels, and the Crown's auditors will come in Act IV.)","传令官清了清嗓子，把名单翻过来，从背面念出了你的名字。没人和你握手。

（契约多付10%金币和精华。买来的特许状不会获得桂冠，王冠的审计官将在第四幕到来。）",scripts/autoload/game_data/GameDataLore.gd:351
The Crown's auditors,王冠的审计官,scripts/autoload/game_data/GameDataLore.gd:352
Act IV,第四幕,scripts/autoload/game_data/GameDataLore.gd:352
"Two clerks in grey arrive with the Warden's seal and go through Dobbs's books for three days. They leave with a fifth of the vault and a receipt.

(-20% of your Gold.)","两名灰衣书记员带着守卫官的印章到来，把Dobbs的账翻查了三天。他们带走了金库的五分之一，留下一张收据。

（损失20%金币。）",scripts/autoload/game_data/GameDataLore.gd:353
The key,钥匙,scripts/autoload/game_data/GameDataLore.gd:358
"Morrow's key is on the table: old iron with the Accord's sigil, warm in a way iron shouldn't be. It opens any rift's door, from either side. Pip wants it back. Wen wants it in the river.",Morrow的钥匙放在桌上：老铁打的，刻着盟约的徽记，带着一种铁不该有的温热。它能从任意一边打开任何裂隙的门。Pip想要回去。Wen想把它扔进河里。,scripts/autoload/game_data/GameDataLore.gd:359
"The key, kept",保留钥匙,scripts/autoload/game_data/GameDataLore.gd:361
"The key goes on a cord round the quartermaster's neck. Dobbs says it hums when a rift is near, and it does.

(Choose each rift's region in the Rift Hall. Every Riftbreak comes a rank higher: the doors know who has the key.)","钥匙用绳子挂在了军需官的脖子上。Dobbs说裂隙靠近时它会嗡嗡作响，确实如此。

（在裂隙大厅中自选每个裂隙的地区。每次裂隙崩溃都会高一个阶级：门知道钥匙在谁手里。）",scripts/autoload/game_data/GameDataLore.gd:362
"The key, broken",折断钥匙,scripts/autoload/game_data/GameDataLore.gd:363
"It takes the smith, two hammers and most of a morning. When the key breaks, every dog in the Vale barks at once, then stops.

(+5 Renown. Riftbreaks warn you a day earlier. The Grandmaster's Hall will have to be forced open, at a quarter more.)","这花了铁匠、两把锤子和大半个上午。钥匙断开的那一刻，山谷里所有的狗同时叫了起来，然后又停了。

（+5声望。裂隙崩溃提前一天预警。大团长的大厅将不得不强行打开，花费多四分之一。）",scripts/autoload/game_data/GameDataLore.gd:364
"The last hall is the one the Accord was sworn in. Its doors open for no key now; the guild forces them with bars and patience. Inside is a long table, forty-one chairs, and one that someone has dusted every year. The Vale has its keepers again.",最后一座大厅是盟约宣誓成立的地方。如今它的门不为任何钥匙打开；公会用撬棍和耐心把门撬开。里面是一张长桌、四十一把椅子，其中一把有人每年都擦拭过。山谷再次有了守护者。,scripts/autoload/game_data/GameDataLore.gd:365
"

He holds the lantern out to you, open. You know now what's in it, and that the echoes in your vault would fit.","

他把灯笼递向你，敞开着。你现在知道里面是什么了，也知道你金库里的回响正好装得下。",scripts/autoload/game_data/GameDataLore.gd:370
What the Rifts Take,裂隙夺走之物,scripts/autoload/game_data/GameDataLore.gd:371
"You pour the vault's kept echoes into Ezra's lantern, one crystal at a time. The heroes they touched sit down, suddenly tired, and look lighter. Ezra bows, which nobody in the Vale has seen him do, and gives you the Ninth Lamp's own reckoning of what Essence is worth.

(Contracts pay 10% more Essence for the rest of the campaign. The Vale will remember what you gave.)","你把金库里保留的回响一块一块倒进Ezra的灯笼。被它们触动过的英雄坐了下来，突然很累，却显得轻松了。Ezra鞠了一躬——山谷里从没人见他这样做过——并把第九盏灯对精华价值的估算交给了你。

（本战役剩余时间内契约多付10%精华。山谷会记住你给予的东西。）",scripts/autoload/game_data/GameDataLore.gd:372
Brannoch's door,Brannoch的门,scripts/autoload/game_data/GameDataLore.gd:386
The Inverted City,倒悬之城,scripts/autoload/game_data/GameDataLore.gd:386
"Under the City, at the deepest door, a knight in chains is still holding. Brannoch. He promised a child on the other side he would come back for her, and he never left the door to do it.",在城市之下，最深的那扇门前，一位戴着锁链的骑士仍在坚守。Brannoch。他答应过门另一边的一个孩子会回去接她，却从未为此离开过那扇门。,scripts/autoload/game_data/GameDataLore.gd:387
Still holding,仍在坚守,scripts/autoload/game_data/GameDataLore.gd:389
"You tell him she's grown, and safe, and waiting on our side. He laughs, once, and sets his shoulder against the door again. ""Then it can wait for me a little longer.""

(The City's gate holds: Act VI's gate objective is met. Brannoch stays at his post.)","你告诉他，她已经长大了，很安全，正在我们这边等着。他笑了一声，又把肩膀抵回门上。""那就让它再多等我一会儿吧。""

（城市的大门守住了：第六幕的大门目标已达成。Brannoch留守岗位。）",scripts/autoload/game_data/GameDataLore.gd:390
Relieved,换岗,scripts/autoload/game_data/GameDataLore.gd:391
"Your heroes take the door's weight together, and Brannoch steps out of the light for the first time in twenty years. The door shudders. Something on the other side has noticed.

(Brannoch joins as a champion. The City's gate will come at Rank SS.)","你的英雄们一起扛住了门的重量，Brannoch二十年来第一次走出了光。门在颤抖。另一边有什么东西注意到了。

（Brannoch作为勇者加入。城市的大门将在阶级SS到来。）",scripts/autoload/game_data/GameDataLore.gd:392
The Choir sings,圣咏团歌唱,scripts/autoload/game_data/GameDataLore.gd:397
A crossing,一次越界,scripts/autoload/game_data/GameDataLore.gd:397
"They sing the Accord's oath in the square, badly and beautifully, and the whole village joins in the second verse. The song carries. Far below, something hears it.

(+5 Renown and +15 morale for every hero. A Riftbreak swells in two days.)","他们在广场上唱起盟约的誓言，唱得很糟，也很美，全村人在第二段时都跟着唱了起来。歌声传得很远。在极深的下方，有什么听见了。

（+5声望，每位英雄+15士气。两天后将有一次裂隙崩溃膨胀。）",scripts/autoload/game_data/GameDataLore.gd:398
"An old woman at the door, with a satchel she won't let go of. She says she signed for her side, once, and has come to see who signed for ours.",门口有一位老妇人，挎着一个怎么也不肯松手的挎包。她说她曾为她那一边签过字，这次是来看看是谁为我们这边签的字。,scripts/autoload/game_data/GameDataLore.gd:404
"She joins as a Hollow-born Rank A cleric, and opens her satchel",她以空洞出生的阶级A牧师身份加入，并打开了她的挎包,scripts/autoload/game_data/GameDataLore.gd:405
+300 Gold: the Crown pays three times the usual for this one,+300金币：王冠为这一个付了平常的三倍,scripts/autoload/game_data/GameDataLore.gd:405
The first signature,第一个签名,scripts/autoload/game_data/GameDataLore.gd:418
Epilogue,尾声,scripts/autoload/game_data/GameDataLore.gd:418
"The Crown's herald has come to the Vale to read the new Royal Charter in the square. Wen has the Terms' first page in her satchel, with the Crown's seal above every name. The square is full. Everyone is waiting for someone to speak.",王冠的传令官来到山谷，要在广场上宣读新的王室特许状。Wen的挎包里装着条款的第一页，每个名字上方都有王冠的印章。广场上挤满了人。所有人都在等有人开口。,scripts/autoload/game_data/GameDataLore.gd:419
Read aloud,当众宣读,scripts/autoload/game_data/GameDataLore.gd:422
"Wen reads the first page in the square, slowly, so the back rows can hear. The herald leaves before she finishes. By winter the Charter is gone from every wall, and the villages choose their own guilds at a moot.

(+30 Laurels. In every later guild: the Crown's hearing is the Vale's Moot, contracts pay 10% less Gold, rifts 10% less Essence, guilds earn 10% more Laurels, and Hollow-born heroes come from the start.)","Wen在广场上宣读了第一页，读得很慢，好让后排的人也听得见。她还没读完，传令官就走了。到了冬天，特许状从每一面墙上消失，各村在集会上选出自己的公会。

（+30桂冠。之后的每个公会：王冠的听证会改为山谷集会，契约金币减少10%，裂隙精华减少10%，公会获得的桂冠增加10%，空洞出生的英雄从一开始就会出现。）",scripts/autoload/game_data/GameDataLore.gd:423
Burned,烧毁,scripts/autoload/game_data/GameDataLore.gd:424
"The page burns green, like the Terms did. The herald reads the Charter to a quiet square and leaves your guild a letter of thanks with a pension in it. Nobody mentions the smell of smoke.

(+30 Laurels, and 1,000 Gold every 28 days for this guild. In every later guild: royal patronage, contracts pay 15% more Gold, the Crown takes a tenth of the vault every 28 days, and the Iron Chorus is always the rival.)","那页纸燃起绿色的火焰，就像当年的条款一样。传令官向一片安静的广场宣读了特许状，给你的公会留下一封感谢信，里面附着一笔年金。没人提起烟味。

（+30桂冠，本公会每28天获得1,000金币。之后的每个公会：王室资助，契约多付15%金币，王冠每28天拿走金库的十分之一，钢铁合唱团始终是对手。）",scripts/autoload/game_data/GameDataLore.gd:425
The Vale's Moot,山谷集会,scripts/autoload/game_data/GameDataLore.gd:428
The villages choose your guild,各村选择了你的公会,scripts/autoload/game_data/GameDataLore.gd:428
"Every village sends someone to the moot, and the show of hands isn't close. No herald, no seal: the Vale's own say-so hangs in your hall.

(Wages are 10% lower: heroes want to work for the Vale's guild.)","每个村子都派人来参加集会，举手表决毫无悬念。没有传令官，没有印章：山谷自己的决定挂在了你的大厅里。

（薪水降低10%：英雄们都想为山谷的公会效力。）",scripts/autoload/game_data/GameDataLore.gd:429
The villages choose %s,各村选择了%s,scripts/autoload/game_data/GameDataLore.gd:430
"The moot is long, and loud, and %s takes it. The villages will bring their troubles to another door for a while. The rifts don't care whose name the villages call.",集会冗长而喧闹，最终%s胜出。各村会有一段时间把麻烦带到别家门前。裂隙可不在乎各村喊的是谁的名字。,scripts/autoload/game_data/GameDataLore.gd:431
A notice on every guild door in the Vale,山谷中每个公会门上都贴着一张告示,scripts/autoload/game_data/GameDataLore.gd:433
"At the end of the year the villages will hold a moot and choose the guild they trust most. Until then, every guild works for its Renown.

The loudest of them, %s, led by %s, has noticed your guild.","年末各村将举行集会，选出他们最信任的公会。在那之前，每个公会都为声望而努力。

其中呼声最高的%s，由%s率领，已经注意到了你的公会。",scripts/autoload/game_data/GameDataLore.gd:434
"The Spire, falling",崩塌的尖塔,scripts/autoload/game_data/GameDataLore.gd:444
The Drowned Spire,淹没尖塔,scripts/autoload/game_data/GameDataLore.gd:444
"Nyxara is gone, and the Spire is going after her. The Accord's archive is still on its shelves: every contract, every name, every oath, three hundred years of them. Down the hill the same water is heading for Hollin, and Hollin has a mill, a mill race and forty houses. Your heroes can carry one of them out.",Nyxara已经消失，尖塔正随她而去。盟约的档案仍在架上：每一份契约、每一个名字、每一条誓言，三百年的积累。山下，同样的水正涌向Hollin，而Hollin有一座磨坊、一条水渠和四十户人家。你的英雄只能救出其中一样。,scripts/autoload/game_data/GameDataLore.gd:445
"The archive, carried out",运出档案,scripts/autoload/game_data/GameDataLore.gd:447
"Your heroes come down the Spire with the shelves on their backs and the water at their heels. Wen spends a week drying pages on every line in the camp. Hollin floods to the eaves. Nobody died, the miller says, which is not the same as nobody being hurt.

(-6 Renown. Ledger pages and the Vale's story turn up half again as often for the rest of this guild.)","你的英雄背着书架走下尖塔，水追在脚后。Wen花了一周时间在营地的每根绳子上晾干书页。Hollin被淹到了屋檐。磨坊主说没人死，但这不等于没人受伤。

（-6声望。本公会剩余时间内，账簿残页和山谷的故事出现频率提高一半。）",scripts/autoload/game_data/GameDataLore.gd:448
"Hollin, kept dry",保住Hollin,scripts/autoload/game_data/GameDataLore.gd:449
"Your heroes spend the night on the mill race with spades and doors torn off their hinges, and by morning the water goes round Hollin instead of through it. Behind them the Spire folds into the marsh with everything the Accord ever wrote down. Wen watches it go and doesn't say anything for a long time.

(+8 Renown. Hollin will remember.)","你的英雄在水渠上守了一夜，用铁锹和从铰链上拆下的门板，到早上，水绕过了Hollin而不是穿村而过。在他们身后，尖塔连同盟约写下的一切一起折进了沼泽。Wen看着它消失，很久都没说话。

（+8声望。Hollin会记住的。）",scripts/autoload/game_data/GameDataLore.gd:450
"The Spire crumbles into the black water, and Nyxara with it, but not before your guild has carried out its shelves. Most of it is contracts. One book is in the Grandmaster's hand, and it says the guilds did not fall that night. They made a bargain. Beneath the Spire, something vast stirs: a rift with no bottom, lit by pillars of light. The Endless Rift is open to your guild.",尖塔崩落进黑水之中，Nyxara也随之而去，但在那之前你的公会已经搬出了它的书架。大部分是契约。有一本是大团长的手迹，书中说那一夜各公会并没有陨落。他们做了一笔交易。尖塔之下，某种庞然之物在蠢动：一个没有底的裂隙，被光柱照亮。无尽裂隙已向你的公会开放。,scripts/autoload/game_data/GameDataLore.gd:451
"Wen has read the archive's copies of the Terms, clause by clause. She knows what they are made of now, and so do your heroes.

(Act IV's finale is 5% weaker.)","Wen逐条读过了档案里的条款副本。她现在知道它们是由什么构成的，你的英雄也知道了。

（第四幕终章减弱5%。）",scripts/autoload/game_data/GameDataLore.gd:453
"Word comes down from Hollin before you open the door: whoever comes through, Hollin will take them in.

(Letting a crossing through costs no Renown.)","在你开门之前，Hollin传来了消息：无论谁穿越过来，Hollin都会收留他们。

（放行越界者不损失声望。）",scripts/autoload/game_data/GameDataLore.gd:454
"Dobbs pays for the climb down out of Morrow's old contracts, and doesn't say where the money came from. Hesper does.",Dobbs用Morrow旧契约的钱支付了下行的开销，没说钱从哪来。Hesper说了。,scripts/autoload/game_data/GameDataLore.gd:458
"At the back of the square stands Mother Ilse, who brought you the first page of all this. She catches Wen's eye and nods, once.",广场后方站着Ilse嬷嬷，正是她给你带来了这一切的第一页。她和Wen对上了目光，点了一下头。,scripts/autoload/game_data/GameDataLore.gd:459
"Morrow reads the seal over Wen's shoulder and laughs, the way he did when you bought him. ""Told you. Someone always pays.""","Morrow越过Wen的肩膀读了印章，笑了起来，就像你收买他的那天一样。""早说过了。总有人付钱。""",scripts/autoload/game_data/GameDataLore.gd:460
"A letter under the Crown's seal follows you down: the Charter's holder will turn every crossing back. The bounty is doubled while you hold it.

(Turning a crossing back pays double.)","一封盖着王冠印章的信追着你下来了：特许状持有者须遣返每一次越界。持有期间赏金翻倍。

（遣返越界者的报酬翻倍。）",scripts/autoload/game_data/GameDataLore.gd:461
"%s holds the Charter, so the Crown has sent them down as well. Their banners are on the Glass Coast before yours, and the doors near their camp are already shut.",%s持有特许状，所以王冠也把他们派了下来。他们的旗帜比你的先插上玻璃海岸，他们营地附近的门已经关上了。,scripts/autoload/game_data/GameDataLore.gd:462
Vaelith comes to the door before anyone calls her. The smallest of the five lets go of the line and runs to her.,还没人叫她，Vaelith就来到了门前。五个人里最小的那个松开了队伍，向她跑去。,scripts/autoload/game_data/GameDataLore.gd:463
"They ask after a pale man with a lantern. Wen tells them what you poured into it. The eldest closes her eyes, listens to something none of you can hear, and says some of theirs are home.",他们打听一个提着灯笼的苍白男子。Wen告诉他们你往灯笼里倒了什么。最年长的那位闭上眼睛，听着你们谁都听不见的东西，然后说他们的一些人回家了。,scripts/autoload/game_data/GameDataLore.gd:464
"The first winter nobody comes up. The doors stand open on an empty shore, and your guild learns how to wait.",第一个冬天没有人上来。门在空荡荡的岸边敞开着，你的公会学会了等待。,scripts/autoload/game_data/GameDataLore.gd:467
"The first of them to come up are met at the doors by the ones you let through before, holding lamps and calling down in their own language.",最先上来的那些人，在门口迎接他们的是你之前放行的人，提着灯，用他们自己的语言朝下呼喊。,scripts/autoload/game_data/GameDataLore.gd:468
The ones you let through watch from the cliff as the last door closes. Nobody asks them to leave. Nobody asks them anything.,你放行的人在悬崖上看着最后一扇门关上。没人叫他们离开。也没人问他们什么。,scripts/autoload/game_data/GameDataLore.gd:469
"Under the city, a knight sets down a door he held for twenty years, because nobody needs it held any more.",在城市之下，一位骑士放下了他守了二十年的门，因为再也不需要有人守着它了。,scripts/autoload/game_data/GameDataLore.gd:470
Brannoch is still holding when the last door closes. Nobody can say which side he is on.,最后一扇门关上时，Brannoch仍在坚守。没人说得清他在哪一边。,scripts/autoload/game_data/GameDataLore.gd:471
"Brannoch climbs to the top of the cords himself, to see the last door with his own eyes.",Brannoch亲自爬到了绳索顶端，要亲眼看着最后一扇门。,scripts/autoload/game_data/GameDataLore.gd:472
Blood,鲜血,scripts/autoload/game_data/GameDataModes.gd:12
Steel,钢铁,scripts/autoload/game_data/GameDataModes.gd:13
Storm,风暴,scripts/autoload/game_data/GameDataModes.gd:14
Shadow,暗影,scripts/autoload/game_data/GameDataModes.gd:15
Holy,神圣,scripts/autoload/game_data/GameDataModes.gd:16
Kindling,引火,scripts/autoload/game_data/GameDataModes.gd:19
+3% party damage every round (stacking).,每回合小队伤害+3%（可叠加）。,scripts/autoload/game_data/GameDataModes.gd:19
Blaze,烈焰,scripts/autoload/game_data/GameDataModes.gd:20
+12% party damage.,小队伤害+12%。,scripts/autoload/game_data/GameDataModes.gd:20
Pyre Burst,柴堆爆燃,scripts/autoload/game_data/GameDataModes.gd:21
"Every third round, fire strikes every foe for 35% of party damage.",每隔三回合，火焰打击所有敌人，造成小队伤害35%的伤害。,scripts/autoload/game_data/GameDataModes.gd:21
Rime Coat,霜衣,scripts/autoload/game_data/GameDataModes.gd:22
+8% dodge.,闪避+8%。,scripts/autoload/game_data/GameDataModes.gd:22
Frostbite,冻伤,scripts/autoload/game_data/GameDataModes.gd:23
Evading or taking a heavy hit weakens the attacker.,闪避或受到重击时削弱攻击者。,scripts/autoload/game_data/GameDataModes.gd:23
Ice Ward,冰之守护,scripts/autoload/game_data/GameDataModes.gd:24
"Every third round, shield the party for 8% of max HP.",每隔三回合，为小队提供其最大生命8%的护盾。,scripts/autoload/game_data/GameDataModes.gd:24
Leech,吸血,scripts/autoload/game_data/GameDataModes.gd:25
Hits heal the attacker for 8% of the damage.,攻击为攻击者回复伤害8%的生命。,scripts/autoload/game_data/GameDataModes.gd:25
Frenzy,狂乱,scripts/autoload/game_data/GameDataModes.gd:26
+10% party damage.,小队伤害+10%。,scripts/autoload/game_data/GameDataModes.gd:26
Feast,盛宴,scripts/autoload/game_data/GameDataModes.gd:27
Each kill mends the party for 6% of max HP.,每次击杀为小队回复最大生命的6%。,scripts/autoload/game_data/GameDataModes.gd:27
+20% chance to counter when evading or hit hard.,闪避或受重击时反击几率+20%。,scripts/autoload/game_data/GameDataModes.gd:28
20% chance to take a hit meant for a wounded ally.,20%几率替负伤的盟友承受攻击。,scripts/autoload/game_data/GameDataModes.gd:29
Tempered,淬火,scripts/autoload/game_data/GameDataModes.gd:30
"Once a fight, survive a wipe at 25% HP.",每场战斗一次，团灭时以25%生命幸存。,scripts/autoload/game_data/GameDataModes.gd:30
Static,静电,scripts/autoload/game_data/GameDataModes.gd:32
+30% chance to gain 1 Momentum when evading or hit hard.,闪避或受重击时获得1点气势的几率+30%。,scripts/autoload/game_data/GameDataModes.gd:32
Each kill arcs lightning into every foe for 30% of party damage.,每次击杀时闪电跳向所有敌人，造成小队伤害30%的伤害。,scripts/autoload/game_data/GameDataModes.gd:33
Reaper,收割者,scripts/autoload/game_data/GameDataModes.gd:34
Hits finish off foes left below 12% HP.,攻击会终结生命低于12%的敌人。,scripts/autoload/game_data/GameDataModes.gd:34
+40% opening volley against bosses.,对首领开场齐射+40%。,scripts/autoload/game_data/GameDataModes.gd:35
Veil,帷幕,scripts/autoload/game_data/GameDataModes.gd:36
+6% dodge and +6% party damage.,闪避+6%，小队伤害+6%。,scripts/autoload/game_data/GameDataModes.gd:36
Mends 3% HP every round.,每回合回复3%生命。,scripts/autoload/game_data/GameDataModes.gd:37
Each kill shields the weakest ally for 12% of max HP.,每次击杀为最弱的盟友提供其最大生命12%的护盾。,scripts/autoload/game_data/GameDataModes.gd:38
Hymn,圣歌,scripts/autoload/game_data/GameDataModes.gd:39
"Every third round, mend the party for 5% of max HP.",每隔三回合，为小队回复最大生命的5%。,scripts/autoload/game_data/GameDataModes.gd:39
Ember ×2,余烬 ×2,scripts/autoload/game_data/GameDataModes.gd:44
+8% party damage.,小队伤害+8%。,scripts/autoload/game_data/GameDataModes.gd:44
"Every third round, fire hits every foe for 60% of party damage.",每隔三回合，火焰打击所有敌人，造成小队伤害60%的伤害。,scripts/autoload/game_data/GameDataModes.gd:44
Frost ×2,冰霜 ×2,scripts/autoload/game_data/GameDataModes.gd:45
+6% dodge.,闪避+6%。,scripts/autoload/game_data/GameDataModes.gd:45
Glacier,冰川,scripts/autoload/game_data/GameDataModes.gd:45
"Every third round, shield the party for 15%.",每隔三回合，为小队提供15%的护盾。,scripts/autoload/game_data/GameDataModes.gd:45
Blood ×2,鲜血 ×2,scripts/autoload/game_data/GameDataModes.gd:46
Mends 2% HP every round.,每回合回复2%生命。,scripts/autoload/game_data/GameDataModes.gd:46
Crimson Pact,猩红之契,scripts/autoload/game_data/GameDataModes.gd:46
Hits heal for 15% of the damage.,攻击回复伤害15%的生命。,scripts/autoload/game_data/GameDataModes.gd:46
Steel ×2,钢铁 ×2,scripts/autoload/game_data/GameDataModes.gd:47
+10% counter chance.,反击几率+10%。,scripts/autoload/game_data/GameDataModes.gd:47
Iron Wall,铁壁,scripts/autoload/game_data/GameDataModes.gd:47
Each kill shields the weakest ally for 20%.,每次击杀为最弱的盟友提供20%的护盾。,scripts/autoload/game_data/GameDataModes.gd:47
Storm ×2,风暴 ×2,scripts/autoload/game_data/GameDataModes.gd:48
+15% first-strike damage.,先手伤害+15%。,scripts/autoload/game_data/GameDataModes.gd:48
Tempest,暴风,scripts/autoload/game_data/GameDataModes.gd:48
Evading or taking a heavy hit can grant an extra turn.,闪避或受到重击时可能获得额外回合。,scripts/autoload/game_data/GameDataModes.gd:48
Shadow ×2,暗影 ×2,scripts/autoload/game_data/GameDataModes.gd:49
+6% party damage.,小队伤害+6%。,scripts/autoload/game_data/GameDataModes.gd:49
Hits finish off foes below 20% HP.,攻击会终结生命低于20%的敌人。,scripts/autoload/game_data/GameDataModes.gd:49
Holy ×2,神圣 ×2,scripts/autoload/game_data/GameDataModes.gd:50
Sanctuary,庇护所,scripts/autoload/game_data/GameDataModes.gd:50
"Once a fight, survive a wipe at 30% HP.",每场战斗一次，团灭时以30%生命幸存。,scripts/autoload/game_data/GameDataModes.gd:50
Ironclad,铁甲,scripts/autoload/game_data/GameDataModes.gd:76
Every foe is armored (at least 30% of basic attacks shrugged off). Abilities ignore armor.,所有敌人都有护甲（至少30%的普通攻击被抵挡）。技能无视护甲。,scripts/autoload/game_data/GameDataModes.gd:76
Scorching,灼热,scripts/autoload/game_data/GameDataModes.gd:77
Every foe's hits can set a hero ablaze.,所有敌人的攻击都可能点燃英雄。,scripts/autoload/game_data/GameDataModes.gd:77
Frostbound,冰缚,scripts/autoload/game_data/GameDataModes.gd:78
Every foe's hits can chill a hero (acts late).,所有敌人的攻击都可能冻寒英雄（延后行动）。,scripts/autoload/game_data/GameDataModes.gd:78
Swarm,蜂拥,scripts/autoload/game_data/GameDataModes.gd:79
Extra foes join the fight.,额外的敌人加入战斗。,scripts/autoload/game_data/GameDataModes.gd:79
Every foe winds up heavy blows far more often. Defend!,所有敌人蓄力重击的频率大大提高。防御！,scripts/autoload/game_data/GameDataModes.gd:80
Colossus,巨像,scripts/autoload/game_data/GameDataModes.gd:81
A single foe with double health.,单个敌人，生命翻倍。,scripts/autoload/game_data/GameDataModes.gd:81
Glass Cannon,玻璃大炮,scripts/autoload/game_data/GameDataModes.gd:82
Foes hit 40% harder but have 30% less health.,敌人伤害提高40%，但生命减少30%。,scripts/autoload/game_data/GameDataModes.gd:82
Foes have 50% more health but hit 20% softer.,敌人生命增加50%，但伤害降低20%。,scripts/autoload/game_data/GameDataModes.gd:83
Trio,三人行,scripts/autoload/game_data/GameDataModes.gd:84
At most 3 heroes.,最多3名英雄。,scripts/autoload/game_data/GameDataModes.gd:84
Duo,二人行,scripts/autoload/game_data/GameDataModes.gd:85
At most 2 heroes.,最多2名英雄。,scripts/autoload/game_data/GameDataModes.gd:85
The Gatekeeper,守门者,scripts/autoload/game_data/GameDataModes.gd:90
An iron sentinel bars the first gate.,一个钢铁哨兵挡住了第一道门。,scripts/autoload/game_data/GameDataModes.gd:90
Mirelord Oskan,泥沼领主Oskan,scripts/autoload/game_data/GameDataModes.gd:91
"The flooded stair has a keeper, and it does not tire.",被淹的阶梯有一位看守，而它不知疲倦。,scripts/autoload/game_data/GameDataModes.gd:91
Cindermaw,烬喉,scripts/autoload/game_data/GameDataModes.gd:92
Heat pours down from the thirtieth landing.,热浪从第三十层平台倾泻而下。,scripts/autoload/game_data/GameDataModes.gd:92
The Hollow Choir,空洞圣咏团,scripts/autoload/game_data/GameDataModes.gd:93
"Voices echo from every wall, louder by the moment.",声音从每面墙上回荡，越来越响。,scripts/autoload/game_data/GameDataModes.gd:93
Tidewarden Selk,潮汐守卫Selk,scripts/autoload/game_data/GameDataModes.gd:94
"Halfway up, the tower tests your patience.",爬到一半，塔开始考验你的耐心。,scripts/autoload/game_data/GameDataModes.gd:94
The Ember Regent,余烬摄政,scripts/autoload/game_data/GameDataModes.gd:95
A crowned flame waits on its throne.,一团戴冠的火焰在王座上等候。,scripts/autoload/game_data/GameDataModes.gd:95
Gravewright Mourn,掘墓人Mourn,scripts/autoload/game_data/GameDataModes.gd:96
"Whatever falls here, it stitches back together.",无论什么倒在这里，它都会重新缝合起来。,scripts/autoload/game_data/GameDataModes.gd:96
The Drowned Oracle,溺亡神谕,scripts/autoload/game_data/GameDataModes.gd:97
It has already seen how this fight ends.,它早已看见这场战斗如何结束。,scripts/autoload/game_data/GameDataModes.gd:97
Ashfather,灰父,scripts/autoload/game_data/GameDataModes.gd:98
The oldest fire in the tower.,塔中最古老的火。,scripts/autoload/game_data/GameDataModes.gd:98
The Summit Keeper,巅峰守护者,scripts/autoload/game_data/GameDataModes.gd:99
The top of the tower. No one has stood here in an age.,塔的顶端。已经很久没有人站在这里了。,scripts/autoload/game_data/GameDataModes.gd:99
Ser Corwen of the Third Post,第三岗位的Corwen爵士,scripts/autoload/game_data/GameDataModes.gd:113
"Old Maud, the Lantern-Keeper",守灯人老Maud,scripts/autoload/game_data/GameDataModes.gd:113
Halric Twice-Sworn,两度宣誓的Halric,scripts/autoload/game_data/GameDataModes.gd:113
Ysolde the Unbowed,不屈的Ysolde,scripts/autoload/game_data/GameDataModes.gd:113
Brother Anselm of the Chapel Road,礼拜堂路的Anselm修士,scripts/autoload/game_data/GameDataModes.gd:113
A travelling merchant,行商,scripts/autoload/game_data/GameDataModes.gd:115
A merchant's cart rolls into camp with three fine pieces. They leave at dusk.,一辆商人的马车驶进营地，载着三件好货。黄昏时离开。,scripts/autoload/game_data/GameDataModes.gd:115
A renowned hero visits,知名英雄来访,scripts/autoload/game_data/GameDataModes.gd:116
"%s, a name from the old guild songs, stops for the night and offers to drill one of your heroes.",%s，一个出自古老公会歌谣的名字，在此留宿一晚，并提出要操练你的一名英雄。,scripts/autoload/game_data/GameDataModes.gd:116
A wandering recruit,流浪新兵,scripts/autoload/game_data/GameDataModes.gd:117
"A Rank %s %s asks for a place in the guild, for less than the recruit board would charge.",一名阶级%s的%s请求加入公会，要价比招募板上的低。,scripts/autoload/game_data/GameDataModes.gd:117
A relic peddler,遗物小贩,scripts/autoload/game_data/GameDataModes.gd:118
A hooded peddler unwraps a single relic and names a steep price.,一个戴兜帽的小贩展开一件遗物，报出了高价。,scripts/autoload/game_data/GameDataModes.gd:118
A smith's apprentice,铁匠学徒,scripts/autoload/game_data/GameDataModes.gd:119
A journeyman smith offers to temper your %s at half the forge's price.,一位出师的铁匠提出以锻炉半价淬炼你的%s。,scripts/autoload/game_data/GameDataModes.gd:119
A scholar of the Accord,盟约学者,scripts/autoload/game_data/GameDataModes.gd:120
A scholar offers a lecture on the old guilds' tactics. Every hero at camp would learn from it.,一位学者提议讲授旧公会的战术。营地里的每位英雄都能从中受益。,scripts/autoload/game_data/GameDataModes.gd:120
The village festival,村庄节庆,scripts/autoload/game_data/GameDataModes.gd:121
The village holds its harvest festival and hopes the guild will pay for the feast.,村庄举办丰收节，希望公会为宴席买单。,scripts/autoload/game_data/GameDataModes.gd:121
Refugees at the gate,门前的难民,scripts/autoload/game_data/GameDataModes.gd:122
Families fleeing a broken rift ask for shelter and bread. Word of it would travel.,逃离一处崩溃裂隙的家庭请求庇护和面包。这件事会传开。,scripts/autoload/game_data/GameDataModes.gd:122
A debt collector,讨债人,scripts/autoload/game_data/GameDataModes.gd:123
"A clerk arrives with a debt the guild's founders left unpaid, with interest. Refusing would be talked about.",一名书记员带来了公会创始人留下的一笔欠债，还附着利息。拒绝的话会招来闲话。,scripts/autoload/game_data/GameDataModes.gd:123
The rival's quartermaster,对手的军需官,scripts/autoload/game_data/GameDataModes.gd:124
"%s's quartermaster wants to buy your %s, at twice what a merchant pays. They would fight with it.",%s的军需官想买下你的%s，出价是商人的两倍。他们会用它来作战。,scripts/autoload/game_data/GameDataModes.gd:124
Fire!,失火了！,scripts/autoload/game_data/GameDataModes.gd:125
The forge chimney threw sparks all evening.,锻炉的烟囱整晚都在冒火星。,scripts/autoload/game_data/GameDataModes.gd:125
Fire has caught in the %s.,%s着火了。,scripts/autoload/game_data/GameDataModes.gd:125
Fever in the barracks,兵营热病,scripts/autoload/game_data/GameDataModes.gd:126
Two of the guild woke up coughing.,公会里有两个人醒来就在咳嗽。,scripts/autoload/game_data/GameDataModes.gd:126
A fever is spreading through the barracks. A cleric could keep it from taking anyone down.,热病正在兵营中蔓延。牧师可以防止它击倒任何人。,scripts/autoload/game_data/GameDataModes.gd:126
Bandits on the road,路上的盗匪,scripts/autoload/game_data/GameDataModes.gd:127
Strangers were seen watching the camp from the treeline.,有人看到陌生人在林线边窥视营地。,scripts/autoload/game_data/GameDataModes.gd:127
Bandits have come for the guild's strongbox.,盗匪来抢公会的钱箱了。,scripts/autoload/game_data/GameDataModes.gd:127
A storm hits the camp,风暴袭击营地,scripts/autoload/game_data/GameDataModes.gd:128
The sky over the hills has turned the colour of a bruise.,山丘上空变成了淤青般的颜色。,scripts/autoload/game_data/GameDataModes.gd:128
A storm is tearing at the roofs of the %s.,风暴正在撕扯%s的屋顶。,scripts/autoload/game_data/GameDataModes.gd:128
A rift tremor,裂隙震颤,scripts/autoload/game_data/GameDataModes.gd:129
The ground hummed under the camp all night.,营地下方的地面嗡鸣了一整夜。,scripts/autoload/game_data/GameDataModes.gd:129
"A small rift has torn open by the well, and something is climbing out.",井边裂开了一道小裂隙，有东西正在爬出来。,scripts/autoload/game_data/GameDataModes.gd:129
A wandering chaplain,流浪牧师,scripts/autoload/game_data/GameDataModes.gd:135
A chaplain of the old Accord chapels offers to bless the next party that goes out.,一位来自古老盟约礼拜堂的牧师提出为下一支出发的小队祝福。,scripts/autoload/game_data/GameDataModes.gd:135
Accept the blessing (%d Gold offering),接受祝福（奉献%d金币）,scripts/autoload/game_data/GameDataModes.gd:136
The next party sets out blessed: +3 Resolve.,下一支小队带着祝福出发：+3决心。,scripts/autoload/game_data/GameDataModes.gd:136
Decline politely,婉言谢绝,scripts/autoload/game_data/GameDataModes.gd:137
An old veteran,老兵,scripts/autoload/game_data/GameDataModes.gd:138
A retired adventurer with one eye and a hundred stories sits down at the guild's fire.,一位独眼、肚子里装着一百个故事的退役冒险者在公会的火堆旁坐了下来。,scripts/autoload/game_data/GameDataModes.gd:138
Buy them drinks (%d Gold),请他们喝酒（%d金币）,scripts/autoload/game_data/GameDataModes.gd:139
"A good night of stories: morale up, +1 Resolve for the next party.",一夜好故事：士气提升，下一支小队+1决心。,scripts/autoload/game_data/GameDataModes.gd:139
Not tonight,今晚不行,scripts/autoload/game_data/GameDataModes.gd:140
Fever-reed sellers,热病芦苇贩子,scripts/autoload/game_data/GameDataModes.gd:141
"Two marsh folk come up the road with bundles of fever-reed. Boiled, it keeps a wound from turning.",两个沼泽人沿路走来，背着一捆捆热病芦苇。煮过之后，能防止伤口恶化。,scripts/autoload/game_data/GameDataModes.gd:141
Buy a bundle (%d Gold),买一捆（%d金币）,scripts/autoload/game_data/GameDataModes.gd:142
+2 Healing Tonics.,+2治疗药剂。,scripts/autoload/game_data/GameDataModes.gd:142
Send them on,打发他们走,scripts/autoload/game_data/GameDataModes.gd:143
A marsh guide,沼泽向导,scripts/autoload/game_data/GameDataModes.gd:144
An old guide from the Drowned Marches offers to walk your next party to the rift by the dry paths.,一位来自淹没沼泽的老向导提出沿干燥的小路带你的下一支小队前往裂隙。,scripts/autoload/game_data/GameDataModes.gd:144
Hire the guide (%d Gold),雇佣向导（%d金币）,scripts/autoload/game_data/GameDataModes.gd:145
The next party sets out fresh: +3 Resolve.,下一支小队精神饱满地出发：+3决心。,scripts/autoload/game_data/GameDataModes.gd:145
Not needed,不需要,scripts/autoload/game_data/GameDataModes.gd:146
A war drummer,战鼓手,scripts/autoload/game_data/GameDataModes.gd:147
A drummer who marched with the old guilds offers to play the next party to the rift's edge.,一位曾随旧公会行军的鼓手提出为下一支小队击鼓，一路送到裂隙边缘。,scripts/autoload/game_data/GameDataModes.gd:147
Hire the drummer (%d Gold),雇佣鼓手（%d金币）,scripts/autoload/game_data/GameDataModes.gd:148
The next party marches out to the drum: +4 Resolve.,下一支小队随鼓声出征：+4决心。,scripts/autoload/game_data/GameDataModes.gd:148
Not today,今天不行,scripts/autoload/game_data/GameDataModes.gd:149
Rift nightmares,裂隙噩梦,scripts/autoload/game_data/GameDataModes.gd:150
Someone screamed in their sleep last night.,昨晚有人在睡梦中尖叫。,scripts/autoload/game_data/GameDataModes.gd:150
"The heroes are dreaming of the rifts, and nobody is sleeping.",英雄们梦见了裂隙，没有人睡得着。,scripts/autoload/game_data/GameDataModes.gd:150
Buy a sleeping draught (%d Gold),买安眠药水（%d金币）,scripts/autoload/game_data/GameDataModes.gd:151
Everyone sleeps through the night.,所有人一觉睡到天亮。,scripts/autoload/game_data/GameDataModes.gd:151
%s sits with them (busy today),%s陪着他们（今天没空）,scripts/autoload/game_data/GameDataModes.gd:152
A quiet word at the right bedside: morale up.,在合适的床边说几句贴心话：士气提升。,scripts/autoload/game_data/GameDataModes.gd:152
Let it pass (the next party sets out with -3 Resolve),随它去（下一支小队出发时决心-3）,scripts/autoload/game_data/GameDataModes.gd:153
A child at the rift's edge,裂隙边的孩子,scripts/autoload/game_data/GameDataModes.gd:154
A village child wandered toward a rift scar and hasn't come back.,一个村里的孩子朝裂隙疤痕走去，至今没有回来。,scripts/autoload/game_data/GameDataModes.gd:154
%s goes after them (busy today),%s去找孩子（今天没空）,scripts/autoload/game_data/GameDataModes.gd:155
The child is home by dark. The village won't forget it: +6 Renown.,天黑前孩子回到了家。村子不会忘记：+6声望。,scripts/autoload/game_data/GameDataModes.gd:155
Pay the village hunters (%d Gold),雇佣村里的猎人（%d金币）,scripts/autoload/game_data/GameDataModes.gd:156
It's not the guild's concern,这不关公会的事,scripts/autoload/game_data/GameDataModes.gd:157
A gambling night,赌博之夜,scripts/autoload/game_data/GameDataModes.gd:158
"The heroes want a night of cards and dice, with the guild's purse as the bank.",英雄们想来一晚纸牌和骰子，用公会的钱袋坐庄。,scripts/autoload/game_data/GameDataModes.gd:158
Bankroll it (%d Gold),出钱坐庄（%d金币）,scripts/autoload/game_data/GameDataModes.gd:159
"The house wins: +90 Gold, and a good night.",庄家赢了：+90金币，还度过了愉快的一晚。,scripts/autoload/game_data/GameDataModes.gd:159
"The heroes clean out the bank, and love every minute of it.",英雄们把庄家赢了个精光，玩得不亦乐乎。,scripts/autoload/game_data/GameDataModes.gd:159
Forbid it,禁止,scripts/autoload/game_data/GameDataModes.gd:160
The Crown's assessor,王冠的估税官,scripts/autoload/game_data/GameDataModes.gd:161
"An assessor from the Crown wants to inspect the guild's books, and hints that a gift would speed things up.",一名来自王冠的估税官要检查公会的账目，还暗示送点礼能让事情快些。,scripts/autoload/game_data/GameDataModes.gd:161
Pay the levy (%d Gold),缴纳税款（%d金币）,scripts/autoload/game_data/GameDataModes.gd:162
Slip him a gift (%d Gold),塞给他一份礼（%d金币）,scripts/autoload/game_data/GameDataModes.gd:163
He leaves happy.,他满意地走了。,scripts/autoload/game_data/GameDataModes.gd:163
Word of the gift gets out: -6 Renown.,送礼的事传了出去：-6声望。,scripts/autoload/game_data/GameDataModes.gd:163
Refuse,拒绝,scripts/autoload/game_data/GameDataModes.gd:164
A salt caravan,盐商队,scripts/autoload/game_data/GameDataModes.gd:165
A caravan bound for the Ashen Wastes asks for an escort past the old rift scars.,一支前往灰烬荒原的商队请求护送他们经过古老的裂隙疤痕。,scripts/autoload/game_data/GameDataModes.gd:165
%s rides with them (busy today),%s随行（今天没空）,scripts/autoload/game_data/GameDataModes.gd:166
"The caravan pays well, and talks about it.",商队报酬丰厚，还到处宣扬。,scripts/autoload/game_data/GameDataModes.gd:166
An ash-prophet at the gate,门前的灰烬先知,scripts/autoload/game_data/GameDataModes.gd:168
A man covered in ash preaches the end of the Vale at the camp gate. The heroes are listening.,一个满身灰烬的男人在营地门口宣讲山谷的末日。英雄们在听。,scripts/autoload/game_data/GameDataModes.gd:168
Pay him to move on (%d Gold),付钱让他走（%d金币）,scripts/autoload/game_data/GameDataModes.gd:169
Let him preach,让他讲吧,scripts/autoload/game_data/GameDataModes.gd:170
The heroes sleep badly: morale down.,英雄们睡得很差：士气下降。,scripts/autoload/game_data/GameDataModes.gd:170
Glass Coast smugglers,玻璃海岸走私者,scripts/autoload/game_data/GameDataModes.gd:171
Smugglers offer rift-glass relics pulled from a wreck. Nobody asks where the crew went.,走私者兜售从沉船里捞出的裂隙玻璃遗物。没人问船员去了哪里。,scripts/autoload/game_data/GameDataModes.gd:171
Buy one (%d Gold),买一件（%d金币）,scripts/autoload/game_data/GameDataModes.gd:172
Report them to the Crown,向王冠举报,scripts/autoload/game_data/GameDataModes.gd:173
Ignore them,不理会,scripts/autoload/game_data/GameDataModes.gd:174
The lighthouse keeper,灯塔看守,scripts/autoload/game_data/GameDataModes.gd:175
The Glass Coast's lighthouse keeper sells charts of where the rifts will break.,玻璃海岸的灯塔看守出售标注裂隙将在何处崩溃的海图。,scripts/autoload/game_data/GameDataModes.gd:175
Buy the charts (%d Gold),买下海图（%d金币）,scripts/autoload/game_data/GameDataModes.gd:176
"The heroes study the charts: some XP, +3 Resolve for the next party.",英雄们研究海图：获得一些经验，下一支小队+3决心。,scripts/autoload/game_data/GameDataModes.gd:176
Pilgrims of the Inverted City,倒悬之城的朝圣者,scripts/autoload/game_data/GameDataModes.gd:178
Pilgrims walking to the Inverted City ask to rest at the guild's fire.,前往倒悬之城的朝圣者请求在公会的火堆旁歇脚。,scripts/autoload/game_data/GameDataModes.gd:178
Host them (%d Gold),招待他们（%d金币）,scripts/autoload/game_data/GameDataModes.gd:179
Turn them away,打发他们走,scripts/autoload/game_data/GameDataModes.gd:180
A mirror-steel trader,镜钢商人,scripts/autoload/game_data/GameDataModes.gd:181
A trader from the far side of the City sells blades that show what's behind you.,一位来自城市彼端的商人出售能照出身后之物的刀刃。,scripts/autoload/game_data/GameDataModes.gd:181
Buy a piece (%d Gold),买一件（%d金币）,scripts/autoload/game_data/GameDataModes.gd:182
"Foes are weaker, the haul is never at risk, breaches come later, and Resolve doesn't count. Half the Laurels.",敌人更弱，战利品永无风险，裂口来得更晚，决心不计入。桂冠减半。,scripts/autoload/game_data/GameDataModes.gd:190
Foes have 10% more HP.,敌人生命+10%。,scripts/autoload/game_data/GameDataModes.gd:193
Breaches come 2 days sooner.,裂口提前2天到来。,scripts/autoload/game_data/GameDataModes.gd:194
Parties set out with 2 less Resolve.,小队出发时决心-2。,scripts/autoload/game_data/GameDataModes.gd:195
Wages cost 25% more.,薪水花费+25%。,scripts/autoload/game_data/GameDataModes.gd:196
Ranked rifts hold more elites.,阶级裂隙中精英更多。,scripts/autoload/game_data/GameDataModes.gd:197
Mending is capped at 30% a round.,回复每回合上限为30%。,scripts/autoload/game_data/GameDataModes.gd:198
A party that falls loses 75% of its haul.,小队覆灭时损失75%战利品。,scripts/autoload/game_data/GameDataModes.gd:199
Every ranked boss has a second mechanic.,每个阶级首领都有第二种机制。,scripts/autoload/game_data/GameDataModes.gd:200
Campfires heal 15% (from 25%).,营火回复15%（原为25%）。,scripts/autoload/game_data/GameDataModes.gd:201
"Foes deal 10% more damage, and the rival's Renown grows 20% faster.",敌人伤害+10%，对手的声望增长加快20%。,scripts/autoload/game_data/GameDataModes.gd:202
%s asks for time off,%s请求休假,scripts/autoload/game_data/GameDataModes.gd:213
%s has been in the rifts a lot and wants a few days away from the guild.,%s在裂隙里待了太久，想离开公会几天。,scripts/autoload/game_data/GameDataModes.gd:213
"Grant it: away %d days, +15 morale",批准：离开%d天，士气+15,scripts/autoload/game_data/GameDataModes.gd:214
Refuse: -10 morale,拒绝：士气-10,scripts/autoload/game_data/GameDataModes.gd:214
%s asks for a raise,%s请求加薪,scripts/autoload/game_data/GameDataModes.gd:215
%s says the rifts are worth more than the guild pays and wants a bigger share.,%s说裂隙的价值超过公会付的钱，想要更大的份额。,scripts/autoload/game_data/GameDataModes.gd:215
Raise their wage %d%%: +20 morale,薪水提高%d%%：士气+20,scripts/autoload/game_data/GameDataModes.gd:216
Refuse: -12 morale,拒绝：士气-12,scripts/autoload/game_data/GameDataModes.gd:216
%s wants better kit,%s想要更好的装备,scripts/autoload/game_data/GameDataModes.gd:217
%s says their gear is falling apart and asks for Gold for repairs.,%s说自己的装备快散架了，请求拨些金币修理。,scripts/autoload/game_data/GameDataModes.gd:217
Pay %d Gold: +15 morale,支付%d金币：士气+15,scripts/autoload/game_data/GameDataModes.gd:218
Refuse: -8 morale,拒绝：士气-8,scripts/autoload/game_data/GameDataModes.gd:218
%s wants extra drills,%s想加练,scripts/autoload/game_data/GameDataModes.gd:219
%s asks for a free day at the Training Yard.,%s请求在训练场免费训练一天。,scripts/autoload/game_data/GameDataModes.gd:219
"Give them a station: a free day of training, +5 morale",给一个位置：免费训练一天，士气+5,scripts/autoload/game_data/GameDataModes.gd:220
Not this week: -6 morale,这周不行：士气-6,scripts/autoload/game_data/GameDataModes.gd:220
%s and %s are feuding,%s和%s起了争执,scripts/autoload/game_data/GameDataModes.gd:221
An argument over the last rift's spoils has turned sour. Each wants you on their side.,为上一个裂隙的战利品起的争执闹僵了。双方都想让你站在自己这边。,scripts/autoload/game_data/GameDataModes.gd:221
Side with %s,支持%s,scripts/autoload/game_data/GameDataModes.gd:222
%s wants to test a new spell,%s想试验一个新法术,scripts/autoload/game_data/GameDataModes.gd:228
%s wants to try something loud on the training dummies. The yard may need a sweep afterwards.,%s想在训练假人上试点动静大的东西。之后训练场可能得打扫一下。,scripts/autoload/game_data/GameDataModes.gd:228
"Let them (%d Gold): +15 morale, some XP",同意（%d金币）：士气+15，获得一些经验,scripts/autoload/game_data/GameDataModes.gd:229
Not near the buildings: -6 morale,别在建筑附近：士气-6,scripts/autoload/game_data/GameDataModes.gd:229
%s and %s ask to share a tent,%s和%s请求同住一顶帐篷,scripts/autoload/game_data/GameDataModes.gd:230
Two heroes who have been through a lot together want to bunk side by side.,两位一起经历过很多的英雄想睡在一起。,scripts/autoload/game_data/GameDataModes.gd:230
"Let them: their bond grows, +8 morale each",同意：他们的羁绊加深，各自士气+8,scripts/autoload/game_data/GameDataModes.gd:231
Barracks rules: -5 morale each,兵营规矩：各自士气-5,scripts/autoload/game_data/GameDataModes.gd:231
%s wants to visit the memorial,%s想去纪念碑,scripts/autoload/game_data/GameDataModes.gd:232
%s still carries the last bad rift and asks for a day to visit the fallen.,%s仍放不下上一次惨烈的裂隙，请求一天时间去看望逝者。,scripts/autoload/game_data/GameDataModes.gd:232
"Give them the day (busy today): +20 morale, Steady Nerves",给他一天（今天没空）：士气+20，镇定心神,scripts/autoload/game_data/GameDataModes.gd:233
Steady Nerves,镇定心神,scripts/autoload/game_data/GameDataModes.gd:233
Not now: -8 morale,现在不行：士气-8,scripts/autoload/game_data/GameDataModes.gd:233
%s offers to mentor %s,%s提出指导%s,scripts/autoload/game_data/GameDataModes.gd:234
An experienced hero wants to take a newer one under their wing for a day.,一位经验丰富的英雄想带一名新人一天。,scripts/autoload/game_data/GameDataModes.gd:234
"Agree (both busy today): the junior gains a level's XP, Mentor",同意（两人今天都没空）：新人获得一级的经验，导师,scripts/autoload/game_data/GameDataModes.gd:235
Mentor,导师,scripts/autoload/game_data/GameDataModes.gd:235
Not this week: -4 morale,这周不行：士气-4,scripts/autoload/game_data/GameDataModes.gd:235
%s is homesick,%s想家了,scripts/autoload/game_data/GameDataModes.gd:236
%s hasn't seen home since joining. A letter and a little coin would help.,%s加入后就再没回过家。一封信和一点钱会有帮助。,scripts/autoload/game_data/GameDataModes.gd:236
Send %d Gold home: +20 morale,寄%d金币回家：士气+20,scripts/autoload/game_data/GameDataModes.gd:237
Not now: -6 morale,现在不行：士气-6,scripts/autoload/game_data/GameDataModes.gd:237
%s wants to study the relics,%s想研究遗物,scripts/autoload/game_data/GameDataModes.gd:238
%s asks for a night alone with the guild's relics and swears nothing will break.,%s请求独自与公会的遗物待一晚，发誓什么都不会弄坏。,scripts/autoload/game_data/GameDataModes.gd:238
"Allow it (%d Essence): some XP, Spark of Genius",允许（%d精华）：获得一些经验，灵光乍现,scripts/autoload/game_data/GameDataModes.gd:239
Spark of Genius,灵光乍现,scripts/autoload/game_data/GameDataModes.gd:239
Refuse: -5 morale,拒绝：士气-5,scripts/autoload/game_data/GameDataModes.gd:239
%s wants to duel the rival's champion,%s想与对手的勇者决斗,scripts/autoload/game_data/GameDataModes.gd:240
The rival guild's champion has been mocking us in the tavern. %s wants to settle it in the ring.,敌对公会的勇者一直在酒馆里嘲笑我们。%s想在擂台上做个了断。,scripts/autoload/game_data/GameDataModes.gd:240
Let them fight (3 in 5: Renown and a title),让他们打（五成之三：声望与称号）,scripts/autoload/game_data/GameDataModes.gd:241
Ring-Champion,擂台冠军,scripts/autoload/game_data/GameDataModes.gd:241
Forbid it: -8 morale,禁止：士气-8,scripts/autoload/game_data/GameDataModes.gd:242
%s wants to go hunting,%s想去打猎,scripts/autoload/game_data/GameDataModes.gd:243
%s knows a quiet valley with deer and would bring back meat for the whole guild.,%s知道一个有鹿的幽静山谷，能为全公会带回肉来。,scripts/autoload/game_data/GameDataModes.gd:243
Let them go (busy today): +5 morale for everyone,让他去（今天没空）：所有人士气+5,scripts/autoload/game_data/GameDataModes.gd:244
Not now: -5 morale,现在不行：士气-5,scripts/autoload/game_data/GameDataModes.gd:244
%s offers to hear confessions,%s提出倾听告解,scripts/autoload/game_data/GameDataModes.gd:245
%s offers to sit with anyone who wants to talk about what they've seen in the rifts.,%s愿意陪伴任何想谈谈在裂隙中所见之事的人。,scripts/autoload/game_data/GameDataModes.gd:245
Allow it (busy today): +6 morale for everyone,允许（今天没空）：所有人士气+6,scripts/autoload/game_data/GameDataModes.gd:246
Not now: -4 morale,现在不行：士气-4,scripts/autoload/game_data/GameDataModes.gd:246
%s found a lucky charm,%s找到了一个幸运符,scripts/autoload/game_data/GameDataModes.gd:247
%s won a charm off a sailor at dice. It may well be stolen.,%s和一个水手掷骰子赢来了一个护符。很可能是偷来的。,scripts/autoload/game_data/GameDataModes.gd:247
"Let them keep it: +10 morale, -2 Renown",让他留着：士气+10，声望-2,scripts/autoload/game_data/GameDataModes.gd:248
"Return it: +3 Renown, -6 morale",归还：声望+3，士气-6,scripts/autoload/game_data/GameDataModes.gd:248
%s's old wound aches,%s的旧伤在疼,scripts/autoload/game_data/GameDataModes.gd:249
%s has been knocked out too often and the wound never healed right. A healer could help.,%s被击倒的次数太多，伤口一直没好利索。医者能帮上忙。,scripts/autoload/game_data/GameDataModes.gd:249
Pay a healer (%d Gold): Hearth-Warmed,请医者（%d金币）：炉火温养,scripts/autoload/game_data/GameDataModes.gd:250
Hearth-Warmed,炉火温养,scripts/autoload/game_data/GameDataModes.gd:250
%s wants to lead the next rift,%s想带队进入下一个裂隙,scripts/autoload/game_data/GameDataModes.gd:251
%s is in high spirits and wants to be first through the next rift.,%s斗志高昂，想第一个冲进下一个裂隙。,scripts/autoload/game_data/GameDataModes.gd:251
Yes: the next party sets out with +2 Resolve,好：下一支小队出发时决心+2,scripts/autoload/game_data/GameDataModes.gd:252
Not this time: -4 morale,这次不行：士气-4,scripts/autoload/game_data/GameDataModes.gd:252
%s holds a grudge,%s怀恨在心,scripts/autoload/game_data/GameDataModes.gd:253
"%s wants the next rift to pay for the last one, and talks about little else.",%s想让下一个裂隙为上一个付出代价，满嘴都是这件事。,scripts/autoload/game_data/GameDataModes.gd:253
Promise them: Grudge-Bearer,答应他：记仇者,scripts/autoload/game_data/GameDataModes.gd:254
Grudge-Bearer,记仇者,scripts/autoload/game_data/GameDataModes.gd:254
Tell them to let it go: +5 morale,让他放下：士气+5,scripts/autoload/game_data/GameDataModes.gd:254
%s wants to visit a shrine of their Path,%s想去拜访其道途的圣坛,scripts/autoload/game_data/GameDataModes.gd:255
%s has heard of an old shrine to their Path two valleys over.,%s听说隔着两座山谷有一座供奉其道途的古老圣坛。,scripts/autoload/game_data/GameDataModes.gd:255
"Send them (busy 2 days, %d Essence): a level's XP, a title",派他去（2天没空，%d精华）：一级的经验，一个称号,scripts/autoload/game_data/GameDataModes.gd:256
Pilgrim of the Path,道途朝圣者,scripts/autoload/game_data/GameDataModes.gd:256
%s volunteers for the night watch,%s自愿值夜,scripts/autoload/game_data/GameDataModes.gd:257
%s can't sleep and offers to keep watch over the camp.,%s睡不着，提出为营地守夜。,scripts/autoload/game_data/GameDataModes.gd:257
"Let them (busy today): +1 Resolve for the next party, +5 morale",让他去（今天没空）：下一支小队决心+1，士气+5,scripts/autoload/game_data/GameDataModes.gd:258
Get some sleep: +2 morale,去睡一觉：士气+2,scripts/autoload/game_data/GameDataModes.gd:258
%s wrote a song about the guild,%s写了一首关于公会的歌,scripts/autoload/game_data/GameDataModes.gd:259
%s wants to sing it at the village tavern. It is... enthusiastic.,%s想在村里的酒馆唱这首歌。它……很有激情。,scripts/autoload/game_data/GameDataModes.gd:259
"Let them (%d Gold for a round): +4 Renown, a title",让他唱（请一轮酒%d金币）：声望+4，一个称号,scripts/autoload/game_data/GameDataModes.gd:260
the Songmaker,作歌人,scripts/autoload/game_data/GameDataModes.gd:260
Please don't: -6 morale,求你别唱：士气-6,scripts/autoload/game_data/GameDataModes.gd:260
%s challenges %s to a sparring match,%s向%s发起切磋,scripts/autoload/game_data/GameDataModes.gd:261
Two heroes want to settle who's better. It could get heated.,两位英雄想比个高低。可能会动真火。,scripts/autoload/game_data/GameDataModes.gd:261
"Allow it: both gain XP, their bond grows",允许：两人都获得经验，羁绊加深,scripts/autoload/game_data/GameDataModes.gd:262
Not in my yard: -3 morale each,别在我的训练场：各自士气-3,scripts/autoload/game_data/GameDataModes.gd:262
%s asks for a share of the spoils,%s请求分一份战利品,scripts/autoload/game_data/GameDataModes.gd:263
%s thinks the heroes deserve a cut of what the last rifts brought home.,%s认为英雄们应该分到最近几个裂隙带回来的东西。,scripts/autoload/game_data/GameDataModes.gd:263
Share a tenth of the Gold (up to 150): +10 morale for everyone,分出十分之一的金币（最多150）：所有人士气+10,scripts/autoload/game_data/GameDataModes.gd:264
%s wants to learn smithing,%s想学打铁,scripts/autoload/game_data/GameDataModes.gd:265
%s has been watching the forge and wants to temper their own gear.,%s一直在看锻炉，想亲手淬炼自己的装备。,scripts/autoload/game_data/GameDataModes.gd:265
Let them (busy today): their best piece is tempered once,让他学（今天没空）：其最好的一件装备淬炼一次,scripts/autoload/game_data/GameDataModes.gd:266
Leave it to the smiths: -4 morale,交给铁匠吧：士气-4,scripts/autoload/game_data/GameDataModes.gd:266
%s is afraid of the next rift,%s害怕下一个裂隙,scripts/autoload/game_data/GameDataModes.gd:267
%s is new and has heard too many of the veterans' stories. They want to stay back once more.,%s是新人，听了太多老兵的故事。他想再留守一次。,scripts/autoload/game_data/GameDataModes.gd:267
Let them sit it out (busy today): +10 morale,让他留下（今天没空）：士气+10,scripts/autoload/game_data/GameDataModes.gd:268
"Send them anyway: -8 morale, some XP from facing it",照样派去：士气-8，直面恐惧获得一些经验,scripts/autoload/game_data/GameDataModes.gd:268
Kingslayer,弑王者,scripts/autoload/game_data/GameDataModes.gd:273
Elite-Breaker,精英克星,scripts/autoload/game_data/GameDataModes.gd:274
Hundred-Slayer,百斩者,scripts/autoload/game_data/GameDataModes.gd:275
Old Hand,老手,scripts/autoload/game_data/GameDataModes.gd:277
the Undying,不灭者,scripts/autoload/game_data/GameDataModes.gd:278
Breach-Holder,守隙者,scripts/autoload/game_data/GameDataModes.gd:279
Lanternbearer,提灯者,scripts/autoload/game_data/GameDataModes.gd:280
Break a wind-up,打断蓄力,scripts/autoload/game_data/GameDataModes.gd:296
"Stun, freeze or bash a foe while it winds up, before its heavy blow lands. One winds up in round 2.",在敌人蓄力时将其眩晕、冻结或击晕，赶在重击落下之前。第2回合会有一个敌人蓄力。,scripts/autoload/game_data/GameDataModes.gd:296
Win by round %d,在第%d回合前获胜,scripts/autoload/game_data/GameDataModes.gd:297
Down every foe by the end of round %d.,在第%d回合结束前击倒所有敌人。,scripts/autoload/game_data/GameDataModes.gd:297
Stay on your feet,屹立不倒,scripts/autoload/game_data/GameDataModes.gd:298
No hero loses more than half their health in this fight.,本场战斗中没有英雄损失超过一半的生命。,scripts/autoload/game_data/GameDataModes.gd:298
Down %s first,先击倒%s,scripts/autoload/game_data/GameDataModes.gd:299
The first foe to fall is %s.,第一个倒下的敌人是%s。,scripts/autoload/game_data/GameDataModes.gd:299
Two at once,双杀,scripts/autoload/game_data/GameDataModes.gd:300
Down two foes in the same round.,在同一回合内击倒两个敌人。,scripts/autoload/game_data/GameDataModes.gd:300
Full of fight,斗志满满,scripts/autoload/game_data/GameDataModes.gd:301
Bank %d Momentum at any point in the fight.,战斗中任意时刻积攒%d点气势。,scripts/autoload/game_data/GameDataModes.gd:301
Five minutes in the rift,裂隙中五分钟,scripts/autoload/game_data/GameDataModes.gd:310
Ten minutes in the rift,裂隙中十分钟,scripts/autoload/game_data/GameDataModes.gd:311
Fifteen minutes in the rift,裂隙中十五分钟,scripts/autoload/game_data/GameDataModes.gd:312
Riftwalkers,裂隙行者,scripts/autoload/game_data/GameDataModes.gd:312
The rift sealed,裂隙已封印,scripts/autoload/game_data/GameDataModes.gd:313
Rift Sealers,封隙者,scripts/autoload/game_data/GameDataModes.gd:313
Tower Initiate,试炼新人,scripts/autoload/game_data/GameDataModes.gd:316
Trial Climber,试炼攀登者,scripts/autoload/game_data/GameDataModes.gd:316
Spire Walker,尖塔行者,scripts/autoload/game_data/GameDataModes.gd:316
Stormbreaker,破风暴者,scripts/autoload/game_data/GameDataModes.gd:316
Summit Keeper,巅峰守护者,scripts/autoload/game_data/GameDataModes.gd:316
Lesser Rift,小型裂隙,scripts/autoload/game_data/GameDataModes.gd:321
Low,低,scripts/autoload/game_data/GameDataModes.gd:321
Greater Rift,大型裂隙,scripts/autoload/game_data/GameDataModes.gd:323
Medium,中,scripts/autoload/game_data/GameDataModes.gd:323
A Wounded Traveler,负伤的旅人,scripts/autoload/game_data/GameDataModes.gd:339
"A scout from another guild lies bleeding against the wall, clutching a torn map.",一名来自其他公会的斥候靠在墙边流着血，紧攥着一张撕破的地图。,scripts/autoload/game_data/GameDataModes.gd:339
Patch them up,为他包扎,scripts/autoload/game_data/GameDataModes.gd:341
Costs 15 Gold · +3 Renown,花费15金币 · +3声望,scripts/autoload/game_data/GameDataModes.gd:341
Ask for the map,索要地图,scripts/autoload/game_data/GameDataModes.gd:342
+6-12 Essence,+6-12精华,scripts/autoload/game_data/GameDataModes.gd:342
Move on,继续前进,scripts/autoload/game_data/GameDataModes.gd:343
Nothing happens,什么也没发生,scripts/autoload/game_data/GameDataModes.gd:343
Blood Altar,鲜血祭坛,scripts/autoload/game_data/GameDataModes.gd:345
An altar hums with rift-light. It wants something from you.,一座祭坛闪烁着裂隙之光，嗡嗡作响。它想从你这里得到些什么。,scripts/autoload/game_data/GameDataModes.gd:345
Offer blood,献上鲜血,scripts/autoload/game_data/GameDataModes.gd:347
Every hero loses 15% HP (never below 1) · gain a Rare-or-better item or relic,每位英雄损失15%生命（不会低于1）· 获得一件稀有或更好的物品或遗物,scripts/autoload/game_data/GameDataModes.gd:347
Walk away,走开,scripts/autoload/game_data/GameDataModes.gd:348
Abandoned Cache,废弃的储藏,scripts/autoload/game_data/GameDataModes.gd:350
Supplies left behind by a party that didn't make it out.,一支没能走出去的小队留下的补给。,scripts/autoload/game_data/GameDataModes.gd:350
Search it all,全部搜一遍,scripts/autoload/game_data/GameDataModes.gd:352
70%: 20-35 Gold · 30%: a trap hits everyone for 10% HP,70%：20-35金币 · 30%：陷阱对所有人造成10%生命伤害,scripts/autoload/game_data/GameDataModes.gd:352
Take what's on top,拿走最上面的,scripts/autoload/game_data/GameDataModes.gd:353
+8 Gold,+8金币,scripts/autoload/game_data/GameDataModes.gd:353
Rift Echo,裂隙回响,scripts/autoload/game_data/GameDataModes.gd:355
Shimmering memories of old battles replay in the air around you.,往日战斗的记忆在你周围的空气中闪烁重演。,scripts/autoload/game_data/GameDataModes.gd:355
Study the fighting,研究战斗技巧,scripts/autoload/game_data/GameDataModes.gd:357
Every hero in the party gains 20 XP,小队中每位英雄获得20经验,scripts/autoload/game_data/GameDataModes.gd:357
Absorb its energy,吸收其能量,scripts/autoload/game_data/GameDataModes.gd:358
+3 Momentum next fight · +5 Essence,下一场战斗+3气势 · +5精华,scripts/autoload/game_data/GameDataModes.gd:358
The Gambler,赌徒,scripts/autoload/game_data/GameDataModes.gd:360
A cloaked figure shuffles cards on an upturned crate and grins at you.,一个披着斗篷的身影在倒扣的木箱上洗牌，朝你咧嘴一笑。,scripts/autoload/game_data/GameDataModes.gd:360
Bet 20 Gold,押20金币,scripts/autoload/game_data/GameDataModes.gd:362
50%: win 45 Gold (net +25) · 50%: lose the bet,50%：赢45金币（净赚25）· 50%：输掉赌注,scripts/autoload/game_data/GameDataModes.gd:362
Decline,拒绝,scripts/autoload/game_data/GameDataModes.gd:363
Quiet Shrine,宁静圣坛,scripts/autoload/game_data/GameDataModes.gd:365
A small shrine the rift somehow left untouched. The air is calm here.,一座裂隙不知为何没有触及的小圣坛。这里的空气很平静。,scripts/autoload/game_data/GameDataModes.gd:365
Pray,祈祷,scripts/autoload/game_data/GameDataModes.gd:367
Every hero heals 20% HP,每位英雄回复20%生命,scripts/autoload/game_data/GameDataModes.gd:367
Take the offerings,拿走供品,scripts/autoload/game_data/GameDataModes.gd:368
+6-12 Essence · -1 Renown,+6-12精华 · -1声望,scripts/autoload/game_data/GameDataModes.gd:368
Collapsed Armory,坍塌的军械库,scripts/autoload/game_data/GameDataModes.gd:370
A rack of weapons lies pinned under fallen stone. Something good might still be under there.,一排武器被压在落石之下。下面也许还有好东西。,scripts/autoload/game_data/GameDataModes.gd:370
Lift the rubble,搬开碎石,scripts/autoload/game_data/GameDataModes.gd:372
Might check · pass: a Rare-or-better item · fail: everyone loses 10% HP,力量检定 · 成功：一件稀有或更好的物品 · 失败：所有人损失10%生命,scripts/autoload/game_data/GameDataModes.gd:372
Leave it,留着吧,scripts/autoload/game_data/GameDataModes.gd:373
Whispering Tome,低语之书,scripts/autoload/game_data/GameDataModes.gd:375
"A book floats open in the dark, murmuring techniques in a language almost like yours.",一本书在黑暗中悬浮翻开，用一种近似你们的语言低声念着技艺。,scripts/autoload/game_data/GameDataModes.gd:375
Read it,阅读它,scripts/autoload/game_data/GameDataModes.gd:377
Focus check · pass: every hero gains 40 XP · fail: everyone loses 10% HP,专注检定 · 成功：每位英雄获得40经验 · 失败：所有人损失10%生命,scripts/autoload/game_data/GameDataModes.gd:377
Burn it,烧掉它,scripts/autoload/game_data/GameDataModes.gd:378
+6 Essence,+6精华,scripts/autoload/game_data/GameDataModes.gd:378
Frayed Rope Bridge,破旧的绳桥,scripts/autoload/game_data/GameDataModes.gd:380
"A rope bridge sways over a chasm. On the far side, a dead scout's pack.",一座绳桥在深渊上方摇晃。对面有一名死去斥候的背包。,scripts/autoload/game_data/GameDataModes.gd:380
Cross quickly,快速通过,scripts/autoload/game_data/GameDataModes.gd:382
Agility check · pass: +20-35 Gold · fail: everyone loses 15% HP,敏捷检定 · 成功：+20-35金币 · 失败：所有人损失15%生命,scripts/autoload/game_data/GameDataModes.gd:382
Go around,绕路走,scripts/autoload/game_data/GameDataModes.gd:383
Ember Pit,余烬坑,scripts/autoload/game_data/GameDataModes.gd:385
Something glints at the bottom of a pit of still-glowing coals.,一个仍在发光的炭坑底部，有什么东西在闪烁。,scripts/autoload/game_data/GameDataModes.gd:385
Reach in,伸手去拿,scripts/autoload/game_data/GameDataModes.gd:387
Everyone loses 15% HP · a Rare-or-better relic,所有人损失15%生命 · 一件稀有或更好的遗物,scripts/autoload/game_data/GameDataModes.gd:387
Frozen Knight,冰封骑士,scripts/autoload/game_data/GameDataModes.gd:390
"A knight from another guild, frozen mid-stride in rift-ice. Still breathing.",一名来自其他公会的骑士，迈步途中被冻在裂隙寒冰里。仍在呼吸。,scripts/autoload/game_data/GameDataModes.gd:390
Thaw them out,为他解冻,scripts/autoload/game_data/GameDataModes.gd:392
Costs 15 Gold · +3 Renown · +3 Momentum next fight,花费15金币 · +3声望 · 下一场战斗+3气势,scripts/autoload/game_data/GameDataModes.gd:392
Take their shield,拿走他的盾,scripts/autoload/game_data/GameDataModes.gd:393
A Rare-or-better item · -2 Renown,一件稀有或更好的物品 · -2声望,scripts/autoload/game_data/GameDataModes.gd:393
Crimson Pool,猩红之池,scripts/autoload/game_data/GameDataModes.gd:396
A pool of something thick and red. Drinking it would teach you things. Painful things.,一池又稠又红的东西。喝下它会教你一些事。痛苦的事。,scripts/autoload/game_data/GameDataModes.gd:396
Drink,喝下,scripts/autoload/game_data/GameDataModes.gd:398
Everyone loses 20% HP · every hero gains 40 XP,所有人损失20%生命 · 每位英雄获得40经验,scripts/autoload/game_data/GameDataModes.gd:398
Bottle some,装一些,scripts/autoload/game_data/GameDataModes.gd:399
+1 Healing Tonic,+1治疗药剂,scripts/autoload/game_data/GameDataModes.gd:399
Singing Anvil,歌唱铁砧,scripts/autoload/game_data/GameDataModes.gd:401
"An anvil that rings on its own. A smith's ghost offers to work it, for a price.",一座会自己鸣响的铁砧。一个铁匠的幽魂提出为你打造，要收钱。,scripts/autoload/game_data/GameDataModes.gd:401
Pay the smith,付钱给铁匠,scripts/autoload/game_data/GameDataModes.gd:403
Costs 25 Gold · an Epic item,花费25金币 · 一件史诗物品,scripts/autoload/game_data/GameDataModes.gd:403
Sell the scrap,卖掉废料,scripts/autoload/game_data/GameDataModes.gd:404
+12 Gold,+12金币,scripts/autoload/game_data/GameDataModes.gd:404
Storm Totem,风暴图腾,scripts/autoload/game_data/GameDataModes.gd:406
"A totem crackles with trapped lightning. Channelled right, it could charge your party.",一根图腾噼啪作响，困着闪电。引导得当，它能为你的小队充能。,scripts/autoload/game_data/GameDataModes.gd:406
Channel it,引导它,scripts/autoload/game_data/GameDataModes.gd:408
"Focus check · pass: +12-20 Essence, +3 Momentum next fight · fail: everyone loses 10% HP",专注检定 · 成功：+12-20精华，下一场战斗+3气势 · 失败：所有人损失10%生命,scripts/autoload/game_data/GameDataModes.gd:408
A Hungry Shade,饥饿的幽影,scripts/autoload/game_data/GameDataModes.gd:411
"A shade drifts toward you, hungry for anything bright: gold, light, warmth.",一道幽影朝你飘来，渴求任何明亮的东西：金子、光、温暖。,scripts/autoload/game_data/GameDataModes.gd:411
Feed it gold,喂它金子,scripts/autoload/game_data/GameDataModes.gd:413
Costs 20 Gold · +3 Essence,花费20金币 · +3精华,scripts/autoload/game_data/GameDataModes.gd:413
Drive it off,把它赶走,scripts/autoload/game_data/GameDataModes.gd:414
Everyone loses 10% HP · +10 Essence,所有人损失10%生命 · +10精华,scripts/autoload/game_data/GameDataModes.gd:414
Flee,逃跑,scripts/autoload/game_data/GameDataModes.gd:415
Ruined Chapel,废弃礼拜堂,scripts/autoload/game_data/GameDataModes.gd:417
"Half a chapel, the other half somewhere in the rift. The altar still holds warmth.",半座礼拜堂，另一半在裂隙中的某处。祭坛仍有余温。,scripts/autoload/game_data/GameDataModes.gd:417
Restore the altar,修复祭坛,scripts/autoload/game_data/GameDataModes.gd:419
Costs 20 Gold · every hero heals 50% HP · +2 Renown,花费20金币 · 每位英雄回复50%生命 · +2声望,scripts/autoload/game_data/GameDataModes.gd:419
Rest a while,歇一会儿,scripts/autoload/game_data/GameDataModes.gd:420
Ghostly Peddler,幽灵小贩,scripts/autoload/game_data/GameDataModes.gd:422
A translucent merchant lays out wares that flicker in and out of existence.,一个半透明的商人摆出时隐时现的货物。,scripts/autoload/game_data/GameDataModes.gd:422
Buy a curiosity,买件奇物,scripts/autoload/game_data/GameDataModes.gd:424
Costs 30 Gold · an Epic item or relic,花费30金币 · 一件史诗物品或遗物,scripts/autoload/game_data/GameDataModes.gd:424
Trade stories,交换故事,scripts/autoload/game_data/GameDataModes.gd:425
Every hero gains 12 XP,每位英雄获得12经验,scripts/autoload/game_data/GameDataModes.gd:425
Caged Beast,笼中兽,scripts/autoload/game_data/GameDataModes.gd:427
"A rift beast in a cage of runes, whimpering. The rune-lock is simple enough.",一只裂隙兽被关在符文笼中，呜咽着。符文锁很简单。,scripts/autoload/game_data/GameDataModes.gd:427
Free it,放了它,scripts/autoload/game_data/GameDataModes.gd:429
"55%: it bounds off grateful · +4 Renown, +2 Essence · 45%: it lashes out, everyone loses 15% HP",55%：它感激地跑开 · +4声望，+2精华 · 45%：它发起攻击，所有人损失15%生命,scripts/autoload/game_data/GameDataModes.gd:429
Rift Mirror,裂隙之镜,scripts/autoload/game_data/GameDataModes.gd:432
Your reflection moves a moment after you do. It seems to be showing you something.,你的倒影比你慢一拍才动。它似乎在给你看什么。,scripts/autoload/game_data/GameDataModes.gd:432
Study it,端详它,scripts/autoload/game_data/GameDataModes.gd:434
"Focus check · pass: +3 Momentum next fight, +25 XP each · fail: everyone loses 10% HP",专注检定 · 成功：下一场战斗+3气势，每人+25经验 · 失败：所有人损失10%生命,scripts/autoload/game_data/GameDataModes.gd:434
Smash it,砸碎它,scripts/autoload/game_data/GameDataModes.gd:435
+8 Essence,+8精华,scripts/autoload/game_data/GameDataModes.gd:435
Sleeping Golem,沉睡魔像,scripts/autoload/game_data/GameDataModes.gd:437
A stone golem dozes on top of a treasure chest. Its snores shake the floor.,一尊石魔像趴在宝箱上打盹。它的鼾声震得地面发颤。,scripts/autoload/game_data/GameDataModes.gd:437
Sneak the chest out,偷偷把宝箱弄出来,scripts/autoload/game_data/GameDataModes.gd:439
Agility check · pass: +30-45 Gold and a Rare-or-better item or relic · fail: everyone loses 20% HP,敏捷检定 · 成功：+30-45金币和一件稀有或更好的物品或遗物 · 失败：所有人损失20%生命,scripts/autoload/game_data/GameDataModes.gd:439
Let it sleep,让它睡吧,scripts/autoload/game_data/GameDataModes.gd:440
Lost Recruit,迷路的新兵,scripts/autoload/game_data/GameDataModes.gd:442
"A young recruit from a village guild, lost and terrified, clutching a rusted sword.",一名来自乡村公会的年轻新兵，迷了路，吓坏了，紧攥着一把生锈的剑。,scripts/autoload/game_data/GameDataModes.gd:442
Escort them out,护送他出去,scripts/autoload/game_data/GameDataModes.gd:444
"Every hero loses 5% HP · +4 Renown, +1 Essence",每位英雄损失5%生命 · +4声望，+1精华,scripts/autoload/game_data/GameDataModes.gd:444
Point the way,给他指路,scripts/autoload/game_data/GameDataModes.gd:445
+1 Renown,+1声望,scripts/autoload/game_data/GameDataModes.gd:445
Glowing Fungus,发光真菌,scripts/autoload/game_data/GameDataModes.gd:447
Pale mushrooms pulse with soft light. They smell faintly of mint and ozone.,苍白的蘑菇脉动着柔和的光。闻起来隐约有薄荷和臭氧的味道。,scripts/autoload/game_data/GameDataModes.gd:447
Eat some,吃一些,scripts/autoload/game_data/GameDataModes.gd:449
60%: every hero heals 30% HP and gains 15 XP · 40%: everyone loses 10% HP,60%：每位英雄回复30%生命并获得15经验 · 40%：所有人损失10%生命,scripts/autoload/game_data/GameDataModes.gd:449
Harvest them,采集它们,scripts/autoload/game_data/GameDataModes.gd:450
Rift Crossroads,裂隙岔路,scripts/autoload/game_data/GameDataModes.gd:452
"Two paths: one dives deeper into raw rift energy, one leads to a quiet alcove.",两条路：一条深入原始的裂隙能量，一条通往一处安静的凹室。,scripts/autoload/game_data/GameDataModes.gd:452
Push deeper,继续深入,scripts/autoload/game_data/GameDataModes.gd:454
Everyone loses 8% HP · +10-16 Essence,所有人损失8%生命 · +10-16精华,scripts/autoload/game_data/GameDataModes.gd:454
Regroup,重整队伍,scripts/autoload/game_data/GameDataModes.gd:455
Every hero heals 15% HP · +3 Momentum next fight,每位英雄回复15%生命 · 下一场战斗+3气势,scripts/autoload/game_data/GameDataModes.gd:455
Fallen Banner,倒下的旗帜,scripts/autoload/game_data/GameDataModes.gd:457
"A guild banner lies in the dust, its bearer long gone. The cloth is still good.",一面公会旗帜躺在尘土中，持旗者早已不在。布料还很好。,scripts/autoload/game_data/GameDataModes.gd:457
Raise it,举起它,scripts/autoload/game_data/GameDataModes.gd:459
+3 Renown · a 20-point shield against the next hazard,+3声望 · 抵御下一个险境的20点护盾,scripts/autoload/game_data/GameDataModes.gd:459
Salvage it,回收它,scripts/autoload/game_data/GameDataModes.gd:460
+10 Gold,+10金币,scripts/autoload/game_data/GameDataModes.gd:460
A Deserter,逃兵,scripts/autoload/game_data/GameDataModes.gd:463
"A rival guild's hireling crouches in a side passage, clutching a stolen purse.",一名敌对公会的雇工蹲在侧道里，紧攥着一个偷来的钱袋。,scripts/autoload/game_data/GameDataModes.gd:463
Turn them in,把他交出去,scripts/autoload/game_data/GameDataModes.gd:465
+10 Gold · +3 Renown,+10金币 · +3声望,scripts/autoload/game_data/GameDataModes.gd:465
Split the purse,平分钱袋,scripts/autoload/game_data/GameDataModes.gd:466
+20-30 Gold · -2 Renown,+20-30金币 · -2声望,scripts/autoload/game_data/GameDataModes.gd:466
Whispering Well,低语之井,scripts/autoload/game_data/GameDataModes.gd:468
"Coins glint at the bottom of a dry well, and something down there whispers your name.",枯井底部有钱币闪光，下面有什么在低声呼唤你的名字。,scripts/autoload/game_data/GameDataModes.gd:468
Climb down,爬下去,scripts/autoload/game_data/GameDataModes.gd:470
Agility check · pass: 25-40 Gold · fail: everyone loses 10% HP,敏捷检定 · 成功：25-40金币 · 失败：所有人损失10%生命,scripts/autoload/game_data/GameDataModes.gd:470
Toss a coin in,扔一枚硬币,scripts/autoload/game_data/GameDataModes.gd:471
Costs 5 Gold · every hero heals 15% HP,花费5金币 · 每位英雄回复15%生命,scripts/autoload/game_data/GameDataModes.gd:471
Cold Forge,冷却的锻炉,scripts/autoload/game_data/GameDataModes.gd:473
"An abandoned rift-forge, its coals still faintly warm.",一座废弃的裂隙锻炉，炭火仍有微温。,scripts/autoload/game_data/GameDataModes.gd:473
Stoke it with Essence,用精华添火,scripts/autoload/game_data/GameDataModes.gd:475
Costs 10 Essence · a Rare-or-better item,花费10精华 · 一件稀有或更好的物品,scripts/autoload/game_data/GameDataModes.gd:475
Scavenge the scraps,搜刮废料,scripts/autoload/game_data/GameDataModes.gd:476
Old Sparring Ring,旧切磋场,scripts/autoload/game_data/GameDataModes.gd:478
"Chalk lines and battered practice dummies. Someone trained here once, and the rift kept it.",粉笔线和破旧的练习假人。曾有人在这里训练，裂隙把它留了下来。,scripts/autoload/game_data/GameDataModes.gd:478
Spar,切磋,scripts/autoload/game_data/GameDataModes.gd:480
Everyone loses 10% HP · every hero gains 35 XP,所有人损失10%生命 · 每位英雄获得35经验,scripts/autoload/game_data/GameDataModes.gd:480
Rest in the ring,在场中休息,scripts/autoload/game_data/GameDataModes.gd:481
Every hero heals 10% HP,每位英雄回复10%生命,scripts/autoload/game_data/GameDataModes.gd:481
Rift Hermit,裂隙隐士,scripts/autoload/game_data/GameDataModes.gd:483
"An old man lives here, somehow. He offers tea and a story.",有个老人不知怎么住在这里。他请你喝茶，讲个故事。,scripts/autoload/game_data/GameDataModes.gd:483
Drink the tea,喝茶,scripts/autoload/game_data/GameDataModes.gd:485
Every hero heals 25% HP,每位英雄回复25%生命,scripts/autoload/game_data/GameDataModes.gd:485
Buy his charm,买他的护符,scripts/autoload/game_data/GameDataModes.gd:486
Costs 20 Gold · a 25-point shield against the next hazard,花费20金币 · 抵御下一个险境的25点护盾,scripts/autoload/game_data/GameDataModes.gd:486
Pile of Bones,白骨堆,scripts/autoload/game_data/GameDataModes.gd:488
"Adventurers' bones, their packs still strapped on.",冒险者的骸骨，背包还系在身上。,scripts/autoload/game_data/GameDataModes.gd:488
Search the packs,搜查背包,scripts/autoload/game_data/GameDataModes.gd:490
60%: a Rare-or-better find · 40%: a trap hits everyone for 10% HP,60%：一件稀有或更好的发现 · 40%：陷阱对所有人造成10%生命伤害,scripts/autoload/game_data/GameDataModes.gd:490
Bury them,埋葬他们,scripts/autoload/game_data/GameDataModes.gd:491
+2 Renown · every hero gains 10 XP,+2声望 · 每位英雄获得10经验,scripts/autoload/game_data/GameDataModes.gd:491
The Tollkeeper,收费人,scripts/autoload/game_data/GameDataModes.gd:493
"A masked figure blocks the path with a spear. ""Toll.""","一个戴面具的身影用长矛拦住去路。""过路费。""",scripts/autoload/game_data/GameDataModes.gd:493
Pay the toll,交过路费,scripts/autoload/game_data/GameDataModes.gd:495
Costs 25 Gold · he points out a shortcut: +3 Momentum next fight,花费25金币 · 他指了一条捷径：下一场战斗+3气势,scripts/autoload/game_data/GameDataModes.gd:495
Push past,硬闯过去,scripts/autoload/game_data/GameDataModes.gd:496
Might check · pass: +30 Gold from his strongbox · fail: everyone loses 15% HP,力量检定 · 成功：从他的钱箱拿到+30金币 · 失败：所有人损失15%生命,scripts/autoload/game_data/GameDataModes.gd:496
Rift Starlight,裂隙星光,scripts/autoload/game_data/GameDataModes.gd:498
A shaft of pale light falls through a crack in the rift. It feels like home.,一束苍白的光从裂隙的缝隙中洒落。感觉像家。,scripts/autoload/game_data/GameDataModes.gd:498
Bask in it,沐浴其中,scripts/autoload/game_data/GameDataModes.gd:500
Bottle it,装进瓶里,scripts/autoload/game_data/GameDataModes.gd:501
+10 Essence,+10精华,scripts/autoload/game_data/GameDataModes.gd:501
Overturned Cart,翻倒的马车,scripts/autoload/game_data/GameDataModes.gd:503
A merchant's cart lies on its side. The merchant is nowhere to be seen.,一辆商人的马车翻倒在地。不见商人踪影。,scripts/autoload/game_data/GameDataModes.gd:503
Take the goods,拿走货物,scripts/autoload/game_data/GameDataModes.gd:505
+25 Gold · -2 Renown,+25金币 · -2声望,scripts/autoload/game_data/GameDataModes.gd:505
Take one tonic,拿一瓶药剂,scripts/autoload/game_data/GameDataModes.gd:506
Right the cart,扶正马车,scripts/autoload/game_data/GameDataModes.gd:507
+4 Renown,+4声望,scripts/autoload/game_data/GameDataModes.gd:507
Silent Scarecrow,沉默的稻草人,scripts/autoload/game_data/GameDataModes.gd:509
"A scarecrow stands in the rift's wheat, its sackcloth head turning to follow you.",一个稻草人立在裂隙的麦田里，麻布做的脑袋跟着你转动。,scripts/autoload/game_data/GameDataModes.gd:509
Search its coat,搜它的外套,scripts/autoload/game_data/GameDataModes.gd:512
Focus check · pass: a Rare-or-better item · fail: everyone loses 10% HP,专注检定 · 成功：一件稀有或更好的物品 · 失败：所有人损失10%生命,scripts/autoload/game_data/GameDataModes.gd:512
Rift Orchard,裂隙果园,scripts/autoload/game_data/GameDataModes.gd:514
"Apple trees heavy with softly glowing fruit, in a field that shouldn't exist.",苹果树上挂满微微发光的果实，长在一片本不该存在的田野里。,scripts/autoload/game_data/GameDataModes.gd:514
Eat the fruit,吃果子,scripts/autoload/game_data/GameDataModes.gd:516
"70%: every hero heals 30% HP · 30%: bellyache, everyone loses 10% HP",70%：每位英雄回复30%生命 · 30%：肚子疼，所有人损失10%生命,scripts/autoload/game_data/GameDataModes.gd:516
Fill a basket,装满一篮,scripts/autoload/game_data/GameDataModes.gd:517
Haunted Mill,闹鬼的磨坊,scripts/autoload/game_data/GameDataModes.gd:519
"The mill wheel turns with no water and no wind, grinding something that glows.",水车在没有水也没有风的情况下转动，碾磨着某种发光的东西。,scripts/autoload/game_data/GameDataModes.gd:519
Take the rift-flour,拿走裂隙面粉,scripts/autoload/game_data/GameDataModes.gd:521
+12-18 Essence,+12-18精华,scripts/autoload/game_data/GameDataModes.gd:521
Jam the wheel,卡住水车,scripts/autoload/game_data/GameDataModes.gd:522
"Might check · pass: the village thanks you, +4 Renown, +15 Gold · fail: everyone loses 10% HP",力量检定 · 成功：村子感谢你，+4声望，+15金币 · 失败：所有人损失10%生命,scripts/autoload/game_data/GameDataModes.gd:522
Vale Wayshrine,山谷路边神龛,scripts/autoload/game_data/GameDataModes.gd:524
"A farmer's roadside shrine, its garlands somehow still fresh.",一座农夫的路边神龛，花环不知为何仍很新鲜。,scripts/autoload/game_data/GameDataModes.gd:524
Leave an offering,留下供品,scripts/autoload/game_data/GameDataModes.gd:526
Costs 10 Gold · every hero heals 20% HP · +2 Renown,花费10金币 · 每位英雄回复20%生命 · +2声望,scripts/autoload/game_data/GameDataModes.gd:526
Pray for strength,祈求力量,scripts/autoload/game_data/GameDataModes.gd:527
Every hero gains 20 XP,每位英雄获得20经验,scripts/autoload/game_data/GameDataModes.gd:527
Sunken Bell,沉没之钟,scripts/autoload/game_data/GameDataModes.gd:529
"A bronze bell rises from the black water and tolls once, very slowly.",一口青铜钟从黑水中升起，非常缓慢地敲响了一下。,scripts/autoload/game_data/GameDataModes.gd:529
Ring it back,回敲一下,scripts/autoload/game_data/GameDataModes.gd:531
"50%: a Rare-or-better relic surfaces · 50%: the water lashes out, everyone loses 15% HP",50%：一件稀有或更好的遗物浮出水面 · 50%：水猛然袭来，所有人损失15%生命,scripts/autoload/game_data/GameDataModes.gd:531
Leave quietly,悄悄离开,scripts/autoload/game_data/GameDataModes.gd:532
Leech Pool,水蛭池,scripts/autoload/game_data/GameDataModes.gd:534
Fat leeches drift in a warm pool. The old marsh healers swore by them.,肥硕的水蛭在一池温水中漂浮。老一辈的沼泽医者对它们深信不疑。,scripts/autoload/game_data/GameDataModes.gd:534
Bathe,泡一泡,scripts/autoload/game_data/GameDataModes.gd:536
Jar a few,装几只进罐子,scripts/autoload/game_data/GameDataModes.gd:537
Drowned Chest,沉没的宝箱,scripts/autoload/game_data/GameDataModes.gd:539
A chest sits chained under a foot of murky water.,一个宝箱被锁链拴在一尺深的浑水下。,scripts/autoload/game_data/GameDataModes.gd:539
Dive for it,潜下去拿,scripts/autoload/game_data/GameDataModes.gd:541
Agility check · pass: a Rare-or-better item · fail: everyone loses 12% HP,敏捷检定 · 成功：一件稀有或更好的物品 · 失败：所有人损失12%生命,scripts/autoload/game_data/GameDataModes.gd:541
Hook it with a rope,用绳子钩上来,scripts/autoload/game_data/GameDataModes.gd:542
+15-25 Gold,+15-25金币,scripts/autoload/game_data/GameDataModes.gd:542
Voices in the Fog,雾中之声,scripts/autoload/game_data/GameDataModes.gd:544
The fog whispers the names of heroes your guild has lost.,雾气低声念着你的公会失去的英雄的名字。,scripts/autoload/game_data/GameDataModes.gd:544
Answer them,回应他们,scripts/autoload/game_data/GameDataModes.gd:546
Press on in silence,沉默前行,scripts/autoload/game_data/GameDataModes.gd:547
+3 Momentum next fight,下一场战斗+3气势,scripts/autoload/game_data/GameDataModes.gd:547
Ash-Buried King,灰烬掩埋的国王,scripts/autoload/game_data/GameDataModes.gd:549
"The statue of a forgotten king, half swallowed by ash, still holds out its hand.",一尊被遗忘国王的雕像，半截埋在灰烬里，仍伸着手。,scripts/autoload/game_data/GameDataModes.gd:549
Dig it out,挖出来,scripts/autoload/game_data/GameDataModes.gd:551
Might check · pass: a Rare-or-better relic · fail: everyone loses 10% HP,力量检定 · 成功：一件稀有或更好的遗物 · 失败：所有人损失10%生命,scripts/autoload/game_data/GameDataModes.gd:551
Pry off its gems,撬下宝石,scripts/autoload/game_data/GameDataModes.gd:552
+12 Essence,+12精华,scripts/autoload/game_data/GameDataModes.gd:552
Glass Bridge,玻璃之桥,scripts/autoload/game_data/GameDataModes.gd:554
A bridge of cooled volcanic glass arcs over a river of fire.,一座冷却火山玻璃的桥拱跨在火河之上。,scripts/autoload/game_data/GameDataModes.gd:554
Cross carefully,小心通过,scripts/autoload/game_data/GameDataModes.gd:556
"Agility check · pass: +8 Essence, +3 Momentum next fight · fail: everyone loses 15% HP",敏捷检定 · 成功：+8精华，下一场战斗+3气势 · 失败：所有人损失15%生命,scripts/autoload/game_data/GameDataModes.gd:556
Go the long way,绕远路,scripts/autoload/game_data/GameDataModes.gd:557
Everyone loses 5% HP,所有人损失5%生命,scripts/autoload/game_data/GameDataModes.gd:557
Cult Offering,邪教供品,scripts/autoload/game_data/GameDataModes.gd:559
"An abandoned fire-cult altar, piled high with offerings.",一座废弃的拜火教祭坛，供品堆得高高的。,scripts/autoload/game_data/GameDataModes.gd:559
+30 Gold · -3 Renown,+30金币 · -3声望,scripts/autoload/game_data/GameDataModes.gd:561
Scatter the ashes,扬撒骨灰,scripts/autoload/game_data/GameDataModes.gd:562
Ember Egg,余烬之卵,scripts/autoload/game_data/GameDataModes.gd:564
"A warm egg rests in the embers, pulsing with light like a heartbeat.",一枚温热的蛋躺在余烬中，光芒如心跳般脉动。,scripts/autoload/game_data/GameDataModes.gd:564
Warm it,孵化它,scripts/autoload/game_data/GameDataModes.gd:566
"40%: it hatches and leaves a gift, a Rare-or-better find, +10 Essence · 60%: it bursts, everyone loses 15% HP",40%：它孵化并留下礼物，一件稀有或更好的发现，+10精华 · 60%：它爆开，所有人损失15%生命,scripts/autoload/game_data/GameDataModes.gd:566
Take its shell,拿走蛋壳,scripts/autoload/game_data/GameDataModes.gd:567
+15 Essence,+15精华,scripts/autoload/game_data/GameDataModes.gd:567
The Glass Market,玻璃集市,scripts/autoload/game_data/GameDataModes.gd:571
"In the middle of the rift, a stall. A thing with too many hands is selling fruit made of glass. It does not attack. It seems embarrassed to be seen. When your party comes closer it holds out a fruit and says, very clearly, in our language: please.",裂隙中央有一个摊位。一个手多得过分的东西在卖玻璃做的水果。它没有攻击。它似乎因为被看见而难为情。你的小队走近时，它递出一个水果，用我们的语言清清楚楚地说：求你了。,scripts/autoload/game_data/GameDataModes.gd:571
Buy a fruit,买一个水果,scripts/autoload/game_data/GameDataModes.gd:573
Costs 12 Gold · every hero heals 25% HP,花费12金币 · 每位英雄回复25%生命,scripts/autoload/game_data/GameDataModes.gd:573
Take one (it lets you),拿一个（它任你拿）,scripts/autoload/game_data/GameDataModes.gd:574
+8-14 Essence · -1 Renown,+8-14精华 · -1声望,scripts/autoload/game_data/GameDataModes.gd:574
Leave it in peace,别打扰它,scripts/autoload/game_data/GameDataModes.gd:575
A Lost Child,迷路的孩子,scripts/autoload/game_data/GameDataModes.gd:577
"A small creature hides behind a rock. It has the shape of the things you fight, but small, and it is crying. It flinches when your party comes near, then follows at a distance.",一个小生物躲在岩石后面。它的样子像你们与之战斗的那些东西，只是很小，而且在哭。你的小队靠近时它缩了一下，然后远远地跟在后面。,scripts/autoload/game_data/GameDataModes.gd:577
Walk it to the rift's heart,陪它走到裂隙中心,scripts/autoload/game_data/GameDataModes.gd:579
Every hero gains 15 XP,每位英雄获得15经验,scripts/autoload/game_data/GameDataModes.gd:579
Leave it your rations,把口粮留给它,scripts/autoload/game_data/GameDataModes.gd:580
Costs 10 Gold · +3 Renown,花费10金币 · +3声望,scripts/autoload/game_data/GameDataModes.gd:580
Rain That Falls Up,向上落的雨,scripts/autoload/game_data/GameDataModes.gd:583
"Here the rain falls toward the sky, slow and warm, and collects in the air above your heads like a lake seen from underneath.",这里的雨朝天空落去，缓慢而温暖，在你们头顶的空中聚集，就像从下方看到的湖。,scripts/autoload/game_data/GameDataModes.gd:583
Stand in it,站在雨中,scripts/autoload/game_data/GameDataModes.gd:585
+8-14 Essence,+8-14精华,scripts/autoload/game_data/GameDataModes.gd:586
A Dark Post,熄灭的岗位,scripts/autoload/game_data/GameDataModes.gd:588
"A pillar of glass stands in the rift, cracked and empty. Scratched into its base: a name, and the Accord's oath. Whoever held this post let go a long time ago.",一根玻璃柱立在裂隙中，开裂而空荡。底座上刻着：一个名字，和盟约的誓言。守着这个岗位的人很久以前就放手了。,scripts/autoload/game_data/GameDataModes.gd:588
Read the oath aloud,高声诵读誓言,scripts/autoload/game_data/GameDataModes.gd:590
Every hero heals 10% HP · +2 Renown,每位英雄回复10%生命 · +2声望,scripts/autoload/game_data/GameDataModes.gd:590
Chip out the crystal,凿下晶体,scripts/autoload/game_data/GameDataModes.gd:591
+10-16 Essence · -2 Renown,+10-16精华 · -2声望,scripts/autoload/game_data/GameDataModes.gd:591
Escort the salt carts,护送盐车,scripts/autoload/game_data/GameDataModes.gd:625
"The salt carts want guards as far as the river ford. Nobody expects trouble, which is when it comes.",盐车要人护送到河边浅滩。没人预料会出事，而麻烦往往就在这时找上门。,scripts/autoload/game_data/GameDataModes.gd:625
Clear the mill cellar,清理磨坊地窖,scripts/autoload/game_data/GameDataModes.gd:626
Something is eating the miller's grain and he would rather not find out what.,有东西在偷吃磨坊主的粮食，他宁可不知道那是什么。,scripts/autoload/game_data/GameDataModes.gd:626
Count the border cairns,清点边界石堆,scripts/autoload/game_data/GameDataModes.gd:627
The Crown pays a surveyor's fee to anyone who walks the old border and counts what is still standing.,王冠会付一笔测量费，给任何走完旧边界、清点出仍然矗立之物的人。,scripts/autoload/game_data/GameDataModes.gd:627
Hunt the marsh lights,猎杀沼泽鬼火,scripts/autoload/game_data/GameDataModes.gd:628
Lights over the marsh have drowned three fishermen this month. The village has a purse for whoever puts them out.,沼泽上的鬼火这个月已经淹死了三个渔夫。村里凑了一笔赏钱，给能把它们熄灭的人。,scripts/autoload/game_data/GameDataModes.gd:628
Recover the toll chest,夺回过路费箱,scripts/autoload/game_data/GameDataModes.gd:629
Bandits took the bridge toll and went to ground in the quarry. Bring the chest back and keep a share.,强盗抢走了桥上的过路费，躲进了采石场。把箱子带回来，你可以留一份。,scripts/autoload/game_data/GameDataModes.gd:629
Map the drowned road,测绘被淹的道路,scripts/autoload/game_data/GameDataModes.gd:630
The old Accord road runs under the floodwater now. A merchant house wants it mapped before their rivals do.,古老的盟约大道如今沉在洪水之下。一家商行想抢在对手之前把它绘成地图。,scripts/autoload/game_data/GameDataModes.gd:630
Take the Hollow's tithe barge,劫下空洞的什一税驳船,scripts/autoload/game_data/GameDataModes.gd:631
"A barge carries rift-glass up the river for the Hollow's buyers. It is guarded, and it is worth it.",一艘驳船沿河运送裂隙玻璃，交给空洞的买家。船上有守卫，但值得一抢。,scripts/autoload/game_data/GameDataModes.gd:631
Open an Accord vault,打开盟约宝库,scripts/autoload/game_data/GameDataModes.gd:632
A scholar swears an old guild vault lies under the burned chapel. The last party that went down came back two short.,一位学者发誓，烧毁的礼拜堂下面有一座旧公会宝库。上一支下去的小队，回来时少了两个人。,scripts/autoload/game_data/GameDataModes.gd:632
Safe,安全,scripts/autoload/game_data/GameDataModes.gd:638
Hard,困难,scripts/autoload/game_data/GameDataModes.gd:638
Perilous,凶险,scripts/autoload/game_data/GameDataModes.gd:638
Muscle,蛮力,scripts/autoload/game_data/GameDataModes.gd:647
Scout,侦察,scripts/autoload/game_data/GameDataModes.gd:648
Appraiser,鉴定师,scripts/autoload/game_data/GameDataModes.gd:649
Field medic,战地医护,scripts/autoload/game_data/GameDataModes.gd:650
Light fingers,妙手,scripts/autoload/game_data/GameDataModes.gd:651
Takes the blows,硬扛打击,scripts/autoload/game_data/GameDataModes.gd:652
At home in danger,临危自若,scripts/autoload/game_data/GameDataModes.gd:653
Drills the others,督促操练,scripts/autoload/game_data/GameDataModes.gd:654
Clean shot,精准一击,scripts/autoload/game_data/GameDataModes.gd:655
Sets snares,布设陷阱,scripts/autoload/game_data/GameDataModes.gd:656
Bounty hunter,赏金猎人,scripts/autoload/game_data/GameDataModes.gd:657
Burns the dross,焚去杂质,scripts/autoload/game_data/GameDataModes.gd:658
Wards the camp,护佑营地,scripts/autoload/game_data/GameDataModes.gd:659
Sees it coming,未卜先知,scripts/autoload/game_data/GameDataModes.gd:660
Patches everyone,人人包扎,scripts/autoload/game_data/GameDataModes.gd:661
Shields the worst of it,挡下最狠的,scripts/autoload/game_data/GameDataModes.gd:662
Rallies the party,鼓舞小队,scripts/autoload/game_data/GameDataModes.gd:663
Quiet work,悄然行事,scripts/autoload/game_data/GameDataModes.gd:664
Gets out fast,迅速脱身,scripts/autoload/game_data/GameDataModes.gd:665
Shrugs it off,不当回事,scripts/autoload/game_data/GameDataModes.gd:666
SS,SS,scripts/autoload/game_data/GameDataModes.gd:716
SSS,SSS,scripts/autoload/game_data/GameDataModes.gd:717
more elites,更多精英,scripts/autoload/game_data/GameDataModes.gd:728
harsher hazards,更严酷的险境,scripts/autoload/game_data/GameDataModes.gd:728
fewer shops,更少的商店,scripts/autoload/game_data/GameDataModes.gd:728
no rarity floor on the starting relic,初始遗物无稀有度下限,scripts/autoload/game_data/GameDataModes.gd:729
bosses use two mechanics,首领使用两种机制,scripts/autoload/game_data/GameDataModes.gd:729
Forks offer elite fights more often.,岔路更常提供精英战。,scripts/autoload/game_data/GameDataModes.gd:735
The mildest hazards are skipped: every hazard is at least Moderate (at least Severe at SSS).,最轻微的险境被跳过：每个险境至少为中等（SSS时至少为严重）。,scripts/autoload/game_data/GameDataModes.gd:736
Forks offer a shop less often.,岔路提供商店的频率降低。,scripts/autoload/game_data/GameDataModes.gd:737
"The starting relic can be any rarity, even Common.",初始遗物可以是任何稀有度，甚至是普通。,scripts/autoload/game_data/GameDataModes.gd:738
The boss uses two of its mechanics at once.,首领同时使用其两种机制。,scripts/autoload/game_data/GameDataModes.gd:739
Operations Branch,作战分支,scripts/autoload/game_data/GameDataModes.gd:767
Heroes & Combat,英雄与战斗,scripts/autoload/game_data/GameDataModes.gd:767
Barracks,兵营,scripts/autoload/game_data/GameDataModes.gd:768
+2 hero slots,+2英雄栏位,scripts/autoload/game_data/GameDataModes.gd:768
Mentors: new recruits join 1 level higher,导师：新兵加入时等级+1,scripts/autoload/game_data/GameDataModes.gd:769
Veteran instructors: heroes earn +20% XP,老兵教官：英雄获得经验+20%,scripts/autoload/game_data/GameDataModes.gd:769
Infirmary,医务室,scripts/autoload/game_data/GameDataModes.gd:770
-15% recovery time; a bed at Lv1/3/5,恢复时间-15%；在1/3/5级各增加一张床,scripts/autoload/game_data/GameDataModes.gd:770
Order: Supply Drop — heal the party 35% between fights,命令：补给空投——战斗之间为小队回复35%生命,scripts/autoload/game_data/GameDataModes.gd:771
"Field Triage: once per rift, get a downed hero back up",战地分诊：每个裂隙一次，让一名倒下的英雄重新站起,scripts/autoload/game_data/GameDataModes.gd:771
Wounded heroes heal fully after every run,负伤的英雄在每次远征后完全康复,scripts/autoload/game_data/GameDataModes.gd:771
Drill Yard,操练场,scripts/autoload/game_data/GameDataModes.gd:772
a Training Yard slot every 2 levels; +4% party damage and +4% max HP,每2级增加一个训练场位置；小队伤害+4%，最大生命+4%,scripts/autoload/game_data/GameDataModes.gd:772
Order: Rally — the party acts first this round and hits 30% harder,命令：集结——本回合小队先手行动，伤害提高30%,scripts/autoload/game_data/GameDataModes.gd:773
Vanguard: a fight's first strike deals +25% damage,先锋：战斗的第一击伤害+25%,scripts/autoload/game_data/GameDataModes.gd:773
Abilities are ready at the start of every fight,每场战斗开始时技能已就绪,scripts/autoload/game_data/GameDataModes.gd:773
Infrastructure Branch,设施分支,scripts/autoload/game_data/GameDataModes.gd:775
Rift Yield & Safety,裂隙收益与安全,scripts/autoload/game_data/GameDataModes.gd:775
Essence Amplifiers,精华增幅器,scripts/autoload/game_data/GameDataModes.gd:776
+8% Essence from fights,战斗精华+8%,scripts/autoload/game_data/GameDataModes.gd:776
Energy extraction: elites often drop bonus Essence,能量萃取：精英常掉落额外精华,scripts/autoload/game_data/GameDataModes.gd:777
Resonance: bosses drop an Essence cache,共鸣：首领掉落精华宝藏,scripts/autoload/game_data/GameDataModes.gd:777
Wardstones,守护石,scripts/autoload/game_data/GameDataModes.gd:778
"-12% hazard damage, +10% Essence for sealing",险境伤害-12%，封印精华+10%,scripts/autoload/game_data/GameDataModes.gd:778
Anchor: the first hazard of each rift is negated,锚定：每个裂隙的第一个险境无效,scripts/autoload/game_data/GameDataModes.gd:779
Hazards can't knock a hero out,险境无法击倒英雄,scripts/autoload/game_data/GameDataModes.gd:779
Logistics Branch,后勤分支,scripts/autoload/game_data/GameDataModes.gd:781
Trade & Recruiting,贸易与招募,scripts/autoload/game_data/GameDataModes.gd:781
Trade Network,贸易网络,scripts/autoload/game_data/GameDataModes.gd:782
"+1 feast seat; -6% shop prices, -2% auction fees, +5% Rift Cache chance",+1宴席座位；商店价格-6%，拍卖费用-2%，裂隙宝藏几率+5%,scripts/autoload/game_data/GameDataModes.gd:782
Order: Requisition — reroll a fight's loot choices,命令：征用——重抽战斗的战利品选项,scripts/autoload/game_data/GameDataModes.gd:783
Black Market: Rift Caches hold 30% more Gold,黑市：裂隙宝藏中的金币增加30%,scripts/autoload/game_data/GameDataModes.gd:783
Every rift shop offers a unique relic,每家裂隙商店都提供一件独特遗物,scripts/autoload/game_data/GameDataModes.gd:783
Scouts' Lodge,斥候小屋,scripts/autoload/game_data/GameDataModes.gd:784
Recruit board: +1 offer at Lv1 and Lv4,招募板：1级和4级时+1个人选,scripts/autoload/game_data/GameDataModes.gd:784
Order: Scout Ahead — reroll the next fork's paths,命令：先行侦察——重抽下一个岔路的路线,scripts/autoload/game_data/GameDataModes.gd:785
Headhunter: every recruit refresh has a Rank C+ hero,猎头：每次刷新招募都有一名阶级C+英雄,scripts/autoload/game_data/GameDataModes.gd:785
Recruit rerolls cost half,招募重抽费用减半,scripts/autoload/game_data/GameDataModes.gd:785
Breaches,破口,scripts/autoload/game_data/GameDataModes.gd:789
Armory,军械库,scripts/autoload/game_data/GameDataModes.gd:790
breach foes -5% HP and damage,裂口敌人生命和伤害-5%,scripts/autoload/game_data/GameDataModes.gd:790
Quartermaster,军需官,scripts/autoload/game_data/GameDataModes.gd:792
+10% Gold and Essence for holding a breach,守住裂口获得的金币和精华+10%,scripts/autoload/game_data/GameDataModes.gd:792
Palisade,栅栏,scripts/autoload/game_data/GameDataModes.gd:794
a lost defense costs 10% less,防御失败的损失降低10%,scripts/autoload/game_data/GameDataModes.gd:794
A lost defense damages one building at most,防御失败最多损坏一座建筑,scripts/autoload/game_data/GameDataModes.gd:795
Watchtower,瞭望塔,scripts/autoload/game_data/GameDataModes.gd:796
breach foes deal -4% damage,裂口敌人伤害-4%,scripts/autoload/game_data/GameDataModes.gd:796
+1 day of warning before a rift breaks,裂隙崩溃前多1天预警,scripts/autoload/game_data/GameDataModes.gd:797
+1 more day of warning,再多1天预警,scripts/autoload/game_data/GameDataModes.gd:797
Research Branch,研究分支,scripts/autoload/game_data/GameDataModes.gd:799
Relics & Theory,遗物与理论,scripts/autoload/game_data/GameDataModes.gd:799
Relic Vault,遗物库,scripts/autoload/game_data/GameDataModes.gd:800
"+1 equipped relic slot at Lv1, Lv3 and Lv5",在1、3、5级各+1遗物栏位,scripts/autoload/game_data/GameDataModes.gd:800
Arcane Lab,奥术实验室,scripts/autoload/game_data/GameDataModes.gd:802
Treatments and respecs cost 10% less; salvage returns 10% more Essence,治疗和重置便宜10%；分解多返还10%精华,scripts/autoload/game_data/GameDataModes.gd:802
Treat bad quirks and scars,治疗不良癖好和伤疤,scripts/autoload/game_data/GameDataModes.gd:803
Supply Drop,补给空投,scripts/autoload/game_data/GameDataModes.gd:809
Heal every standing hero 35% of their max HP.,为每位站立的英雄回复其最大生命35%的生命。,scripts/autoload/game_data/GameDataModes.gd:809
This round the party acts before every foe and hits 30% harder.,本回合小队先于所有敌人行动，伤害提高30%。,scripts/autoload/game_data/GameDataModes.gd:810
Requisition,征用,scripts/autoload/game_data/GameDataModes.gd:811
Reroll this fight's loot choices.,重抽本场战斗的战利品选项。,scripts/autoload/game_data/GameDataModes.gd:811
Scout Ahead,先行侦察,scripts/autoload/game_data/GameDataModes.gd:812
Reroll the paths on the next fork.,重抽下一个岔路的路线。,scripts/autoload/game_data/GameDataModes.gd:812
Founding Guild,初创公会,scripts/autoload/game_data/GameDataModes.gd:827
Established Guild,知名公会,scripts/autoload/game_data/GameDataModes.gd:828
Renowned Guild,显赫公会,scripts/autoload/game_data/GameDataModes.gd:829
Legendary Guild,传奇公会,scripts/autoload/game_data/GameDataModes.gd:830
Guild Hall,公会大厅,scripts/autoload/game_data/GameDataModes.gd:877
Recruits,招募,scripts/autoload/game_data/GameDataModes.gd:879
Items,物品,scripts/autoload/game_data/GameDataModes.gd:880
Market,市场,scripts/autoload/game_data/GameDataModes.gd:880
Heroes,英雄,scripts/autoload/game_data/GameDataModes.gd:882
Training,训练,scripts/autoload/game_data/GameDataModes.gd:884
Quest Board,任务板,scripts/autoload/game_data/GameDataModes.gd:885
Rift Hall,裂隙大厅,scripts/autoload/game_data/GameDataModes.gd:886
Rift Gate,裂隙之门,scripts/autoload/game_data/GameDataModes.gd:886
A dry year,旱年,scripts/autoload/game_data/GameDataModes.gd:922
"Contracts pay 15% less Gold, and heroes ask 15% lower wages.",契约金币减少15%，英雄要求的薪水降低15%。,scripts/autoload/game_data/GameDataModes.gd:922
A rich year,丰年,scripts/autoload/game_data/GameDataModes.gd:923
"Rift fights pay 20% more Gold, and shop prices are 15% higher.",裂隙战斗金币增加20%，商店价格提高15%。,scripts/autoload/game_data/GameDataModes.gd:923
The Hollow stirs in %s,空洞在%s蠢动,scripts/autoload/game_data/GameDataModes.gd:924
"Foes there have 20% more health, and its rifts pay 25% more Essence.",那里的敌人生命增加20%，其裂隙精华增加25%。,scripts/autoload/game_data/GameDataModes.gd:924
A hard winter,严冬,scripts/autoload/game_data/GameDataModes.gd:925
"One Medical Bay bed fewer (never none), and feasts lift morale twice as much.",医疗所少一张床（不会为零），宴席提升的士气翻倍。,scripts/autoload/game_data/GameDataModes.gd:925
Restless rifts,躁动的裂隙,scripts/autoload/game_data/GameDataModes.gd:926
"Riftbreaks come 2 days sooner, and holding one pays double.",裂隙崩溃提前2天到来，守住一次报酬翻倍。,scripts/autoload/game_data/GameDataModes.gd:926
Wandering heroes,流浪英雄,scripts/autoload/game_data/GameDataModes.gd:927
"Two more recruits on the board, and the rival signs your best offer twice as often.",招募板上多两名新兵，对手抢签你最好人选的频率翻倍。,scripts/autoload/game_data/GameDataModes.gd:927
A year of echoes,回响之年,scripts/autoload/game_data/GameDataModes.gd:928
"Echoes turn up twice as often, and a kept echo gives half the Essence.",回响出现的频率翻倍，保留回响获得的精华减半。,scripts/autoload/game_data/GameDataModes.gd:928
A year of witnesses,见证者之年,scripts/autoload/game_data/GameDataModes.gd:930
"The rival writes every week, and every letter tells its version of the Night of Breaking; its Renown comes 10% faster.",对手每周来信，每封信都讲述它所知的破碎之夜；其声望增长加快10%。,scripts/autoload/game_data/GameDataModes.gd:930
A proud rival,骄傲的对手,scripts/autoload/game_data/GameDataModes.gd:931
"The rival gains Renown 15% faster and you 10% faster, and the monthly contest pays double.",对手声望增长加快15%，你加快10%，每月竞赛报酬翻倍。,scripts/autoload/game_data/GameDataModes.gd:931
The rival is hiring,对手在招兵买马,scripts/autoload/game_data/GameDataModes.gd:938
It goes after your heroes more than anything.,它最喜欢挖你的英雄。,scripts/autoload/game_data/GameDataModes.gd:938
The rival is boasting,对手在大肆吹嘘,scripts/autoload/game_data/GameDataModes.gd:939
It dares you more than anything.,它最喜欢向你挑战。,scripts/autoload/game_data/GameDataModes.gd:939
The rival is undercutting,对手在压价抢单,scripts/autoload/game_data/GameDataModes.gd:940
It goes after your contracts more than anything.,它最喜欢抢你的契约。,scripts/autoload/game_data/GameDataModes.gd:940
The Shattered Vale,破碎山谷,scripts/autoload/game_data/GameDataModes.gd:953
"Vaelith, the Vale-Render",裂谷者Vaelith,scripts/autoload/game_data/GameDataModes.gd:953
Greater Rifts,大型裂隙,scripts/autoload/game_data/GameDataModes.gd:954
"The Vale split open on the Night of Breaking, and it has not closed since. Rifts bleed monsters into the farmland. The largest breach belongs to Vaelith, and the villages say she wears the green of an Accord ranger. Seal it, and find out why.",山谷在破碎之夜被撕裂，此后再未合拢。裂隙向农田中涌出怪物。最大的裂口属于Vaelith，村民说她穿着盟约游侠的绿衣。封印它，查明原因。,scripts/autoload/game_data/GameDataModes.gd:955
"Vaelith falls back through the Breach, and it seals behind her. Under her cloak was an Accord badge with the oath scratched out: she was one of them, and she left her post. Whatever the old guilds did that night, someone has been undoing it. Greater Rifts are open to your guild.",Vaelith退回裂口，裂口在她身后封闭。她斗篷下有一枚盟约徽章，誓言已被刮去：她曾是他们中的一员，并离开了岗位。无论旧公会那一夜做了什么，一直有人在将其撤销。大型裂隙已向你的公会开放。,scripts/autoload/game_data/GameDataModes.gd:956
Seal 3 rifts,封印3个裂隙,scripts/autoload/game_data/GameDataModes.gd:957
Seal a Rank E rift,封印一个阶级E裂隙,scripts/autoload/game_data/GameDataModes.gd:957
The Drowned Marches,淹没沼泽,scripts/autoload/game_data/GameDataModes.gd:959
Nyxara,Nyxara,scripts/autoload/game_data/GameDataModes.gd:959
"Nyxara, Queen of the Drowned",溺亡女王Nyxara,scripts/autoload/game_data/GameDataModes.gd:959
the Endless Rift,无尽裂隙,scripts/autoload/game_data/GameDataModes.gd:960
"South of the Vale the marshes have risen, and Nyxara's spire rises with them. Before it drowned, the Spire was the Accord's archive: every contract, every name, every oath. Nyxara keeps it now, with a light burning at the bottom. The villages will only trust a guild that has proven itself.",山谷以南沼泽水位上涨，Nyxara的尖塔也随之升起。尖塔被淹没之前是盟约的档案馆：每一份契约、每一个名字、每一条誓言。如今由Nyxara看守，塔底燃着一盏灯。村民们只信任证明过自己的公会。,scripts/autoload/game_data/GameDataModes.gd:961
"The Spire crumbles into the black water, and Nyxara with it. One book survived the archive, in the Grandmaster's hand, and it says the guilds did not fall that night. They made a bargain. Beneath the Spire, something vast stirs: a rift with no bottom, lit by pillars of light. The Endless Rift is open to your guild.",尖塔崩落进黑水之中，Nyxara也随之而去。档案中只有一本书幸存，是大团长的手迹，书中说那一夜各公会并没有陨落。他们做了一笔交易。尖塔之下，某种庞然之物在蠢动：一个没有底的裂隙，被光柱照亮。无尽裂隙已向你的公会开放。,scripts/autoload/game_data/GameDataModes.gd:962
Seal a Rank C rift,封印一个阶级C裂隙,scripts/autoload/game_data/GameDataModes.gd:963
Seal 2 rifts of Rank C or higher,封印2个阶级C或更高的裂隙,scripts/autoload/game_data/GameDataModes.gd:963
Complete a quest,完成一个任务,scripts/autoload/game_data/GameDataModes.gd:963
The Ashen Crown,灰烬王冠,scripts/autoload/game_data/GameDataModes.gd:965
Sythrane,Sythrane,scripts/autoload/game_data/GameDataModes.gd:965
"Sythrane, the Ashen Crown",灰烬王冠Sythrane,scripts/autoload/game_data/GameDataModes.gd:965
The Heart of the Rift,裂隙之心,scripts/autoload/game_data/GameDataModes.gd:966
"Every rift you've sealed led here. At the heart of the rift network sits Sythrane in a crown of ash, guarded by Korrath and Drevok, once her wardens. The Grandmaster's book names her plainly: Sythrane, Grandmaster of the Accord. She made the bargain. Every breach in the world is one of her guilds letting go, and every one feeds her.",你封印的每个裂隙都通向这里。在裂隙网络的中心，Sythrane头戴灰烬之冠端坐，由Korrath和Drevok守护，他们曾是她的守卫。大团长的书直截了当地写出了她的名字：Sythrane，盟约大团长。是她做了那笔交易。世上的每一道裂口都是她的一个公会放了手，每一道都在供养她。,scripts/autoload/game_data/GameDataModes.gd:967
"The Ashen Crown shatters. Sythrane's last words are not a threat but a warning: someone has to hold the Hollow shut, and she was tired. One by one the rifts fall quiet, and for the first time in years the sky is only sky. In the Endless Rift the pillars of light are still holding. Your guild's name will be told for generations. (The rifts never fully close: Endless, the rift ladder and the quests carry on.)",灰烬王冠碎裂了。Sythrane的遗言不是威胁，而是警告：必须有人把空洞封住，而她累了。裂隙一个接一个安静下来，多年来第一次，天空只是天空。在无尽裂隙中，光柱仍在坚守。你的公会之名将传颂数代。（裂隙永远不会完全关闭：无尽模式、裂隙阶梯和任务仍将继续。）,scripts/autoload/game_data/GameDataModes.gd:968
Seal a Rank B rift,封印一个阶级B裂隙,scripts/autoload/game_data/GameDataModes.gd:969
boss:Korrath,boss:Korrath,scripts/autoload/game_data/GameDataModes.gd:969
Defeat Korrath,击败Korrath,scripts/autoload/game_data/GameDataModes.gd:969
boss:Drevok,boss:Drevok,scripts/autoload/game_data/GameDataModes.gd:969
Defeat Drevok,击败Drevok,scripts/autoload/game_data/GameDataModes.gd:969
Complete 3 quests,完成3个任务,scripts/autoload/game_data/GameDataModes.gd:969
The Accord Hall,盟约大厅,scripts/autoload/game_data/GameDataModes.gd:1325
The Terms,条款,scripts/autoload/game_data/GameDataModes.gd:971
"The Terms, in the Grandmaster's shape",化作大团长之形的条款,scripts/autoload/game_data/GameDataModes.gd:971
"With Sythrane gone, the Hollow has no one to bargain with, so it is bargaining with the posts directly. One by one the pillars in the Endless Rift are flickering. The Accord Hall lies below them, and in it the Terms that started all of this, wearing the Grandmaster's face. Every post that has gone dark makes them stronger. Someone will have to read them out loud.",Sythrane消失后，空洞没有了谈判对象，便直接与岗位谈判。无尽裂隙中的光柱一根接一根地闪烁。盟约大厅就在它们之下，里面是引发这一切的条款，戴着大团长的面孔。每一个熄灭的岗位都让它们更强。总得有人把它们大声念出来。,scripts/autoload/game_data/GameDataModes.gd:973
"The Terms come apart into forty-one lines of old ink, and the Hall goes quiet. The posts are listening. The bargain needs a last signature, or a fire. Your guild has to choose.",条款崩解成四十一行旧墨迹，大厅安静下来。岗位在聆听。这笔交易需要最后一个签名，或一把火。你的公会必须做出选择。,scripts/autoload/game_data/GameDataModes.gd:974
Seal a Rank A rift,封印一个阶级A裂隙,scripts/autoload/game_data/GameDataModes.gd:975
Free a lost champion from a pillar,从石柱中解放一位失落的勇者,scripts/autoload/game_data/GameDataModes.gd:975
Find every page of the Grandmaster's ledger,找到大团长账簿的每一页,scripts/autoload/game_data/GameDataModes.gd:975
The Glass Coast,玻璃海岸,scripts/autoload/game_data/GameDataModes.gd:978
The Tidewarden,潮汐守卫,scripts/autoload/game_data/GameDataModes.gd:978
The Glass Breakwater,玻璃防波堤,scripts/autoload/game_data/GameDataModes.gd:979
"Under the Accord Hall the Endless Rift has a floor now, and the floor is glass. Below it is a shore the sky comes down to meet: sea-glass sand, tides that fall upward, and the villages of the Hollow's people, who were never only monsters. Their sky is falling. The Tidewarden has kept this shore since the Terms were signed. Find out what the Grandmaster promised them.",盟约大厅之下，无尽裂隙如今有了底，而底是玻璃。底下是一片天空降下来与之相接的海岸：海玻璃沙滩、向上退去的潮汐，以及空洞居民的村庄——他们从来不只是怪物。他们的天空正在坠落。自条款签订以来，潮汐守卫一直看守着这片海岸。查明大团长向他们许诺了什么。,scripts/autoload/game_data/GameDataModes.gd:980
"The Tidewarden kneels in the glass and lays down a key shaped like a wave. The bargain, it says, was simple: the Vale would hold its doors shut, and the Hollow would not knock. It has kept its side for twenty years while its sky came down. Beyond the shore, the last city of the Hollow hangs upside down from the falling sky.",潮汐守卫跪在玻璃上，放下一把形如波浪的钥匙。它说，交易很简单：山谷关紧自己的门，空洞就不来敲门。二十年来它一直守着自己这边的约定，而它的天空在不断坠落。海岸之外，空洞的最后一座城市倒挂在坠落的天空下。,scripts/autoload/game_data/GameDataModes.gd:981
Seal 3 rifts on the Glass Coast,在玻璃海岸封印3个裂隙,scripts/autoload/game_data/GameDataModes.gd:982
Answer 3 crossings,回应3次越界,scripts/autoload/game_data/GameDataModes.gd:982
Seal a Rank S rift,封印一个阶级S裂隙,scripts/autoload/game_data/GameDataModes.gd:982
The Falling Sky,陨落之天,scripts/autoload/game_data/GameDataModes.gd:984
The Inverted Throne,倒悬王座,scripts/autoload/game_data/GameDataModes.gd:985
"The Inverted City hangs over nothing by cords as thick as towers, and they are fraying one by one. If it falls, both worlds crack along the same line. Its gate is the only door the Hollow's people have left, and something comes up the cords at night to close it. Hold the gate, and climb to the Falling Sky.",倒悬之城悬在虚空之上，靠的是粗如高塔的绳索，而它们正一根接一根地磨断。若它坠落，两个世界都会沿同一条线裂开。它的大门是空洞居民仅剩的门，夜里有东西沿着绳索爬上来要关上它。守住大门，攀向陨落之天。,scripts/autoload/game_data/GameDataModes.gd:986
"The Falling Sky is not a creature. It is what the city's sky became when it stopped believing it could stay up, and when it breaks, it breaks into light. The cords hold, for now. Every door between the worlds is in your guild's hands.",陨落之天不是一个生物。它是城市的天空在不再相信自己能撑住时变成的东西，而它破碎时，碎成了光。绳索暂时撑住了。两个世界之间的每一扇门都掌握在你的公会手中。,scripts/autoload/game_data/GameDataModes.gd:987
Seal 3 rifts in the Inverted City,在倒悬之城封印3个裂隙,scripts/autoload/game_data/GameDataModes.gd:988
Hold the City's gate,守住城市的大门,scripts/autoload/game_data/GameDataModes.gd:988
Seal a Rank SS rift,封印一个阶级SS裂隙,scripts/autoload/game_data/GameDataModes.gd:988
The Sky Beneath,下方之天,scripts/autoload/game_data/GameDataModes.gd:992
Book II,第二卷,scripts/autoload/game_data/GameDataModes.gd:992
"Wen finds the last page of the Grandmaster's ledger stuck to the back cover, in a hand neither of them knows. It is a reply. ""We accept your Terms. Hold your doors, and we will not come through them. Our sky is falling. We will not ask again."" Hesper reads it twice and puts on her coat.","Wen在大团长账簿的封底内侧发现了粘着的最后一页，笔迹他们俩都不认识。是一封回信。""我们接受你们的条款。守住你们的门，我们就不会穿过它们。我们的天空在坠落。我们不会再问第二次。""Hesper读了两遍，穿上了外套。",scripts/autoload/game_data/GameDataModes.gd:993
"Far below, the forty-first post hears knocking from underneath. %s asks the guild to answer it.",在极深的下方，第四十一号岗位听到了来自底下的敲门声。%s请公会去回应。,scripts/autoload/game_data/GameDataModes.gd:995
Not everything that came up with the tides was hunting. Some of it was running.,随潮汐涌上来的并不都在狩猎。有些是在逃。,scripts/autoload/game_data/GameDataModes.gd:996
"The posts are held in turns now. Your guild is the first that can go down, and come back.",岗位现在轮班坚守了。你的公会是第一个能下去、还能回来的公会。,scripts/autoload/game_data/GameDataModes.gd:997
A Family at the Door,门前的一家人,scripts/autoload/game_data/GameDataModes.gd:1005
"Five of them, holding hands in a line, the smallest at the back. In this air their edges have already started to go wrong: too many joints, a shine to the skin. The eldest says the only word of ours she knows. It is please.",五个人，手拉手排成一列，最小的在最后。在这里的空气中，他们的轮廓已经开始走样：关节太多，皮肤泛着光。最年长的那位说出了她唯一会的一个我们的词。是“求你了”。,scripts/autoload/game_data/GameDataModes.gd:1005
The Glassblower,吹玻璃匠,scripts/autoload/game_data/GameDataModes.gd:1006
"A man with glass where his fingers should be. He was a glassblower, he says, and the air on this side is turning his hands into his work. He would like to come through before it finishes.",一个手指变成了玻璃的男人。他说他曾是吹玻璃匠，而这边的空气正把他的手变成他的作品。他想在变完之前过来。,scripts/autoload/game_data/GameDataModes.gd:1006
The Choir,圣咏团,scripts/autoload/game_data/GameDataModes.gd:1007
"Nine voices on the other side of the door, singing in our language, badly. They learned the song from a guild that came down twenty years ago and never went home. They would like to sing it for you in the Vale.",门的另一边有九个声音，用我们的语言歌唱，唱得很糟。他们是从二十年前下来、再也没回家的一个公会那里学的这首歌。他们想在山谷为你唱这首歌。,scripts/autoload/game_data/GameDataModes.gd:1007
"A Lost Child, Grown",长大的迷路孩子,scripts/autoload/game_data/GameDataModes.gd:1008
"You have heard of her: the small one who waited behind a rock for someone to come through the rift for her. Nobody came. She is grown now, and she is done waiting.",你听说过她：那个躲在岩石后面、等着有人穿过裂隙来接她的小家伙。没有人来。如今她长大了，不想再等了。,scripts/autoload/game_data/GameDataModes.gd:1008
The doors,那些门,scripts/autoload/game_data/GameDataModes.gd:1013
"Every door between the worlds is in your guild's hands. Prop the city and keep the doors open, with keepers on both sides, and the Hollow's people can choose where to live. Or close them all, and let the far side fall quietly, the way it has been falling for twenty years.",两个世界之间的每一扇门都掌握在你的公会手中。撑住城市，让门敞开，两边都有守门人，空洞的居民就可以选择在哪里生活。或者把门全部关上，让彼岸静静坠落，就像它二十年来一直在坠落那样。,scripts/autoload/game_data/GameDataModes.gd:1014
Both worlds,两个世界,scripts/autoload/game_data/GameDataModes.gd:1017
The doors stay open,门保持敞开,scripts/autoload/game_data/GameDataModes.gd:1017
"The city holds, barely, on new cords your guild helped tie. The rifts become doors with keepers on both sides, and the first of the Hollow's people come up through them carrying everything they own. Some of them ask for work.

(Hollow-born heroes now join the recruit board, in this guild and every guild after it.)","城市勉强撑住了，靠的是你的公会帮忙系上的新绳索。裂隙变成了两边都有守门人的门，第一批空洞的居民带着全部家当从门里上来。其中一些人来找活干。

（空洞出生的英雄现在会出现在招募板上，在本公会及之后的每个公会中。）",scripts/autoload/game_data/GameDataModes.gd:1018
Ours,我们的世界,scripts/autoload/game_data/GameDataModes.gd:1019
Every door closed,每扇门都已关闭,scripts/autoload/game_data/GameDataModes.gd:1019
"Your guild closes the doors one by one, from the glass shore to the city's gate. The far side falls quietly. The rifts heal over in a season. Some nights the new stars show low on the horizon, for a moment, and then not.

(+10 Laurels for this guild's legacy. The Hollow's foes no longer appear on the ladder.)","你的公会从玻璃海岸到城市大门，一扇接一扇地关上了门。彼岸静静坠落。一季之内，裂隙便愈合了。有些夜晚，新的星星会在地平线低处出现片刻，然后消失。

（本公会传承+10桂冠。空洞的敌人不再出现在阶梯上。）",scripts/autoload/game_data/GameDataModes.gd:1020
Defeat %d %s,击败%d个%s,scripts/autoload/game_data/GameDataModes.gd:1033
Seal %d Rift%s,封印%d个裂隙%s,scripts/autoload/game_data/GameDataModes.gd:1034
Win %d Elite fight%s,赢得%d场精英战%s,scripts/autoload/game_data/GameDataModes.gd:1035
Defeat a Boss,击败一个首领,scripts/autoload/game_data/GameDataModes.gd:1036
Craft %d item%s or relic%s,制作%d件物品%s或遗物%s,scripts/autoload/game_data/GameDataModes.gd:1037
Win %d fight%s without a hero going down,赢得%d场战斗%s且无英雄倒下,scripts/autoload/game_data/GameDataModes.gd:1038
First Blood — seal your first Rift,初次见血——封印你的第一个裂隙,scripts/autoload/game_data/GameDataModes.gd:1061
Monster Hunter — defeat 25 monsters total,怪物猎人——累计击败25个怪物,scripts/autoload/game_data/GameDataModes.gd:1062
Elite Slayer — win 3 Elite fights,精英杀手——赢得3场精英战,scripts/autoload/game_data/GameDataModes.gd:1063
Boss Breaker — defeat 3 Bosses,首领克星——击败3个首领,scripts/autoload/game_data/GameDataModes.gd:1064
Artisan — craft 3 items or relics,工匠——制作3件物品或遗物,scripts/autoload/game_data/GameDataModes.gd:1065
Full Roster — fill every hero slot,满员名册——填满所有英雄栏位,scripts/autoload/game_data/GameDataModes.gd:1066
Guild of the Realm — top the Guild Standings in Renown,王国公会——在公会声望排行中位居榜首,scripts/autoload/game_data/GameDataModes.gd:1067
Renowned Guild — reach Renowned Guild tier,显赫公会——达到显赫公会等级,scripts/autoload/game_data/GameDataModes.gd:1068
Greater Threat — open the Rank C rift,更大的威胁——开启阶级C裂隙,scripts/autoload/game_data/GameDataModes.gd:1069
The Vale Holds — complete Act I,山谷屹立——完成第一幕,scripts/autoload/game_data/GameDataModes.gd:1070
Out of the Marshes — complete Act II,走出沼泽——完成第二幕,scripts/autoload/game_data/GameDataModes.gd:1071
Crownbreaker — complete Act III,碎冠者——完成第三幕,scripts/autoload/game_data/GameDataModes.gd:1072
Keeper of the Accord — complete the campaign,盟约守护者——完成战役,scripts/autoload/game_data/GameDataModes.gd:1073
Rift Warden — seal 25 rifts,裂隙守卫——封印25个裂隙,scripts/autoload/game_data/GameDataModes.gd:1074
Centurion — defeat 250 monsters,百夫长——击败250个怪物,scripts/autoload/game_data/GameDataModes.gd:1075
Kingslayer — defeat 20 Bosses,弑王者——击败20个首领,scripts/autoload/game_data/GameDataModes.gd:1076
Untouched — seal 5 rifts with no one knocked out,毫发无伤——封印5个裂隙且无人被击倒,scripts/autoload/game_data/GameDataModes.gd:1077
Climber — reach floor 25 of the Tower,攀登者——到达试炼之塔第25层,scripts/autoload/game_data/GameDataModes.gd:1078
Summit — clear floor 100 of the Tower,登顶——通关试炼之塔第100层,scripts/autoload/game_data/GameDataModes.gd:1079
Beyond the Edge — survive 10 minutes in the Endless Rift,越过边缘——在无尽裂隙中存活10分钟,scripts/autoload/game_data/GameDataModes.gd:1080
Daily Duty — seal a rift with the daily twist,每日职责——以每日变奏封印一个裂隙,scripts/autoload/game_data/GameDataModes.gd:1081
Dedicated — seal the daily twist 7 days in a row,坚持不懈——连续7天完成每日变奏封印,scripts/autoload/game_data/GameDataModes.gd:1082
Build Complete — own a 4-piece boon set,构筑完成——拥有一套4件的恩赐套装,scripts/autoload/game_data/GameDataModes.gd:1083
Legendary Guild — reach Legendary Guild tier,传奇公会——达到传奇公会等级,scripts/autoload/game_data/GameDataModes.gd:1084
Paragon — raise a hero to Level 10,典范——将一名英雄提升到10级,scripts/autoload/game_data/GameDataModes.gd:1085
Great Hall — have 10 heroes on the roster,宏伟大厅——名册上有10名英雄,scripts/autoload/game_data/GameDataModes.gd:1086
Inspired,振奋,scripts/autoload/game_data/GameDataModes.gd:1122
Steady,平稳,scripts/autoload/game_data/GameDataModes.gd:1122
Shaken,动摇,scripts/autoload/game_data/GameDataModes.gd:1122
Breaking,崩溃边缘,scripts/autoload/game_data/GameDataModes.gd:1122
The Hollow Crown Company,空洞王冠佣兵团,scripts/autoload/game_data/GameDataModes.gd:1138
Marshal Orla Venn,元帅Orla Venn,scripts/autoload/game_data/GameDataModes.gd:1156
Kael Ashborn,Kael Ashborn,scripts/autoload/game_data/GameDataModes.gd:1157
Ser Aldric Vane,Aldric Vane爵士,scripts/autoload/game_data/GameDataModes.gd:1158
Mother Ilse,Ilse嬷嬷,scripts/autoload/game_data/GameDataModes.gd:1159
Captain Morrow,Morrow队长,scripts/autoload/game_data/GameDataModes.gd:1160
"Seal the small rifts, %s. Leave the real ones to us.",去封印那些小裂隙吧，%s。真正的裂隙交给我们。,scripts/autoload/game_data/GameDataModes.gd:1172
"%s pays its heroes in promises, I hear.",听说%s用承诺给英雄发薪水。,scripts/autoload/game_data/GameDataModes.gd:1173
Our recruits ask about %s. Then they sign with us.,我们的新兵会打听%s。然后就跟我们签约了。,scripts/autoload/game_data/GameDataModes.gd:1174
Tell %s the quest board isn't a charity.,告诉%s，任务板不是慈善机构。,scripts/autoload/game_data/GameDataModes.gd:1175
We'll send flowers when %s closes its doors.,%s关门的时候我们会送花。,scripts/autoload/game_data/GameDataModes.gd:1176
%s? I thought they'd disbanded.,%s？我还以为他们已经解散了。,scripts/autoload/game_data/GameDataModes.gd:1177
The Night of Breaking,破碎之夜,scripts/autoload/game_data/GameDataModes.gd:1196
The end of the Accord,盟约的终结,scripts/autoload/game_data/GameDataModes.gd:1196
"For three hundred years the guilds of the Accord kept the rifts shut. They swore one oath: close what opens, share what you find, never sell a rift. Then, in a single night, every rift in the Vale opened at once, and every Accord guild went in. None of them came back. By morning their halls stood empty.

The villages still need a guild. They have yours.","三百年来，盟约的各公会一直让裂隙保持关闭。他们立下同一条誓言：关闭打开之物，分享所获之物，绝不出卖裂隙。然后，在一夜之间，山谷中的每一道裂隙同时打开，每一个盟约公会都走了进去。没有一个回来。到早上，他们的大厅已空无一人。

村庄仍然需要一个公会。他们有了你的公会。",scripts/autoload/game_data/GameDataModes.gd:1197
The Hollow,空洞,scripts/autoload/game_data/GameDataModes.gd:1202
"The world sits on a thin crust. Under it is the Hollow, where things that never got to happen pile up: unfinished storms, roads never built, beasts that almost were. A rift is a crack in the crust, and what comes through is the Hollow trying on a shape. It copies what it finds, which is why each region's monsters look like that region.",世界坐落在一层薄薄的地壳上。地壳之下是空洞，那里堆积着从未有机会发生的事物：未完成的风暴、从未修建的道路、差一点就存在的野兽。裂隙是地壳上的裂缝，从中涌出的是空洞在试穿某种形状。它模仿它找到的东西，所以每个地区的怪物都长得像那个地区。,scripts/autoload/game_data/GameDataModes.gd:1202
Essence,精华,scripts/autoload/game_data/GameDataModes.gd:1203
"When the Hollow touches air it hardens into crystal. Essence is unfinished possibility: put it into a hero and they grow into what they might have been, into a building and it becomes its better self, into a relic and it wakes. Gold pays people. Essence changes things.",空洞接触空气时会凝固成晶体。精华是未完成的可能性：注入英雄，他们就会长成本可能成为的样子；注入建筑，它会成为更好的自己；注入遗物，它会苏醒。金币用来付给人。精华用来改变事物。,scripts/autoload/game_data/GameDataModes.gd:1203
The Accord,盟约,scripts/autoload/game_data/GameDataModes.gd:1204
"The oath of the old guilds: close what opens, share what you find, never sell a rift. The villages paid the guilds that swore it, and for three hundred years the crust held. Renown is the villages' trust; the best recruits go where it is.",旧公会的誓言：关闭打开之物，分享所获之物，绝不出卖裂隙。村庄供养立下誓言的公会，三百年来地壳一直完好。声望就是村庄的信任；最好的新兵会去声望所在之处。,scripts/autoload/game_data/GameDataModes.gd:1204
The Assay,勘测石,scripts/autoload/game_data/GameDataModes.gd:1205
"Every hero who joins a guild is measured once on the Assay stone, by how much Essence they can hold without breaking: F to S. Rifts are measured on the same scale, so a Rank C rift is one a Rank C hero can stand in. SS and SSS were added after the Night of Breaking, by clerks who had run out of letters.",每位加入公会的英雄都会在勘测石上测量一次，依据是他们能承载多少精华而不崩溃：从F到S。裂隙也以同样的尺度衡量，所以阶级C裂隙就是阶级C英雄能站得住的裂隙。SS和SSS是在破碎之夜之后，由用完了字母的书记员们加上的。,scripts/autoload/game_data/GameDataModes.gd:1205
The Five Paths,五条道路,scripts/autoload/game_data/GameDataModes.gd:1206
"The Accord trained fighters in five Paths: the Shield (warriors), the Bow (rangers), the Word (mages), the Vow (clerics) and the Knife (rogues). Below Rank B the Path is all a hero is. From Rank B there is enough Essence in them that it settles into a shape of its own, and the Path forks into a calling.",盟约以五条道路训练战士：盾（战士）、弓（游侠）、言（法师）、誓（牧师）和刃（盗贼）。阶级B以下，道路就是英雄的全部。从阶级B起，他们体内的精华足以凝成自己的形状，道路便分化为一种天命。,scripts/autoload/game_data/GameDataModes.gd:1206
"Every rift in the Vale opened at once, deeper than the Assay could measure, and every Accord guild answered. None came back. The new companies that took charters afterward never swore the Accord. Yours can choose to keep it.",山谷中的每一道裂隙同时打开，深到勘测石无法测量，每一个盟约公会都响应了。没有一个回来。之后获得特许状的新团体从未宣誓加入盟约。你的公会可以选择守护它。,scripts/autoload/game_data/GameDataModes.gd:1207
Vaelith's badge,Vaelith的徽章,scripts/autoload/game_data/GameDataModes.gd:1210
Under Vaelith's cloak was an Accord ranger's badge with the oath scratched out. She held a post on the Night of Breaking and walked away from it. The great Breach in the Vale was the post she left.,Vaelith的斗篷下有一枚盟约游侠的徽章，誓言已被刮去。破碎之夜她守着一个岗位，然后离开了。山谷中那道巨大的裂口，就是她离开的岗位。,scripts/autoload/game_data/GameDataModes.gd:1210
The bargain,那笔交易,scripts/autoload/game_data/GameDataModes.gd:1211
"The guilds did not fall. On the Night of Breaking the Grandmaster of the Accord made a bargain with the Hollow: the strongest of the guilds would stand in the cracks and let the Hollow harden around them, and the Hollow would stay below. The pillars of light in the Endless Rift are those posts, still holding.",各公会并没有陨落。破碎之夜，盟约大团长与空洞做了一笔交易：最强的公会成员站进裂缝，让空洞在他们周围凝固，空洞则留在下面。无尽裂隙中的光柱就是那些岗位，至今仍在坚守。,scripts/autoload/game_data/GameDataModes.gd:1211
The forty-first post,第四十一号岗位,scripts/autoload/game_data/GameDataModes.gd:1212
"Sythrane was the Grandmaster. The bargain asked for forty-one posts, and she would not take the last one herself. The Hollow crowned her instead, and every post that tired and let go fed her. With her gone the rifts are quiet. The posts are still holding, and someone will have to relieve them.",Sythrane就是大团长。交易要求四十一个岗位，而她不愿亲自守最后一个。于是空洞为她加冕，每一个疲惫放手的岗位都在供养她。她消失后，裂隙安静了。岗位仍在坚守，总得有人去换岗。,scripts/autoload/game_data/GameDataModes.gd:1212
Day 1. The Hollow is rising faster than we can close it. The Assay has no mark for what came through at Thornwood. I have called every guild to the Hall.,第1天。空洞上涨的速度比我们关闭的速度更快。荆棘林涌出来的东西，勘测石上没有对应的刻度。我已将所有公会召集到大厅。,scripts/autoload/game_data/GameDataModes.gd:1222
Day 3. A voice answered from the deepest rift. It offered terms. I wrote them down so that I could refuse them properly.,第3天。最深的裂隙中有个声音回应了。它提出了条款。我把它们记了下来，好好地拒绝它们。,scripts/autoload/game_data/GameDataModes.gd:1223
"Day 9. Forty posts: forty of our strongest, standing in the cracks, held by the Hollow's own hardening. In return it stays below. I have not refused.",第9天。四十个岗位：我们最强的四十人站在裂缝中，被空洞自身的凝固所固定。作为回报，它留在下面。我没有拒绝。,scripts/autoload/game_data/GameDataModes.gd:1224
Day 10. Lots drawn. Brannoch asked for the deepest post and I let him. I told them all I would come back for them myself.,第10天。抽签完毕。Brannoch请求驻守最深的岗位，我答应了他。我告诉他们所有人，我会亲自回来接他们。,scripts/autoload/game_data/GameDataModes.gd:1225
"Day 11. Vaelith asked who holds the Grandmaster's post. I said the Grandmaster keeps the ledger. That was not an answer, and she knew it.",第11天。Vaelith问谁守大团长的岗位。我说大团长掌管账簿。这不是答案，她也知道。,scripts/autoload/game_data/GameDataModes.gd:1226
The Night. Every post is taken but mine. The terms say forty-one. The Hollow can count.,那一夜。除了我的，每个岗位都有人了。条款上写的是四十一。空洞会数数。,scripts/autoload/game_data/GameDataModes.gd:1227
"After. The Hollow came for the forty-first and found me ready to make a different bargain. It gives me a crown. I give it the posts, one at a time, as they tire. It is slower than refusing. That is all I wanted: more time.",后来，空洞为第四十一个岗位而来，却发现我已准备好另做一笔交易。它给我一顶王冠，我把岗位一个个交给它，待它们疲惫之时。这比拒绝要慢。我想要的不过如此：更多时间。,scripts/autoload/game_data/GameDataModes.gd:1228
"The Crown will return to the Vale. A single Royal Charter will go to the company that has done the most to close the rifts: every contract, for a generation. Until then, all chartered companies compete on equal terms.

The loudest of them, %s, led by %s, has noticed your guild.","王冠将重返山谷。唯一一份王室特许状将授予在封闭裂隙上功劳最大的团体：一代人的所有契约。在此之前，所有获特许的团体平等竞争。

其中声势最大的%s，由%s率领，已经注意到了你的公会。",scripts/autoload/game_data/GameDataModes.gd:1235
"%s fights like one of mine. I'd rather ask than steal, so I'm asking: let them come, or pay them what they're worth. No hard feelings either way. — O. Venn",%s打起仗来像我的人。我宁可开口也不愿偷，所以我开口了：放他们过来，或者付他们应得的报酬。怎样都不伤和气。— O. Venn,scripts/autoload/game_data/GameDataModes.gd:1242
"Seal a Rank %s rift before payday. If you do, I'll say so to the herald. If you don't, I'll say that too. — O. Venn",在发薪日前封印一座%s阶裂隙。做到了，我会告诉传令官；做不到，我也会告诉他。— O. Venn,scripts/autoload/game_data/GameDataModes.gd:1243
"That contract is on the board and we can do it. So can you, maybe. First to sign it keeps it. — O. Venn",那份契约就在告示板上，我们能接。你们也许也能。先签者得。— O. Venn,scripts/autoload/game_data/GameDataModes.gd:1244
"Good work this week, %s. Do better next week.",这周干得不错，%s。下周再好点。,scripts/autoload/game_data/GameDataModes.gd:1245
The Chorus sings about the rifts it has closed. %s hums.,钢铁合唱团歌颂自己封闭的裂隙。%s只会哼哼。,scripts/autoload/game_data/GameDataModes.gd:1245
%s keeps its word. I'll give them that. I'll give them nothing else.,%s说话算话，这点我承认。别的我一概不认。,scripts/autoload/game_data/GameDataModes.gd:1245
"We can't train heroes like %s; we haven't the Gold. We can pay them, though, for a few weeks at least. They'll be happy. Probably. — Kael",我们培养不出%s那样的英雄，没那么多金币。但我们付得起薪水，至少撑几周。他们会高兴的。大概吧。— Kael,scripts/autoload/game_data/GameDataModes.gd:1247
Rank %s by payday. We did one last week. Barely. Your turn. — Kael,发薪日前拿下%s阶。我们上周拿下过一座，险得很。轮到你们了。— Kael,scripts/autoload/game_data/GameDataModes.gd:1248
We need that contract more than you do. I'm not proud of saying so. I'm saying it anyway. — Kael,我们比你们更需要那份契约。说这话我不光彩，但我还是要说。— Kael,scripts/autoload/game_data/GameDataModes.gd:1249
The Wolves are hungry and %s is fat. Draw your own conclusions.,狼群饿了，而%s正肥。你自己琢磨吧。,scripts/autoload/game_data/GameDataModes.gd:1250
Someday the Wolves will have a hall like %s's. With a roof.,总有一天狼群也会有%s那样的大厅。带屋顶的。,scripts/autoload/game_data/GameDataModes.gd:1250
%s had a good week. We ate.,%s这周过得不错。我们有饭吃了。,scripts/autoload/game_data/GameDataModes.gd:1250
Your %s has a good eye and a poor wage. I have the opposite problem. I'm sure we can come to an arrangement. — Vane,你的%s眼光好，薪水差。我正好相反。我相信我们能谈出个结果。— Vane,scripts/autoload/game_data/GameDataModes.gd:1252
"A Rank %s rift by payday, if your guild can manage it. Mine could, in its sleep. It frequently does. — Vane",如果你的公会办得到，就在发薪日前拿下一座%s阶裂隙。我的公会睡着都能办到，而且经常如此。— Vane,scripts/autoload/game_data/GameDataModes.gd:1253
The Lance will be taking that contract. Do not trouble yourselves. — Ser Aldric Vane,那份契约由长枪团接手。诸位不必费心。— Ser Aldric Vane,scripts/autoload/game_data/GameDataModes.gd:1254
The Charter will hang in the Lance's hall. I have already chosen the frame.,特许状将挂在长枪团的大厅里。框我都选好了。,scripts/autoload/game_data/GameDataModes.gd:1255
"%s has been unhappy, child. I notice these things. Pay them, or I will, and then we'll both know who listens. — Mother Ilse",%s近来不太开心，孩子。这些事我都看在眼里。付他们钱，否则我来付，到时候我们都知道谁更会倾听。— Mother Ilse,scripts/autoload/game_data/GameDataModes.gd:1257
I've told the taverns you can seal a Rank %s rift by payday. Don't make an old woman a liar. — Ilse,我已经告诉各家酒馆，你能在发薪日前封印一座%s阶裂隙。别让老太婆当骗子。— Ilse,scripts/autoload/game_data/GameDataModes.gd:1258
"The Wolves will try for this one tomorrow. Take it first and I'll know you can be trusted with better news. Let it go and I'll take it, and I'll know that too. — Ilse",狼群明天要去争这一单。你先拿下，我就知道能把更好的消息托付给你。你放手，我就拿走，我也会记住这点。— Ilse,scripts/autoload/game_data/GameDataModes.gd:1259
"Mother Ilse sends her regards to %s, and a small bill.",Ilse嬷嬷向%s问好，附上一张小账单。,scripts/autoload/game_data/GameDataModes.gd:1260
Everyone owes the Lantern something. %s just doesn't know what yet.,人人都欠末灯会点什么。%s只是还不知道欠了什么。,scripts/autoload/game_data/GameDataModes.gd:1260
The Lantern hears %s is short this week. The Lantern lends.,末灯会听说%s这周手头紧。末灯会放贷。,scripts/autoload/game_data/GameDataModes.gd:1260
"%s deserves a company that values them. Ours does: twice the wage, half the danger. I can't explain the half. Trade secret. — Capt. Morrow",%s值得一个珍惜他们的团体。我们就是：双倍薪水，一半风险。那一半我解释不了，商业机密。— Morrow队长,scripts/autoload/game_data/GameDataModes.gd:1262
"Rank %s by payday? A friendly wager. There is always another rift, after all. We make sure of it. — Morrow",发薪日前拿下%s阶？友好地赌一把。毕竟裂隙永远还有下一座，我们保证如此。— Morrow,scripts/autoload/game_data/GameDataModes.gd:1263
"We'll take this one off your hands. Plenty of work for everyone; there always seems to be, near us. — Morrow",这单我们替你接了。活儿人人有份，在我们附近总是不缺。— Morrow,scripts/autoload/game_data/GameDataModes.gd:1264
"Plenty of work for everyone, %s. There always is.",活儿人人有份，%s。永远都有。,scripts/autoload/game_data/GameDataModes.gd:1265
The Company wishes %s a quiet week. Truly.,佣兵团祝%s度过平静的一周。真心的。,scripts/autoload/game_data/GameDataModes.gd:1265
Captain Morrow sent %s a bottle of good wine. No note.,Morrow队长给%s送来一瓶好酒。没有附言。,scripts/autoload/game_data/GameDataModes.gd:1265
First payday. I'm Dobbs; I keep the books. The one with the ink is Wen.,第一个发薪日。我是Dobbs，管账的。手上沾墨水的那个是Wen。,scripts/autoload/game_data/GameDataModes.gd:1273
I write down what happens. Try to make it worth writing.,我负责记下发生的事。尽量让它值得记。,scripts/autoload/game_data/GameDataModes.gd:1273
And I'm the old woman who was here before both of them. Pay your heroes and they'll stay.,我是在他们俩之前就在这儿的老太婆。按时付英雄薪水，他们就会留下。,scripts/autoload/game_data/GameDataModes.gd:1273
Someone walked out today.,今天有人走了。,scripts/autoload/game_data/GameDataModes.gd:1274
"Unpaid twice, or miserable. Usually both.",两次没拿到薪水，或者过得太苦。通常两样都有。,scripts/autoload/game_data/GameDataModes.gd:1274
I'll write that they left. I won't write why. That's yours to fix.,我会写下他们离开了，不会写为什么。那得由你来解决。,scripts/autoload/game_data/GameDataModes.gd:1274
I've added a name to the Memorial.,我在纪念碑上添了一个名字。,scripts/autoload/game_data/GameDataModes.gd:1275
Say it out loud once. It helps.,大声念一遍。会好受些。,scripts/autoload/game_data/GameDataModes.gd:1275
I'll take them off the payroll. Quietly.,我会把他们从薪水名单上划掉。悄悄地。,scripts/autoload/game_data/GameDataModes.gd:1275
"We're short. I want that written down, Wen.",我们钱不够。Wen，我要你记下来。,scripts/autoload/game_data/GameDataModes.gd:1276
"It's written down. It was written down last week, too.",记了。上周也记了。,scripts/autoload/game_data/GameDataModes.gd:1276
Then underline it.,那就画条线。,scripts/autoload/game_data/GameDataModes.gd:1276
Good feast.,好宴席。,scripts/autoload/game_data/GameDataModes.gd:1277
Expensive feast.,贵宴席。,scripts/autoload/game_data/GameDataModes.gd:1277
I'm writing 'good'.,我写“好”。,scripts/autoload/game_data/GameDataModes.gd:1277
The herald wrote our name first this week.,这周传令官把我们的名字写在了第一位。,scripts/autoload/game_data/GameDataModes.gd:1278
Did the herald pay anything?,传令官付钱了吗？,scripts/autoload/game_data/GameDataModes.gd:1278
No.,没有。,scripts/autoload/game_data/GameDataModes.gd:1278
Then it's ink.,那就只是墨水。,scripts/autoload/game_data/GameDataModes.gd:1278
Our rivals bought new banners.,对手买了新旗帜。,scripts/autoload/game_data/GameDataModes.gd:1279
The Accord never had banners.,盟约从来没有旗帜。,scripts/autoload/game_data/GameDataModes.gd:1279
The Accord is gone.,盟约已经不在了。,scripts/autoload/game_data/GameDataModes.gd:1279
Yes. Well.,是啊。好吧。,scripts/autoload/game_data/GameDataModes.gd:1279
The vault is full. I don't trust it.,金库满了。我不放心。,scripts/autoload/game_data/GameDataModes.gd:1280
"Spend it on the heroes, then. Gold never closed a rift.",那就花在英雄身上。金币从没封闭过裂隙。,scripts/autoload/game_data/GameDataModes.gd:1280
Gold paid the ones who did.,但金币付给了封闭裂隙的人。,scripts/autoload/game_data/GameDataModes.gd:1280
"These ledger pages. Hesper, did you know the Grandmaster?",这些账簿残页……Hesper，你认识大团长吗？,scripts/autoload/game_data/GameDataModes.gd:1281
Everyone knew her. Nobody knew her.,人人都认识她。没人了解她。,scripts/autoload/game_data/GameDataModes.gd:1281
That isn't an answer.,这不算回答。,scripts/autoload/game_data/GameDataModes.gd:1281
It's the only one she ever gave.,这是她给过的唯一回答。,scripts/autoload/game_data/GameDataModes.gd:1281
Nobody hurt this week.,这周没人受伤。,scripts/autoload/game_data/GameDataModes.gd:1282
That's not a story.,这算不上故事。,scripts/autoload/game_data/GameDataModes.gd:1282
It's the best kind. You'll learn.,这是最好的那种。你会明白的。,scripts/autoload/game_data/GameDataModes.gd:1282
"Hesper, what were the old guilds like?",Hesper，以前的公会是什么样的？,scripts/autoload/game_data/GameDataModes.gd:1283
Louder. Better paid. Gone.,更吵闹，薪水更高，都没了。,scripts/autoload/game_data/GameDataModes.gd:1283
"Wages, upkeep, and a bill for a broken door.",薪水、维护费，还有一张修破门的账单。,scripts/autoload/game_data/GameDataModes.gd:1284
Which door?,哪扇门？,scripts/autoload/game_data/GameDataModes.gd:1284
The one someone kicked in after the last rift. I'm not saying who.,上次裂隙回来后被人踹坏的那扇。我不说是谁。,scripts/autoload/game_data/GameDataModes.gd:1284
I sat the Assay at sixteen. The stone barely glowed.,我十六岁参加测阶，石头几乎没亮。,scripts/autoload/game_data/GameDataModes.gd:1285
What rank?,什么阶级？,scripts/autoload/game_data/GameDataModes.gd:1285
F. I'm still here. Most of the S's aren't.,F。我还在这儿。大多数S阶的都不在了。,scripts/autoload/game_data/GameDataModes.gd:1285
I need another word for 'rift'. I've used it four hundred times.,我需要“裂隙”的另一个说法。我已经用了四百次了。,scripts/autoload/game_data/GameDataModes.gd:1286
Use 'expense'.,用“开销”。,scripts/autoload/game_data/GameDataModes.gd:1286
The recruits ask what the Accord was.,新兵问盟约是什么。,scripts/autoload/game_data/GameDataModes.gd:1287
Tell them it was a promise. Tell them we're keeping it.,告诉他们那是一个承诺。告诉他们我们在守着它。,scripts/autoload/game_data/GameDataModes.gd:1287
Are we?,我们在守吗？,scripts/autoload/game_data/GameDataModes.gd:1287
Ask me next payday.,下个发薪日再问我。,scripts/autoload/game_data/GameDataModes.gd:1287
"{guild} paid on the seventh, too. Rain or not.",{guild}也是七号发薪。风雨无阻。,scripts/autoload/game_data/GameDataModes.gd:1289
You never said you knew them.,你从没说过你认识他们。,scripts/autoload/game_data/GameDataModes.gd:1289
You never asked who taught you the pay table.,你也从没问过是谁教你看薪水表的。,scripts/autoload/game_data/GameDataModes.gd:1289
Someone left flowers under the {guild} banner.,有人在{guild}的旗帜下放了花。,scripts/autoload/game_data/GameDataModes.gd:1290
Who pays for flowers?,谁会为花付钱？,scripts/autoload/game_data/GameDataModes.gd:1290
Nobody. That's how you know they mean it.,没人。所以你知道他们是真心的。,scripts/autoload/game_data/GameDataModes.gd:1290
{guild} spent less on feasts than we do.,{guild}在宴席上花的比我们少。,scripts/autoload/game_data/GameDataModes.gd:1291
And kept fewer heroes.,留下的英雄也更少。,scripts/autoload/game_data/GameDataModes.gd:1291
I hate it when the books agree with you.,我讨厌账本站在你那边。,scripts/autoload/game_data/GameDataModes.gd:1291
{hero} is all over the old {guild} ledgers. Rift after rift.,{hero}的名字遍布{guild}的旧账簿。一座裂隙接一座。,scripts/autoload/game_data/GameDataModes.gd:1292
{hero} carried me home from the Marches once. Don't write that down.,{hero}有一次把我从沼泽背回家。别记下来。,scripts/autoload/game_data/GameDataModes.gd:1292
Already have.,已经记了。,scripts/autoload/game_data/GameDataModes.gd:1292
Who goes down to the forty-first post now that {guild} is gone?,{guild}不在了，现在谁去第四十一个岗位？,scripts/autoload/game_data/GameDataModes.gd:1293
"We do. Once a year, on the Night of Breaking.",我们去。每年一次，在破碎之夜。,scripts/autoload/game_data/GameDataModes.gd:1293
I'll put it in the ledger. No charge.,我会记进账簿。不收钱。,scripts/autoload/game_data/GameDataModes.gd:1293
The tides got worse after {guild} burned the Terms.,{guild}烧掉条款后，潮汐变得更凶了。,scripts/autoload/game_data/GameDataModes.gd:1294
The tides got honest.,潮汐变得诚实了。,scripts/autoload/game_data/GameDataModes.gd:1294
Honest costs more.,诚实的代价更高。,scripts/autoload/game_data/GameDataModes.gd:1294
{guild} wrote the forty-second line.,{guild}写下了第四十二行。,scripts/autoload/game_data/GameDataModes.gd:1295
In my hand. I'd have liked a better pen.,用我的笔迹。我倒希望有支好点的笔。,scripts/autoload/game_data/GameDataModes.gd:1295
Someone goes down next season. I've budgeted for it.,下一季有人要下去。我已经做了预算。,scripts/autoload/game_data/GameDataModes.gd:1295
"I found our village in the archive. A contract from ninety years ago: three rifts closed, paid in cheese.",我在档案里找到了我们村子。九十年前的一份契约：封闭三座裂隙，报酬是奶酪。,scripts/autoload/game_data/GameDataModes.gd:1297
At what rate?,按什么价？,scripts/autoload/game_data/GameDataModes.gd:1297
Better than ours.,比我们的好。,scripts/autoload/game_data/GameDataModes.gd:1297
Hollin sent a sack of flour. And a bill for the doors.,Hollin送来一袋面粉，还有一张修门的账单。,scripts/autoload/game_data/GameDataModes.gd:1298
Pay the bill. Keep the flour.,付账单，留面粉。,scripts/autoload/game_data/GameDataModes.gd:1298
I'm writing down that they sent both.,我要记下他们两样都送了。,scripts/autoload/game_data/GameDataModes.gd:1298
{guild} carried the Accord's archive out of the Spire. I've been reading it for a month.,{guild}把盟约的档案从尖塔里搬了出来。我已经读了一个月。,scripts/autoload/game_data/GameDataModes.gd:1300
Find anything?,有什么发现？,scripts/autoload/game_data/GameDataModes.gd:1300
Your handwriting. On most of it.,你的笔迹。大部分都是。,scripts/autoload/game_data/GameDataModes.gd:1300
"Hollin sent flour again, for {guild}.",Hollin又送了面粉来，给{guild}的。,scripts/autoload/game_data/GameDataModes.gd:1301
{guild} is gone.,{guild}已经不在了。,scripts/autoload/game_data/GameDataModes.gd:1301
Hollin doesn't seem to mind.,Hollin似乎并不在意。,scripts/autoload/game_data/GameDataModes.gd:1301
"{guild} took Morrow's money, back in the Charter War.",{guild}在特许状之争时收过Morrow的钱。,scripts/autoload/game_data/GameDataModes.gd:1302
Everyone took somebody's money.,人人都收过谁的钱。,scripts/autoload/game_data/GameDataModes.gd:1302
They took a lot of it.,他们收得很多。,scripts/autoload/game_data/GameDataModes.gd:1302
There's a ranger in the {guild} ledgers who never signed for her pay. Just a V.,{guild}的账簿里有个游侠从没签收过薪水。只有一个V。,scripts/autoload/game_data/GameDataModes.gd:1303
She never did like paperwork.,她向来不喜欢文书工作。,scripts/autoload/game_data/GameDataModes.gd:1303
"She never did like being paid, by the look of it.",看样子她也向来不喜欢领薪水。,scripts/autoload/game_data/GameDataModes.gd:1303
{guild} just stopped. Do guilds do that?,{guild}就这么停了。公会会这样吗？,scripts/autoload/game_data/GameDataModes.gd:1304
The good ones stop. The rest get stopped.,好的公会会自己停下。其余的会被迫停下。,scripts/autoload/game_data/GameDataModes.gd:1304
Which were they?,他们是哪种？,scripts/autoload/game_data/GameDataModes.gd:1304
Look at their banner. It's still up.,看他们的旗帜。还挂着呢。,scripts/autoload/game_data/GameDataModes.gd:1304
An empty post,空着的岗位,scripts/autoload/game_data/GameDataModes.gd:1312
The Endless Rift,无尽裂隙,scripts/autoload/game_data/GameDataModes.gd:1312
"The pillar is dark now. Somewhere in the Vale, a rift that has been quiet for twenty years draws breath. You did the right thing. The Hollow noticed.

(Each champion freed in the Endless Rift brings the next Riftbreak a day sooner.)","石柱暗了下去。山谷某处，一座沉寂二十年的裂隙重新开始呼吸。你做得对。空洞注意到了。

（每在无尽裂隙解放一位勇者，下次裂隙崩溃就提前一天。）",scripts/autoload/game_data/GameDataModes.gd:1313
The last signature,最后的签名,scripts/autoload/game_data/GameDataModes.gd:1325
"The Terms lie open on the floor of the Hall: forty-one lines, forty signed. Sign the last, and one of your heroes takes the forty-first post forever; the rifts close for good. Or burn it, and every post is released at once; the champions come home, and the Hollow comes up with them.",条款摊在大厅地上：四十一行，签了四十个。签下最后一行，你的一位英雄将永远守住第四十一个岗位，裂隙从此关闭。或者烧掉它，所有岗位同时解放：勇者们回家，空洞也随之升起。,scripts/autoload/game_data/GameDataModes.gd:1326
The Accord renewed,盟约续立,scripts/autoload/game_data/GameDataModes.gd:1329
%s holds the forty-first post,%s守住第四十一个岗位,scripts/autoload/game_data/GameDataModes.gd:1329
"The Hall is quiet. Up in the Vale the villagers wake to a morning without a single rift on the horizon, and do not know why. The guild knows. Every year, on the Night of Breaking, someone climbs down to the forty-first post and tells %s how the harvest went.

(Riftbreaks have ended. The Endless Rift, the ladder and the quests carry on.)","大厅一片寂静。山谷里，村民醒来时地平线上再无一座裂隙，却不知为何。公会知道。每年破碎之夜，都有人爬下第四十一个岗位，告诉%s今年收成如何。

（裂隙崩溃已经结束。无尽裂隙、天梯和任务仍将继续。）",scripts/autoload/game_data/GameDataModes.gd:1330
The Accord broken,盟约破碎,scripts/autoload/game_data/GameDataModes.gd:1331
Every post released,所有岗位解放,scripts/autoload/game_data/GameDataModes.gd:1331
"The Terms burn green. Forty pillars go out at once, and forty people step into the dark and start walking home. Behind them, the Hollow rises to meet the sky. It will be a hard century. It will be an honest one.

(Every champion of the old guilds is free. Riftbreaks end; a tide of the Hollow breaks every week, stronger for each one you hold.)","条款燃起绿焰。四十根石柱同时熄灭，四十个人走进黑暗，踏上归途。在他们身后，空洞升起，与天相接。这将是艰难的一百年，也将是诚实的一百年。

（旧公会的所有勇者都已自由。裂隙崩溃结束；空洞之潮每周袭来，你每守住一次就更强。）",scripts/autoload/game_data/GameDataModes.gd:1332
The Terms rewritten,条款改写,scripts/autoload/game_data/GameDataModes.gd:1333
The forty-second line,第四十二行,scripts/autoload/game_data/GameDataModes.gd:1333
"Your guild writes one more line under the forty-first, in Hesper's hand, because hers is the only one the Terms accept: the posts are held in turns. Every guild in the Hall of Guilds sends someone down for a season, and they come back. The forty in the pillars walk home, and the Hollow stays shut behind the ones who take their place. Nobody holds it alone any more.

(Riftbreaks have ended, every champion of this guild is free, and the old Accord halls can be restored.)","你的公会在第四十一行下又写了一行，用Hesper的笔迹，因为条款只认她的字：岗位轮流值守。公会之殿的每个公会都派人下去守一季，然后回来。石柱中的四十人走回家，空洞在接替者身后紧闭。再没有人独自守着它。

（裂隙崩溃已经结束，本公会的所有勇者都已自由，旧盟约大厅可以修复了。）",scripts/autoload/game_data/GameDataModes.gd:1334
"There is a third way. Hesper's forty-second line is open: rewrite the Terms, and the posts are held in turns.",还有第三条路。Hesper的第四十二行尚未写下：改写条款，岗位轮流值守。,scripts/autoload/game_data/GameDataModes.gd:1340
A note in the margin,页边的注记,scripts/autoload/game_data/GameDataModes.gd:1345
"Wen finds it while copying the last page: a line in the margin, in a smaller, neater hand than the Grandmaster's. ""If a guild ever has to choose, there is a forty-second line. Ask the clerk."" Wen asks Hesper who the Grandmaster's clerk was. Hesper says she is tired, and goes to bed before the fire is out.","Wen在抄写最后一页时发现了它：页边一行字，笔迹比大团长的更小、更工整。""若有公会不得不做出抉择，还有第四十二行。去问书记官。""Wen问Hesper大团长的书记官是谁。Hesper说她累了，炉火未熄就上床了。",scripts/autoload/game_data/GameDataModes.gd:1346
"Hesper, at the pay table",发薪桌旁的Hesper,scripts/autoload/game_data/GameDataModes.gd:1347
"""I was the clerk,"" Hesper says, as if Wen had asked a minute ago and not a guild ago. ""I wrote her letters and her contracts, and I wrote the Terms out fair: forty-one lines. The night they were signed, she sent me home with a note that said I had a fever. I kept the note."" She puts it on the table. It is in her own hand. ""I never told %s. I'm telling you.""","""我就是那个书记官，""Hesper说，仿佛Wen一分钟前才问过，而不是一整个公会之前。""我替她写信、写契约，还誊清了条款：四十一行。签署那晚，她让我带着一张说我发烧的字条回家。那张字条我留着。""她把字条放在桌上。是她自己的笔迹。""我从没告诉过%s。我现在告诉你。""",scripts/autoload/game_data/GameDataModes.gd:1348
"""There was a line under the forty-first,"" Hesper says. ""She made me leave it blank. It says the Terms can be changed, once, by a guild that has both kept them and broken them, and a guild is everyone who came before it. %s kept them. %s burned them. When you stand in the Accord Hall, you won't have to choose between the two. Write the forty-second line.""","""第四十一行下面还有一行，""Hesper说，""她让我空着。那一行写着：条款可以修改一次，由一个既守过又破过条款的公会来改，而一个公会包括在它之前的所有人。%s守过条款，%s烧过条款。当你站在盟约大厅时，不必在二者之间抉择。写下第四十二行吧。""",scripts/autoload/game_data/GameDataModes.gd:1350
"""There was a line under the forty-first,"" Hesper says. ""She made me leave it blank. It says the Terms can be changed, once, by a guild that has both kept them and broken them, and a guild is everyone who came before it. None of ours has done both yet. When one has, the line will be waiting.""","""第四十一行下面还有一行，""Hesper说，""她让我空着。那一行写着：条款可以修改一次，由一个既守过又破过条款的公会来改，而一个公会包括在它之前的所有人。我们的公会还没有哪个两者都做过。等有了，那一行会在那里等着。""",scripts/autoload/game_data/GameDataModes.gd:1351
"Your guild signed the Terms. %s took the forty-first post, and the Hollow stays below. The rifts that remain are old ones, and quiet.",你的公会签署了条款。%s接过了第四十一个岗位，空洞被封在下面。剩下的裂隙都是旧的，而且安静。,scripts/autoload/game_data/GameDataModes.gd:1354
The Terms burned,条款已焚,scripts/autoload/game_data/GameDataModes.gd:1355
"Your guild burned the Terms. Every post was released, the old guilds came home, and the Hollow came up with them. The rifts are louder now, and nobody holds them shut but the guilds.",你的公会烧掉了条款。所有岗位解放，旧公会回家了，空洞也随之升起。如今裂隙更加喧嚣，只有公会在守着它们。,scripts/autoload/game_data/GameDataModes.gd:1355
"Your guild rewrote the Terms. The posts are held in turns now, a season at a time, by every guild that ever kept the Vale. The champions came home, and the Hollow stayed below.",你的公会改写了条款。如今岗位轮流值守，每次一季，由所有曾守护山谷的公会承担。勇者们回家了，空洞仍封在下面。,scripts/autoload/game_data/GameDataModes.gd:1356
A Child's Name,孩子的名字,scripts/autoload/game_data/GameDataModes.gd:1366
"This Essence will not settle. It keeps the shape of a word. The miller's wife in Hollin heard about it and walked here in the rain: her son went into the Breach on the Night of Breaking, and she cannot remember what she called him.",这份精华无法沉淀，一直保持着一个词的形状。Hollin磨坊主的妻子听说后冒雨走来：她儿子在破碎之夜走进了裂口，而她想不起自己曾怎么叫他。,scripts/autoload/game_data/GameDataModes.gd:1366
"She holds the crystal to her ear, then says the name out loud, twice, as if checking it still fits. She does not thank you. She does not need to.",她把晶体贴在耳边，然后大声念出那个名字，念了两遍，像在确认它还合适。她没有道谢。她不需要。,scripts/autoload/game_data/GameDataModes.gd:1367
A Street,一条街,scripts/autoload/game_data/GameDataModes.gd:1368
"The Essence from the last rift has a street in it: cobbles, a bakery, a blue door. A carter in the village swears it is the street he grew up on, in a town the Vale forgot.",上一座裂隙带回的精华里有一条街：鹅卵石、面包房、一扇蓝门。村里一个车夫发誓那是他长大的街道，在一座被山谷遗忘的小镇里。,scripts/autoload/game_data/GameDataModes.gd:1368
"He walks the street in his head all evening, door by door. In the morning he paints his own door blue.",他整晚都在脑中沿着那条街走，一扇门一扇门地走。第二天早上，他把自家的门漆成了蓝色。,scripts/autoload/game_data/GameDataModes.gd:1369
A Song,一首歌,scripts/autoload/game_data/GameDataModes.gd:1370
This Essence hums. The old women in the village know the tune and none of the words. The words were in the rift.,这份精华在哼唱。村里的老妇人认得曲调，却不记得歌词。歌词留在了裂隙里。,scripts/autoload/game_data/GameDataModes.gd:1370
"By nightfall the whole village is singing it, words and all, a little off-key. Wen writes them down.",到傍晚，全村都在唱，连词带调，有点走音。Wen把歌词记了下来。,scripts/autoload/game_data/GameDataModes.gd:1371
A Face,一张脸,scripts/autoload/game_data/GameDataModes.gd:1372
"There is a face in this crystal, young and stern, in an Accord ranger's green. The village elder asks to see it and goes very quiet.",这块晶体里有一张脸，年轻而严肃，穿着盟约游侠的绿衣。村里的长者要来看了看，变得一言不发。,scripts/autoload/game_data/GameDataModes.gd:1372
"'My sister,' the elder says. 'I had forgotten I had one.' The crystal goes home with them and sits in the window.",“我的姐姐，”长者说，“我都忘了我有过姐姐。”晶体随他们回了家，摆在窗台上。,scripts/autoload/game_data/GameDataModes.gd:1373
A Recipe,一份食谱,scripts/autoload/game_data/GameDataModes.gd:1374
"This Essence smells of bread. The innkeeper says her grandmother's loaf tasted like this, before the Night took the recipe out of everyone's heads.",这份精华有面包的香味。旅店老板娘说，她祖母烤的面包就是这个味道，后来那一夜把食谱从所有人脑中夺走了。,scripts/autoload/game_data/GameDataModes.gd:1374
"The inn smells of it for a week. Your heroes eat there free for the rest of the month, and nobody counts.",旅店里香了一个星期。你的英雄这个月剩下的日子在那儿吃饭全免，也没人算账。,scripts/autoload/game_data/GameDataModes.gd:1375
An Oath,一段誓言,scripts/autoload/game_data/GameDataModes.gd:1376
"The words in this crystal are the Accord's oath, spoken in a voice nobody living remembers. Old Hesper asks to hold it.",这块晶体里的话是盟约的誓言，由一个已无人记得的声音念出。老Hesper请求拿着它。,scripts/autoload/game_data/GameDataModes.gd:1376
"Hesper holds it a long time. 'That was the Grandmaster,' she says, 'before.' She gives it to the village shrine and does not speak of it again.",Hesper握了很久。“那是大团长，”她说，“在那之前。”她把它交给了村里的圣坛，此后再没提起。,scripts/autoload/game_data/GameDataModes.gd:1377
"Hesper watches %s split the training post and keep swinging at the stump. 'The Path is choosing for you,' she says. 'You could let it.' They let it. Wen writes a new word under their name: %s.",Hesper看着%s劈开训练木桩，又对着树桩继续挥砍。“道途在替你选择，”她说，“你可以顺着它。”他们顺了。Wen在他们名字下写了一个新词：%s。,scripts/autoload/game_data/GameDataModes.gd:1384
%s used to be first into every rift and first out. This week they stayed behind to walk the slowest hero home. Hesper calls that the moment a Path forks. Wen writes the new word down: %s.,%s过去总是第一个冲进裂隙、第一个出来。这周他们留在后面，陪走得最慢的英雄回家。Hesper说，这就是道途分岔的时刻。Wen写下了新词：%s。,scripts/autoload/game_data/GameDataModes.gd:1385
"%s says nothing about it at all. They turn up at the pay table one morning carrying themselves differently, and Hesper nods as if a debt has been paid. Wen asks what to write. Hesper says: %s.",%s对此只字未提。某天早上，他们以不一样的姿态出现在发薪桌前，Hesper点了点头，像是一笔债已经还清。Wen问该写什么。Hesper说：%s。,scripts/autoload/game_data/GameDataModes.gd:1386
"%s didn't want it. The Essence settled anyway, the way rain settles on a roof. Hesper sits with them until dark. 'Nobody's ready,' she says. 'The good ones are scared.' Wen writes: %s.",%s并不想要。精华还是沉淀了，就像雨落在屋顶。Hesper陪他们坐到天黑。“没人准备好过，”她说，“好的那些都会害怕。”Wen写下：%s。,scripts/autoload/game_data/GameDataModes.gd:1387
"%s prays before every rift, and this time the answer came back as a shape. Hesper says the Vow always answers in its own time. Wen writes it in the chronicle in her best hand: %s.",%s每次进裂隙前都祈祷，这一次，回应化作了一个形状。Hesper说誓约总在它自己的时候回应。Wen用她最好的字迹写进编年史：%s。,scripts/autoload/game_data/GameDataModes.gd:1388
%s has been taking notes on their own Essence for weeks. The notes end mid-sentence on the day it settled. Wen copies the last line into the chronicle and adds the new word: %s.,%s几周来一直在记录自己精华的变化。笔记在它沉淀那天戛然而止，停在半句话上。Wen把最后一行抄进编年史，又添上新词：%s。,scripts/autoload/game_data/GameDataModes.gd:1389
Mother Ilse's page,Ilse嬷嬷的那一页,scripts/autoload/game_data/GameDataModes.gd:1400
"Mother Ilse of the Last Lantern finds you after dark with a page torn from the Hollow Crown Company's books: a list of rifts, each with a date, a price, and the word opened. Captain Morrow has been opening rifts and selling the contracts to close them.

She will give it to the Crown's herald if you ask. Or the Company will pay well for a guild that keeps quiet, and its contracts would come to you.","末灯会的Ilse嬷嬷趁夜找到你，带来从空洞王冠佣兵团账本上撕下的一页：一列裂隙，每条都有日期、价格和“已开启”字样。Morrow队长一直在开启裂隙，再把封闭它们的契约卖出去。

只要你开口，她会把它交给王冠的传令官。或者，佣兵团会为保持沉默的公会出个好价钱，它的契约也会归你。",scripts/autoload/game_data/GameDataModes.gd:1401
The Company exposed,佣兵团败露,scripts/autoload/game_data/GameDataModes.gd:1404
"The herald reads Morrow's page aloud in the square. By evening the Hollow Crown Company's banners are down in three villages. By morning a rift has opened on the road to your camp, which is how you know the page was real.

(+10 Renown. A Riftbreak is coming to your door.)","传令官在广场上大声宣读了Morrow的那一页。到傍晚，空洞王冠佣兵团的旗帜已在三个村子被扯下。到早上，一座裂隙在通往你营地的路上开启，你由此知道那一页是真的。

（+10声望。一场裂隙崩溃即将来到你门前。）",scripts/autoload/game_data/GameDataModes.gd:1405
A quiet arrangement,私下的约定,scripts/autoload/game_data/GameDataModes.gd:1406
"Morrow's contracts start arriving on your board, generous ones. Hesper reads the first, folds it, and doesn't say anything. She doesn't have to.

(Contracts pay 25% more Gold for the rest of the campaign.)","Morrow的契约开始出现在你的告示板上，报酬丰厚。Hesper读了第一份，折起来，什么也没说。她不必说。

（本战役余下时间，契约多付25%金币。）",scripts/autoload/game_data/GameDataModes.gd:1407
The Royal Charter is yours,王室特许状归你了,scripts/autoload/game_data/GameDataModes.gd:1412
"The herald reads one name, and it is yours. Orla Venn is the first to shake your hand; Kael Ashborn asks for a job; Mother Ilse is already gone, which is how you know she was pleased. The Charter hangs in your hall, and the villages bring their troubles to a door they know.

(Contracts pay 20% more Gold and Essence.)","传令官念出一个名字，正是你的。Orla Venn第一个与你握手；Kael Ashborn来讨份差事；Ilse嬷嬷早已离开，你由此知道她很满意。特许状挂在你的大厅里，村民们把麻烦带到他们熟悉的门前。

（契约多付20%金币和精华。）",scripts/autoload/game_data/GameDataModes.gd:1413
The Charter goes to %s,特许状归于%s,scripts/autoload/game_data/GameDataModes.gd:1414
"The herald reads a name, and it isn't yours. %s hangs the Royal Charter in their hall. The rifts don't care whose name is on the wall. Neither, in the end, do the villagers, as long as somebody comes.",传令官念出一个名字，不是你的。%s把王室特许状挂在了他们的大厅里。裂隙不在乎墙上写的是谁的名字。说到底，村民也不在乎，只要有人来就行。,scripts/autoload/game_data/GameDataModes.gd:1415
"%s and %s have stopped needing to talk in a fight. Wen noticed first. She has started writing their names in the chronicle as one entry, with an ampersand, and neither of them has complained.",%s和%s在战斗中已经不需要说话了。Wen最先注意到。她开始在编年史里把他们的名字写成一条，中间用一个&连着，两人都没有抱怨。,scripts/autoload/game_data/GameDataModes.gd:1421
%s and %s sat up past the last candle arguing about a fight they won. Dobbs charged the guild for the candle. Hesper paid it herself and told him to let them be.,%s和%s熬到最后一支蜡烛燃尽，争论一场他们打赢了的仗。Dobbs把蜡烛钱记到公会头上。Hesper自掏腰包，叫他别管他们。,scripts/autoload/game_data/GameDataModes.gd:1422
"Ten rifts together. %s still can't say %s's full name right, and %s still lets it go. Wen has written down both versions.",一起闯过十座裂隙。%s还是念不对%s的全名，而%s依旧随他去。Wen把两种念法都记了下来。,scripts/autoload/game_data/GameDataModes.gd:1423
%s took a hit meant for %s last week and has refused to talk about it since. Wen has written it down anyway. Hesper says that's how the old guilds started.,上周%s替%s挡了一击，此后一直拒绝谈起此事。Wen还是记了下来。Hesper说，旧公会就是这样开始的。,scripts/autoload/game_data/GameDataModes.gd:1424
%s went first into every rift. Somebody had to.,%s总是第一个进裂隙。总得有人去。,scripts/autoload/game_data/GameDataModes.gd:1428
%s never once asked how deep a rift went before stepping in.,%s进裂隙前从没问过它有多深。,scripts/autoload/game_data/GameDataModes.gd:1428
"%s was always first out of the rift, and always went back for whoever wasn't.",%s总是第一个走出裂隙，又总是回头去接没出来的人。,scripts/autoload/game_data/GameDataModes.gd:1429
%s never sat still at the pay table. The chair is still pushed back.,%s在发薪桌前从来坐不住。那把椅子至今还推在后面。,scripts/autoload/game_data/GameDataModes.gd:1429
%s said very little and meant all of it.,%s话很少，但句句当真。,scripts/autoload/game_data/GameDataModes.gd:1430
"%s held the line. That is the whole entry, and it is enough.",%s守住了防线。这就是全部记录，足够了。,scripts/autoload/game_data/GameDataModes.gd:1430
%s was afraid of every rift and walked into all of them.,%s害怕每一座裂隙，却走进了每一座。,scripts/autoload/game_data/GameDataModes.gd:1431
%s checked every strap twice. It wasn't the straps.,%s每根皮带都检查两遍。问题不在皮带。,scripts/autoload/game_data/GameDataModes.gd:1431
%s prayed before every rift. We hope someone answered.,%s每次进裂隙前都祈祷。愿有人回应了。,scripts/autoload/game_data/GameDataModes.gd:1432
%s kept the candles lit in the hall. We have kept them lit since.,%s总让大厅里的蜡烛亮着。从那以后，我们一直让它们亮着。,scripts/autoload/game_data/GameDataModes.gd:1432
%s left a notebook full of questions. Wen is working through them.,%s留下一本写满问题的笔记。Wen正在逐一作答。,scripts/autoload/game_data/GameDataModes.gd:1433
"%s understood the Hollow better than any of us, and went to see it anyway.",%s比我们任何人都更了解空洞，却还是去见了它。,scripts/autoload/game_data/GameDataModes.gd:1433
Company Ambush,佣兵团伏击,scripts/autoload/game_data/GameDataModes.gd:1443
"Morrow's sellswords, sent to settle a debt. The crossbowman snipes from the back; close on him first.",Morrow的雇佣兵，来讨一笔债。弩手在后方狙击，先冲向他。,scripts/autoload/game_data/GameDataModes.gd:1444
Company Sellsword,佣兵团雇佣兵,scripts/autoload/game_data/GameDataModes.gd:1445
"Captain Morrow, of the Hollow Crown",空洞王冠佣兵团的Morrow队长,scripts/autoload/game_data/GameDataModes.gd:1446
Morrow is waiting,Morrow在等着,scripts/autoload/game_data/GameDataModes.gd:1448
"Word comes as you set out: Captain Morrow is at the bottom of this rift, and he has brought friends.",出发时传来消息：Morrow队长就在这座裂隙的底部，还带了帮手。,scripts/autoload/game_data/GameDataModes.gd:1448
Morrow's key,Morrow的钥匙,scripts/autoload/game_data/GameDataModes.gd:1449
"Morrow goes down laughing, which is somehow worse. On his belt hangs an old iron key with the Accord's sigil: the key Pip swears she stole from a rift-lord, and the one he has been opening rifts with. By the end of the week the Company's banners are gone from the Vale.

(+300 Gold, +10 Renown. No more Company ambushes.)","Morrow倒下时还在笑，这反倒更糟。他腰间挂着一把带盟约纹章的旧铁钥匙：Pip发誓是她从某个裂隙领主那儿偷来的，也正是他用来开启裂隙的那把。不到一周，佣兵团的旗帜就从山谷里消失了。

（+300金币，+10声望。佣兵团不再伏击。）",scripts/autoload/game_data/GameDataModes.gd:1450
a child's name,一个孩子的名字,scripts/autoload/game_data/GameDataModes.gd:1459
a street with a blue door,一条有蓝门的街,scripts/autoload/game_data/GameDataModes.gd:1459
a song,一首歌,scripts/autoload/game_data/GameDataModes.gd:1459
a young ranger's face,一个年轻游侠的脸,scripts/autoload/game_data/GameDataModes.gd:1460
the smell of bread,面包的香味,scripts/autoload/game_data/GameDataModes.gd:1460
the Accord's oath,盟约的誓言,scripts/autoload/game_data/GameDataModes.gd:1460
%s remembers,%s记起来了,scripts/autoload/game_data/GameDataModes.gd:1461
"An echo, kept",一段被留下的回响,scripts/autoload/game_data/GameDataModes.gd:1461
"%s has been quiet since you kept the echo. There was %s in it, and %s knew it, from a life they don't remember living.

(%s is Echo-Touched: +6%% ability power.)","自从你留下那段回响，%s就一直很沉默。回响里有%s，而%s认得它，来自一段他们不记得活过的人生。

（%s获得回响之触：+6%%技能强度。）",scripts/autoload/game_data/GameDataModes.gd:1462
Ezra the Pale,苍白的Ezra,scripts/autoload/game_data/GameDataModes.gd:1464
"A pale man with a lantern has been following the echoes. Ezra studies what the rifts take from people, and he keeps a little of it in the lantern, for safekeeping. He asks what you did with yours. When you tell him, he bows, which nobody in the Vale has seen him do.",一个提灯的苍白男人一直在追寻回响。Ezra研究裂隙从人们身上夺走的东西，并在灯里存下一点，说是代为保管。他问你怎么处理了你的那些。听完后他鞠了一躬，山谷里还没人见他这样做过。,scripts/autoload/game_data/GameDataModes.gd:1465
"A pale man with a lantern has been following the echoes. Ezra studies what the rifts take from people. He asks to see your vault, goes very still, and asks how much of it you have spent, and on what, and whether you kept a list. 'It was yours to spend,' he says at the door. 'I hope it was worth what it cost them.'",一个提灯的苍白男人一直在追寻回响。Ezra研究裂隙从人们身上夺走的东西。他要求看看你的金库，随即一动不动，问你花了多少、花在什么上、有没有留一份清单。“那是你的，你可以花，”他在门口说，“希望它值得他们付出的代价。”,scripts/autoload/game_data/GameDataModes.gd:1467
What the Vale remembers,山谷记得什么,scripts/autoload/game_data/GameDataModes.gd:1470
"In the weeks after, people stop in the street and say names out loud. A song nobody knew is sung at every harvest. The empty guild halls fill with flowers, and yours gets the most, from people who never met you.",此后几周，人们会在街上停下，大声念出一些名字。一首无人知晓的歌在每次丰收时被传唱。空荡的公会大厅摆满了鲜花，你的大厅收到的最多，来自从未见过你的人。,scripts/autoload/game_data/GameDataModes.gd:1471
"Something leaves the Vale with the last of the rifts, quietly, and nobody can say what. Your guild is the strongest the Vale has ever had. Ezra's lantern is found on your doorstep one morning, empty, with no note.",随着最后的裂隙，有什么东西悄悄离开了山谷，没人说得清是什么。你的公会是山谷有史以来最强的。某天早上，Ezra的灯出现在你家门口，空的，没有字条。,scripts/autoload/game_data/GameDataModes.gd:1473
"Wen asks %s for a line for the chronicle: something learned in fifty rifts. %s thinks about it for a long time. 'Bring more bandages than you think,' they say. Wen writes it down exactly.",Wen请%s为编年史留一句话：五十座裂隙里学到的东西。%s想了很久。“绷带要比你以为的多带些，”他们说。Wen一字不差地记了下来。,scripts/autoload/game_data/GameDataModes.gd:1477
"Fifty rifts. Dobbs works out what %s has cost the guild in wages and what they have brought home, then quietly tears up the page. Wen asks why. 'Some sums you don't show anyone,' says Dobbs. %s pretends not to hear.",五十座裂隙。Dobbs算出了%s花了公会多少薪水、又带回了多少，然后悄悄撕掉了那一页。Wen问为什么。“有些账不给任何人看，”Dobbs说。%s假装没听见。,scripts/autoload/game_data/GameDataModes.gd:1478
Hesper gives %s her old Accord pin for their fiftieth rift. It is bent and tarnished and nobody has ever seen her take it off. %s wears it on the inside of their coat.,Hesper把她的旧盟约徽章送给%s，纪念他们的第五十座裂隙。徽章弯了，也失去了光泽，没人见过她摘下它。%s把它别在外套内侧。,scripts/autoload/game_data/GameDataModes.gd:1479
Free Company,自由团,scripts/autoload/game_data/GameDataModes.gd:1487
As the Vale knows guilds: three heroes and 280 Gold.,山谷所熟知的公会：三名英雄和280金币。,scripts/autoload/game_data/GameDataModes.gd:1487
Mercenary Company,佣兵团,scripts/autoload/game_data/GameDataModes.gd:1488
"Hired swords: start with 320 more Gold. Contracts pay 20% more Gold, wages are 15% higher, and Renown comes 20% slower. The Hollow Crown Company will make you an offer.",雇佣之剑：开局多得320金币。契约多付20%金币，薪水高15%，声望增长慢20%。空洞王冠佣兵团会向你开价。,scripts/autoload/game_data/GameDataModes.gd:1489
Temple Order,圣殿修会,scripts/autoload/game_data/GameDataModes.gd:1490
"Sworn to mend: start with 80 less Gold. Wages are 20% lower and downed heroes are back a run sooner. An echo given back earns twice the Renown; one kept, half the Essence.",立誓疗愈：开局少80金币。薪水低20%，倒下的英雄提前一轮归队。归还回响获得双倍声望；留下回响，精华减半。,scripts/autoload/game_data/GameDataModes.gd:1491
The Lantern's Smugglers,末灯会走私者,scripts/autoload/game_data/GameDataModes.gd:1492
"Mother Ilse's people: start with 350 Gold. Shop prices are 25% lower, the Last Lantern is never your rival, and keeping quiet in the Charter War pays 40% more Gold instead of 25%.",Ilse嬷嬷的人：开局350金币。商店价格低25%，末灯会永远不会成为你的对手，在特许状之争中保持沉默可多得40%金币，而非25%。,scripts/autoload/game_data/GameDataModes.gd:1493
Vaelith's Rangers,Vaelith的游侠,scripts/autoload/game_data/GameDataModes.gd:1494
"Deserters' wages: start with 100 less Gold. Every recruit board holds a ranger, rangers deal 10% more damage, and Riftbreaks warn you a day earlier. The Iron Chorus won't compete with deserters.",逃兵的薪水：开局少100金币。每次招募都有一名游侠，游侠伤害提高10%，裂隙崩溃提前一天预警。钢铁合唱团不会与逃兵竞争。,scripts/autoload/game_data/GameDataModes.gd:1495
The Ninth Lamp,第九灯,scripts/autoload/game_data/GameDataModes.gd:1496
"Keepers of the sky: Essence gains are 20% lower, but every seal earns 1 more Renown, echoes turn up twice as often and every kept echo touches a hero, and the Arcane Lab starts at level 1.",天空的守护者：精华获取降低20%，但每次封印多得1声望，回响出现频率翻倍且每段留下的回响都会触及一名英雄，奥术实验室从1级起步。,scripts/autoload/game_data/GameDataModes.gd:1497
Last of the Accord,盟约遗孤,scripts/autoload/game_data/GameDataModes.gd:1498
"Old Hesper's own guild: the Grandmaster's ledger pages turn up twice as often, but the Hollow knows you, and Riftbreaks come a day sooner.",老Hesper自己的公会：大团长的账簿残页出现频率翻倍，但空洞认得你，裂隙崩溃会提前一天。,scripts/autoload/game_data/GameDataModes.gd:1499
Kept quiet in a Charter War,在特许状之争中保持沉默,scripts/autoload/game_data/GameDataModes.gd:1502
Finish a campaign,完成一场战役,scripts/autoload/game_data/GameDataModes.gd:1502
Old Hesper remembers,老Hesper的回忆,scripts/autoload/game_data/GameDataModes.gd:1504
"Hesper had a fever on the Night of Breaking and missed it. Every other guild of the Accord went into the rifts that night, hers too, and none came back. Twenty years on she has a hall again, three recruits, and the old oath: close what opens, share what you find, never sell a rift. She means to keep it this time.",破碎之夜那天Hesper发了烧，错过了。盟约的其他所有公会那晚都走进了裂隙，包括她的公会，无一归来。二十年后，她又有了一座大厅、三名新兵和那句古老誓言：开启的必须关闭，所得的必须分享，绝不出卖裂隙。这一次她打算守住它。,scripts/autoload/game_data/GameDataModes.gd:1505
An offer from the Company,佣兵团的提议,scripts/autoload/game_data/GameDataModes.gd:1507
"Captain Morrow sends a man with a ledger and a good coat. The Hollow Crown Company would take your contracts off your hands, and your guild with them, at a fair price. He leaves the paper on the table. Nobody signs it. Dobbs reads it twice.",Morrow队长派来一个带着账本、穿着好外套的人。空洞王冠佣兵团愿以公道价格接手你的契约，连同你的公会一起。他把文书留在桌上。没人签字。Dobbs读了两遍。,scripts/autoload/game_data/GameDataModes.gd:1508
Never Sell a Rift,绝不出卖裂隙,scripts/autoload/game_data/GameDataModes.gd:1514
"The Accord's own rule: in the Charter War, keeping quiet is not an option.",盟约自己的规矩：在特许状之争中，不能选择保持沉默。,scripts/autoload/game_data/GameDataModes.gd:1514
By Hand,亲力亲为,scripts/autoload/game_data/GameDataModes.gd:1515
"No Quick fight: every fight is played, or set to Auto.",禁用快速战斗：每场战斗都要亲自打，或设为自动。,scripts/autoload/game_data/GameDataModes.gd:1515
Lean Purse,囊中羞涩,scripts/autoload/game_data/GameDataModes.gd:1516
Wages are 50% higher.,薪水提高50%。,scripts/autoload/game_data/GameDataModes.gd:1516
No Rest,不得休息,scripts/autoload/game_data/GameDataModes.gd:1517
Medical Bay beds don't speed recovery.,医疗所床位不加快恢复。,scripts/autoload/game_data/GameDataModes.gd:1517
Hollow-Touched,空洞之触,scripts/autoload/game_data/GameDataModes.gd:1518
Every foe has 15% more health.,所有敌人生命值提高15%。,scripts/autoload/game_data/GameDataModes.gd:1518
The Long Watch,漫长守望,scripts/autoload/game_data/GameDataModes.gd:1519
Riftbreaks come twice as often.,裂隙崩溃频率翻倍。,scripts/autoload/game_data/GameDataModes.gd:1519
Sworn to the Ledger,誓守账簿,scripts/autoload/game_data/GameDataModes.gd:1520
"Fragments of the Vale's story turn up twice as often, and every story branch costs half again as much.",山谷故事的残篇出现频率翻倍，每条故事分支的花费提高一半。,scripts/autoload/game_data/GameDataModes.gd:1520
Hall of the Iron Oath,铁誓大厅,scripts/autoload/game_data/GameDataModes.gd:1529
+1 hero slot,+1英雄栏位,scripts/autoload/game_data/GameDataModes.gd:1529
"The Iron Oath trained shield-walls. Their drill yard is still marked out in white stones, and Hesper walks it once, end to end, before she lets the recruits in.",铁誓训练盾墙。他们的操练场至今还用白石标着边界，Hesper从头到尾走了一遍，才让新兵进去。,scripts/autoload/game_data/GameDataModes.gd:1530
Hall of the Green Hand,绿手大厅,scripts/autoload/game_data/GameDataModes.gd:1531
+1 Medical Bay bed,+1医疗所床位,scripts/autoload/game_data/GameDataModes.gd:1531
"The Green Hand were healers. Their shelves still smell of feverfew. Wen finds a ledger of everyone they ever patched up, and reads names out loud for an hour.",绿手是治疗者。他们的架子上仍有小白菊的气味。Wen找到一本记录他们救治过的所有人的账簿，大声念了一个小时的名字。,scripts/autoload/game_data/GameDataModes.gd:1532
Hall of Quiet Coin,静币大厅,scripts/autoload/game_data/GameDataModes.gd:1533
Contracts pay 10% more Gold,契约多付10%金币,scripts/autoload/game_data/GameDataModes.gd:1533
"Quiet Coin kept the Accord's accounts. Dobbs is in their counting room before the dust settles, and comes out holding a pen like a holy relic.",静币曾为盟约管账。灰尘还没落定，Dobbs就钻进了他们的账房，出来时捧着一支笔，像捧着圣物。,scripts/autoload/game_data/GameDataModes.gd:1534
Hall of the Ninth Lamp,第九灯大厅,scripts/autoload/game_data/GameDataModes.gd:1535
Contracts pay 10% more Essence,契约多付10%精华,scripts/autoload/game_data/GameDataModes.gd:1535
"The Ninth Lamp studied Essence. Their lamps still hold a little of it, and light themselves when someone they would have liked walks in.",第九灯研究精华。他们的灯里仍存着一点，每当有他们会喜欢的人走进来，灯就自己亮起。,scripts/autoload/game_data/GameDataModes.gd:1536
Hall of Long Roads,长路大厅,scripts/autoload/game_data/GameDataModes.gd:1537
Wages 10% lower,薪水降低10%,scripts/autoload/game_data/GameDataModes.gd:1537
"Long Roads took in strays and taught them a trade. Word gets around: heroes ask to work for the guild that opened it again, and ask for less.",长路收留流浪者，教他们一门手艺。消息传开了：英雄们主动要求为重开大厅的公会效力，要的薪水也更少。,scripts/autoload/game_data/GameDataModes.gd:1538
Hall of the Open Hand,敞手大厅,scripts/autoload/game_data/GameDataModes.gd:1539
Shop prices 10% lower,商店价格降低10%,scripts/autoload/game_data/GameDataModes.gd:1539
"The Open Hand traded with every village in the Vale. The merchants remember the sign over the door, and start giving the guild their old prices.",敞手曾与山谷每个村子做生意。商人们记得门上的招牌，开始给公会按老价钱算。,scripts/autoload/game_data/GameDataModes.gd:1540
The Grandmaster's Hall,大团长的大厅,scripts/autoload/game_data/GameDataModes.gd:1541
"The title Keepers of the Vale, and 20 Laurels",“山谷守护者”称号和20桂冠,scripts/autoload/game_data/GameDataModes.gd:1541
"The last hall is the one the Accord was sworn in. Its doors open with the key Pip stole from Morrow. Inside is a long table, forty-one chairs, and one that someone has dusted every year. The Vale has its keepers again.",最后一座大厅是盟约立誓之地。大门用Pip从Morrow那儿偷来的钥匙打开。里面有一张长桌、四十一把椅子，其中一把每年都有人擦拭。山谷再次有了守护者。,scripts/autoload/game_data/GameDataModes.gd:1542
Chapel,礼拜堂,scripts/autoload/game_data/GameDataModes.gd:1552
Standing heroes mend 6% of their max HP after every won fight; campfires restore 1 more Resolve,每场胜利后，站着的英雄恢复6%最大生命值；营火额外恢复1点决心,scripts/autoload/game_data/GameDataModes.gd:1552
Smithy,铁匠铺,scripts/autoload/game_data/GameDataModes.gd:1553
Gear,装备,scripts/autoload/game_data/GameDataModes.gd:1553
Tempering costs 25% less; combining three items keeps the best stat line of the three,回火便宜25%；合成三件物品时保留三者中最好的一条数值,scripts/autoload/game_data/GameDataModes.gd:1553
Library,图书馆,scripts/autoload/game_data/GameDataModes.gd:1554
Learning,学识,scripts/autoload/game_data/GameDataModes.gd:1554
Shrines and a trainer's echo teach twice as much,圣坛和导师的回响教得翻倍,scripts/autoload/game_data/GameDataModes.gd:1554
War Room,作战室,scripts/autoload/game_data/GameDataModes.gd:1555
Fighting,战斗,scripts/autoload/game_data/GameDataModes.gd:1555
Elites pay 50% more; one free Rally order in every rift,精英奖励提高50%；每道裂隙一次免费的集结命令,scripts/autoload/game_data/GameDataModes.gd:1555
Healers' Wing,治疗翼楼,scripts/autoload/game_data/GameDataModes.gd:1556
Care,照护,scripts/autoload/game_data/GameDataModes.gd:1556
Knockouts never leave scars; a downed hero is back after one day,倒下不会留下伤疤；倒下的英雄一天后就能归队,scripts/autoload/game_data/GameDataModes.gd:1556
Reliquary,圣物堂,scripts/autoload/game_data/GameDataModes.gd:1557
"+1 equipped relic slot; Path relic offers show 4, not 3",+1遗物栏位；道途遗物的选项从3个变为4个,scripts/autoload/game_data/GameDataModes.gd:1557
Every champion freed,解放所有勇者,scripts/autoload/game_data/GameDataModes.gd:1588
Every page of the Grandmaster's ledger,集齐大团长账簿的每一页,scripts/autoload/game_data/GameDataModes.gd:1589
Every echo answered,回应每一段回响,scripts/autoload/game_data/GameDataModes.gd:1590
Captain Morrow beaten,击败Morrow队长,scripts/autoload/game_data/GameDataModes.gd:1591
The Royal Charter won,赢得王室特许状,scripts/autoload/game_data/GameDataModes.gd:1592
Every Accord hall restored,修复所有盟约大厅,scripts/autoload/game_data/GameDataModes.gd:1593
Five tides of the Open Hollow held,守住五次敞开空洞之潮,scripts/autoload/game_data/GameDataModes.gd:1594
Enraged,狂怒,scripts/autoload/game_data/GameDataMonsters.gd:14
Strikes harder the longer the fight drags on (past round 4).,战斗拖得越久打得越狠（第4回合后）。,scripts/autoload/game_data/GameDataMonsters.gd:14
Its first two rounds of retaliation can't be dodged.,它的前两轮反击无法闪避。,scripts/autoload/game_data/GameDataMonsters.gd:15
Regenerating,再生,scripts/autoload/game_data/GameDataMonsters.gd:16
Heals a portion of its health back each round it survives.,每存活一回合恢复部分生命值。,scripts/autoload/game_data/GameDataMonsters.gd:16
Frenzied,狂乱,scripts/autoload/game_data/GameDataMonsters.gd:17
Hits harder than expected from the very first round.,从第一回合起就打得比预想更狠。,scripts/autoload/game_data/GameDataMonsters.gd:17
Venomous Bite,毒牙撕咬,scripts/autoload/game_data/GameDataMonsters.gd:37
Mending Pulse,愈合脉冲,scripts/autoload/game_data/GameDataMonsters.gd:39
Bone Ward,骨之护佑,scripts/autoload/game_data/GameDataMonsters.gd:41
Death Frenzy,死亡狂乱,scripts/autoload/game_data/GameDataMonsters.gd:43
Leeching Mire,吸血泥沼,scripts/autoload/game_data/GameDataMonsters.gd:49
Mirrored Edge,镜锋,scripts/autoload/game_data/GameDataMonsters.gd:51
Thorn Bulwark,荆棘壁垒,scripts/autoload/game_data/GameDataMonsters.gd:54
Leech Blessing,吸血祝福,scripts/autoload/game_data/GameDataMonsters.gd:55
Ash Veil,灰烬面纱,scripts/autoload/game_data/GameDataMonsters.gd:56
Cornered Fury,困兽之怒,scripts/autoload/game_data/GameDataMonsters.gd:57
Root Grasp,根须缠缚,scripts/autoload/game_data/GameDataMonsters.gd:58
Festering Bite,溃烂撕咬,scripts/autoload/game_data/GameDataMonsters.gd:60
Grave Light,墓光,scripts/autoload/game_data/GameDataMonsters.gd:61
Mire Grip,泥沼之握,scripts/autoload/game_data/GameDataMonsters.gd:62
Pack Fury,群狼之怒,scripts/autoload/game_data/GameDataMonsters.gd:63
Glass Facets,玻璃棱面,scripts/autoload/game_data/GameDataMonsters.gd:64
Poison Fog,毒雾,scripts/autoload/game_data/GameDataMonsters.gd:95
Cracked Lava Floor,龟裂熔岩地面,scripts/autoload/game_data/GameDataMonsters.gd:96
Collapsing Passage,坍塌通道,scripts/autoload/game_data/GameDataMonsters.gd:97
Wailing Wraiths,哀嚎怨灵,scripts/autoload/game_data/GameDataMonsters.gd:98
Sealed Vault Trap,封闭宝库陷阱,scripts/autoload/game_data/GameDataMonsters.gd:99
Aldric,Aldric,scripts/autoload/game_data/GameDataMonsters.gd:112
Bryn,Bryn,scripts/autoload/game_data/GameDataMonsters.gd:112
Coren,Coren,scripts/autoload/game_data/GameDataMonsters.gd:112
Dessa,Dessa,scripts/autoload/game_data/GameDataMonsters.gd:112
Elowen,Elowen,scripts/autoload/game_data/GameDataMonsters.gd:112
Fenwick,Fenwick,scripts/autoload/game_data/GameDataMonsters.gd:112
Gara,Gara,scripts/autoload/game_data/GameDataMonsters.gd:112
Hollis,Hollis,scripts/autoload/game_data/GameDataMonsters.gd:112
Ianthe,Ianthe,scripts/autoload/game_data/GameDataMonsters.gd:112
Joric,Joric,scripts/autoload/game_data/GameDataMonsters.gd:112
Kestrel,Kestrel,scripts/autoload/game_data/GameDataMonsters.gd:112
Liora,Liora,scripts/autoload/game_data/GameDataMonsters.gd:112
Maren,Maren,scripts/autoload/game_data/GameDataMonsters.gd:112
Nyx,Nyx,scripts/autoload/game_data/GameDataMonsters.gd:112
Oren,Oren,scripts/autoload/game_data/GameDataMonsters.gd:112
Petra,Petra,scripts/autoload/game_data/GameDataMonsters.gd:112
Quill,Quill,scripts/autoload/game_data/GameDataMonsters.gd:112
Roth,Roth,scripts/autoload/game_data/GameDataMonsters.gd:112
Sable,Sable,scripts/autoload/game_data/GameDataMonsters.gd:112
Tavin,Tavin,scripts/autoload/game_data/GameDataMonsters.gd:112
Ysolde,Ysolde,scripts/autoload/game_data/GameDataMonsters.gd:112
Zeph,Zeph,scripts/autoload/game_data/GameDataMonsters.gd:112
Gloom Stalker,幽暗潜猎者,scripts/autoload/game_data/GameDataMonsters.gd:113
Rift Wisp,裂隙鬼火,scripts/autoload/game_data/GameDataMonsters.gd:113
Husk Brute,空壳蛮兽,scripts/autoload/game_data/GameDataMonsters.gd:113
Sable Fang,黑貂之牙,scripts/autoload/game_data/GameDataMonsters.gd:113
Ember Whelp,余烬幼龙,scripts/autoload/game_data/GameDataMonsters.gd:113
Marrow Crawler,骨髓爬虫,scripts/autoload/game_data/GameDataMonsters.gd:113
Hollow Reaver,空洞掠夺者,scripts/autoload/game_data/GameDataMonsters.gd:113
Cinder Moth,煤烬飞蛾,scripts/autoload/game_data/GameDataMonsters.gd:113
Bog Wretch,沼泽怪,scripts/autoload/game_data/GameDataMonsters.gd:113
Silt Crawler,淤泥爬虫,scripts/autoload/game_data/GameDataMonsters.gd:113
Glass Wisp,玻璃鬼火,scripts/autoload/game_data/GameDataMonsters.gd:113
Mirror Fiend,镜魔,scripts/autoload/game_data/GameDataMonsters.gd:113
Frost Stalker,霜冻潜猎者,scripts/autoload/game_data/GameDataMonsters.gd:113
Ashclad Ghoul,灰甲食尸鬼,scripts/autoload/game_data/GameDataMonsters.gd:113
Deep Anchorite,深渊隐士,scripts/autoload/game_data/GameDataMonsters.gd:113
Voidling Sprite,虚空小妖,scripts/autoload/game_data/GameDataMonsters.gd:113
Hedge Warden,树篱守卫,scripts/autoload/game_data/GameDataMonsters.gd:114
Carrion Crier,腐尸啼者,scripts/autoload/game_data/GameDataMonsters.gd:114
Rootbound Thrall,缚根奴仆,scripts/autoload/game_data/GameDataMonsters.gd:114
Leech Priest,吸血祭司,scripts/autoload/game_data/GameDataMonsters.gd:114
Mire Sniper,泥沼狙击手,scripts/autoload/game_data/GameDataMonsters.gd:114
Drowned Bellringer,溺亡敲钟人,scripts/autoload/game_data/GameDataMonsters.gd:114
Slag Golem,熔渣魔像,scripts/autoload/game_data/GameDataMonsters.gd:114
Ember Oracle,余烬先知,scripts/autoload/game_data/GameDataMonsters.gd:114
Ash Harrier,灰烬猎鹰,scripts/autoload/game_data/GameDataMonsters.gd:114
Blight Hound,枯萎猎犬,scripts/autoload/game_data/GameDataMonsters.gd:115
Lantern Wight,提灯尸妖,scripts/autoload/game_data/GameDataMonsters.gd:115
Tide Caller,唤潮者,scripts/autoload/game_data/GameDataMonsters.gd:115
Mudscale Brute,泥鳞蛮兽,scripts/autoload/game_data/GameDataMonsters.gd:115
Cinder Hound,煤烬猎犬,scripts/autoload/game_data/GameDataMonsters.gd:115
Obsidian Sentinel,黑曜哨兵,scripts/autoload/game_data/GameDataMonsters.gd:115
Shell Wretch,贝壳怪,scripts/autoload/game_data/GameDataMonsters.gd:116
Pearl Wisp,珍珠鬼火,scripts/autoload/game_data/GameDataMonsters.gd:116
Tidewalker,踏潮者,scripts/autoload/game_data/GameDataMonsters.gd:116
Brine Sniper,盐水狙击手,scripts/autoload/game_data/GameDataMonsters.gd:116
Coral Brute,珊瑚蛮兽,scripts/autoload/game_data/GameDataMonsters.gd:116
Mirror Crab,镜蟹,scripts/autoload/game_data/GameDataMonsters.gd:116
Undertow Priest,暗流祭司,scripts/autoload/game_data/GameDataMonsters.gd:116
Shore Crier,海岸啼者,scripts/autoload/game_data/GameDataMonsters.gd:116
Salt Hound,盐之猎犬,scripts/autoload/game_data/GameDataMonsters.gd:116
Pearl Thrall,珍珠奴仆,scripts/autoload/game_data/GameDataMonsters.gd:116
Tideglass Moth,潮璃飞蛾,scripts/autoload/game_data/GameDataMonsters.gd:116
Falling Watchman,坠落守夜人,scripts/autoload/game_data/GameDataMonsters.gd:116
Lamp Wight,灯之尸妖,scripts/autoload/game_data/GameDataMonsters.gd:116
Rooftop Harrier,屋顶猎鹰,scripts/autoload/game_data/GameDataMonsters.gd:116
Cord Bellringer,悬索敲钟人,scripts/autoload/game_data/GameDataMonsters.gd:116
Upside Hound,倒悬猎犬,scripts/autoload/game_data/GameDataMonsters.gd:116
Stair Golem,阶梯魔像,scripts/autoload/game_data/GameDataMonsters.gd:116
Choir Sprite,圣咏小妖,scripts/autoload/game_data/GameDataMonsters.gd:116
Cord Reaver,悬索掠夺者,scripts/autoload/game_data/GameDataMonsters.gd:116
Cord Stalker,悬索潜猎者,scripts/autoload/game_data/GameDataMonsters.gd:116
Spire Oracle,尖塔先知,scripts/autoload/game_data/GameDataMonsters.gd:116
Gate Sentinel,城门哨兵,scripts/autoload/game_data/GameDataMonsters.gd:116
Warbound Elite,战缚精英,scripts/autoload/game_data/GameDataMonsters.gd:117
Blightfang Elite,枯牙精英,scripts/autoload/game_data/GameDataMonsters.gd:117
Rift-Touched Colossus,裂隙之触巨像,scripts/autoload/game_data/GameDataMonsters.gd:117
Iron Revenant,钢铁亡魂,scripts/autoload/game_data/GameDataMonsters.gd:117
Storm-Called Elite,唤雷精英,scripts/autoload/game_data/GameDataMonsters.gd:117
Ashen Broodlord,灰烬巢主,scripts/autoload/game_data/GameDataMonsters.gd:117
Korrath,Korrath,scripts/autoload/game_data/GameDataMonsters.gd:118
Drevok,Drevok,scripts/autoload/game_data/GameDataMonsters.gd:118
The Ashen Wastes,灰烬荒原,scripts/autoload/game_data/GameDataMonsters.gd:128
Pearl Colossus,珍珠巨像,scripts/autoload/game_data/GameDataMonsters.gd:132
Glassback Elite,玻璃背精英,scripts/autoload/game_data/GameDataMonsters.gd:132
Saltmother,盐之母,scripts/autoload/game_data/GameDataMonsters.gd:132
Skyfallen Sentinel,天坠哨兵,scripts/autoload/game_data/GameDataMonsters.gd:134
Broodwarden,巢穴守卫,scripts/autoload/game_data/GameDataMonsters.gd:134
The Queen's Herald,女王的传令官,scripts/autoload/game_data/GameDataMonsters.gd:134
Bold,勇敢,scripts/autoload/game_data/GameDataMonsters.gd:184
Quick,敏捷,scripts/autoload/game_data/GameDataMonsters.gd:184
Stoic,坚忍,scripts/autoload/game_data/GameDataMonsters.gd:184
Nervous,紧张,scripts/autoload/game_data/GameDataMonsters.gd:184
Devout,虔诚,scripts/autoload/game_data/GameDataMonsters.gd:184
Scholarly,博学,scripts/autoload/game_data/GameDataMonsters.gd:184
Next!,下一个！,scripts/autoload/game_data/GameDataMonsters.gd:187
Too easy.,太简单了。,scripts/autoload/game_data/GameDataMonsters.gd:187
Who's next in line?,下一个是谁？,scripts/autoload/game_data/GameDataMonsters.gd:187
Just a scratch!,小擦伤！,scripts/autoload/game_data/GameDataMonsters.gd:188
That all you've got?,就这点本事？,scripts/autoload/game_data/GameDataMonsters.gd:188
I've had worse at breakfast.,我早饭时吃过更狠的苦头。,scripts/autoload/game_data/GameDataMonsters.gd:188
You'll pay for that!,你会付出代价的！,scripts/autoload/game_data/GameDataMonsters.gd:189
"Hold on, I'll finish this!",撑住，我来收尾！,scripts/autoload/game_data/GameDataMonsters.gd:189
"Stay down, I've got it!",趴着别动，交给我！,scripts/autoload/game_data/GameDataMonsters.gd:189
Ha! Another one for the wall.,哈！又一个战利品。,scripts/autoload/game_data/GameDataMonsters.gd:190
Is that the best the Rift can do?,裂隙就这点能耐？,scripts/autoload/game_data/GameDataMonsters.gd:190
Point me at the next one.,给我指下一个。,scripts/autoload/game_data/GameDataMonsters.gd:190
Stronger. Good.,更强了。很好。,scripts/autoload/game_data/GameDataMonsters.gd:191
Now we're talking.,这才像话。,scripts/autoload/game_data/GameDataMonsters.gd:191
Bring on something bigger.,来点更大的。,scripts/autoload/game_data/GameDataMonsters.gd:191
Blink and you missed it.,眨眼就没了。,scripts/autoload/game_data/GameDataMonsters.gd:194
Clean.,干净利落。,scripts/autoload/game_data/GameDataMonsters.gd:194
Right where I aimed.,正中目标。,scripts/autoload/game_data/GameDataMonsters.gd:194
Too slow on that one...,那下慢了……,scripts/autoload/game_data/GameDataMonsters.gd:195
Need to keep moving!,得一直移动！,scripts/autoload/game_data/GameDataMonsters.gd:195
Close. Too close.,好险。太险了。,scripts/autoload/game_data/GameDataMonsters.gd:195
Man down! Covering!,有人倒下！掩护！,scripts/autoload/game_data/GameDataMonsters.gd:196
I'll draw them off!,我来引开它们！,scripts/autoload/game_data/GameDataMonsters.gd:196
"Get up, get up!",起来，快起来！,scripts/autoload/game_data/GameDataMonsters.gd:196
Fast work.,干得真快。,scripts/autoload/game_data/GameDataMonsters.gd:197
Home before supper.,晚饭前就能到家。,scripts/autoload/game_data/GameDataMonsters.gd:197
They never saw us coming.,他们根本没察觉。,scripts/autoload/game_data/GameDataMonsters.gd:197
Quicker every day.,一天比一天快。,scripts/autoload/game_data/GameDataMonsters.gd:198
Feeling light on my feet.,脚步越来越轻了。,scripts/autoload/game_data/GameDataMonsters.gd:198
Watch this.,看好了。,scripts/autoload/game_data/GameDataMonsters.gd:198
It's done.,结束了。,scripts/autoload/game_data/GameDataMonsters.gd:201
One less.,少一个。,scripts/autoload/game_data/GameDataMonsters.gd:201
Stay down.,别起来。,scripts/autoload/game_data/GameDataMonsters.gd:201
I can still stand.,我还站得住。,scripts/autoload/game_data/GameDataMonsters.gd:202
Not yet.,还没完。,scripts/autoload/game_data/GameDataMonsters.gd:202
I hold.,我撑得住。,scripts/autoload/game_data/GameDataMonsters.gd:202
I'll hold the line.,我来守住防线。,scripts/autoload/game_data/GameDataMonsters.gd:203
Rest. I'll carry this.,歇着吧，交给我。,scripts/autoload/game_data/GameDataMonsters.gd:203
Steady. We finish it.,稳住，我们收尾。,scripts/autoload/game_data/GameDataMonsters.gd:203
The line held.,防线守住了。,scripts/autoload/game_data/GameDataMonsters.gd:204
We endure.,我们挺过来了。,scripts/autoload/game_data/GameDataMonsters.gd:204
Another day.,又是一天。,scripts/autoload/game_data/GameDataMonsters.gd:204
Steady progress.,稳步前进。,scripts/autoload/game_data/GameDataMonsters.gd:205
I feel it. Good.,我感觉到了。很好。,scripts/autoload/game_data/GameDataMonsters.gd:205
The work pays off.,功夫没白费。,scripts/autoload/game_data/GameDataMonsters.gd:205
Did... did I do that?,那……那是我干的？,scripts/autoload/game_data/GameDataMonsters.gd:208
"Oh, thank the stars.",噢，谢天谢地。,scripts/autoload/game_data/GameDataMonsters.gd:208
Is it dead? It's dead.,它死了吗？死了。,scripts/autoload/game_data/GameDataMonsters.gd:208
I don't want to die here!,我不想死在这儿！,scripts/autoload/game_data/GameDataMonsters.gd:209
Help! Anyone?,救命！有人吗？,scripts/autoload/game_data/GameDataMonsters.gd:209
This was a terrible idea.,这真是个馊主意。,scripts/autoload/game_data/GameDataMonsters.gd:209
"No, no, no, get up!",不，不，不，快起来！,scripts/autoload/game_data/GameDataMonsters.gd:210
Should we run? We should run.,要跑吗？我们该跑了。,scripts/autoload/game_data/GameDataMonsters.gd:210
They got them!,他们倒下了！,scripts/autoload/game_data/GameDataMonsters.gd:210
We lived! We actually lived!,我们活下来了！真的活下来了！,scripts/autoload/game_data/GameDataMonsters.gd:211
Can we go home now?,现在能回家了吗？,scripts/autoload/game_data/GameDataMonsters.gd:211
Never again. Probably.,再也不来了。大概吧。,scripts/autoload/game_data/GameDataMonsters.gd:211
Huh. I'm getting better at this.,咦，我越来越熟练了。,scripts/autoload/game_data/GameDataMonsters.gd:212
Maybe I'm not so bad after all.,也许我没那么差嘛。,scripts/autoload/game_data/GameDataMonsters.gd:212
Did I just get stronger?,我刚刚变强了？,scripts/autoload/game_data/GameDataMonsters.gd:212
Rest now.,安息吧。,scripts/autoload/game_data/GameDataMonsters.gd:215
The light judges you.,圣光审判你。,scripts/autoload/game_data/GameDataMonsters.gd:215
"Forgiven, and gone.",已被宽恕，就此消逝。,scripts/autoload/game_data/GameDataMonsters.gd:215
Grant me strength...,赐我力量……,scripts/autoload/game_data/GameDataMonsters.gd:216
"My faith holds, if my body won't.",肉体不支，信仰犹存。,scripts/autoload/game_data/GameDataMonsters.gd:216
Not while they need me.,他们需要我，我不能倒。,scripts/autoload/game_data/GameDataMonsters.gd:216
"I'm coming, hold on!",我来了，撑住！,scripts/autoload/game_data/GameDataMonsters.gd:217
"Light, keep them!",圣光，护佑他们！,scripts/autoload/game_data/GameDataMonsters.gd:217
Don't you dare give up!,不许放弃！,scripts/autoload/game_data/GameDataMonsters.gd:217
Light guide us home.,愿圣光指引我们回家。,scripts/autoload/game_data/GameDataMonsters.gd:218
We were spared. Give thanks.,我们幸免于难。感恩吧。,scripts/autoload/game_data/GameDataMonsters.gd:218
Let's tend the wounded.,去照料伤员。,scripts/autoload/game_data/GameDataMonsters.gd:218
A blessing.,一份祝福。,scripts/autoload/game_data/GameDataMonsters.gd:219
I am given more to give.,我得到更多，便能给予更多。,scripts/autoload/game_data/GameDataMonsters.gd:219
My purpose grows clearer.,我的使命愈发清晰。,scripts/autoload/game_data/GameDataMonsters.gd:219
Unmade.,已瓦解。,scripts/autoload/game_data/GameDataMonsters.gd:222
Just as I calculated.,正如我所算。,scripts/autoload/game_data/GameDataMonsters.gd:222
Fascinating. Was.,有意思。曾经是。,scripts/autoload/game_data/GameDataMonsters.gd:222
Variables... unfavorable.,变量……不利。,scripts/autoload/game_data/GameDataMonsters.gd:223
The weave is fraying. So am I.,魔网在磨损。我也是。,scripts/autoload/game_data/GameDataMonsters.gd:223
I need a moment to recompute!,我需要点时间重新计算！,scripts/autoload/game_data/GameDataMonsters.gd:223
That was not in the plan!,这不在计划里！,scripts/autoload/game_data/GameDataMonsters.gd:224
Recalculating!,重新计算！,scripts/autoload/game_data/GameDataMonsters.gd:224
Someone get them up!,谁去把他们扶起来！,scripts/autoload/game_data/GameDataMonsters.gd:224
A tidy result.,干净的结果。,scripts/autoload/game_data/GameDataMonsters.gd:225
Worth a page in my notes.,值得在笔记里记一页。,scripts/autoload/game_data/GameDataMonsters.gd:225
The Rift has patterns. I see them now.,裂隙有规律。我现在看清了。,scripts/autoload/game_data/GameDataMonsters.gd:225
The equations open up.,方程豁然开朗。,scripts/autoload/game_data/GameDataMonsters.gd:226
More power. Excellent.,更多力量。好极了。,scripts/autoload/game_data/GameDataMonsters.gd:226
I understand more now.,我懂得更多了。,scripts/autoload/game_data/GameDataMonsters.gd:226
Call the Horde,召唤兽群,scripts/autoload/game_data/GameDataMonsters.gd:241
"At half health, two foes answer its call.",生命值降至一半时，两名敌人响应它的召唤。,scripts/autoload/game_data/GameDataMonsters.gd:241
"%s howls, and the rift answers with reinforcements!",%s一声嚎叫，裂隙派来了援军！,scripts/autoload/game_data/GameDataMonsters.gd:241
Fury,狂怒,scripts/autoload/game_data/GameDataMonsters.gd:242
At half health it hits 20% harder and winds up heavy blows more often.,生命值降至一半时，伤害提高20%，并更频繁地蓄力重击。,scripts/autoload/game_data/GameDataMonsters.gd:242
%s roars in fury!,%s怒吼起来！,scripts/autoload/game_data/GameDataMonsters.gd:242
At half health it raises a ward worth 12% of its health.,生命值降至一半时，生成相当于其12%生命值的护盾。,scripts/autoload/game_data/GameDataMonsters.gd:243
%s raises a shimmering barrier!,%s升起一道闪烁的屏障！,scripts/autoload/game_data/GameDataMonsters.gd:243
Vampiric,吸血,scripts/autoload/game_data/GameDataMonsters.gd:250
Heals for 25% of the damage it deals.,按造成伤害的25%恢复生命。,scripts/autoload/game_data/GameDataMonsters.gd:250
Thorned,荆棘,scripts/autoload/game_data/GameDataMonsters.gd:251
Reflects 15% of the damage it takes back at the attacker.,将受到伤害的15%反弹给攻击者。,scripts/autoload/game_data/GameDataMonsters.gd:251
Shielded,护盾,scripts/autoload/game_data/GameDataMonsters.gd:252
Starts behind a ward worth 20% of its health.,开局带有相当于其20%生命值的护盾。,scripts/autoload/game_data/GameDataMonsters.gd:252
Venomous,剧毒,scripts/autoload/game_data/GameDataMonsters.gd:253
Its hits poison.,它的攻击带毒。,scripts/autoload/game_data/GameDataMonsters.gd:253
Juggernaut,主宰,scripts/autoload/game_data/GameDataMonsters.gd:254
Heavily armored: shrugs off 35% of basic attacks.,重甲：抵消35%的普通攻击。,scripts/autoload/game_data/GameDataMonsters.gd:254
Blazing,炽燃,scripts/autoload/game_data/GameDataMonsters.gd:255
Its hits can set heroes ablaze.,它的攻击可能点燃英雄。,scripts/autoload/game_data/GameDataMonsters.gd:255
Hasted,迅捷,scripts/autoload/game_data/GameDataMonsters.gd:256
Acts twice each round (each hit a little weaker) and never winds up.,每回合行动两次（每击稍弱），且从不蓄力。,scripts/autoload/game_data/GameDataMonsters.gd:256
Commander,指挥官,scripts/autoload/game_data/GameDataMonsters.gd:257
Always brings two (weaker) escorts.,总会带着两名（较弱的）护卫。,scripts/autoload/game_data/GameDataMonsters.gd:257
Wisp,鬼火,scripts/autoload/game_data/GameDataMonsters.gd:263
Moth,飞蛾,scripts/autoload/game_data/GameDataMonsters.gd:263
Sprite,小妖,scripts/autoload/game_data/GameDataMonsters.gd:263
Oracle,先知,scripts/autoload/game_data/GameDataMonsters.gd:263
Choir,圣咏,scripts/autoload/game_data/GameDataMonsters.gd:263
Sniper,狙击手,scripts/autoload/game_data/GameDataMonsters.gd:263
Crier,啼者,scripts/autoload/game_data/GameDataMonsters.gd:263
Harrier,猎鹰,scripts/autoload/game_data/GameDataMonsters.gd:263
Bellringer,敲钟人,scripts/autoload/game_data/GameDataMonsters.gd:263
Priest,祭司,scripts/autoload/game_data/GameDataMonsters.gd:263
Wight,尸妖,scripts/autoload/game_data/GameDataMonsters.gd:263
Caller,召唤者,scripts/autoload/game_data/GameDataMonsters.gd:263
Sweep,横扫,scripts/autoload/game_data/GameDataMonsters.gd:275
Hits every hero for %d%% of a normal hit. Defend halves it for whoever Defends.,对所有英雄造成普通攻击%d%%的伤害。防御者所受伤害减半。,scripts/autoload/game_data/GameDataMonsters.gd:275
Snipe,狙击,scripts/autoload/game_data/GameDataMonsters.gd:276
A heavier shot at the most-hurt hero in the back row. Guard can take it for them.,对后排受伤最重的英雄进行一次更重的射击。守护可替其承受。,scripts/autoload/game_data/GameDataMonsters.gd:276
Curse,诅咒,scripts/autoload/game_data/GameDataMonsters.gd:277
"No damage, but the target deals 40%% less for 2 rounds. Sanctuary cleanses it.",不造成伤害，但目标2回合内伤害降低40%%。圣所可以净化。,scripts/autoload/game_data/GameDataMonsters.gd:277
Ward,结界,scripts/autoload/game_data/GameDataMonsters.gd:278
Shields its most-hurt ally for 20%% of their max HP. Aimed Shot ignores wards.,为受伤最重的友方提供其最大生命值20%%的护盾。瞄准射击无视护盾。,scripts/autoload/game_data/GameDataMonsters.gd:278
Heals its most-hurt ally. Kill or stun it first.,治疗受伤最重的友方。先击杀或击晕它。,scripts/autoload/game_data/GameDataMonsters.gd:279
Roar,咆哮,scripts/autoload/game_data/GameDataMonsters.gd:280
Every foe hits 20%% harder for the rest of the fight (up to twice). Stun it to stop it.,本场战斗剩余时间内所有敌人伤害提高20%%（最多两次）。击晕它可以阻止。,scripts/autoload/game_data/GameDataMonsters.gd:280
Stunned,眩晕,scripts/autoload/game_data/GameDataMonsters.gd:281
Loses its next action.,失去下一次行动。,scripts/autoload/game_data/GameDataMonsters.gd:281
"Hits every hero and heals the boss for half of it. Defend, or ward the party.",攻击所有英雄，并为首领恢复造成伤害的一半。防御，或为小队加护盾。,scripts/autoload/game_data/GameDataMonsters.gd:282
Drowning Tide,溺亡之潮,scripts/autoload/game_data/GameDataMonsters.gd:283
Chills and weakens every hero (they act late and deal 40%% less next round). Sanctuary or a Healing Tonic cleanses it.,冰冻并削弱所有英雄（下回合行动靠后，伤害降低40%%）。圣所或治疗药剂可以净化。,scripts/autoload/game_data/GameDataMonsters.gd:283
Sunder,破甲,scripts/autoload/game_data/GameDataMonsters.gd:284
"Tears the wards off every front-row hero and hits them hard. Move a hurt hero back, or Defend.",撕掉前排所有英雄的护盾并重击他们。把受伤的英雄移到后排，或防御。,scripts/autoload/game_data/GameDataMonsters.gd:284
Brand,烙印,scripts/autoload/game_data/GameDataMonsters.gd:285
Marks a hero: they take 50%% more damage for 2 rounds. Guard them.,标记一名英雄：2回合内受到的伤害提高50%%。守护他们。,scripts/autoload/game_data/GameDataMonsters.gd:285
Immolate,献祭,scripts/autoload/game_data/GameDataMonsters.gd:286
Sets every hero burning for 3 rounds. Sanctuary or a Healing Tonic puts it out.,使所有英雄燃烧3回合。圣所或治疗药剂可以扑灭。,scripts/autoload/game_data/GameDataMonsters.gd:286
Scarecrow Line,稻草人防线,scripts/autoload/game_data/GameDataMonsters.gd:321
"The Warden wards its friends and the Wisp mends them. Take the Wisp first, or strip the wards.",守卫为同伴加护盾，鬼火为它们治疗。先打鬼火，或剥掉护盾。,scripts/autoload/game_data/GameDataMonsters.gd:321
Murder of Crows,鸦群,scripts/autoload/game_data/GameDataMonsters.gd:323
Criers curse and roar from the back. Silence them before the roars stack.,啼者在后方诅咒和咆哮。在咆哮叠加前让它们闭嘴。,scripts/autoload/game_data/GameDataMonsters.gd:323
Rootbound Ambush,缚根伏击,scripts/autoload/game_data/GameDataMonsters.gd:325
"The Thrall's sweeps hit the whole party. Defend, or stun its wind-up.",奴仆的横扫会打中全队。防御，或击晕它的蓄力。,scripts/autoload/game_data/GameDataMonsters.gd:325
Graveyard Shift,墓园夜班,scripts/autoload/game_data/GameDataMonsters.gd:327
"The Crawler mends the Reaver while the Crier curses. Break the healer, then the brute.",爬虫为掠夺者治疗，啼者施加诅咒。先打掉治疗者，再收拾蛮兽。,scripts/autoload/game_data/GameDataMonsters.gd:327
Stalker Pack,潜猎者群,scripts/autoload/game_data/GameDataMonsters.gd:329
Poison stacks fast. A Healing Tonic or Sanctuary washes it out.,毒素叠得很快。治疗药剂或圣所可以洗去。,scripts/autoload/game_data/GameDataMonsters.gd:329
The Hunt,狩猎,scripts/autoload/game_data/GameDataMonsters.gd:331
"The Hounds go for your most-hurt back-row hero and their bites fester, while the Crier curses. Guard the back row.",猎犬专咬后排受伤最重的英雄，伤口会溃烂，啼者还在诅咒。守护后排。,scripts/autoload/game_data/GameDataMonsters.gd:331
Lantern Wake,守灯夜,scripts/autoload/game_data/GameDataMonsters.gd:333
"The Wight wards and mends the Reaver from the back. Snuff the lantern first, or the Reaver never falls.",尸妖在后方为掠夺者加护盾和治疗。先灭了灯，否则掠夺者永远不倒。,scripts/autoload/game_data/GameDataMonsters.gd:333
The Leech Mass,吸血团块,scripts/autoload/game_data/GameDataMonsters.gd:337
The Priest keeps the Wretches fed. Kill it first.,祭司一直在喂养沼泽怪。先杀它。,scripts/autoload/game_data/GameDataMonsters.gd:337
Reed Snipers,芦苇狙击手,scripts/autoload/game_data/GameDataMonsters.gd:339
"Snipers hunt the back row behind their Anchorite. Guard your healer, or Taunt.",狙击手躲在隐士身后猎杀后排。守护你的治疗者，或使用嘲讽。,scripts/autoload/game_data/GameDataMonsters.gd:339
Bell and Mirror,钟与镜,scripts/autoload/game_data/GameDataMonsters.gd:341
The Fiend reflects basic hits and the Bell curses. Skills and Aimed Shot go around the mirror.,镜魔反弹普通攻击，钟施加诅咒。技能和瞄准射击可以绕过镜子。,scripts/autoload/game_data/GameDataMonsters.gd:341
Silt Swarm,淤泥虫群,scripts/autoload/game_data/GameDataMonsters.gd:343
Three drainers heal off every hit. Volley and Frost Nova hit them all.,三个吸血者每次攻击都会回血。齐射和冰霜新星能打中全部。,scripts/autoload/game_data/GameDataMonsters.gd:343
Frozen Watch,冰封哨岗,scripts/autoload/game_data/GameDataMonsters.gd:345
Chills slow your turns and the Priest mends. Burst the Priest down.,冰冻拖慢你的回合，祭司负责治疗。集火打掉祭司。,scripts/autoload/game_data/GameDataMonsters.gd:345
Rising Tide,涨潮,scripts/autoload/game_data/GameDataMonsters.gd:347
"The Caller's waves chill the whole party while the Brute winds up. Stun the wind-up, then drown the Caller.",召唤者的浪潮冰冻全队，蛮兽在蓄力。击晕蓄力，再淹没召唤者。,scripts/autoload/game_data/GameDataMonsters.gd:347
Mudslide,泥石流,scripts/autoload/game_data/GameDataMonsters.gd:349
"Two armored drainers and a Priest to feed them. Break the armor, and kill the Priest before it mends.",两个重甲吸血者，加一个喂养它们的祭司。破甲，并在祭司治疗前杀掉它。,scripts/autoload/game_data/GameDataMonsters.gd:349
Forge Guard,锻炉卫队,scripts/autoload/game_data/GameDataMonsters.gd:353
"The Oracle wards the Golem, and the Golem's sweeps burn. Take the Oracle first.",先知为魔像加护盾，魔像的横扫带火。先打先知。,scripts/autoload/game_data/GameDataMonsters.gd:353
Ash Flock,灰烬鸟群,scripts/autoload/game_data/GameDataMonsters.gd:355
Harriers snipe and hit harder when hurt. Finish each one quickly.,猎鹰会狙击，受伤后打得更狠。逐个速杀。,scripts/autoload/game_data/GameDataMonsters.gd:355
Cinder Cult,煤烬邪教,scripts/autoload/game_data/GameDataMonsters.gd:357
Everything here burns. Keep a cleanse ready.,这里的一切都在燃烧。随时准备净化。,scripts/autoload/game_data/GameDataMonsters.gd:357
Void Tear,虚空裂痕,scripts/autoload/game_data/GameDataMonsters.gd:359
The Reaver winds up while the Sprites harry. Break the wind-up.,掠夺者蓄力时小妖不断骚扰。打断蓄力。,scripts/autoload/game_data/GameDataMonsters.gd:359
Molten Wall,熔岩之墙,scripts/autoload/game_data/GameDataMonsters.gd:361
Two armored brutes. Armor breakers and stuns shine here.,两个重甲蛮兽。破甲和眩晕在此大显身手。,scripts/autoload/game_data/GameDataMonsters.gd:361
Cinder Kennels,煤烬犬舍,scripts/autoload/game_data/GameDataMonsters.gd:363
The Hounds roar each other on and grow wild when hurt. Stun the roar and finish each Hound quickly.,猎犬互相咆哮助威，受伤后变得狂野。击晕咆哮，逐只速杀。,scripts/autoload/game_data/GameDataMonsters.gd:363
Glass Bastion,玻璃堡垒,scripts/autoload/game_data/GameDataMonsters.gd:365
The Sentinel reflects basic hits and wards the Harriers. Skills go around the glass; drop the Harriers first.,哨兵反弹普通攻击并为猎鹰加护盾。技能可以绕过玻璃；先打掉猎鹰。,scripts/autoload/game_data/GameDataMonsters.gd:365
The Tideline,潮线,scripts/autoload/game_data/GameDataMonsters.gd:369
The Priest mends the Brute while the Wisp heals. Take the healers first.,祭司为蛮兽治疗，鬼火也在回血。先打治疗者。,scripts/autoload/game_data/GameDataMonsters.gd:369
Snipers on the Breakwater,防波堤上的狙击手,scripts/autoload/game_data/GameDataMonsters.gd:371
"Two Snipers aim at your back row. Close in, or guard it.",两名狙击手瞄准你的后排。贴近它们，或守护后排。,scripts/autoload/game_data/GameDataMonsters.gd:371
Crab Wall,蟹墙,scripts/autoload/game_data/GameDataMonsters.gd:373
The Crabs drain what they hit. Burst one down at a time.,螃蟹会吸取所击中目标的生命。一次集火一只。,scripts/autoload/game_data/GameDataMonsters.gd:373
The Undertow,暗流,scripts/autoload/game_data/GameDataMonsters.gd:375
"The Tidewalker chills and the Crier curses. Cleanse, then strike.",踏潮者施加冰冻，啼者施加诅咒。先净化，再出手。,scripts/autoload/game_data/GameDataMonsters.gd:375
Salt Pack,盐之兽群,scripts/autoload/game_data/GameDataMonsters.gd:377
The Hounds get wilder as they bleed. Finish each one quickly.,猎犬越流血越疯狂。逐只速杀。,scripts/autoload/game_data/GameDataMonsters.gd:377
Moths on the Glass,玻璃上的飞蛾,scripts/autoload/game_data/GameDataMonsters.gd:379
The Moths shoot from the back while the Thrall sweeps. Stun its wind-up.,飞蛾在后方射击，奴仆在横扫。击晕它的蓄力。,scripts/autoload/game_data/GameDataMonsters.gd:379
The Wreck,残骸,scripts/autoload/game_data/GameDataMonsters.gd:381
"A Brute and a Thrall wind up heavy blows together. Answer one, guard the other.",蛮兽和奴仆同时蓄力重击。应对一个，守护另一个。,scripts/autoload/game_data/GameDataMonsters.gd:381
The Night Watch,守夜,scripts/autoload/game_data/GameDataMonsters.gd:385
"The Watchman wards its friends. Strip the wards, or go around them.",守夜人为同伴加护盾。剥掉护盾，或绕过它们。,scripts/autoload/game_data/GameDataMonsters.gd:385
Bells Over the Gate,城门上的钟,scripts/autoload/game_data/GameDataMonsters.gd:387
The Bellringers chill and curse from the back. Silence them first.,敲钟人在后方冰冻和诅咒。先让它们闭嘴。,scripts/autoload/game_data/GameDataMonsters.gd:387
Rooftop Run,屋顶奔袭,scripts/autoload/game_data/GameDataMonsters.gd:389
"The Harriers snipe your back row. Guard it, or kill them fast.",猎鹰狙击你的后排。守护后排，或速杀它们。,scripts/autoload/game_data/GameDataMonsters.gd:389
The Choir Loft,唱诗楼,scripts/autoload/game_data/GameDataMonsters.gd:391
The Sprite and the Oracle burn you from behind a Golem. Burst the back row.,小妖和先知躲在魔像身后灼烧你。集火后排。,scripts/autoload/game_data/GameDataMonsters.gd:391
Hounds on the Stairs,阶梯上的猎犬,scripts/autoload/game_data/GameDataMonsters.gd:393
The Hounds roar each other into a frenzy. Take them one at a time.,猎犬互相咆哮陷入狂乱。逐只击破。,scripts/autoload/game_data/GameDataMonsters.gd:393
Lamplighters,点灯人,scripts/autoload/game_data/GameDataMonsters.gd:395
The Wights mend and ward each other. Kill one before the other can help.,尸妖互相治疗和加护盾。在另一个能帮忙前先杀掉一个。,scripts/autoload/game_data/GameDataMonsters.gd:395
The Gate Guard,城门守卫,scripts/autoload/game_data/GameDataMonsters.gd:397
The Sentinel wards and the Reaver hits hard. Strip the ward and stun the wind-up.,哨兵加护盾，掠夺者打得很狠。剥掉护盾并击晕蓄力。,scripts/autoload/game_data/GameDataMonsters.gd:397
Her Harvest hits everyone and heals her. At half health she calls a Crier and a Warden. Defend through the Harvest; kill the Crier fast.,她的收割打中所有人并为她回血。生命值降至一半时，她召来一名啼者和一名守卫。防御挡过收割，速杀啼者。,scripts/autoload/game_data/GameDataMonsters.gd:410
"The Drowning Tide chills and weakens the whole party, and her ward shrugs off early defence. Cleanse the curse; save your burst for after her barrier rises.",溺亡之潮冰冻并削弱全队，她的护盾会抵消前期攻势。净化诅咒；屏障升起后再爆发。,scripts/autoload/game_data/GameDataMonsters.gd:412
"Sunder tears the wards off the front row and hits hard, and he angers every round. Rotate the front row and end it quickly.",破甲撕掉前排的护盾并重击，他每回合都愈发愤怒。轮换前排，速战速决。,scripts/autoload/game_data/GameDataMonsters.gd:414
Brand marks a hero to take 50% more damage. At half health he calls fire cultists. Guard the branded hero.,烙印标记一名英雄，使其受到的伤害提高50%。生命值降至一半时，他召来火焰邪教徒。守护被烙印的英雄。,scripts/autoload/game_data/GameDataMonsters.gd:416
Morrow brands his mark and his crossbowmen take the shot. At two-thirds and again at one-third health he whistles up more sellswords. Guard the branded hero.,Morrow为目标打上烙印，他的弩手随即开火。生命值降至三分之二和三分之一时，他会吹哨召来更多雇佣兵。守护被烙印的英雄。,scripts/autoload/game_data/GameDataMonsters.gd:421
"The bargain fights with every move it ever bought: Harvest, the Drowning Tide, Brand and Immolate. At half health it calls up what it has claimed. Cleanse, guard the branded, and keep the pressure on.",这笔交易用它买来的每一招作战：收割、溺亡之潮、烙印和献祭。生命值降至一半时，它召出它所夺取的一切。净化、守护被烙印者，并持续施压。,scripts/autoload/game_data/GameDataMonsters.gd:423
Immolate sets the whole party burning while she regenerates and grows angrier. Cleanse the burns and never let up.,献祭使全队燃烧，她则不断再生并越发愤怒。净化燃烧，绝不松懈。,scripts/autoload/game_data/GameDataMonsters.gd:425
The Falling Sky sets the whole party burning while it mends itself and grows angrier. Cleanse the burns and never let up.,天坠使全队燃烧，它则不断自愈并越发愤怒。净化燃烧，绝不松懈。,scripts/autoload/game_data/GameDataMonsters.gd:429
Brand marks a hero to take 50% more damage. At half health he calls the City's choir down from the rooftops. Guard the branded hero.,烙印标记一名英雄，使其受到的伤害提高50%。生命值降至一半时，他从屋顶召下城中的唱诗班。守护被烙印的英雄。,scripts/autoload/game_data/GameDataMonsters.gd:431
the one who stands in front.,挡在最前面的人。,scripts/autoload/game_data/GameDataPaths.gd:10
"from the front row, takes 25% of every hit aimed at a back-row ally.",在前排时，承受瞄准后排友方的每次攻击的25%。,scripts/autoload/game_data/GameDataPaths.gd:10
Hold the Line,坚守防线,scripts/autoload/game_data/GameDataPaths.gd:10
"until the round ends, takes every hit aimed at the back row, at 30% less.",直到本回合结束，承受所有瞄准后排的攻击，伤害降低30%。,scripts/autoload/game_data/GameDataPaths.gd:10
"the first time an ally would fall, they take the blow instead, gain a ward of 30% max HP, and every foe must attack them for 2 rounds.",友方首次将要倒下时，由其代为承受，获得30%最大生命值的护盾，且所有敌人2回合内必须攻击它。,scripts/autoload/game_data/GameDataPaths.gd:10
Guardian covers front-row allies too.,守护者也会掩护前排友方。,scripts/autoload/game_data/GameDataPaths.gd:10
Bloodrage,血怒,scripts/autoload/game_data/GameDataPaths.gd:11
gets stronger as they bleed.,越流血越强。,scripts/autoload/game_data/GameDataPaths.gd:11
+1% damage for every 2% of HP missing.,每损失2%生命值，伤害+1%。,scripts/autoload/game_data/GameDataPaths.gd:11
Blood Price,血之代价,scripts/autoload/game_data/GameDataPaths.gd:11
pay 15% HP (no Momentum): +2 Momentum and the next hit does +50%.,支付15%生命值（不耗气势）：+2气势，下一击伤害+50%。,scripts/autoload/game_data/GameDataPaths.gd:11
"the first time they drop below 30% HP, for 3 rounds their attacks hit every foe, they can't be stunned, and they can't be healed.",首次生命值低于30%时，3回合内攻击命中所有敌人，免疫眩晕，且无法被治疗。,scripts/autoload/game_data/GameDataPaths.gd:11
Red Mist triggers at 50% HP.,血雾在50%生命值时触发。,scripts/autoload/game_data/GameDataPaths.gd:11
Weaponmaster,武器大师,scripts/autoload/game_data/GameDataPaths.gd:12
builds a rhythm on one foe.,在一个敌人身上建立节奏。,scripts/autoload/game_data/GameDataPaths.gd:12
Combo,连击,scripts/autoload/game_data/GameDataPaths.gd:12
each hit in a row on the same foe adds +12% (up to 4); switching targets resets it.,连续攻击同一敌人每次+12%（最多4层）；更换目标则重置。,scripts/autoload/game_data/GameDataPaths.gd:12
Flurry,疾风连斩,scripts/autoload/game_data/GameDataPaths.gd:12
"three quick strikes at the target, each adding a Combo stack.",对目标快速攻击三次，每次叠加一层连击。,scripts/autoload/game_data/GameDataPaths.gd:12
"the first time Combo reaches 4, they act twice next round.",连击首次达到4层时，下回合行动两次。,scripts/autoload/game_data/GameDataPaths.gd:12
switching targets no longer resets Combo.,更换目标不再重置连击。,scripts/autoload/game_data/GameDataPaths.gd:12
Marksman,神射手,scripts/autoload/game_data/GameDataPaths.gd:13
waits for the clean shot.,等待干净利落的一枪。,scripts/autoload/game_data/GameDataPaths.gd:13
Steady Aim,稳定瞄准,scripts/autoload/game_data/GameDataPaths.gd:13
not attacked last round → the next shot does +35%.,上回合未被攻击→下一枪伤害+35%。,scripts/autoload/game_data/GameDataPaths.gd:13
Called Shot,点名射击,scripts/autoload/game_data/GameDataPaths.gd:13
pick a foe; the next Steady shot at it also cancels its wind-up.,选择一个敌人；对它的下一次稳定射击还会取消其蓄力。,scripts/autoload/game_data/GameDataPaths.gd:13
Held Breath,屏息,scripts/autoload/game_data/GameDataPaths.gd:13
"the first time they use Called Shot, they hold their turn and fire at the first foe to act next round, with double the Steady bonus.",首次使用点名射击时，保留回合，下回合向第一个行动的敌人开火，稳定加成翻倍。,scripts/autoload/game_data/GameDataPaths.gd:13
Steady Aim holds even when they're attacked.,即使被攻击，稳定瞄准也会保持。,scripts/autoload/game_data/GameDataPaths.gd:13
controls the ground.,掌控地形。,scripts/autoload/game_data/GameDataPaths.gd:14
Snares,陷阱,scripts/autoload/game_data/GameDataPaths.gd:14
"each round the first foe to act steps in a snare: light damage, and it acts last next round.",每回合第一个行动的敌人踩中陷阱：受到轻微伤害，下回合最后行动。,scripts/autoload/game_data/GameDataPaths.gd:14
Bait,诱饵,scripts/autoload/game_data/GameDataPaths.gd:14
a lure takes the next foe attack this round (no damage) and snares that foe.,诱饵承受本回合敌人的下一次攻击（无伤害），并困住该敌人。,scripts/autoload/game_data/GameDataPaths.gd:14
"the first time three foes have been snared in a fight, every snared foe takes +30% damage for 2 rounds.",一场战斗中首次有三名敌人被困时，所有被困敌人2回合内受到伤害+30%。,scripts/autoload/game_data/GameDataPaths.gd:14
snares also cancel wind-ups.,陷阱还会取消蓄力。,scripts/autoload/game_data/GameDataPaths.gd:14
Stalker,潜猎者,scripts/autoload/game_data/GameDataPaths.gd:15
picks the prey for the whole party.,为全队挑选猎物。,scripts/autoload/game_data/GameDataPaths.gd:15
Mark,标记,scripts/autoload/game_data/GameDataPaths.gd:15
their first hit marks a foe; the party does +15% to it; the mark jumps to another foe when it dies.,首次攻击标记一名敌人；小队对其伤害+15%；它死后标记转移到另一敌人。,scripts/autoload/game_data/GameDataPaths.gd:15
Hunt,追猎,scripts/autoload/game_data/GameDataPaths.gd:15
move the Mark to any foe; their next hit on it does +60%.,将标记移至任一敌人；下一次攻击它伤害+60%。,scripts/autoload/game_data/GameDataPaths.gd:15
"the first time they're hit, they can't be targeted for a round and their next hit on the Mark does triple.",首次被击中时，1回合内无法被选为目标，下一次攻击标记目标伤害三倍。,scripts/autoload/game_data/GameDataPaths.gd:15
two Marks at once.,同时两个标记。,scripts/autoload/game_data/GameDataPaths.gd:15
Evocation,唤焰,scripts/autoload/game_data/GameDataPaths.gd:16
builds heat until it explodes.,积蓄热度直至爆发。,scripts/autoload/game_data/GameDataPaths.gd:16
"each spell adds 1 Heat (+8% damage, up to 5); at 5 the next skill hits every foe and Heat resets.",每个法术+1热度（伤害+8%，最多5层）；达到5层时下一个技能命中所有敌人，热度重置。,scripts/autoload/game_data/GameDataPaths.gd:16
Flashpoint,燃点,scripts/autoload/game_data/GameDataPaths.gd:16
+3 Heat at once.,立即+3热度。,scripts/autoload/game_data/GameDataPaths.gd:16
the first detonation in a fight leaves every foe burning for 3 rounds.,一场战斗中首次引爆使所有敌人燃烧3回合。,scripts/autoload/game_data/GameDataPaths.gd:16
"detonating drops Heat to 3, not 0.",引爆后热度降至3，而非0。,scripts/autoload/game_data/GameDataPaths.gd:16
Warding,护佑,scripts/autoload/game_data/GameDataPaths.gd:17
keeps the party behind glass.,让小队躲在玻璃之后。,scripts/autoload/game_data/GameDataPaths.gd:17
"at the start of every round, the most-hurt ally gets a ward of 8% of max HP.",每回合开始时，受伤最重的友方获得8%最大生命值的护盾。,scripts/autoload/game_data/GameDataPaths.gd:17
Sigil,符印,locale/extra_msgids.txt
wards every ally for 12% of their max HP.,为所有友方提供其最大生命值12%的护盾。,scripts/autoload/game_data/GameDataPaths.gd:17
"the first time a ward breaks, every ward reflects damage for 2 rounds.",首次有护盾破裂时，所有护盾2回合内反弹伤害。,scripts/autoload/game_data/GameDataPaths.gd:17
Ward Weave wards every ally each round.,结界编织每回合为所有友方加护盾。,scripts/autoload/game_data/GameDataPaths.gd:17
Augury,预言,scripts/autoload/game_data/GameDataPaths.gd:18
sees what's coming and bends it.,预见将至之事，并扭转它。,scripts/autoload/game_data/GameDataPaths.gd:18
"once a fight, the first heavy blow aimed at the party comes to nothing.",每场战斗一次，瞄准小队的首次重击落空。,scripts/autoload/game_data/GameDataPaths.gd:18
Twist Fate,扭转命运,scripts/autoload/game_data/GameDataPaths.gd:18
reroll a foe's next move.,重掷一名敌人的下一招。,scripts/autoload/game_data/GameDataPaths.gd:18
"the first time a foe winds up, the whole party dodges the blow and gains 2 Momentum.",敌人首次蓄力时，全队闪避该击并获得2气势。,scripts/autoload/game_data/GameDataPaths.gd:18
two cancels a fight.,每场战斗可取消两次。,scripts/autoload/game_data/GameDataPaths.gd:18
Mercy,慈悲,scripts/autoload/game_data/GameDataPaths.gd:19
healing that keeps on giving.,源源不断的治疗。,scripts/autoload/game_data/GameDataPaths.gd:19
Overflow,溢流,scripts/autoload/game_data/GameDataPaths.gd:19
half the healing past full HP becomes a ward.,超出满血的治疗量有一半转为护盾。,scripts/autoload/game_data/GameDataPaths.gd:19
Benediction,祝福,scripts/autoload/game_data/GameDataPaths.gd:19
heals every ally for 10% of max HP.,为所有友方恢复10%最大生命值。,scripts/autoload/game_data/GameDataPaths.gd:19
"the first time an ally falls, they rise at 30% HP.",友方首次倒下时，以30%生命值复起。,scripts/autoload/game_data/GameDataPaths.gd:19
Miracle works twice a fight.,奇迹每场战斗生效两次。,scripts/autoload/game_data/GameDataPaths.gd:19
the party is safer while they stand.,只要他们站着，小队就更安全。,scripts/autoload/game_data/GameDataPaths.gd:20
"while they stand, the party takes 6% less damage.",只要他们站着，小队受到的伤害降低6%。,scripts/autoload/game_data/GameDataPaths.gd:20
Consecrate,圣化,scripts/autoload/game_data/GameDataPaths.gd:20
one ally takes no damage this round.,一名友方本回合不受伤害。,scripts/autoload/game_data/GameDataPaths.gd:20
"the first time the party falls below half its total HP, damage taken is halved for 2 rounds.",小队总生命值首次低于一半时，2回合内受到的伤害减半。,scripts/autoload/game_data/GameDataPaths.gd:20
Sanctuary is doubled.,圣所效果翻倍。,scripts/autoload/game_data/GameDataPaths.gd:20
Zeal,狂热,scripts/autoload/game_data/GameDataPaths.gd:21
heals by hitting.,以攻击治疗。,scripts/autoload/game_data/GameDataPaths.gd:21
Fervor,热忱,scripts/autoload/game_data/GameDataPaths.gd:21
their attacks heal the most-hurt ally for 25% of the damage.,他们的攻击为受伤最重的友方恢复伤害25%的生命。,scripts/autoload/game_data/GameDataPaths.gd:21
Smite,惩击,scripts/autoload/game_data/GameDataPaths.gd:21
a 150% holy strike; Fervor heals double for it.,150%的神圣打击；热忱对此治疗翻倍。,scripts/autoload/game_data/GameDataPaths.gd:21
their first kill in a fight hits every foe for half their attack and heals the party 10%.,一场战斗中首次击杀时，对所有敌人造成其攻击力一半的伤害，并为小队恢复10%。,scripts/autoload/game_data/GameDataPaths.gd:21
Fervor heals the whole party.,热忱治疗全队。,scripts/autoload/game_data/GameDataPaths.gd:21
Assassin,刺客,scripts/autoload/game_data/GameDataPaths.gd:22
finishes what others start.,了结别人开的头。,scripts/autoload/game_data/GameDataPaths.gd:22
+50% damage to foes under 35% HP; a kill refunds 2 Momentum.,对生命值低于35%的敌人伤害+50%；击杀返还2气势。,scripts/autoload/game_data/GameDataPaths.gd:22
Shadowstep,暗影步,scripts/autoload/game_data/GameDataPaths.gd:22
"strikes any foe for 130%, past escorts and guards.",无视护卫和守护，对任一敌人造成130%伤害。,scripts/autoload/game_data/GameDataPaths.gd:22
their first kill in a fight gives them another action at once.,一场战斗中首次击杀后立即获得一次额外行动。,scripts/autoload/game_data/GameDataPaths.gd:22
Execute works under 50% HP.,处决在生命值低于50%时生效。,scripts/autoload/game_data/GameDataPaths.gd:22
can't be pinned down.,无法被牵制。,scripts/autoload/game_data/GameDataPaths.gd:23
+15% dodge; each dodge gives 1 Momentum and a counter jab.,闪避+15%；每次闪避获得1气势并反击一刺。,scripts/autoload/game_data/GameDataPaths.gd:23
Feint,佯攻,scripts/autoload/game_data/GameDataPaths.gd:23
"until their next turn, half the attacks aimed at others go to them instead, and they have +25% dodge.",直到其下回合，瞄准他人的攻击有一半转向他们，且闪避+25%。,scripts/autoload/game_data/GameDataPaths.gd:23
"after their third dodge in a fight, they can't be hit for 2 rounds.",一场战斗中第三次闪避后，2回合内无法被击中。,scripts/autoload/game_data/GameDataPaths.gd:23
counter jabs hit at full strength.,反击以全额伤害命中。,scripts/autoload/game_data/GameDataPaths.gd:23
Scrapper,乱斗者,scripts/autoload/game_data/GameDataPaths.gd:24
hard to put down.,很难被打倒。,scripts/autoload/game_data/GameDataPaths.gd:24
Scrappy,顽强,scripts/autoload/game_data/GameDataPaths.gd:24
heals 15% of the damage they deal; +5% HP each round in the front row.,恢复所造成伤害的15%；在前排时每回合+5%生命值。,scripts/autoload/game_data/GameDataPaths.gd:24
Dirty Trick,卑鄙手段,scripts/autoload/game_data/GameDataPaths.gd:24
a hit that stuns the foe and gives 2 Momentum.,一击眩晕敌人并获得2气势。,scripts/autoload/game_data/GameDataPaths.gd:24
"the first time they drop below 25% HP, they heal 50% and their next 2 attacks hit twice.",首次生命值低于25%时，恢复50%生命值，且接下来2次攻击各命中两次。,scripts/autoload/game_data/GameDataPaths.gd:24
"can't be stunned, and Scrappy heals 30%.",免疫眩晕，顽强治疗提高至30%。,scripts/autoload/game_data/GameDataPaths.gd:24
Foes whose hits they take deal 10% less for the rest of the fight.,被他们承受攻击的敌人，本场战斗剩余时间伤害降低10%。,scripts/autoload/game_data/GameDataPaths.gd:30
Each hit they take heals the ally it was aimed at for 5% of their max HP.,他们每承受一次攻击，原目标友方恢复其最大生命值的5%。,scripts/autoload/game_data/GameDataPaths.gd:31
"Takes 40% instead of 25%, but always acts last.",承受40%而非25%，但总是最后行动。,scripts/autoload/game_data/GameDataPaths.gd:32
Foes whose hits they take are chilled and act later next round.,被他们承受攻击的敌人会被冰冻，下回合行动靠后。,scripts/autoload/game_data/GameDataPaths.gd:33
Hold the Line also wards the back row for 10% of their max HP.,坚守防线还为后排提供其最大生命值10%的护盾。,scripts/autoload/game_data/GameDataPaths.gd:34
Hold the Line costs 2 Momentum.,坚守防线消耗2气势。,scripts/autoload/game_data/GameDataPaths.gd:35
"During Last Wall, every foe that hits them is stunned.",最后之墙期间，每个攻击他们的敌人都会被眩晕。,scripts/autoload/game_data/GameDataPaths.gd:36
Reckless: +10% damage dealt and taken.,鲁莽：造成和受到的伤害+10%。,scripts/autoload/game_data/GameDataPaths.gd:37
Blood Price costs 10% HP and the empowered hit cleaves.,血之代价消耗10%生命值，强化攻击可顺劈。,scripts/autoload/game_data/GameDataPaths.gd:38
Heals 1% of damage dealt for every 4% of HP missing.,每损失4%生命值，恢复造成伤害的1%。,scripts/autoload/game_data/GameDataPaths.gd:39
Can't fall below 1 HP during Red Mist.,血雾期间生命值不会低于1。,scripts/autoload/game_data/GameDataPaths.gd:40
Starts every fight at 1 Combo.,每场战斗开局即有1层连击。,scripts/autoload/game_data/GameDataPaths.gd:41
"When their Combo target attacks them, they counter and keep the stack.",连击目标攻击他们时，他们会反击并保留层数。,scripts/autoload/game_data/GameDataPaths.gd:42
Each Combo stack also gives +3% dodge.,每层连击还提供+3%闪避。,scripts/autoload/game_data/GameDataPaths.gd:43
Combo goes up to 6.,连击上限提高至6层。,scripts/autoload/game_data/GameDataPaths.gd:44
During Perfect Form the whole party hits 15% harder.,完美架势期间，全队伤害提高15%。,scripts/autoload/game_data/GameDataPaths.gd:45
At 4 Combo their hits ignore armor and wards.,连击达到4层时，攻击无视护甲和护盾。,scripts/autoload/game_data/GameDataPaths.gd:46
Steady shots break armor.,稳定射击可以破甲。,scripts/autoload/game_data/GameDataPaths.gd:47
Steady Aim still holds after one hit.,被击中一次后稳定瞄准仍然保持。,scripts/autoload/game_data/GameDataPaths.gd:48
"Needs two quiet rounds, but gives +70%.",需要两个平静回合，但加成为+70%。,scripts/autoload/game_data/GameDataPaths.gd:49
Called Shot also hits every foe under 40% HP.,点名射击还会命中所有生命值低于40%的敌人。,scripts/autoload/game_data/GameDataPaths.gd:50
Can use Called Shot from the front row.,可在前排使用点名射击。,scripts/autoload/game_data/GameDataPaths.gd:51
Held Breath shots ignore wards.,屏息射击无视护盾。,scripts/autoload/game_data/GameDataPaths.gd:52
Snares do double damage.,陷阱伤害翻倍。,scripts/autoload/game_data/GameDataPaths.gd:53
Snared foes' hits are 10% weaker; rift hazards are 20% weaker.,被困敌人攻击减弱10%；裂隙险境减弱20%。,scripts/autoload/game_data/GameDataPaths.gd:54
Each snare heals the most-hurt ally for 4% of max HP.,每个陷阱为受伤最重的友方恢复4%最大生命值。,scripts/autoload/game_data/GameDataPaths.gd:55
Bait also wards the party for 8% of max HP.,诱饵还为小队提供8%最大生命值的护盾。,scripts/autoload/game_data/GameDataPaths.gd:56
Snares hit as hard as their basic attack.,陷阱伤害等同于其普通攻击。,scripts/autoload/game_data/GameDataPaths.gd:57
Snared foes lose their next action.,被困敌人失去下一次行动。,scripts/autoload/game_data/GameDataPaths.gd:58
The marked foe deals 10% less damage.,被标记的敌人伤害降低10%。,scripts/autoload/game_data/GameDataPaths.gd:59
The party dodges the marked foe's attacks 15% more often.,小队闪避被标记敌人攻击的几率提高15%。,scripts/autoload/game_data/GameDataPaths.gd:60
+15% dodge while their Mark lives.,标记存在期间闪避+15%。,scripts/autoload/game_data/GameDataPaths.gd:61
"When the Mark jumps, +2 Momentum.",标记转移时，+2气势。,scripts/autoload/game_data/GameDataPaths.gd:62
Their hits on the Mark chain to another foe for 30%.,攻击标记目标时会弹射到另一敌人，造成30%伤害。,scripts/autoload/game_data/GameDataPaths.gd:63
Vanish lasts 2 rounds.,消失持续2回合。,scripts/autoload/game_data/GameDataPaths.gd:64
"Heat goes up to 7, but the detonation hits only the target.",热度上限提高至7，但引爆只命中目标。,scripts/autoload/game_data/GameDataPaths.gd:65
Every spell burns its target lightly.,每个法术都会轻微灼烧目标。,scripts/autoload/game_data/GameDataPaths.gd:66
Starts every fight at 2 Heat.,每场战斗开局即有2热度。,scripts/autoload/game_data/GameDataPaths.gd:67
Gains Heat when foes attack them too.,敌人攻击他们时也会获得热度。,scripts/autoload/game_data/GameDataPaths.gd:68
"When a burning foe dies, its fire spreads to the rest.",燃烧中的敌人死亡时，火焰蔓延到其余敌人。,scripts/autoload/game_data/GameDataPaths.gd:69
Detonates at 4 Heat.,4热度时引爆。,scripts/autoload/game_data/GameDataPaths.gd:70
"Wards go on the ally a foe is about to hit, not the most-hurt one.",护盾加给即将被攻击的友方，而非受伤最重的友方。,scripts/autoload/game_data/GameDataPaths.gd:71
A broken ward chills the attacker.,护盾破裂时冰冻攻击者。,scripts/autoload/game_data/GameDataPaths.gd:72
"Wards are 12%, front row only.",护盾为12%，仅限前排。,scripts/autoload/game_data/GameDataPaths.gd:73
Sigil costs 2 Momentum.,符印消耗2气势。,scripts/autoload/game_data/GameDataPaths.gd:74
Mirror Ward also shatters a foe's wind-up.,镜之护盾还会粉碎敌人的蓄力。,scripts/autoload/game_data/GameDataPaths.gd:75
The foe whose blow is cancelled takes +15% damage after.,攻击被取消的敌人此后受到伤害+15%。,scripts/autoload/game_data/GameDataPaths.gd:76
Allies who were warned of a hit heal 4% after it lands.,被预警的友方在攻击落下后恢复4%。,scripts/autoload/game_data/GameDataPaths.gd:77
"Once a fight, a fallen ally rises at 15%.",每场战斗一次，倒下的友方以15%复起。,scripts/autoload/game_data/GameDataPaths.gd:78
Twist Fate also heals the party 6%.,扭转命运还为小队恢复6%。,scripts/autoload/game_data/GameDataPaths.gd:79
Twist Fate also gives an ally 2 Momentum.,扭转命运还给予一名友方2气势。,scripts/autoload/game_data/GameDataPaths.gd:80
Prophecy also strikes the winding-up foe with lightning.,预兆还会用闪电劈中正在蓄力的敌人。,scripts/autoload/game_data/GameDataPaths.gd:81
Their heals cleanse one ailment.,他们的治疗会净化一种异常状态。,scripts/autoload/game_data/GameDataPaths.gd:82
Overflow wards are half again as big.,溢流护盾增大一半。,scripts/autoload/game_data/GameDataPaths.gd:83
Healed allies mend 3% more on each of the next 2 rounds.,被治疗的友方在接下来2回合每回合额外恢复3%。,scripts/autoload/game_data/GameDataPaths.gd:84
Benediction costs 2 Momentum.,祝福消耗2气势。,scripts/autoload/game_data/GameDataPaths.gd:85
Benediction cleanses everyone.,祝福净化所有人。,scripts/autoload/game_data/GameDataPaths.gd:86
Miracle also wards the party for 15%.,奇迹还为小队提供15%的护盾。,scripts/autoload/game_data/GameDataPaths.gd:87
Miracle brings the ally back at 50%.,奇迹使友方以50%复起。,scripts/autoload/game_data/GameDataPaths.gd:88
Front-row allies take a further 4% less.,前排友方受到的伤害再降低4%。,scripts/autoload/game_data/GameDataPaths.gd:89
Sanctuary also mends the party 2% each round.,圣所还使小队每回合恢复2%。,scripts/autoload/game_data/GameDataPaths.gd:90
Consecrate also gives its target +20% dodge next round.,圣化还使目标下回合闪避+20%。,scripts/autoload/game_data/GameDataPaths.gd:91
Hallowed Ground triggers at 70% instead of 50%.,圣地在70%而非50%时触发。,scripts/autoload/game_data/GameDataPaths.gd:92
The ally Fervor heals hits 5% harder on their next turn.,被热忱治疗的友方下回合伤害提高5%。,scripts/autoload/game_data/GameDataPaths.gd:93
Their hits break a foe's wind-up.,他们的攻击会打断敌人的蓄力。,scripts/autoload/game_data/GameDataPaths.gd:94
Their first attack each fight does +50%.,每场战斗首次攻击伤害+50%。,scripts/autoload/game_data/GameDataPaths.gd:95
Smite finishes foes under 20% HP.,惩击可直接击杀生命值低于20%的敌人。,scripts/autoload/game_data/GameDataPaths.gd:96
Smite costs 10% HP instead of Momentum.,惩击消耗10%生命值而非气势。,scripts/autoload/game_data/GameDataPaths.gd:97
Judgment triggers on any party kill.,小队任意击杀都会触发审判。,scripts/autoload/game_data/GameDataPaths.gd:98
Judgment also sets every foe burning.,审判还会使所有敌人燃烧。,scripts/autoload/game_data/GameDataPaths.gd:99
Their kills add 10 Gold to the haul.,他们的击杀为战利品增加10金币。,scripts/autoload/game_data/GameDataPaths.gd:100
Their hits break wards.,他们的攻击可破除护盾。,scripts/autoload/game_data/GameDataPaths.gd:101
"After Shadowstep, they can't be targeted until their next turn.",暗影步后，直到其下回合都无法被选为目标。,scripts/autoload/game_data/GameDataPaths.gd:102
Execute damage heals them for 20% of it.,处决造成伤害的20%转为自身治疗。,scripts/autoload/game_data/GameDataPaths.gd:103
Deathmark can chain: up to 3 extra actions.,死亡印记可以连锁：最多3次额外行动。,scripts/autoload/game_data/GameDataPaths.gd:104
Each dodge wards the most-hurt ally for 5%.,每次闪避为受伤最重的友方提供5%护盾。,scripts/autoload/game_data/GameDataPaths.gd:105
Rift hazards never hurt them.,裂隙险境永远伤不到他们。,scripts/autoload/game_data/GameDataPaths.gd:106
Counter jabs hit for 60% instead of 30%.,反击伤害从30%提高至60%。,scripts/autoload/game_data/GameDataPaths.gd:107
Counter jabs break wards.,反击可破除护盾。,scripts/autoload/game_data/GameDataPaths.gd:108
Dodging the first hit of a fight gives 3 Momentum.,闪避战斗中的第一次攻击获得3气势。,scripts/autoload/game_data/GameDataPaths.gd:109
Feint costs 2 Momentum.,佯攻消耗2气势。,scripts/autoload/game_data/GameDataPaths.gd:110
Feint also saves the party from one wipe.,佯攻还能让小队免于一次全灭。,scripts/autoload/game_data/GameDataPaths.gd:111
Untouchable after the second dodge.,第二次闪避后即不可触碰。,scripts/autoload/game_data/GameDataPaths.gd:112
Scrappy also heals the most-hurt ally for half as much.,顽强还为受伤最重的友方恢复一半的量。,scripts/autoload/game_data/GameDataPaths.gd:113
Takes 10% less in the front row.,在前排时受到的伤害降低10%。,scripts/autoload/game_data/GameDataPaths.gd:114
Attackers take 10% of their hit back.,攻击者承受其攻击伤害的10%。,scripts/autoload/game_data/GameDataPaths.gd:115
Dirty Trick hits twice.,卑鄙手段命中两次。,scripts/autoload/game_data/GameDataPaths.gd:116
Second Wind triggers at 40%.,再起在40%时触发。,scripts/autoload/game_data/GameDataPaths.gd:117
Path stage %d (trained at Rank %s),道途阶段%d（于%s阶训练）,scripts/autoload/game_data/GameDataPaths.gd:334
Rank %s,%s阶,scripts/autoload/game_data/GameDataPaths.gd:339
Opens at %s,%s开放,scripts/autoload/game_data/GameDataPaths.gd:340
 or , 或 ,scripts/autoload/game_data/GameDataPaths.gd:340
Not in this hero's trees,不在该英雄的技能树中,scripts/autoload/game_data/GameDataPaths.gd:340
+6% damage,伤害+6%,scripts/autoload/game_data/GameDataPaths.gd:436
"+12% damage, and a kill sets the other foes burning",伤害+12%，击杀使其他敌人燃烧,scripts/autoload/game_data/GameDataPaths.gd:436
foes act 5% slower,敌人行动慢5%,scripts/autoload/game_data/GameDataPaths.gd:437
"foes act 10% slower, and the fight's first foe hit is chilled",敌人行动慢10%，战斗中首个被击中的敌人会被冰冻,scripts/autoload/game_data/GameDataPaths.gd:437
+3% mending a round,每回合恢复+3%,scripts/autoload/game_data/GameDataPaths.gd:438
+6% mending a round,每回合恢复+6%,scripts/autoload/game_data/GameDataPaths.gd:438
+5% dodge,闪避+5%,scripts/autoload/game_data/GameDataPaths.gd:439
+10% dodge,闪避+10%,scripts/autoload/game_data/GameDataPaths.gd:439
+1 starting Momentum,初始气势+1,scripts/autoload/game_data/GameDataPaths.gd:440
"+2 starting Momentum, and Abilities cost 1 less",初始气势+2，技能消耗减1,scripts/autoload/game_data/GameDataPaths.gd:440
Reckless Swing,鲁莽挥击,scripts/autoload/game_data/GameDataSkills.gd:21
An all-in burst against the weakest foe.,对最弱的敌人全力爆发。,scripts/autoload/game_data/GameDataSkills.gd:21
Shield Brace,举盾架势,scripts/autoload/game_data/GameDataSkills.gd:22
Cripples the greatest threat's damage output for the rest of this fight.,本场战斗剩余时间内削弱最大威胁的伤害输出。,scripts/autoload/game_data/GameDataSkills.gd:22
Stands ready: the next 3 hits on this hero are answered with a counter-strike.,严阵以待：该英雄接下来受到的3次攻击都会触发反击。,scripts/autoload/game_data/GameDataSkills.gd:23
Unyielding Wall,不屈之墙,scripts/autoload/game_data/GameDataSkills.gd:24
Draws every foe's attacks this round (30% less from them) and wards themself for 30% of max HP.,本回合吸引所有敌人的攻击（伤害降低30%），并为自身提供30%最大生命值的护盾。,scripts/autoload/game_data/GameDataSkills.gd:24
Blood Frenzy,血之狂乱,scripts/autoload/game_data/GameDataSkills.gd:25
Sacrifices own HP for a heavy burst on the weakest foe.,牺牲自身生命值，对最弱的敌人重击爆发。,scripts/autoload/game_data/GameDataSkills.gd:25
Fortify,固守,scripts/autoload/game_data/GameDataSkills.gd:26
Braces the party against a wipe for the rest of this fight.,本场战斗剩余时间内为小队抵御全灭。,scripts/autoload/game_data/GameDataSkills.gd:26
Open Wound,开放伤口,scripts/autoload/game_data/GameDataSkills.gd:27
"For the rest of the fight, the party's hits heal the attacker for 20% of the damage.",本场战斗剩余时间内，小队的攻击为攻击者恢复伤害20%的生命。,scripts/autoload/game_data/GameDataSkills.gd:27
Inscribed Strike,铭文打击,scripts/autoload/game_data/GameDataSkills.gd:28
Inscribes every blade in the party — damage surges for the rest of this fight.,为小队每把武器刻上铭文——本场战斗剩余时间伤害激增。,scripts/autoload/game_data/GameDataSkills.gd:28
Undying Vow,不死之誓,scripts/autoload/game_data/GameDataSkills.gd:29
This round the hero takes half damage and can't fall below 1 HP.,本回合该英雄受到伤害减半，生命值不会低于1。,scripts/autoload/game_data/GameDataSkills.gd:116
Sovereign's Wrath,君王之怒,scripts/autoload/game_data/GameDataSkills.gd:30
Battlefield Patch,战地包扎,scripts/autoload/game_data/GameDataSkills.gd:32
Mends the whole party.,治疗全队。,scripts/autoload/game_data/GameDataSkills.gd:114
Light Feet,轻盈步伐,scripts/autoload/game_data/GameDataSkills.gd:33
+35% dodge for the whole party until the round ends.,直到回合结束，全队闪避+35%。,scripts/autoload/game_data/GameDataSkills.gd:119
First Through,首当其冲,scripts/autoload/game_data/GameDataSkills.gd:34
Two quick strikes at the target.,对目标快速攻击两次。,scripts/autoload/game_data/GameDataSkills.gd:109
Unbothered,不为所动,scripts/autoload/game_data/GameDataSkills.gd:35
Wards every hero in the front row for 30% of their max HP.,为前排每名英雄提供其最大生命值30%的护盾。,scripts/autoload/game_data/GameDataSkills.gd:35
Growing Anger,怒火渐盛,scripts/autoload/game_data/GameDataSkills.gd:36
Damage escalates faster for the rest of this fight.,本场战斗剩余时间内伤害增长更快。,scripts/autoload/game_data/GameDataSkills.gd:120
On Principle,原则问题,scripts/autoload/game_data/GameDataSkills.gd:37
Meet the Charge,迎击冲锋,scripts/autoload/game_data/GameDataSkills.gd:38
A heavy blow at the target that stuns it (bosses only lose their wind-up).,对目标重击并眩晕（首领只失去蓄力）。,scripts/autoload/game_data/GameDataSkills.gd:38
First Crack,第一道裂缝,scripts/autoload/game_data/GameDataSkills.gd:39
Shatters the target's armor and ward; it takes 15% more damage for the rest of the fight.,粉碎目标的护甲和护盾；本场战斗剩余时间其受到伤害+15%。,scripts/autoload/game_data/GameDataSkills.gd:39
Snare Volley,陷阱齐射,scripts/autoload/game_data/GameDataSkills.gd:41
Sets a snare: the next foe to attack is hit hard and loses that attack.,布下陷阱：下一个攻击的敌人受到重击并失去该次攻击。,scripts/autoload/game_data/GameDataSkills.gd:41
Improvised Shot,即兴射击,scripts/autoload/game_data/GameDataSkills.gd:42
A burst against the weakest foe.,对最弱的敌人爆发。,scripts/autoload/game_data/GameDataSkills.gd:42
Sure Footing,稳固立足,scripts/autoload/game_data/GameDataSkills.gd:43
Shields the whole party lightly.,为全队提供少量护盾。,scripts/autoload/game_data/GameDataSkills.gd:104
One Arrow,一箭,scripts/autoload/game_data/GameDataSkills.gd:44
"A finishing blow against the weakest foe, stronger the lower they are.",对最弱的敌人致命一击，其生命越低威力越强。,scripts/autoload/game_data/GameDataSkills.gd:100
Opening Performance,开场表演,scripts/autoload/game_data/GameDataSkills.gd:45
A finishing sweep against every wounded foe.,对每个受伤敌人进行终结横扫。,scripts/autoload/game_data/GameDataSkills.gd:45
Walked Worse Halls,走过更糟的路,scripts/autoload/game_data/GameDataSkills.gd:46
Chase the Lightning,追逐闪电,scripts/autoload/game_data/GameDataSkills.gd:47
"Lightning strikes three times, jumping between foes.",闪电劈落三次，在敌人间跳跃。,scripts/autoload/game_data/GameDataSkills.gd:47
Read the Room,察言观色,scripts/autoload/game_data/GameDataSkills.gd:48
+7 Momentum for the party (it costs 4).,小队+7气势（消耗4）。,scripts/autoload/game_data/GameDataSkills.gd:48
Reversed Trap,反向陷阱,scripts/autoload/game_data/GameDataSkills.gd:49
Sets a heavy snare: the next foe to attack is hit hard and loses that attack.,布下重型陷阱：下一个攻击的敌人受到重击并失去该次攻击。,scripts/autoload/game_data/GameDataSkills.gd:49
Half-Step Out,半步撤身,scripts/autoload/game_data/GameDataSkills.gd:50
+dodge chance for the rest of this fight.,本场战斗剩余时间内提高闪避几率。,scripts/autoload/game_data/GameDataSkills.gd:108
Scent in the Dark,暗中嗅迹,scripts/autoload/game_data/GameDataSkills.gd:52
Weakens every foe's damage for the rest of this fight.,本场战斗剩余时间内削弱所有敌人的伤害。,scripts/autoload/game_data/GameDataSkills.gd:52
Exact Shot,精准射击,scripts/autoload/game_data/GameDataSkills.gd:53
Finds the gap: breaks the target's armor and ward; it takes 15% more damage for the rest of the fight.,找准缝隙：破除目标的护甲和护盾；本场战斗剩余时间其受到伤害+15%。,scripts/autoload/game_data/GameDataSkills.gd:53
Watching the Dark,凝视黑暗,scripts/autoload/game_data/GameDataSkills.gd:54
Marks the target: it takes 30% more damage from every hero for the rest of the fight.,标记目标：本场战斗剩余时间其受到所有英雄的伤害+30%。,scripts/autoload/game_data/GameDataSkills.gd:54
Field Dressing,战地包扎,scripts/autoload/game_data/GameDataSkills.gd:55
Gone Before the Echo,回响未起人已远,scripts/autoload/game_data/GameDataSkills.gd:56
+40% dodge for the whole party until the round ends.,直到回合结束，全队闪避+40%。,scripts/autoload/game_data/GameDataSkills.gd:56
True on the Wind,顺风而准,scripts/autoload/game_data/GameDataSkills.gd:57
The One Seam,唯一的缝隙,scripts/autoload/game_data/GameDataSkills.gd:58
Tears every foe's armor and ward away and hits each of them.,撕掉所有敌人的护甲和护盾，并逐一攻击。,scripts/autoload/game_data/GameDataSkills.gd:58
Colder Every Shot,一箭更寒,scripts/autoload/game_data/GameDataSkills.gd:59
"Freezes the target: it loses its next two actions (a boss, one).",冻结目标：失去接下来两次行动（首领为一次）。,scripts/autoload/game_data/GameDataSkills.gd:59
Eclipse Volley,日蚀齐射,scripts/autoload/game_data/GameDataSkills.gd:60
Unsteady Spark,不稳火花,scripts/autoload/game_data/GameDataSkills.gd:62
First Spark,第一缕火花,scripts/autoload/game_data/GameDataSkills.gd:63
Sets every foe burning for three rounds.,使所有敌人燃烧三回合。,scripts/autoload/game_data/GameDataSkills.gd:63
Half-Second Warning,半秒预警,scripts/autoload/game_data/GameDataSkills.gd:64
Warming Cast,暖身施法,scripts/autoload/game_data/GameDataSkills.gd:65
Cold Study,冷静研习,scripts/autoload/game_data/GameDataSkills.gd:66
Faster Ward,快速结界,scripts/autoload/game_data/GameDataSkills.gd:67
Shields the lowest-HP ally.,为生命值最低的友方加护盾。,scripts/autoload/game_data/GameDataSkills.gd:67
Building Storm,酝酿风暴,scripts/autoload/game_data/GameDataSkills.gd:68
Wildfire,野火,scripts/autoload/game_data/GameDataSkills.gd:69
Thunder's Door,雷霆之门,scripts/autoload/game_data/GameDataSkills.gd:70
"Thunder strikes three times, jumping between foes.",雷霆劈落三次，在敌人间跳跃。,scripts/autoload/game_data/GameDataSkills.gd:70
No Name Holds It,无名可缚,scripts/autoload/game_data/GameDataSkills.gd:71
A heavy burst against the weakest foe.,对最弱的敌人重击爆发。,scripts/autoload/game_data/GameDataSkills.gd:71
Grown of Will,意志所生,scripts/autoload/game_data/GameDataSkills.gd:73
The Quiet Spell,静默之咒,scripts/autoload/game_data/GameDataSkills.gd:74
Bark and Stone,树皮与岩石,scripts/autoload/game_data/GameDataSkills.gd:75
One More Round,再撑一回合,scripts/autoload/game_data/GameDataSkills.gd:76
Raises a fallen ally at 30% HP once a fight (or heals the most-hurt ally).,每场战斗一次，使倒下的友方以30%生命值复起（或治疗受伤最重的友方）。,scripts/autoload/game_data/GameDataSkills.gd:76
Root and Leaf,根与叶,scripts/autoload/game_data/GameDataSkills.gd:77
"Heals the whole party 35% and cleanses burn, poison, chill, stun and curses.",为全队恢复35%生命值，并净化燃烧、中毒、冰冻、眩晕和诅咒。,scripts/autoload/game_data/GameDataSkills.gd:77
Sees It Land First,先见其落,scripts/autoload/game_data/GameDataSkills.gd:78
Ends in Fire,终于烈火,scripts/autoload/game_data/GameDataSkills.gd:79
Warded Before It Forms,未成形便已护佑,scripts/autoload/game_data/GameDataSkills.gd:80
Quick Bandage,快速包扎,scripts/autoload/game_data/GameDataSkills.gd:82
Mends and shields the lowest-HP ally at once.,立即为生命值最低的友方治疗并加护盾。,scripts/autoload/game_data/GameDataSkills.gd:118
Quiet Prayer,静默祈祷,scripts/autoload/game_data/GameDataSkills.gd:83
"Heals the whole party 30% and cleanses burn, poison, chill, stun and curses.",为全队恢复30%生命值，并净化燃烧、中毒、冰冻、眩晕和诅咒。,scripts/autoload/game_data/GameDataSkills.gd:83
Field Kit,野战医包,scripts/autoload/game_data/GameDataSkills.gd:84
Censer Swing,香炉挥击,scripts/autoload/game_data/GameDataSkills.gd:85
A swing at the target that stuns it (bosses only lose their wind-up).,挥击目标并眩晕（首领只失去蓄力）。,scripts/autoload/game_data/GameDataSkills.gd:85
Keep Moving,继续前进,scripts/autoload/game_data/GameDataSkills.gd:86
Faith and Blade,信仰与利刃,scripts/autoload/game_data/GameDataSkills.gd:87
Pays 20% of their own HP: +3 Momentum and +15% party damage for the rest of the fight.,支付自身20%生命值：+3气势，本场战斗剩余时间小队伤害+15%。,scripts/autoload/game_data/GameDataSkills.gd:87
Faster Than the Wounds,快过伤口,scripts/autoload/game_data/GameDataSkills.gd:88
Raises a fallen ally at 35% HP once a fight (or heals the most-hurt ally).,每场战斗一次，使倒下的友方以35%生命值复起（或治疗受伤最重的友方）。,scripts/autoload/game_data/GameDataSkills.gd:88
First Light,第一缕光,scripts/autoload/game_data/GameDataSkills.gd:89
Not Today,今天不行,scripts/autoload/game_data/GameDataSkills.gd:90
Faster Brew,快速调剂,scripts/autoload/game_data/GameDataSkills.gd:91
Last Light,最后的光,scripts/autoload/game_data/GameDataSkills.gd:92
Lit Candle,点燃的蜡烛,scripts/autoload/game_data/GameDataSkills.gd:94
Lights every blade with sacred fire — damage surges for the rest of this fight.,以圣火点亮每把武器——本场战斗剩余时间伤害激增。,scripts/autoload/game_data/GameDataSkills.gd:94
Keeps the Chill Out,驱散寒意,scripts/autoload/game_data/GameDataSkills.gd:95
Blessed Blade,祝福之刃,scripts/autoload/game_data/GameDataSkills.gd:96
Fire in the Cold,寒中之火,scripts/autoload/game_data/GameDataSkills.gd:97
Wards every hero in the front row for 35% of their max HP.,为前排每名英雄提供其最大生命值35%的护盾。,scripts/autoload/game_data/GameDataSkills.gd:97
Brief Absolution,简短赦罪,scripts/autoload/game_data/GameDataSkills.gd:98
Finishes the target outright if it's below 35% HP (not a boss); otherwise a heavy blow.,目标生命值低于35%时直接击杀（首领除外）；否则造成重击。,scripts/autoload/game_data/GameDataSkills.gd:121
Fasting Vigil,斋戒守夜,scripts/autoload/game_data/GameDataSkills.gd:99
"Heals the whole party 40% and cleanses burn, poison, chill, stun and curses.",为全队恢复40%生命值，并净化燃烧、中毒、冰冻、眩晕和诅咒。,scripts/autoload/game_data/GameDataSkills.gd:99
Leads With Light,以光为先,scripts/autoload/game_data/GameDataSkills.gd:100
First Word,第一句话,scripts/autoload/game_data/GameDataSkills.gd:101
Know the Puddles,熟知水洼,scripts/autoload/game_data/GameDataSkills.gd:103
+30% dodge for the whole party until the round ends.,直到回合结束，全队闪避+30%。,scripts/autoload/game_data/GameDataSkills.gd:103
Never Fought Fair,从不公平作战,scripts/autoload/game_data/GameDataSkills.gd:104
Leaves With More,满载而归,scripts/autoload/game_data/GameDataSkills.gd:105
"A burst against the weakest foe, healing the caster for a share of the damage.",对最弱的敌人爆发，并按伤害比例为施法者恢复生命。,scripts/autoload/game_data/GameDataSkills.gd:105
Never Where You Struck,你打的地方从无人影,scripts/autoload/game_data/GameDataSkills.gd:106
Nobody Heard Them,无人听见,scripts/autoload/game_data/GameDataSkills.gd:107
+chance to counter-attack for the rest of this fight.,本场战斗剩余时间内提高反击几率。,scripts/autoload/game_data/GameDataSkills.gd:107
Barely Noticed,几乎无人察觉,scripts/autoload/game_data/GameDataSkills.gd:108
Getting Faster,越来越快,scripts/autoload/game_data/GameDataSkills.gd:109
Strikes From the Dark,暗处出击,scripts/autoload/game_data/GameDataSkills.gd:110
"A heavy burst against the weakest foe, healing the caster for a share of the damage.",对最弱的敌人重击爆发，并按伤害比例为施法者恢复生命。,scripts/autoload/game_data/GameDataSkills.gd:110
Two Footprints,两个脚印,scripts/autoload/game_data/GameDataSkills.gd:111
Between Heartbeats,心跳之间,scripts/autoload/game_data/GameDataSkills.gd:112
Unpoisoned Plants,无毒植物,scripts/autoload/game_data/GameDataSkills.gd:114
Warded Vault,结界宝库,scripts/autoload/game_data/GameDataSkills.gd:115
Picks every foe's armor and ward apart and hits each of them.,逐一拆解所有敌人的护甲和护盾，并攻击每一个。,scripts/autoload/game_data/GameDataSkills.gd:115
Tougher Than It Looks,比看上去更结实,scripts/autoload/game_data/GameDataSkills.gd:116
Reads the Seams,洞悉缝隙,scripts/autoload/game_data/GameDataSkills.gd:117
Reads every seam: strips each foe's armor and ward and hits them.,看穿每道缝隙：剥除每个敌人的护甲和护盾并攻击它们。,scripts/autoload/game_data/GameDataSkills.gd:117
The Undergrowth Hides More,灌木丛藏得更多,scripts/autoload/game_data/GameDataSkills.gd:118
Half Out of Reality,半身离世,scripts/autoload/game_data/GameDataSkills.gd:119
Thinner and Faster,更薄更快,scripts/autoload/game_data/GameDataSkills.gd:120
Already Struck,已然出手,scripts/autoload/game_data/GameDataSkills.gd:121
Heals every ally for %d%% of their max HP.,为所有友方恢复其最大生命值的%d%%。,scripts/autoload/game_data/GameDataSkills.gd:179
Every foe deals %d%% less damage for the rest of the fight.,本场战斗剩余时间内所有敌人伤害降低%d%%。,scripts/autoload/game_data/GameDataSkills.gd:180
+%d%% party damage for the rest of the fight.,本场战斗剩余时间小队伤害+%d%%。,scripts/autoload/game_data/GameDataSkills.gd:181
Hits the weakest foe for %d%% of the party's damage.,对最弱的敌人造成小队伤害%d%%的伤害。,scripts/autoload/game_data/GameDataSkills.gd:182
Hits every foe for %d%% of the party's damage.,对所有敌人造成小队伤害%d%%的伤害。,scripts/autoload/game_data/GameDataSkills.gd:183
"Hits the weakest foe for %d%% of the party's damage, up to double against one near death.",对最弱的敌人造成小队伤害%d%%的伤害，对濒死目标最多翻倍。,scripts/autoload/game_data/GameDataSkills.gd:184
Shields the lowest-HP ally for %d%% of their max HP.,为生命值最低的友方提供其最大生命值%d%%的护盾。,scripts/autoload/game_data/GameDataSkills.gd:185
+%d%% party dodge for the rest of the fight (60%% at most).,本场战斗剩余时间小队闪避+%d%%（最多60%%）。,scripts/autoload/game_data/GameDataSkills.gd:187
The party's damage grows %d%% more each round for the rest of the fight.,本场战斗剩余时间内，小队伤害每回合额外增长%d%%。,scripts/autoload/game_data/GameDataSkills.gd:188
+%d%% chance to counter-attack for the rest of the fight (60%% at most).,本场战斗剩余时间反击几率+%d%%（最多60%%）。,scripts/autoload/game_data/GameDataSkills.gd:189
"+%d%% chance the last hero standing survives a killing blow, once this fight (90%% at most).",本场战斗中，最后站着的英雄有+%d%%几率在致命一击下存活一次（最多90%%）。,scripts/autoload/game_data/GameDataSkills.gd:190
Costs 15%% of this hero's max HP; hits the weakest foe for %d%% of the party's damage.,消耗该英雄15%%最大生命值；对最弱的敌人造成小队伤害%d%%的伤害。,scripts/autoload/game_data/GameDataSkills.gd:191
The weakest foe deals %d%% less damage for the rest of the fight.,本场战斗剩余时间内最弱的敌人伤害降低%d%%。,scripts/autoload/game_data/GameDataSkills.gd:192
Shields every ally for %d%% of their max HP.,为所有友方提供其最大生命值%d%%的护盾。,scripts/autoload/game_data/GameDataSkills.gd:193
Hits every foe below half health for %d-%d%% of the party's damage.,对所有生命值低于一半的敌人造成小队伤害%d-%d%%的伤害。,scripts/autoload/game_data/GameDataSkills.gd:194
Hits the target for %d%% of the party's damage and stuns it (a boss only loses a wind-up).,对目标造成小队伤害%d%%的伤害并眩晕（首领只失去蓄力）。,scripts/autoload/game_data/GameDataSkills.gd:195
The target loses its next 2 actions and any wind-up (a boss: 1 action).,目标失去接下来2次行动和蓄力（首领：1次行动）。,scripts/autoload/game_data/GameDataSkills.gd:196
Finishes off a foe below 35%% HP (not a boss); otherwise hits it for %d%% of the party's damage.,直接击杀生命值低于35%%的敌人（首领除外）；否则造成小队伤害%d%%的伤害。,scripts/autoload/game_data/GameDataSkills.gd:197
"Strips the target's armor and wards; it takes +15%% damage for the fight, and is hit for %d%% of the party's damage.",剥除目标的护甲和护盾；本场战斗其受到伤害+15%%，并受到小队伤害%d%%的伤害。,scripts/autoload/game_data/GameDataSkills.gd:198
The target takes +%d%% damage for the rest of the fight.,本场战斗剩余时间目标受到伤害+%d%%。,scripts/autoload/game_data/GameDataSkills.gd:199
"Two hits on the target, each %d%% of this hero's attack.",对目标攻击两次，每次为该英雄攻击力的%d%%。,scripts/autoload/game_data/GameDataSkills.gd:200
"Every foe burns for %d rounds, each round for %d%% of the party's damage.",所有敌人燃烧%d回合，每回合受到小队伤害%d%%的伤害。,scripts/autoload/game_data/GameDataSkills.gd:201
"3 strikes on random foes, each %d%% of the party's damage.",随机攻击敌人3次，每次为小队伤害的%d%%。,scripts/autoload/game_data/GameDataSkills.gd:202
Strips every foe's armor and wards and hits each for %d%% of the party's damage.,剥除所有敌人的护甲和护盾，并各造成小队伤害%d%%的伤害。,scripts/autoload/game_data/GameDataSkills.gd:203
This hero answers the next 3 blows with %d%% of the party's damage.,该英雄以小队伤害的%d%%回敬接下来的3次攻击。,scripts/autoload/game_data/GameDataSkills.gd:204
"Every foe attacks this hero this round, for 30%% less; they gain a shield of %d%% of their max HP.",本回合所有敌人攻击该英雄，伤害降低30%%；获得其最大生命值%d%%的护盾。,scripts/autoload/game_data/GameDataSkills.gd:205
This hero can't fall this round.,该英雄本回合不会倒下。,scripts/autoload/game_data/GameDataSkills.gd:206
Raises a fallen ally with %d%% of their max HP.,使倒下的友方以其最大生命值的%d%%复起。,scripts/autoload/game_data/GameDataSkills.gd:207
Hits the weakest foe for %d%% of the party's damage and heals this hero for 40%% of it.,对最弱的敌人造成小队伤害%d%%的伤害，并为该英雄恢复其中40%%。,scripts/autoload/game_data/GameDataSkills.gd:208
The next foe to attack loses that attack and takes %d%% of the party's damage.,下一个攻击的敌人失去该次攻击，并受到小队伤害%d%%的伤害。,scripts/autoload/game_data/GameDataSkills.gd:209
Heals the lowest-HP ally for %d%% of max HP and shields them for %d%%.,为生命值最低的友方恢复%d%%最大生命值，并提供%d%%的护盾。,scripts/autoload/game_data/GameDataSkills.gd:210
"Heals every ally for %d%% of max HP and clears their burns, poisons and curses.",为所有友方恢复%d%%最大生命值，并清除燃烧、中毒和诅咒。,scripts/autoload/game_data/GameDataSkills.gd:211
Shields every front-row ally for %d%% of their max HP.,为所有前排友方提供其最大生命值%d%%的护盾。,scripts/autoload/game_data/GameDataSkills.gd:212
Honed Edge,磨利之刃,scripts/autoload/game_data/GameDataSkills.gd:239
Thick Hide,厚皮,scripts/autoload/game_data/GameDataSkills.gd:240
Trueshot Aim,真视瞄准,scripts/autoload/game_data/GameDataSkills.gd:243
Woodland Step,林地步法,scripts/autoload/game_data/GameDataSkills.gd:244
Arcane Focus,奥术专注,scripts/autoload/game_data/GameDataSkills.gd:247
Warding Sigil,护佑符印,scripts/autoload/game_data/GameDataSkills.gd:248
Devotion,虔诚,scripts/autoload/game_data/GameDataSkills.gd:251
Opening Strike,先手打击,scripts/autoload/game_data/GameDataSkills.gd:255
Shadow Step,暗影步,scripts/autoload/game_data/GameDataSkills.gd:256
Weapon Mastery,武器精通,scripts/autoload/game_data/GameDataSkills.gd:281
Killing Instinct,杀戮本能,scripts/autoload/game_data/GameDataSkills.gd:282
Opening Fury,开场之怒,scripts/autoload/game_data/GameDataSkills.gd:283
Battle Fury,战斗狂怒,scripts/autoload/game_data/GameDataSkills.gd:284
Executioner's Edge,刽子手之刃,scripts/autoload/game_data/GameDataSkills.gd:285
Bloodletter's Patience,放血者的耐心,scripts/autoload/game_data/GameDataSkills.gd:286
Killing Blow,致命一击,scripts/autoload/game_data/GameDataSkills.gd:287
Endless Fury,无尽狂怒,scripts/autoload/game_data/GameDataSkills.gd:288
Iron Skin,铁皮,scripts/autoload/game_data/GameDataSkills.gd:291
Steady Guard,稳固守卫,scripts/autoload/game_data/GameDataSkills.gd:292
Fortified Stance,坚固架势,scripts/autoload/game_data/GameDataSkills.gd:294
Unbreakable,坚不可摧,scripts/autoload/game_data/GameDataSkills.gd:295
Stone Sentinel,石之哨兵,scripts/autoload/game_data/GameDataSkills.gd:296
Immovable,岿然不动,scripts/autoload/game_data/GameDataSkills.gd:297
Bulwark's Ward,壁垒结界,scripts/autoload/game_data/GameDataSkills.gd:298
Focused Opening,专注开局,scripts/autoload/game_data/GameDataSkills.gd:301
Light on Feet,身轻如燕,scripts/autoload/game_data/GameDataSkills.gd:302
Precise Read,精准判读,scripts/autoload/game_data/GameDataSkills.gd:303
Predator's Focus,掠食者的专注,scripts/autoload/game_data/GameDataSkills.gd:304
Perfect Opening,完美开局,scripts/autoload/game_data/GameDataSkills.gd:305
Assassin's Gambit,刺客的赌局,scripts/autoload/game_data/GameDataSkills.gd:306
Flawless Strike,无瑕一击,scripts/autoload/game_data/GameDataSkills.gd:307
Silent Kill,无声击杀,scripts/autoload/game_data/GameDataSkills.gd:308
Building Momentum,气势渐起,scripts/autoload/game_data/GameDataSkills.gd:311
Adrenaline,肾上腺素,scripts/autoload/game_data/GameDataSkills.gd:312
Second Breath,再度喘息,scripts/autoload/game_data/GameDataSkills.gd:313
Unstoppable Momentum,势不可挡,scripts/autoload/game_data/GameDataSkills.gd:315
Berserker's Peak,狂战士之巅,scripts/autoload/game_data/GameDataSkills.gd:316
Boundless Fury,无边狂怒,scripts/autoload/game_data/GameDataSkills.gd:317
Overwhelming Force,压倒之力,scripts/autoload/game_data/GameDataSkills.gd:318
Mending Chant,愈合颂歌,scripts/autoload/game_data/GameDataSkills.gd:322
Ward of Mercy,慈悲结界,scripts/autoload/game_data/GameDataSkills.gd:323
Battle Cleric's Vow,战斗牧师之誓,scripts/autoload/game_data/GameDataSkills.gd:324
Guardian Angel,守护天使,scripts/autoload/game_data/GameDataSkills.gd:325
Vengeful Light,复仇之光,scripts/autoload/game_data/GameDataSkills.gd:326
Divine Grace,神恩,scripts/autoload/game_data/GameDataSkills.gd:327
Smiting Wrath,惩戒之怒,scripts/autoload/game_data/GameDataSkills.gd:328
Danger Sense,危险感知,scripts/autoload/game_data/GameDataSkills.gd:331
Preemptive Strike,先发制人,scripts/autoload/game_data/GameDataSkills.gd:332
Steady Hand,稳健之手,scripts/autoload/game_data/GameDataSkills.gd:333
Vigilant Heart,警觉之心,scripts/autoload/game_data/GameDataSkills.gd:334
Unshakeable,不可动摇,scripts/autoload/game_data/GameDataSkills.gd:335
Riposte Mastery,招架精通,scripts/autoload/game_data/GameDataSkills.gd:336
Perfect Riposte,完美招架,scripts/autoload/game_data/GameDataSkills.gd:338
Evasive Training,闪避训练,scripts/autoload/game_data/GameDataSkills.gd:346
Fleeting Strike,疾闪一击,scripts/autoload/game_data/GameDataSkills.gd:347
Opening Gambit,开局赌注,scripts/autoload/game_data/GameDataSkills.gd:348
Phantom Step,幻影步,scripts/autoload/game_data/GameDataSkills.gd:349
Shadow Strike,暗影打击,scripts/autoload/game_data/GameDataSkills.gd:350
Untouchable Form,不可触碰之形,scripts/autoload/game_data/GameDataSkills.gd:351
Riposte Flow,招架流转,scripts/autoload/game_data/GameDataSkills.gd:352
Killer's Shadow,杀手之影,scripts/autoload/game_data/GameDataSkills.gd:353
Ghost Step,鬼步,scripts/autoload/game_data/GameDataSkills.gd:354
Counterflow Mastery,反击流精通,scripts/autoload/game_data/GameDataSkills.gd:355
Vanguard Strike,先锋打击,scripts/autoload/game_data/GameDataSkills.gd:359
Battle Instinct,战斗本能,scripts/autoload/game_data/GameDataSkills.gd:360
Guardian's Resolve,守护者的决心,scripts/autoload/game_data/GameDataSkills.gd:361
Undying Vanguard,不死先锋,scripts/autoload/game_data/GameDataSkills.gd:363
Defiant to the End,至死不屈,scripts/autoload/game_data/GameDataSkills.gd:364
Iron Will,钢铁意志,scripts/autoload/game_data/GameDataSkills.gd:365
Arcane Buildup,奥术积蓄,scripts/autoload/game_data/GameDataSkills.gd:374
Ward Sigil,结界符印,scripts/autoload/game_data/GameDataSkills.gd:375
Arcane Slip,奥术滑步,scripts/autoload/game_data/GameDataSkills.gd:376
Arcane Convergence,奥术汇聚,scripts/autoload/game_data/GameDataSkills.gd:377
Cataclysm,大灾变,scripts/autoload/game_data/GameDataSkills.gd:378
World Ender,终焉者,scripts/autoload/game_data/GameDataSkills.gd:379
Headsman's Creed,刽子手信条,scripts/autoload/game_data/GameDataSkills.gd:391
Bulwark Oath,壁垒之誓,scripts/autoload/game_data/GameDataSkills.gd:393
Ambush Doctrine,伏击教条,scripts/autoload/game_data/GameDataSkills.gd:395
Slow Burn,文火慢燃,scripts/autoload/game_data/GameDataSkills.gd:397
Martyr's Grace,殉道者之恩,scripts/autoload/game_data/GameDataSkills.gd:399
Iron Discipline,钢铁纪律,scripts/autoload/game_data/GameDataSkills.gd:401
Phantom Riposte,幻影招架,scripts/autoload/game_data/GameDataSkills.gd:403
Undying,不死,scripts/autoload/game_data/GameDataSkills.gd:405
Giantslayer,巨人杀手,scripts/autoload/game_data/GameDataSkills.gd:407
Shieldbearer,持盾者,scripts/autoload/game_data/GameDataSkills.gd:415
Hunter's Mark,猎人印记,scripts/autoload/game_data/GameDataSkills.gd:417
Arcane Surge,奥术涌动,scripts/autoload/game_data/GameDataSkills.gd:419
Beacon,灯塔,scripts/autoload/game_data/GameDataSkills.gd:421
Opportunist,投机者,scripts/autoload/game_data/GameDataSkills.gd:423
Stonebound Ability,石缚技能,scripts/autoload/game_data/GameDataSkills.gd:443
Riftborn,裂隙之子,scripts/autoload/game_data/GameDataSkills.gd:446
+2 Momentum back,返还2气势,scripts/autoload/game_data/GameDataSkills.gd:523
also weakens every foe's damage slightly,同时略微削弱所有敌人的伤害,scripts/autoload/game_data/GameDataSkills.gd:524
also grants the party a dodge boost,同时为小队提高闪避,scripts/autoload/game_data/GameDataSkills.gd:525
also shields the caster,同时为施法者加护盾,scripts/autoload/game_data/GameDataSkills.gd:526
also stacks a small permanent damage boost,同时叠加少量永久伤害加成,scripts/autoload/game_data/GameDataSkills.gd:527
Shield Bash,盾击,scripts/autoload/game_data/GameDataSkills.gd:585
"Hits the target for 110% and stuns it: it loses its next action and any wind-up. Bosses only lose a wind-up, and a foe stunned this round or last shakes it off.",对目标造成110%伤害并眩晕：失去下一次行动和蓄力。首领只失去蓄力，本回合或上回合已被眩晕的敌人会挣脱。,scripts/autoload/game_data/GameDataSkills.gd:586
Taunt,嘲讽,scripts/autoload/game_data/GameDataSkills.gd:587
"Every foe aims its attacks at this hero until the round ends, and this hero takes 30% less from them.",直到回合结束，所有敌人都攻击该英雄，且该英雄受到的伤害降低30%。,scripts/autoload/game_data/GameDataSkills.gd:588
Aimed Shot,瞄准射击,scripts/autoload/game_data/GameDataSkills.gd:591
A 180% shot at the target that ignores armor and wards.,对目标造成180%伤害的射击，无视护甲和护盾。,scripts/autoload/game_data/GameDataSkills.gd:592
Volley,齐射,scripts/autoload/game_data/GameDataSkills.gd:593
Hits every foe for 70%.,对所有敌人造成70%伤害。,scripts/autoload/game_data/GameDataSkills.gd:594
Arcane Bolt,奥术飞弹,scripts/autoload/game_data/GameDataSkills.gd:597
A 170% bolt at the target.,对目标发射170%伤害的飞弹。,scripts/autoload/game_data/GameDataSkills.gd:598
Frost Nova,冰霜新星,scripts/autoload/game_data/GameDataSkills.gd:599
Hits every foe for 60% and breaks every wind-up.,对所有敌人造成60%伤害，并打断所有蓄力。,scripts/autoload/game_data/GameDataSkills.gd:600
Heal,治疗,scripts/autoload/game_data/GameDataSkills.gd:603
Heals the most-hurt ally for 30% of their max HP.,为受伤最重的友方恢复其最大生命值的30%。,scripts/autoload/game_data/GameDataSkills.gd:604
"Wards every ally for 15% of their max HP and cleanses burn, poison, chill, stun and curses.",为所有友方提供其最大生命值15%的护盾，并净化燃烧、中毒、冰冻、眩晕和诅咒。,scripts/autoload/game_data/GameDataSkills.gd:606
Backstab,背刺,scripts/autoload/game_data/GameDataSkills.gd:609
"Hits the target for 150%, or 250% if it is winding up or below half health.",对目标造成150%伤害，若其正在蓄力或生命值低于一半则为250%。,scripts/autoload/game_data/GameDataSkills.gd:610
Smoke Bomb,烟雾弹,scripts/autoload/game_data/GameDataSkills.gd:611
also wards the most-hurt ally for 10% of their max HP,同时为受伤最重的友方提供其最大生命值10%的护盾,scripts/autoload/game_data/GameDataSkills.gd:634
also heals this hero 10% of their max HP,同时为该英雄恢复其最大生命值的10%,scripts/autoload/game_data/GameDataSkills.gd:635
and this hero dodges the next hit aimed at them,且该英雄闪避下一次针对其的攻击,scripts/autoload/game_data/GameDataSkills.gd:636
and the target burns for two rounds,且目标燃烧两回合,scripts/autoload/game_data/GameDataSkills.gd:637
the first skill each fight hits 50% harder,每场战斗第一个技能伤害提高50%,scripts/autoload/game_data/GameDataSkills.gd:638
+50% damage against foes below 40% HP,对生命值低于40%的敌人伤害+50%,scripts/autoload/game_data/GameDataSkills.gd:639
your camp,你的营地,scripts/autoload/game_state/GameStateBreach.gd:37
"+%d Gold, +%d Essence.",+%d金币，+%d精华。,scripts/autoload/game_state/GameStateBreach.gd:95
+%d Laurels.,+%d桂冠。,scripts/autoload/game_state/GameStateBreach.gd:97
The gate held!,城门守住了！,scripts/autoload/game_state/GameStateBreach.gd:98
The breach is held!,裂口守住了！,scripts/autoload/game_state/GameStateBreach.gd:98
Lost %d Gold and %d Essence.,损失%d金币和%d精华。,scripts/autoload/game_state/GameStateBreach.gd:100
Damaged: %s.,受损：%s。,scripts/autoload/game_state/GameStateBreach.gd:102
The breach overran the guild,裂口攻陷了公会,scripts/autoload/game_state/GameStateBreach.gd:103
Only a guild that broke the Accord faces the tides,只有破坏盟约的公会才会面对浪潮,scripts/autoload/game_state/GameStateBreach.gd:132
Needs %d Gold and %d Essence,需要%d金币和%d精华,scripts/autoload/game_state/GameStateBreach.gd:135
A tidewall is raised against the Open Hollow (%d in all).,一道潮墙升起，抵御敞开的空洞（共%d道）。,scripts/autoload/game_state/GameStateBreach.gd:147
The gate is under attack!,城门遭到攻击！,scripts/autoload/game_state/GameStateBreach.gd:171
Something has climbed the cords to the Inverted City's gate. Defend it before your next rift run.,有东西顺着悬索爬到了倒悬之城的城门。在下一次进入裂隙前守住它。,scripts/autoload/game_state/GameStateBreach.gd:172
The rift has broken!,裂隙破开了！,scripts/autoload/game_state/GameStateBreach.gd:184
Monsters pour out near %s. Defend before your next rift run.,怪物从%s附近涌出。在下一次进入裂隙前进行防守。,scripts/autoload/game_state/GameStateBreach.gd:185
A Rank %s rift broke near %s.,%s阶裂隙在%s附近破开。,scripts/autoload/game_state/GameStateBreach.gd:186
The City's gate,城门,scripts/autoload/game_state/GameStateBreach.gd:197
Something is climbing the cords to close the Inverted City's gate. It reaches the gate in %d days: hold it.,有东西正顺着悬索爬去关闭倒悬之城的城门。它将在%d天后抵达城门：守住它。,scripts/autoload/game_state/GameStateBreach.gd:198
Tide %d of the Open Hollow,敞开空洞之潮 第%d波,scripts/autoload/game_state/GameStateBreach.gd:208
"It breaks over %s in %d days, %d%% stronger than the first. A tide can't be sealed away; it has to be held.",它将在%s爆发，还有%d天，比第一波强%d%%。浪潮无法封印，只能守住。,scripts/autoload/game_state/GameStateBreach.gd:209
A rift is swelling,一座裂隙正在膨胀,scripts/autoload/game_state/GameStateBreach.gd:219
"A Rank %s rift near %s breaks in %d days. Seal a Rank %s rift or higher before then, or prepare to defend.",%s阶裂隙（%s附近）将在%d天后破开。在此之前封印一座%s阶或更高的裂隙，否则准备防守。,scripts/autoload/game_state/GameStateBreach.gd:220
The swelling rift is closed,膨胀的裂隙已关闭,scripts/autoload/game_state/GameStateBreach.gd:229
Sealing that rift closed it before it broke. +%d Essence.,封印那座裂隙使它在破开前关闭了。+%d精华。,scripts/autoload/game_state/GameStateBreach.gd:230
A swelling Rank %s rift was closed in time.,一座膨胀的%s阶裂隙被及时关闭。,scripts/autoload/game_state/GameStateBreach.gd:231
The Inverted City's gate held.,倒悬之城的城门守住了。,scripts/autoload/game_state/GameStateBreach.gd:272
The guild held against a Rank %s Riftbreak.,公会顶住了一次%s阶裂隙崩溃。,scripts/autoload/game_state/GameStateBreach.gd:278
A Rank %s Riftbreak overran the defenders.,一次%s阶裂隙崩溃击溃了守军。,scripts/autoload/game_state/GameStateBreach.gd:291
Nothing to repair.,没有需要修理的。,scripts/autoload/game_state/GameStateBreach.gd:321
Not enough Gold.,金币不足。,scripts/autoload/game_state/GameStateBreach.gd:324
Payday: a bill of %d Gold (you have %d),发薪日：账单%d金币（你有%d）,scripts/autoload/game_state/GameStateBreach.gd:340
"Payday: a bill of %d Gold, %d short",发薪日：账单%d金币，缺%d,scripts/autoload/game_state/GameStateBreach.gd:340
Payday in %d day%s,%d天%s后发薪,scripts/autoload/game_state/GameStateBreach.gd:342
%s finishes training,%s完成训练,scripts/autoload/game_state/GameStateBreach.gd:345
%s is back on their feet,%s恢复了,scripts/autoload/game_state/GameStateBreach.gd:348
The rift near %s breaks open,%s附近的裂隙破开了,scripts/autoload/game_state/GameStateBreach.gd:350
%s (foretold),%s（预言）,scripts/autoload/game_state/GameStateBreach.gd:352
An omen,预兆,scripts/autoload/game_state/GameStateBreach.gd:409
Something will come of it tomorrow.,明天会有结果。,scripts/autoload/game_state/GameStateBreach.gd:409
Needs %d Gold,需要%d金币,scripts/autoload/game_state/GameStateBreach.gd:548
Needs %d Essence,需要%d精华,scripts/autoload/game_state/GameStateBreach.gd:549
Buy %s (%d Gold),购买%s（%d金币）,scripts/autoload/game_state/GameStateBreach.gd:555
Sold,已售,scripts/autoload/game_state/GameStateBreach.gd:555
Drill %s (%d Essence),操练%s（%d精华）,scripts/autoload/game_state/GameStateBreach.gd:560
Gone,已离开,scripts/autoload/game_state/GameStateBreach.gd:560
Thank them,感谢他们,scripts/autoload/game_state/GameStateBreach.gd:561
Hire them (%d Gold),雇用他们（%d金币）,scripts/autoload/game_state/GameStateBreach.gd:563
Roster is full.,名册已满。,scripts/autoload/game_state/GameStateBreach.gd:563
Let them go,让他们走,scripts/autoload/game_state/GameStateBreach.gd:564
Temper it (%d Gold),淬炼它（%d金币）,scripts/autoload/game_state/GameStateBreach.gd:572
Pay for the lecture (%d Gold),付费听讲（%d金币）,scripts/autoload/game_state/GameStateBreach.gd:575
Pay for the feast (%d Gold),付钱办宴席（%d金币）,scripts/autoload/game_state/GameStateBreach.gd:578
Stay away,避而远之,scripts/autoload/game_state/GameStateBreach.gd:579
Shelter them (%d Gold),收留他们（%d金币）,scripts/autoload/game_state/GameStateBreach.gd:581
Pay the debt (%d Gold),还债（%d金币）,scripts/autoload/game_state/GameStateBreach.gd:584
Sell it (%d Gold),卖掉（%d金币）,scripts/autoload/game_state/GameStateBreach.gd:587
Pay a bucket line (%d Gold),雇人排队传水（%d金币）,scripts/autoload/game_state/GameStateBreach.gd:590
%s fights the fire (busy today),%s去救火（今天没空）,scripts/autoload/game_state/GameStateBreach.gd:591
Let it burn (the building is damaged),任它烧（建筑受损）,scripts/autoload/game_state/GameStateBreach.gd:592
Pay a healer (%d Gold),请医者（%d金币）,scripts/autoload/game_state/GameStateBreach.gd:594
%s tends the sick (busy today),%s照料病人（今天没空）,scripts/autoload/game_state/GameStateBreach.gd:595
Let it run (a hero is laid up 2 days),任其蔓延（一名英雄卧床2天）,scripts/autoload/game_state/GameStateBreach.gd:596
Pay them off (%d Gold),花钱打发（%d金币）,scripts/autoload/game_state/GameStateBreach.gd:598
%s drives them off (busy today),%s赶走他们（今天没空）,scripts/autoload/game_state/GameStateBreach.gd:599
Let them take it (15% of the Gold above the bill),让他们拿走（超出账单部分金币的15%）,scripts/autoload/game_state/GameStateBreach.gd:600
Pay to shore up (%d Gold),出钱加固（%d金币）,scripts/autoload/game_state/GameStateBreach.gd:602
%s holds the roof (busy today),%s撑住屋顶（今天没空）,scripts/autoload/game_state/GameStateBreach.gd:603
Ride it out (the building is damaged),硬扛过去（建筑受损）,scripts/autoload/game_state/GameStateBreach.gd:604
Hire sellswords (%d Gold),雇佣兵（%d金币）,scripts/autoload/game_state/GameStateBreach.gd:606
"%s fights it (busy today, comes back hurt; Essence)",%s与它战斗（今天没空，归来带伤；精华）,scripts/autoload/game_state/GameStateBreach.gd:607
"Let it roam (Essence lost, the camp damaged)",任它游荡（损失精华，营地受损）,scripts/autoload/game_state/GameStateBreach.gd:608
Resolve doesn't count yet,决心还不计入,scripts/autoload/game_state/GameStateBreach.gd:615
No idle cleric,没有空闲的牧师,scripts/autoload/game_state/GameStateBreach.gd:628
No idle warrior or rogue,没有空闲的战士或盗贼,scripts/autoload/game_state/GameStateBreach.gd:628
No idle hero,没有空闲的英雄,scripts/autoload/game_state/GameStateBreach.gd:628
A hero,一名英雄,scripts/autoload/game_state/GameStateBreach.gd:629
Bought: %s.,已购买：%s。,scripts/autoload/game_state/GameStateBreach.gd:658
%s trained with %s.,%s与%s一起训练。,scripts/autoload/game_state/GameStateBreach.gd:668
%s joins the guild.,%s加入公会。,scripts/autoload/game_state/GameStateBreach.gd:676
%s is tempered.,%s已淬炼。,scripts/autoload/game_state/GameStateBreach.gd:689
Every hero at camp learned something.,营地的每位英雄都学到了东西。,scripts/autoload/game_state/GameStateBreach.gd:695
The guild feasts with the village: morale up.,公会与村民同宴：士气提升。,scripts/autoload/game_state/GameStateBreach.gd:702
The families are sheltered. Word travels: +5 Renown.,那些家庭得到了收留。消息传开：+5声望。,scripts/autoload/game_state/GameStateBreach.gd:710
The guild's name suffers: -5 Renown.,公会名声受损：-5声望。,scripts/autoload/game_state/GameStateBreach.gd:716
"Sold, and %s grows stronger.",已售出，%s变得更强。,scripts/autoload/game_state/GameStateBreach.gd:723
%+d Gold.,%+d金币。,scripts/autoload/game_state/GameStateBreach.gd:761
%+d Essence.,%+d精华。,scripts/autoload/game_state/GameStateBreach.gd:764
%+d Renown.,%+d声望。,scripts/autoload/game_state/GameStateBreach.gd:767
Morale up.,士气提升。,scripts/autoload/game_state/GameStateBreach.gd:772
Morale down.,士气下降。,scripts/autoload/game_state/GameStateBreach.gd:772
%+d Resolve for the next party.,下一支小队决心%+d。,scripts/autoload/game_state/GameStateBreach.gd:776
You receive: %s.,你获得：%s。,scripts/autoload/game_state/GameStateBreach.gd:785
"Paid, and it passed.",付了钱，事情过去了。,scripts/autoload/game_state/GameStateBreach.gd:794
%s drove them off and took their purse: +%d Gold.,%s赶走了他们，还拿走了他们的钱袋：+%d金币。,scripts/autoload/game_state/GameStateBreach.gd:802
"%s closed the tear, hurt but alive: +%d Essence.",%s封住了裂缝，带伤但活着：+%d精华。,scripts/autoload/game_state/GameStateBreach.gd:807
%s saw to it.,%s处理好了。,scripts/autoload/game_state/GameStateBreach.gd:808
The %s is damaged: it works a level lower until repaired.,%s受损：修好前等级降低一级。,scripts/autoload/game_state/GameStateBreach.gd:812
Laid up with fever for 2 days: %s.,发烧卧床2天：%s。,scripts/autoload/game_state/GameStateBreach.gd:820
The bandits took %d Gold.,强盗拿走了%d金币。,scripts/autoload/game_state/GameStateBreach.gd:824
It roamed the camp: -%d Essence%s.,它在营地游荡：-%d精华%s。,scripts/autoload/game_state/GameStateBreach.gd:829
", the %s damaged",，%s受损,scripts/autoload/game_state/GameStateBreach.gd:829
+%d%% odds,成功率+%d%%,scripts/autoload/game_state/GameStateBreach.gd:917
+%d%% odds on a perilous job,凶险任务成功率+%d%%,scripts/autoload/game_state/GameStateBreach.gd:918
+%d%% Gold,金币+%d%%,scripts/autoload/game_state/GameStateBreach.gd:919
+%d%% Essence,精华+%d%%,scripts/autoload/game_state/GameStateBreach.gd:920
+%d%% item chance,物品几率+%d%%,scripts/autoload/game_state/GameStateBreach.gd:921
+%d%% XP for the party,小队经验+%d%%,scripts/autoload/game_state/GameStateBreach.gd:922
%d%% less chance of being hurt,受伤几率降低%d%%,scripts/autoload/game_state/GameStateBreach.gd:923
%d%% less chance of a scar,留下伤疤几率降低%d%%,scripts/autoload/game_state/GameStateBreach.gd:924
a failure turns partial half the time,失败时有一半几率转为部分成功,scripts/autoload/game_state/GameStateBreach.gd:925
Expeditions open with the Training Yard,远征随训练场一同开放,scripts/autoload/game_state/GameStateBreach.gd:946
No such posting,没有这项委托,scripts/autoload/game_state/GameStateBreach.gd:948
Every expedition party is out,所有远征小队都已出发,scripts/autoload/game_state/GameStateBreach.gd:950
Send 1 to %d heroes,派出1至%d名英雄,scripts/autoload/game_state/GameStateBreach.gd:954
Someone can't go,有人无法出发,scripts/autoload/game_state/GameStateBreach.gd:958
+%d Gold,+%d金币,scripts/autoload/game_state/GameStateBreach.gd:1004
+%d Essence,+%d精华,scripts/autoload/game_state/GameStateBreach.gd:1007
found: %s,发现：%s,scripts/autoload/game_state/GameStateBreach.gd:1012
%s comes back hurt,%s负伤归来,scripts/autoload/game_state/GameStateBreach.gd:1022
%s keeps a scar: %s,%s留下了伤疤：%s,scripts/autoload/game_state/GameStateBreach.gd:1027
"Dobbs: ""They're back, and it paid.""","Dobbs：""他们回来了，这趟赚到了。""",scripts/autoload/game_state/GameStateBreach.gd:1035
"Dobbs: ""Back with half of it and a limp.""","Dobbs：""只带回一半，还瘸着腿。""",scripts/autoload/game_state/GameStateBreach.gd:1035
"Dobbs: ""Back with nothing. Get the bandages.""","Dobbs：""空手而归。快拿绷带来。""",scripts/autoload/game_state/GameStateBreach.gd:1035
nothing to show for it,一无所获,scripts/autoload/game_state/GameStateBreach.gd:1037
"Expedition: %s, %s.",远征：%s，%s。,scripts/autoload/game_state/GameStateBreach.gd:1039
a success,成功,scripts/autoload/game_state/GameStateBreach.gd:1039
half done,完成一半,scripts/autoload/game_state/GameStateBreach.gd:1039
a failure,失败,scripts/autoload/game_state/GameStateBreach.gd:1039
Not enough Gold,金币不足,scripts/autoload/game_state/GameStateCore.gd:287
Not enough Essence,精华不足,scripts/autoload/game_state/GameStateCore.gd:287
A wing of the hall,大厅的一翼,scripts/autoload/game_state/GameStateCore.gd:470
"""There's Gold enough in the chest, or there will be, to rebuild one more wing of the hall. Two of them could stand again: the %s or the %s. We can't afford both; whichever we raise says what kind of guild we are."" (Guild > Accord Hall, %d Gold)",“箱子里的金币够再重建大厅的一翼，或者很快就够。有两翼可以重新立起来：%s或%s。我们负担不起两个；我们建哪一个，就说明我们是怎样的公会。”（公会 > 盟约大厅，%d金币）,scripts/autoload/game_state/GameStateCore.gd:471
Built,已建造,scripts/autoload/game_state/GameStateCore.gd:477
Not on offer,不在可选范围内,scripts/autoload/game_state/GameStateCore.gd:479
No such wing,没有这个翼楼,scripts/autoload/game_state/GameStateCore.gd:491
The %s is rebuilt.,%s已重建。,scripts/autoload/game_state/GameStateCore.gd:495
Story,剧情,scripts/autoload/game_state/GameStateCore.gd:552
Standard,标准,scripts/autoload/game_state/GameStateCore.gd:552
Hardship %d,磨难%d,scripts/autoload/game_state/GameStateCore.gd:552
Day %d: %s,第%d天：%s,scripts/autoload/game_state/GameStateCore.gd:646
%s is already used for: %s,%s已用于：%s,scripts/autoload/game_state/GameStateCore.gd:925
That doesn't look like a Guildhold save,这看起来不像Guildhold存档,scripts/autoload/game_state/GameStateCore.gd:1140
That save is from a newer version of the game,该存档来自更新版本的游戏,scripts/autoload/game_state/GameStateCore.gd:1142
Couldn't write the save slot,无法写入存档栏位,scripts/autoload/game_state/GameStateCore.gd:1149
%s earned %s!,%s获得了%s！,scripts/autoload/game_state/GameStateHeroes.gd:26
Quirk earned: %s,获得特质：%s,scripts/autoload/game_state/GameStateHeroes.gd:27
%s gains %s.,%s获得%s。,scripts/autoload/game_state/GameStateHeroes.gd:37
Title earned: %s,获得称号：%s,scripts/autoload/game_state/GameStateHeroes.gd:45
%s is now called %s.,%s现在被称为%s。,scripts/autoload/game_state/GameStateHeroes.gd:46
No such hero.,没有这名英雄。,scripts/autoload/game_state/GameStateHeroes.gd:68
A name needs 2 to 14 letters.,名字需要2到14个字符。,scripts/autoload/game_state/GameStateHeroes.gd:70
That name can't be used.,该名字无法使用。,scripts/autoload/game_state/GameStateHeroes.gd:72
Build the Arcane Lab first,请先建造奥术实验室,scripts/autoload/game_state/GameStateHeroes.gd:95
Need %d Gold,需要%d金币,scripts/autoload/game_state/GameStateHeroes.gd:101
%s signed %s (Rank %s) off your recruit board.,%s签下了%s（%s阶），从你的招募板上撤下。,scripts/autoload/game_state/GameStateHeroes.gd:294
No %s answered; try another role,没有%s应召；试试其他职业,scripts/autoload/game_state/GameStateHeroes.gd:312
Already at the top level.,已是最高等级。,scripts/autoload/game_state/GameStateHeroes.gd:465
Not enough Essence.,精华不足。,scripts/autoload/game_state/GameStateHeroes.gd:467
%s — party %s,%s — 小队%s,scripts/autoload/game_state/GameStateHeroes.gd:501
Champions don't evolve,勇者无法进阶,scripts/autoload/game_state/GameStateHeroes.gd:602
Already Rank S,已是S阶,scripts/autoload/game_state/GameStateHeroes.gd:605
Must be Level 10 to evolve,需达到10级才能进阶,scripts/autoload/game_state/GameStateHeroes.gd:607
 · stage %d training opens, · 第%d阶段训练开放,scripts/autoload/game_state/GameStateHeroes.gd:642
Evolved — Rank %s,已进阶 — %s阶,scripts/autoload/game_state/GameStateHeroes.gd:643
"%s is level 1 again, with +%d%% XP for %d rift runs%s.",%s回到1级，经验+%d%%，持续%d次裂隙行动%s。,scripts/autoload/game_state/GameStateHeroes.gd:643
Seal a Rank %s rift first,请先封印一座%s阶裂隙,scripts/autoload/game_state/GameStateHeroes.gd:652
Trained: %s,已训练：%s,scripts/autoload/game_state/GameStateHeroes.gd:705
"%s is a %s now (%s, stage %d).",%s现在是%s（%s，第%d阶段）。,scripts/autoload/game_state/GameStateHeroes.gd:705
A calling: %s,召唤：%s,scripts/autoload/game_state/GameStateHeroes.gd:710
Learn the prerequisite skill(s) first,请先学习前置技能,scripts/autoload/game_state/GameStateHeroes.gd:762
Master one of this tree's paths first,请先精通此技能树的一条道途,scripts/autoload/game_state/GameStateHeroes.gd:764
Locked out — you already chose the other path,已锁定——你已选择另一条道途,scripts/autoload/game_state/GameStateHeroes.gd:767
Seal a Rank %s or higher rift first,请先封印一座%s阶或更高的裂隙,scripts/autoload/game_state/GameStateHeroes.gd:769
Not enough Skill Points,技能点不足,scripts/autoload/game_state/GameStateHeroes.gd:774
This hero has no Active Ability yet,该英雄还没有主动技能,scripts/autoload/game_state/GameStateHeroes.gd:813
Already awakened,已觉醒,scripts/autoload/game_state/GameStateHeroes.gd:815
Can't reset this hero,无法重置该英雄,scripts/autoload/game_state/GameStateHeroes.gd:942
Nothing to reset,没有可重置的内容,scripts/autoload/game_state/GameStateHeroes.gd:945
Can't train this hero,无法训练该英雄,scripts/autoload/game_state/GameStateHeroes.gd:992
Already training,已在训练中,scripts/autoload/game_state/GameStateHeroes.gd:1073
Pick a program and a length,选择一个项目和时长,scripts/autoload/game_state/GameStateHeroes.gd:996
Not here to train,不在此处训练,scripts/autoload/game_state/GameStateHeroes.gd:1075
Every station is taken,所有训练位都已占用,scripts/autoload/game_state/GameStateHeroes.gd:1000
They're on a rift right now,他们正在裂隙中,scripts/autoload/game_state/GameStateHeroes.gd:1054
Only a hero of its Path can carry it,只有同一道途的英雄才能携带它,scripts/autoload/game_state/GameStateHeroes.gd:1056
Train a Path first,先训练一条道途,scripts/autoload/game_state/GameStateHeroes.gd:1067
Mastered,已精通,scripts/autoload/game_state/GameStateHeroes.gd:1069
The next Path stage opens rank %d,下一个道途阶段开放第%d级,scripts/autoload/game_state/GameStateHeroes.gd:1071
Path Mastery,道途精通,scripts/autoload/game_state/GameStateHeroes.gd:1152
%s reaches Mastery %d: their Path rule is %d%% stronger.,%s达到精通%d：其道途规则强化%d%%。,scripts/autoload/game_state/GameStateHeroes.gd:1152
Training done,训练完成,scripts/autoload/game_state/GameStateHeroes.gd:1154
%s is back from the Training Yard.,%s从训练场回来了。,scripts/autoload/game_state/GameStateHeroes.gd:1154
Your belt is full (%d tonics),你的腰带已满（%d瓶药剂）,scripts/autoload/game_state/GameStateItems.gd:10
Gear attuned,装备已调谐,scripts/autoload/game_state/GameStateItems.gd:124
%s grows stronger (%d/%d),%s变得更强（%d/%d）,scripts/autoload/game_state/GameStateItems.gd:124
No such item,没有这件物品,scripts/autoload/game_state/GameStateItems.gd:142
The Smithy opens when Act I is done,铁匠铺在第一幕结束后开放,scripts/autoload/game_state/GameStateItems.gd:144
Fully tempered,已完全淬炼,scripts/autoload/game_state/GameStateItems.gd:147
Can't reforge this item,无法重铸该物品,scripts/autoload/game_state/GameStateItems.gd:174
No such stat,没有该属性,scripts/autoload/game_state/GameStateItems.gd:177
A fragment: %s,残篇：%s,scripts/autoload/game_state/GameStateLore.gd:128
"Kept in Library > Codex > Truths, for this guild and every guild after it.",已收入图书馆 > 典籍 > 真相，供本公会及此后所有公会查阅。,scripts/autoload/game_state/GameStateLore.gd:129
A truth,一个真相,scripts/autoload/game_state/GameStateLore.gd:155
A truth: %s,真相：%s,scripts/autoload/game_state/GameStateLore.gd:157
The Crown's auditors took %d Gold.,王冠的审计官拿走了%d金币。,scripts/autoload/game_state/GameStateLore.gd:298
The Crown takes its tithe: %d Gold.,王冠收取什一税：%d金币。,scripts/autoload/game_state/GameStateLore.gd:321
The Crown's pension arrives: %d Gold.,王冠的津贴到了：%d金币。,scripts/autoload/game_state/GameStateLore.gd:324
Breach Rift,裂口裂隙,scripts/autoload/game_state/GameStateModes.gd:59
"Act %s complete — +%d Essence, %s",第%s幕完成 — +%d精华，%s,scripts/autoload/game_state/GameStateModes.gd:210
 · %s unlocked, · %s已解锁,scripts/autoload/game_state/GameStateModes.gd:212
Act %s complete — +%d Essence,第%s幕完成 — +%d精华,scripts/autoload/game_state/GameStateModes.gd:213
 — sealed, — 已封印,scripts/autoload/game_state/GameStateModes.gd:216
A champion is freed,一位勇者获得解放,scripts/autoload/game_state/GameStateModes.gd:222
"Deep in %s, held in a pillar of light, your guild finds %s. %s

%s

Champions oversee your rift runs (their Boon, and their Call) and fight in the Endless Rift. See Roster > Champions.","在%s深处，一根光柱中，你的公会找到了%s。%s

%s

勇者可督军你的裂隙行动（提供恩赐与召唤），并在无尽裂隙中作战。见名册 > 勇者。",scripts/autoload/game_state/GameStateModes.gd:223
The Iron Chorus calls it harbouring a deserter (+%d Renown to them).,钢铁合唱团称此为窝藏逃兵（他们+%d声望）。,scripts/autoload/game_state/GameStateModes.gd:293
"Vaelith was let go at the Breach, and joined the guild.",Vaelith在裂口被放走了，并加入了公会。,scripts/autoload/game_state/GameStateModes.gd:299
"The archive was carried out of the Spire, and Hollin flooded.",档案从尖塔中被搬了出来，Hollin被洪水淹没。,scripts/autoload/game_state/GameStateModes.gd:333
"Hollin was saved from the flood, and the Spire's archive drowned.",Hollin免于洪水，尖塔的档案却被淹没了。,scripts/autoload/game_state/GameStateModes.gd:333
%s remembers: %s,%s记起：%s,scripts/autoload/game_state/GameStateModes.gd:361
A page of the Grandmaster's ledger,大团长账簿的一页,scripts/autoload/game_state/GameStateModes.gd:378
"Page %d of %d, found in the rift. Read it in Library > Codex > Chronicle.",第%d页，共%d页，在裂隙中找到。可在图书馆 > 典籍 > 编年史中阅读。,scripts/autoload/game_state/GameStateModes.gd:379
"An echo, from the last rift",一段回响，来自上一座裂隙,scripts/autoload/game_state/GameStateModes.gd:392
Given back · +%d Renown,已归还 · +%d声望,scripts/autoload/game_state/GameStateModes.gd:417
An echo was given back to the village: %s.,一段回响已归还给村子：%s。,scripts/autoload/game_state/GameStateModes.gd:418
An echo was kept: %s (+%d Essence).,一段回响被留下：%s（+%d精华）。,scripts/autoload/game_state/GameStateModes.gd:421
Morrow can't be bought by this guild.,本公会无法收买Morrow。,scripts/autoload/game_state/GameStateModes.gd:520
Turning Morrow takes %d Gold.,策反Morrow需要%d金币。,scripts/autoload/game_state/GameStateModes.gd:523
"Captain Morrow was bought, and joined the guild.",Morrow队长被收买，加入了公会。,scripts/autoload/game_state/GameStateModes.gd:540
Buying the Charter takes %d Gold.,购买特许状需要%d金币。,scripts/autoload/game_state/GameStateModes.gd:572
The Royal Charter was bought.,王室特许状已被买下。,scripts/autoload/game_state/GameStateModes.gd:579
The kept echoes were poured into Ezra's lantern.,留下的回响被倒进了Ezra的灯里。,scripts/autoload/game_state/GameStateModes.gd:598
The End,终,scripts/autoload/game_state/GameStateModes.gd:652
The campaign is complete,战役已完成,scripts/autoload/game_state/GameStateModes.gd:652
"Thank you for playing. Your guild endures: push the Endless Rift, climb the rift ladder, and take on quests for as long as rifts keep opening.",感谢游玩。你的公会将延续下去：只要裂隙还在开启，就继续挑战无尽裂隙、攀登裂隙天梯、接受任务吧。,scripts/autoload/game_state/GameStateModes.gd:652
the guild before you,你之前的公会,scripts/autoload/game_state/GameStateModes.gd:672
A letter from the forty-first post,来自第四十一个岗位的信,scripts/autoload/game_state/GameStateModes.gd:678
The forty-second line isn't open to this guild.,本公会无法写下第四十二行。,scripts/autoload/game_state/GameStateModes.gd:700
Hesper won't sign for this guild.,Hesper不会为本公会签字。,scripts/autoload/game_state/GameStateModes.gd:703
Choose a hero to take the post.,选择一名英雄接过岗位。,scripts/autoload/game_state/GameStateModes.gd:715
The guild needs at least one hero.,公会至少需要一名英雄。,scripts/autoload/game_state/GameStateModes.gd:717
Took the forty-first post,接过了第四十一个岗位,scripts/autoload/game_state/GameStateModes.gd:722
Act %s — %s,第%s幕 — %s,scripts/autoload/game_state/GameStateModes.gd:770
Foe: %s,敌人：%s,scripts/autoload/game_state/GameStateModes.gd:770
II,II,scripts/autoload/game_state/GameStateModes.gd:774
III,III,scripts/autoload/game_state/GameStateModes.gd:774
"A crossing, %s",渡口，%s,scripts/autoload/game_state/GameStateModes.gd:809
%s: they sang the oath in the square.,%s：他们在广场上唱起了誓言。,scripts/autoload/game_state/GameStateModes.gd:837
%s: let through. The villages are frightened (-%d Renown).,%s：已放行。村民们很害怕（-%d声望）。,scripts/autoload/game_state/GameStateModes.gd:843
%s: let through. Hollin takes them in.,%s：已放行。Hollin收留了他们。,scripts/autoload/game_state/GameStateModes.gd:845
She joins the guild,她加入了公会,scripts/autoload/game_state/GameStateModes.gd:858
%s: turned back. The Crown pays its bounty (+%d Gold).,%s：已遣返。王冠支付了赏金（+%d金币）。,scripts/autoload/game_state/GameStateModes.gd:862
The Descent · depth %d,深渊下行 · 深度%d,scripts/autoload/game_state/GameStateModes.gd:986
Rank %s rift,%s阶裂隙,scripts/autoload/game_state/GameStateModes.gd:988
 · daily twist, · 每日变奏,scripts/autoload/game_state/GameStateModes.gd:988
Act %s finale,第%s幕终章,scripts/autoload/game_state/GameStateModes.gd:990
Rift,裂隙,scripts/autoload/game_state/GameStateModes.gd:991
"This charter is earned by a deed, not bought.",此特许状须凭功绩获得，无法购买。,scripts/autoload/game_state/GameStateModes.gd:1459
This charter needs a truth first.,此特许状需要先得到一个真相。,scripts/autoload/game_state/GameStateModes.gd:1461
Not enough Laurels.,桂冠不足。,scripts/autoload/game_state/GameStateModes.gd:1463
Only Keepers of the Vale restore the old halls,只有山谷守护者才能修复旧大厅,scripts/autoload/game_state/GameStateModes.gd:1510
Restored,已修复,scripts/autoload/game_state/GameStateModes.gd:1512
Restore the other six halls first,请先修复其他六座大厅,scripts/autoload/game_state/GameStateModes.gd:1514
Keepers of the Vale,山谷守护者,scripts/autoload/game_state/GameStateModes.gd:1532
%s is restored.,%s已修复。,scripts/autoload/game_state/GameStateModes.gd:1533
"Evolve %s to Rank %s: %d Gold, %d Essence.",将%s进阶至%s阶：%d金币，%d精华。,scripts/autoload/game_state/GameStateModes.gd:1573
"Train %s as a %s at the Training Yard (stage %d): %d Gold, %d Essence.",在训练场将%s训练为%s（第%d阶段）：%d金币，%d精华。,scripts/autoload/game_state/GameStateModes.gd:1582
"Hire %s from the recruit board: Rank %s, %d Gold. Your weakest hero is Rank %s.",从招募板雇用%s：%s阶，%d金币。你最弱的英雄是%s阶。,scripts/autoload/game_state/GameStateModes.gd:1594
"Rebuild the %s (Guild > Accord Hall): %s, %d Gold.",重建%s（公会 > 盟约大厅）：%s，%d金币。,scripts/autoload/game_state/GameStateModes.gd:1600
"Build the Drill Yard to level %d (Accord Hall): +4%% damage and health for every hero, %d Gold.",将操练场升到%d级（盟约大厅）：每位英雄+4%%伤害和生命，%d金币。,scripts/autoload/game_state/GameStateModes.gd:1608
Train %s's Path Mastery to rank %d at the Training Yard: %d Essence.,在训练场把%s的道途精通训练到第%d级：%d精华。,scripts/autoload/game_state/GameStateModes.gd:1616
"Build %s to level %d (Accord Hall): %s, %d Gold.",将%s升到%d级（盟约大厅）：%s，%d金币。,scripts/autoload/game_state/GameStateModes.gd:1627
"Temper %s's %s at the Forge (their gear slot on the Roster): +%d%% to its stats, %d Gold.",在锻炉淬炼%s的%s（名册中的装备栏）：属性+%d%%，%d金币。,scripts/autoload/game_state/GameStateModes.gd:1637
"Level %s to %d: a stronger Boon, %d Essence.",将%s升至%d级：更强的恩赐，%d精华。,scripts/autoload/game_state/GameStateModes.gd:1640
Endowments open once the guild's legacy is written.,公会的传承写就后，捐赠才会开放。,scripts/autoload/game_state/GameStateModes.gd:1684
Gold set aside for the next guild: +1 Laurel.,为下一个公会预留的金币：+1桂冠。,scripts/autoload/game_state/GameStateModes.gd:1690
The Chronicle grows,编年史增添新篇,scripts/autoload/game_state/GameStateModes.gd:1737
%s: +%d Laurels.,%s：+%d桂冠。,scripts/autoload/game_state/GameStateModes.gd:1738
Act %s done,第%s幕完成,scripts/autoload/game_state/GameStateModes.gd:1785
Tower of Trials floor %d,试炼之塔第%d层,scripts/autoload/game_state/GameStateModes.gd:1786
seal %d rifts with a %s in the party (%d/%d),封印%d座裂隙，小队中需有%s（%d/%d）,scripts/autoload/game_state/GameStateModes.gd:1787
beat a rift boss by hand with no one down,亲手击败裂隙首领且无人倒下,scripts/autoload/game_state/GameStateModes.gd:1788
free a lost champion,解放一位迷失的勇者,scripts/autoload/game_state/GameStateModes.gd:1789
seal a Rank %s rift,封印一座%s阶裂隙,scripts/autoload/game_state/GameStateModes.gd:1790
hold a Rank %s Riftbreak,守住一次%s阶裂隙崩溃,scripts/autoload/game_state/GameStateModes.gd:1791
 and , 和 ,scripts/autoload/game_state/GameStateModes.gd:1792
New training: %s,新训练：%s,scripts/autoload/game_state/GameStateModes.gd:1820
"A Legend for every %s Path, trained at Rank S.",每条%s道途各有一项传奇，于S阶训练。,scripts/autoload/game_state/GameStateModes.gd:1821
"%s, stage %d, at the Training Yard.",%s，第%d阶段，在训练场。,scripts/autoload/game_state/GameStateModes.gd:1821
Not the next stage,不是下一阶段,scripts/autoload/game_state/GameStateModes.gd:1860
Opens at Rank %s,%s阶开放,scripts/autoload/game_state/GameStateModes.gd:1862
Locked: %s,已锁定：%s,scripts/autoload/game_state/GameStateModes.gd:1864
No such hero,没有这名英雄,scripts/autoload/game_state/GameStateModes.gd:1882
Not a training this hero can take,该英雄无法接受此训练,scripts/autoload/game_state/GameStateModes.gd:1885
%s took the contract: %s.,%s接下了契约：%s。,scripts/autoload/game_state/GameStateQuests.gd:1003
Contract failed: %s (-%d Renown).,契约失败：%s（-%d声望）。,scripts/autoload/game_state/GameStateQuests.gd:138
Contract failed,契约失败,scripts/autoload/game_state/GameStateQuests.gd:139
"%s ran out of time. -%d Renown, and the guild's morale dips.",%s已超时。-%d声望，公会士气下降。,scripts/autoload/game_state/GameStateQuests.gd:139
You can only take %d at a time,一次只能接%d份,scripts/autoload/game_state/GameStateQuests.gd:151
You took the contract before %s could: %s.,你抢在%s之前接下了契约：%s。,scripts/autoload/game_state/GameStateQuests.gd:158
Hunt: defeat %s ×%d,狩猎：击败%s ×%d,scripts/autoload/game_state/GameStateQuests.gd:176
Hunt: win %d Elite fight%s,狩猎：赢得%d场精英战斗%s,scripts/autoload/game_state/GameStateQuests.gd:177
Bounty: defeat %s,悬赏：击败%s,scripts/autoload/game_state/GameStateQuests.gd:178
Seal: seal a Rank %s+ rift,封印：封印一座%s+阶裂隙,scripts/autoload/game_state/GameStateQuests.gd:179
Seal: seal a Rank C+ rift,封印：封印一座C+阶裂隙,scripts/autoload/game_state/GameStateQuests.gd:180
Trial: seal a rift with 2 heroes or fewer,试炼：以不超过2名英雄封印一座裂隙,scripts/autoload/game_state/GameStateQuests.gd:181
Trial: seal a rift without any hero going down,试炼：无英雄倒下地封印一座裂隙,scripts/autoload/game_state/GameStateQuests.gd:182
Supply: craft %d item%s or relic%s,补给：制作%d件物品%s或遗物%s,scripts/autoload/game_state/GameStateQuests.gd:183
Trial: win %d fight%s without a hero going down,试炼：无英雄倒下地赢得%d场战斗%s,scripts/autoload/game_state/GameStateQuests.gd:184
%d Gold,%d金币,scripts/autoload/game_state/GameStateQuests.gd:191
%d Essence,%d精华,scripts/autoload/game_state/GameStateQuests.gd:193
%d Renown,%d声望,scripts/autoload/game_state/GameStateQuests.gd:195
No request is waiting.,没有待处理的请求。,scripts/autoload/game_state/GameStateQuests.gd:504
"%s — no answer by payday, taken as a no.",%s — 发薪日前未答复，视为拒绝。,scripts/autoload/game_state/GameStateQuests.gd:625
Volunteers joined the guild: %s.,志愿者加入了公会：%s。,scripts/autoload/game_state/GameStateQuests.gd:664
Volunteers,志愿者,scripts/autoload/game_state/GameStateQuests.gd:665
%s joined for free. A guild short on heroes and Gold draws volunteers; Rank F rifts pay enough to rebuild.,%s免费加入了。缺英雄又缺金币的公会会吸引志愿者；F阶裂隙的报酬足以重整旗鼓。,scripts/autoload/game_state/GameStateQuests.gd:665
"Payday: %d Gold in wages, %s.",发薪日：薪水%d金币，%s。,scripts/autoload/game_state/GameStateQuests.gd:675
%d in upkeep,维护费%d,scripts/autoload/game_state/GameStateQuests.gd:675
upkeep unpaid (-%d Renown),维护费未付（-%d声望）,scripts/autoload/game_state/GameStateQuests.gd:675
 Unpaid: %s., 未付薪：%s。,scripts/autoload/game_state/GameStateQuests.gd:677
 Walked out: %s., 离开：%s。,scripts/autoload/game_state/GameStateQuests.gd:679
%s the %s (Renown %d vs %d).,%s%s（声望%d对%d）。,scripts/autoload/game_state/GameStateQuests.gd:681
Your guild leads,你的公会领先于,scripts/autoload/game_state/GameStateQuests.gd:681
The guild trails,公会落后于,scripts/autoload/game_state/GameStateQuests.gd:681
Your guild is level with,你的公会持平于,scripts/autoload/game_state/GameStateQuests.gd:681
 Recruits favor you this week: +1 offer., 本周新兵青睐你：+1份邀约。,scripts/autoload/game_state/GameStateQuests.gd:681
 Recruits favor them this week: -1 offer., 本周新兵青睐他们：-1份邀约。,scripts/autoload/game_state/GameStateQuests.gd:681
"%d Gold in wages, %s",薪水%d金币，%s,scripts/autoload/game_state/GameStateQuests.gd:683
%d upkeep,维护费%d,scripts/autoload/game_state/GameStateQuests.gd:683
 · couldn't pay %s, · 无法支付%s,scripts/autoload/game_state/GameStateQuests.gd:685
 · %s walked out, · %s离开了,scripts/autoload/game_state/GameStateQuests.gd:687
Payday,发薪日,scripts/autoload/game_state/GameStateQuests.gd:688
The guild needs at least one hero,公会至少需要一名英雄,scripts/autoload/game_state/GameStateQuests.gd:779
%s left the guild.,%s离开了公会。,scripts/autoload/game_state/GameStateQuests.gd:781
Already feasted this week,本周已经办过宴席,scripts/autoload/game_state/GameStateQuests.gd:798
A feast in the hall: +%d morale for %d hero%s%s.,大厅里的宴席：士气+%d，惠及%d名英雄%s%s。,scripts/autoload/game_state/GameStateQuests.gd:808
 (no seats for %d), （%d人没有座位）,scripts/autoload/game_state/GameStateQuests.gd:808
"%s of %s: ""%s""","%s的%s：""%s""",scripts/autoload/game_state/GameStateQuests.gd:827
%s is courting %s,%s正在拉拢%s,scripts/autoload/game_state/GameStateQuests.gd:893
a hero,一名英雄,scripts/autoload/game_state/GameStateQuests.gd:893
%s dares you to seal a Rank %s rift by payday,%s挑战你在发薪日前封印一座%s阶裂隙,scripts/autoload/game_state/GameStateQuests.gd:895
%s is after one of your posted contracts,%s盯上了你发布的一份契约,scripts/autoload/game_state/GameStateQuests.gd:897
"%s has offered %s a place, and better pay. Match it, or let %s choose: a hero stays at morale %d or above (now %d).",%s向%s提供了一个位置和更高的薪水。跟价，或让%s自己选择：士气%d或以上的英雄会留下（目前为%d）。,scripts/autoload/game_state/GameStateQuests.gd:907
You took the dare. Seal a Rank %s rift (or higher) before payday: +%d Renown and they lose %d. Miss it and they gain %d.,你接受了挑战。在发薪日前封印一座%s阶（或更高）裂隙：+%d声望，他们失去%d。失败则他们获得%d。,scripts/autoload/game_state/GameStateQuests.gd:910
"%s says your guild can't seal a Rank %s rift before payday, and says it in every tavern.",%s说你的公会无法在发薪日前封印一座%s阶裂隙，还在每家酒馆里这么说。,scripts/autoload/game_state/GameStateQuests.gd:911
"%s means to take the contract ""%s"" off the board. Take it on now, or let it go.","%s打算从告示板上拿走契约""%s""。现在接下，或者放手。",scripts/autoload/game_state/GameStateQuests.gd:914
"Counter-offer: %d Gold, +%d morale",还价：%d金币，士气+%d,scripts/autoload/game_state/GameStateQuests.gd:945
Let them choose (they'd %s),让他们选择（他们会%s）,scripts/autoload/game_state/GameStateQuests.gd:946
stay,留下,scripts/autoload/game_state/GameStateQuests.gd:946
leave,离开,scripts/autoload/game_state/GameStateQuests.gd:946
"Accept: +%d Renown if you do it, they gain %d if not",接受：成功则+%d声望，失败则他们获得%d,scripts/autoload/game_state/GameStateQuests.gd:950
Decline: they gain %d Renown,拒绝：他们获得%d声望,scripts/autoload/game_state/GameStateQuests.gd:951
Take it on now (due in %d days),现在接下（%d天内完成）,scripts/autoload/game_state/GameStateQuests.gd:955
You already have %d contracts.,你已有%d份契约。,scripts/autoload/game_state/GameStateQuests.gd:955
Let them have it,让给他们,scripts/autoload/game_state/GameStateQuests.gd:956
Nothing to answer.,没有需要回应的。,scripts/autoload/game_state/GameStateQuests.gd:963
You matched %s's offer; %s stays.,你跟上了%s的出价；%s留下了。,scripts/autoload/game_state/GameStateQuests.gd:975
%s turned down %s and stays with the guild.,%s拒绝了%s，留在公会。,scripts/autoload/game_state/GameStateQuests.gd:979
%s left to join %s.,%s离开去加入%s。,scripts/autoload/game_state/GameStateQuests.gd:982
A hero left,一名英雄离开了,scripts/autoload/game_state/GameStateQuests.gd:983
%s joined %s.,%s加入了%s。,scripts/autoload/game_state/GameStateQuests.gd:983
You took %s's dare: a Rank %s rift by payday.,你接受了%s的挑战：发薪日前拿下一座%s阶裂隙。,scripts/autoload/game_state/GameStateQuests.gd:988
You turned down %s's dare; they crow about it (+%d Renown to them).,你拒绝了%s的挑战；他们四处吹嘘（他们+%d声望）。,scripts/autoload/game_state/GameStateQuests.gd:993
"Dare won: a Rank %s rift sealed. +%d Renown, and %s loses %d.",挑战成功：封印了一座%s阶裂隙。+%d声望，%s失去%d。,scripts/autoload/game_state/GameStateQuests.gd:1016
Dare won,挑战成功,scripts/autoload/game_state/GameStateQuests.gd:1017
+%d Renown; %s loses %d.,+%d声望；%s失去%d。,scripts/autoload/game_state/GameStateQuests.gd:1017
Dare lost: no Rank %s rift by payday. %s gains %d Renown.,挑战失败：发薪日前未封印%s阶裂隙。%s获得%d声望。,scripts/autoload/game_state/GameStateQuests.gd:1028
Dare lost,挑战失败,scripts/autoload/game_state/GameStateQuests.gd:1029
%s gains %d Renown.,%s获得%d声望。,scripts/autoload/game_state/GameStateQuests.gd:1029
%s — no answer by payday.,%s — 发薪日前未答复。,scripts/autoload/game_state/GameStateQuests.gd:1032
"You won the month's contest, %d Renown to %d: +%d Gold, +%d Renown.",你赢得了本月的竞赛，声望%d对%d：+%d金币，+%d声望。,scripts/autoload/game_state/GameStateQuests.gd:1062
Contest won,竞赛获胜,scripts/autoload/game_state/GameStateQuests.gd:1063
"%d Renown gained to %s's %d. +%d Gold, +%d Renown.",你获得%d声望，%s为%d。+%d金币，+%d声望。,scripts/autoload/game_state/GameStateQuests.gd:1063
"%s won the month's contest, %d Renown to your %d.",%s赢得了本月的竞赛，声望%d对你的%d。,scripts/autoload/game_state/GameStateQuests.gd:1066
Contest lost,竞赛落败,scripts/autoload/game_state/GameStateQuests.gd:1067
%s gained %d Renown to your %d and takes the prize.,%s获得%d声望，你为%d，奖品归他们。,scripts/autoload/game_state/GameStateQuests.gd:1067
The month's contest ends level at %d Renown each.,本月竞赛打平，双方各%d声望。,scripts/autoload/game_state/GameStateQuests.gd:1069
New: %s,新：%s,scripts/autoload/game_state/GameStateRuns.gd:85
New at camp,营地新动态,scripts/autoload/game_state/GameStateRuns.gd:92
 — check the tabs above., — 查看上方的标签页。,scripts/autoload/game_state/GameStateRuns.gd:92
Sworn to fight By Hand: no Quick fight,立誓亲力亲为：禁用快速战斗,scripts/autoload/game_state/GameStateRuns.gd:327
A finale is fought in full,终章战斗必须完整进行,scripts/autoload/game_state/GameStateRuns.gd:329
"Quick fight opens once you seal a Rank %s rift, or with a party at %d%% of Recommended power",封印一座%s阶裂隙后，或小队战力达到推荐值的%d%%时，开放快速战斗,scripts/autoload/game_state/GameStateRuns.gd:333
Captain Morrow is beaten; the Hollow Crown Company is finished.,Morrow队长被击败；空洞王冠佣兵团完了。,scripts/autoload/game_state/GameStateRuns.gd:436
The party rests by the fire and recovers %d%% HP.,小队在火边休息，恢复%d%%生命值。,scripts/autoload/game_state/GameStateRuns.gd:563
The party drills together: +%d XP each.,小队一同操练：每人+%d经验。,scripts/autoload/game_state/GameStateRuns.gd:567
"Weapons sharpened, focus restored — the next fight starts with +4 Momentum.",兵刃磨利，心神重聚——下一场战斗开局+4气势。,scripts/autoload/game_state/GameStateRuns.gd:570
%+d Resolve.,决心%+d。,scripts/autoload/game_state/GameStateRuns.gd:573
"%s check (%s, %d vs %d): %s.",%s检定（%s，%d对%d）：%s。,scripts/autoload/game_state/GameStateRuns.gd:622
Luck is with you.,运气站在你这边。,scripts/autoload/game_state/GameStateRuns.gd:627
Luck is not with you.,运气没站在你这边。,scripts/autoload/game_state/GameStateRuns.gd:627
You move on.,你继续前进。,scripts/autoload/game_state/GameStateRuns.gd:632
+%d Gold.,+%d金币。,scripts/autoload/game_state/GameStateRuns.gd:669
+%d Essence.,+%d精华。,scripts/autoload/game_state/GameStateRuns.gd:673
Every hero gains %d XP.,每位英雄获得%d经验。,scripts/autoload/game_state/GameStateRuns.gd:681
The party heals %d%% HP.,小队恢复%d%%生命值。,scripts/autoload/game_state/GameStateRuns.gd:685
Everyone loses %d%% HP.,所有人损失%d%%生命值。,scripts/autoload/game_state/GameStateRuns.gd:689
The next fight starts with +3 Momentum.,下一场战斗开局+3气势。,scripts/autoload/game_state/GameStateRuns.gd:692
+%d Healing Tonic.,+%d治疗药剂。,scripts/autoload/game_state/GameStateRuns.gd:699
You can't carry another tonic.,你带不下更多药剂了。,scripts/autoload/game_state/GameStateRuns.gd:699
A %d-point shield against hazards.,抵御险境的%d点护盾。,scripts/autoload/game_state/GameStateRuns.gd:702
You receive: %s (%s).,你获得：%s（%s）。,scripts/autoload/game_state/GameStateRuns.gd:710
%s is tempered on the old anvil.,%s在旧铁砧上完成淬炼。,scripts/autoload/game_state/GameStateRuns.gd:783
The shrine answers: %s learn the most.,圣坛回应：%s学到的最多。,scripts/autoload/game_state/GameStateRuns.gd:806
"The shrine answers, faintly: a little XP for everyone.",圣坛微弱地回应：每人获得少许经验。,scripts/autoload/game_state/GameStateRuns.gd:806
You pocket the offerings: +%d Gold. The candles gutter out behind you (%d Resolve).,你把供品揣进兜里：+%d金币。身后的蜡烛摇曳着熄灭了（决心%d）。,scripts/autoload/game_state/GameStateRuns.gd:825
%s trains with the echo: level %d.,%s与回响一同训练：%d级。,scripts/autoload/game_state/GameStateRuns.gd:840
%s trains with the echo: +%d attribute points.,%s与回响一同训练：+%d属性点。,scripts/autoload/game_state/GameStateRuns.gd:843
The Anchor Artifact snuffs the hazard before it strikes.,锚定神器在险境发作前将其扑灭。,scripts/autoload/game_state/GameStateRuns.gd:931
Relic wards absorb %d of the hazard.,遗物护盾吸收了%d点险境伤害。,scripts/autoload/game_state/GameStateRuns.gd:936
The hazard deals %d damage across the party.,险境对小队造成%d点伤害。,scripts/autoload/game_state/GameStateRuns.gd:944
You scavenge %d Gold on the way through.,你在途中搜刮到%d金币。,scripts/autoload/game_state/GameStateRuns.gd:953
Essence found in the rubble: +%d.,在瓦砾中找到精华：+%d。,scripts/autoload/game_state/GameStateRuns.gd:956
You pay %d Essence and bypass the hazard entirely.,你支付%d精华，完全绕过险境。,scripts/autoload/game_state/GameStateRuns.gd:996
Fifty rifts,五十座裂隙,scripts/autoload/game_state/GameStateRuns.gd:1156
%s & %s,%s & %s,scripts/autoload/game_state/GameStateRuns.gd:1168
"A bond, written down",写下的羁绊,scripts/autoload/game_state/GameStateRuns.gd:1168
%s & %s (Lv%d),%s & %s（%d级）,scripts/autoload/game_state/GameStateRuns.gd:1169
Bond deepened — Lv%d,羁绊加深 — %d级,scripts/autoload/game_state/GameStateRuns.gd:1170
%s & %s: +%d%% party damage while both stand,%s & %s：两人都站着时小队伤害+%d%%,scripts/autoload/game_state/GameStateRuns.gd:1170
Bonds deepen: %s.,羁绊加深：%s。,scripts/autoload/game_state/GameStateRuns.gd:1172
%s: %s+%d essence,%s：%s+%d精华,scripts/autoload/game_state/GameStateRuns.gd:1230
"+%d gold, ",+%d金币， ,scripts/autoload/game_state/GameStateRuns.gd:1230
", the relic %s",，遗物%s,scripts/autoload/game_state/GameStateRuns.gd:1235
", the title ""%s""","，称号""%s""",scripts/autoload/game_state/GameStateRuns.gd:1237
"The pillar of light gives way, and %s steps out of it. %s

%s","光柱消散，%s从中走出。%s

%s",scripts/autoload/game_state/GameStateRuns.gd:1261
%+d Resolve,决心%+d,scripts/autoload/game_state/GameStateRuns.gd:1416
The party fell at depth %d of the Descent and lost %d Gold and %d Essence on the way out.,小队在深渊下行第%d层倒下，撤离途中损失%d金币和%d精华。,scripts/autoload/game_state/GameStateRuns.gd:1433
The party fell and lost %d Gold and %d Essence on the way out.,小队倒下，撤离途中损失%d金币和%d精华。,scripts/autoload/game_state/GameStateRuns.gd:1435
The party fled and dropped %d Gold and %d Essence on the way out.,小队撤退，途中丢失%d金币和%d精华。,scripts/autoload/game_state/GameStateRuns.gd:1435
Field Triage,战地分诊,scripts/autoload/game_state/GameStateRuns.gd:1515
Needs %d idle hero%s at camp,需要营地有%d名空闲英雄%s,scripts/autoload/game_state/GameStateRuns.gd:1539
No healer can do it,没有治疗者能做到,scripts/autoload/game_state/GameStateRuns.gd:1552
A new guild can't leave anyone behind,新公会不能丢下任何人,scripts/autoload/game_state/GameStateRuns.gd:1568
Found alive,生还,scripts/autoload/game_state/GameStateRuns.gd:1583
%s is carried home from the sealed rift,%s从封印的裂隙中被抬回家,scripts/autoload/game_state/GameStateRuns.gd:1583
Lost in the rift,迷失于裂隙,scripts/autoload/game_state/GameStateRuns.gd:1599
%s was left behind and never came back,%s被留下，再也没有回来,scripts/autoload/game_state/GameStateRuns.gd:1599
Left behind in a %s,被留在%s中,scripts/autoload/game_state/GameStateRuns.gd:1600
The party climbed out of the Descent at depth %d.,小队在深度%d爬出了深渊下行。,scripts/autoload/game_state/GameStateRuns.gd:1736
Not researched yet,尚未研究,scripts/defense/DefenseRun.gd:365
Something is built here,此处已有建筑,scripts/defense/DefenseRun.gd:367
Not enough supplies,补给不足,scripts/defense/DefenseRun.gd:369
Nothing built here,此处没有建筑,scripts/defense/DefenseRun.gd:390
Research raises the tier cap,研究可提高等级上限,scripts/defense/DefenseRun.gd:392
Fully upgraded,已完全升级,scripts/defense/DefenseRun.gd:392
"Build towers on the pads, then call the first wave",在平台上建塔，然后召来第一波,scripts/defense/DefenseView.gd:124
[A foe breaks through],[一名敌人突破了防线],scripts/defense/DefenseView.gd:247
The last wave!,最后一波！,scripts/defense/DefenseView.gd:251
A warden leads it,由一名守卫率领,scripts/defense/DefenseView.gd:251
[A warden approaches],[一名守卫逼近],scripts/defense/DefenseView.gd:252
Wave %d of %d,第%d波，共%d波,scripts/defense/DefenseView.gd:254
Wave cleared,本波已清除,scripts/defense/DefenseView.gd:256
Build and upgrade before the next one,在下一波前建造和升级,scripts/defense/DefenseView.gd:256
+%d supplies,+%d补给,scripts/defense/DefenseView.gd:258
[%s falls],[%s倒下],scripts/defense/DefenseView.gd:263
%s is back,%s回来了,scripts/defense/DefenseView.gd:265
Build a tower,建造塔,scripts/defense/DefenseView.gd:348
%s (tier %d),%s（%d级）,scripts/defense/DefenseView.gd:366
Upgrade — %d,升级 — %d,scripts/defense/DefenseView.gd:377
Sell — +%d,出售 — +%d,scripts/defense/DefenseView.gd:383
Close,关闭,scripts/defense/DefenseView.gd:387
Game speed,游戏速度,scripts/defense/DefenseView.gd:446
Pause,暂停,scripts/defense/DefenseView.gd:452
Tap a pad to build · tap the ground to send your champion,点击平台建造 · 点击地面派遣勇者,scripts/defense/DefenseView.gd:456
Tap a pad to build · tap the ground to send your champion · Space: next wave,点击平台建造 · 点击地面派遣勇者 · Space：下一波,scripts/defense/DefenseView.gd:456
Wave %d / %d,第%d / %d波,scripts/defense/DefenseView.gd:480
Integrity %d / %d,完整度 %d / %d,scripts/defense/DefenseView.gd:481
Supplies %d,补给 %d,scripts/defense/DefenseView.gd:483
Next wave in %ds,下一波：%d秒,scripts/defense/DefenseView.gd:485
Wave in progress,波次进行中,scripts/defense/DefenseView.gd:485
Call it now (+%d),立即召来（+%d）,scripts/defense/DefenseView.gd:487
Paused,已暂停,scripts/defense/DefenseView.gd:577
Resume,继续,scripts/defense/DefenseView.gd:579
Abandon the defense (counts as lost),放弃防守（视为失败）,scripts/defense/DefenseView.gd:583
The defenders are overrun,守军被击溃,scripts/defense/DefenseView.gd:598
Integrity %d / %d · %d foes slain,完整度 %d / %d · 击杀%d名敌人,scripts/defense/DefenseView.gd:599
+%d gold · +%d essence,+%d金币 · +%d精华,scripts/defense/DefenseView.gd:601
Lost from the stores: %d gold · %d essence,仓库损失：%d金币 · %d精华,scripts/defense/DefenseView.gd:603
Damaged: %s — it works a level lower until repaired (Guild > Manage),受损：%s — 修好前等级降低一级（公会 > 管理）,scripts/defense/DefenseView.gd:605
Wounded: %s,受伤：%s,scripts/defense/DefenseView.gd:607
Return to the guild,返回公会,scripts/defense/DefenseView.gd:614
The horde,兽群,scripts/survivors/SurvivorsRun.gd:30
A swarm,虫群,scripts/survivors/SurvivorsRun.gd:31
"Weak but many, and fast",弱小但数量多，速度快,scripts/survivors/SurvivorsRun.gd:31
An elite pack,精英群,scripts/survivors/SurvivorsRun.gd:32
Its leader carries a chest,首领携带宝箱,scripts/survivors/SurvivorsRun.gd:32
Archers and casters,弓手与施法者,scripts/survivors/SurvivorsRun.gd:33
Step aside from their bolts,避开它们的飞弹,scripts/survivors/SurvivorsRun.gd:33
A lull,间歇,scripts/survivors/SurvivorsRun.gd:34
A chest lies nearby,附近有一个宝箱,scripts/survivors/SurvivorsRun.gd:34
"Every 5s: shoves foes around the hero, stunning them",每5秒：推开英雄周围的敌人并眩晕,scripts/survivors/SurvivorsRun.gd:91
"Every 10s: draws every foe to this hero for 3s, taking 40% less",每10秒：将所有敌人吸引至该英雄3秒，受到伤害降低40%,scripts/survivors/SurvivorsRun.gd:92
Every 3s: a piercing shot at the toughest foe in sight,每3秒：向视野内最坚韧的敌人射出穿透箭,scripts/survivors/SurvivorsRun.gd:93
Every 4s: a ring of arrows,每4秒：一圈箭雨,scripts/survivors/SurvivorsRun.gd:94
Every 2.5s: a bursting bolt at the toughest foe near,每2.5秒：向附近最坚韧的敌人发射爆裂飞弹,scripts/survivors/SurvivorsRun.gd:95
Every 7s: freezes every foe close by,每7秒：冻结附近所有敌人,scripts/survivors/SurvivorsRun.gd:96
Every 6s: heals the most-hurt hero 20%,每6秒：为受伤最重的英雄恢复20%,scripts/survivors/SurvivorsRun.gd:97
Every 12s: heals the whole party 12%,每12秒：为全队恢复12%,scripts/survivors/SurvivorsRun.gd:98
"Every 3s: a heavy stab, heavier on a wounded foe",每3秒：一记重刺，对受伤敌人更重,scripts/survivors/SurvivorsRun.gd:99
Every 10s: +40% dodge for the party for 3s,每10秒：小队闪避+40%，持续3秒,scripts/survivors/SurvivorsRun.gd:100
Aftershock,余震,scripts/survivors/SurvivorsRun.gd:110
fires again a moment later at half strength,片刻后以一半威力再次发射,scripts/survivors/SurvivorsRun.gd:110
Kindled,点燃,scripts/survivors/SurvivorsRun.gd:111
sets the foes it touches alight,点燃所触及的敌人,scripts/survivors/SurvivorsRun.gd:111
slows the foes it touches for 4s,使所触及的敌人减速4秒,scripts/survivors/SurvivorsRun.gd:112
Expose,破绽,scripts/survivors/SurvivorsRun.gd:113
marks the foes it touches: they take 30% more damage for 6s,标记所触及的敌人：6秒内受到伤害+30%,scripts/survivors/SurvivorsRun.gd:113
Stagger,踉跄,scripts/survivors/SurvivorsRun.gd:114
stuns the foes it touches for 1s,使所触及的敌人眩晕1秒,scripts/survivors/SurvivorsRun.gd:114
heals the party 2% for every foe it touches (up to 12%),每触及一个敌人为小队恢复2%（最多12%）,scripts/survivors/SurvivorsRun.gd:115
Shrapnel,弹片,scripts/survivors/SurvivorsRun.gd:116
bursts into 8 piercing shards,炸成8块穿透碎片,scripts/survivors/SurvivorsRun.gd:116
Radiance,光辉,scripts/survivors/SurvivorsRun.gd:117
"light bursts around every champion, burning nearby foes",每位勇者周围爆发光芒，灼烧附近敌人,scripts/survivors/SurvivorsRun.gd:117
the party takes half damage for 3s,小队3秒内受到伤害减半,scripts/survivors/SurvivorsRun.gd:118
the party hits 25% harder for 4s,小队4秒内伤害提高25%,scripts/survivors/SurvivorsRun.gd:119
the party regains 3% HP a second for 5s,小队5秒内每秒恢复3%生命值,scripts/survivors/SurvivorsRun.gd:120
Smokescreen,烟幕,scripts/survivors/SurvivorsRun.gd:121
the party dodges far more for 3s,小队3秒内大幅提高闪避,scripts/survivors/SurvivorsRun.gd:121
Sharpened Steel,磨利钢刃,scripts/survivors/SurvivorsRun.gd:136
+15% damage for the whole party,全队伤害+15%,scripts/survivors/SurvivorsRun.gd:136
Battle Rhythm,战斗节奏,scripts/survivors/SurvivorsRun.gd:137
Attacks come 10% faster,攻击速度加快10%,scripts/survivors/SurvivorsRun.gd:137
Wide Arcs,广域弧斩,scripts/survivors/SurvivorsRun.gd:138
+20% attack area and burst size,攻击范围和爆炸范围+20%,scripts/survivors/SurvivorsRun.gd:138
Split Shot,分裂射击,scripts/survivors/SurvivorsRun.gd:139
Rangers and Mages fire one more projectile,游侠和法师多发射一枚弹体,scripts/survivors/SurvivorsRun.gd:139
Vigor,活力,scripts/survivors/SurvivorsRun.gd:140
"+20% max HP, and heal 30% now",最大生命值+20%，并立即恢复30%,scripts/survivors/SurvivorsRun.gd:140
Heroes regain 1% HP every second,英雄每秒恢复1%生命值,scripts/survivors/SurvivorsRun.gd:141
Tempered Plate,淬火板甲,scripts/survivors/SurvivorsRun.gd:142
Take 12% less damage from foes,受到敌人伤害降低12%,scripts/survivors/SurvivorsRun.gd:142
Fleet Foot,疾足,scripts/survivors/SurvivorsRun.gd:143
+12% move speed,移动速度+12%,scripts/survivors/SurvivorsRun.gd:143
Shard Lure,碎片诱饵,scripts/survivors/SurvivorsRun.gd:144
+50% pickup range,拾取范围+50%,scripts/survivors/SurvivorsRun.gd:144
Focused Mind,专注之心,scripts/survivors/SurvivorsRun.gd:145
Abilities come back 20% sooner,技能冷却缩短20%,scripts/survivors/SurvivorsRun.gd:145
Barbed Guard,倒刺护甲,scripts/survivors/SurvivorsRun.gd:146
Foes that hit a hero take 40% of your damage back,攻击英雄的敌人承受你伤害的40%,scripts/survivors/SurvivorsRun.gd:146
Warriors' sweeps reach 40% farther and strike twice,战士的横扫范围扩大40%并命中两次,scripts/survivors/SurvivorsRun.gd:151
Thousand Cuts,千刃,scripts/survivors/SurvivorsRun.gd:152
Rogues' stabs hit the three nearest foes,盗贼的刺击命中最近的三个敌人,scripts/survivors/SurvivorsRun.gd:152
Rangers' arrows pierce every foe in their path,游侠的箭矢穿透路径上所有敌人,scripts/survivors/SurvivorsRun.gd:153
Starfall,星落,scripts/survivors/SurvivorsRun.gd:154
Mages' bolts burst twice as wide and set foes alight,法师的飞弹爆炸范围翻倍并点燃敌人,scripts/survivors/SurvivorsRun.gd:154
Sanctum,圣所,scripts/survivors/SurvivorsRun.gd:155
Clerics' pulses reach 40% farther and heal the party 3%,牧师的脉冲范围扩大40%并为小队恢复3%,scripts/survivors/SurvivorsRun.gd:155
Bloodfang,血牙,scripts/survivors/SurvivorsRun.gd:159
Every kill heals the party 0.2%,每次击杀为小队恢复0.2%,scripts/survivors/SurvivorsRun.gd:159
Gilded Idol,镀金神像,scripts/survivors/SurvivorsRun.gd:160
+40% gold from this run,本次行动金币+40%,scripts/survivors/SurvivorsRun.gd:160
Echo Stone,回响之石,scripts/survivors/SurvivorsRun.gd:161
Every Ability fires twice,每个技能发动两次,scripts/survivors/SurvivorsRun.gd:161
"The first time your lead falls, they rise at half health",首领英雄首次倒下时，以一半生命值复起,scripts/survivors/SurvivorsRun.gd:162
Storm Crown,风暴之冠,scripts/survivors/SurvivorsRun.gd:163
Lightning strikes a foe near the party every 1.5s,每1.5秒闪电劈中小队附近的一名敌人,scripts/survivors/SurvivorsRun.gd:163
Lodestone,磁石,scripts/survivors/SurvivorsRun.gd:164
"+60% pickup range, and every 30s every shard flies to you",拾取范围+60%，每30秒所有碎片飞向你,scripts/survivors/SurvivorsRun.gd:164
Sandglass,沙漏,scripts/survivors/SurvivorsRun.gd:165
Foes move 15% slower,敌人移动速度降低15%,scripts/survivors/SurvivorsRun.gd:165
Ember Heart,余烬之心,scripts/survivors/SurvivorsRun.gd:166
Foes that strike a hero catch fire,攻击英雄的敌人会着火,scripts/survivors/SurvivorsRun.gd:166
Rift Aegis,裂隙圣盾,scripts/survivors/SurvivorsRun.gd:167
Every 20s the party takes half damage for 3s,每20秒小队受到伤害减半，持续3秒,scripts/survivors/SurvivorsRun.gd:167
Rift Warden,裂隙守卫,scripts/survivors/SurvivorsRun.gd:442
Fused: %s + %s,已融合：%s + %s,scripts/survivors/SurvivorsRun.gd:1449
Evolve: ,进化： ,scripts/survivors/SurvivorsRun.gd:1502
Fuse: %s + %s,融合：%s + %s,scripts/survivors/SurvivorsRun.gd:1511
"%s and %s fire together, 25%% harder, and each carries the other's mods",%s与%s一同发射，伤害提高25%%，且各自带有对方的改造,scripts/survivors/SurvivorsRun.gd:1512
Fires 20% sooner and hits 30% harder,发射速度加快20%，伤害提高30%,scripts/survivors/SurvivorsRun.gd:1524
%s: %s rank %d,%s：%s %d级,scripts/survivors/SurvivorsRun.gd:1538
Button,按钮,scripts/survivors/SurvivorsView.gd:182
[The warden falls],[守卫倒下],scripts/survivors/SurvivorsView.gd:325
[An elite falls],[一名精英倒下],scripts/survivors/SurvivorsView.gd:325
A lost champion's light!,迷失勇者的光芒！,scripts/survivors/SurvivorsView.gd:337
Stand in it to free %s,站在其中以解放%s,scripts/survivors/SurvivorsView.gd:337
[A lost champion calls out],[一位迷失的勇者在呼唤],scripts/survivors/SurvivorsView.gd:338
%s is free!,%s获得自由！,scripts/survivors/SurvivorsView.gd:341
They join your champions when the run ends,行动结束后他们将加入你的勇者,scripts/survivors/SurvivorsView.gd:341
[A champion is freed],[一位勇者获得解放],scripts/survivors/SurvivorsView.gd:342
Fusion: %s + %s,融合：%s + %s,scripts/survivors/SurvivorsView.gd:345
"They fire together now, and share their mods",它们现在一同发射，并共享改造,scripts/survivors/SurvivorsView.gd:345
The Rift Warden: %s!,裂隙守卫：%s！,scripts/survivors/SurvivorsView.gd:354
Bring it down to seal the rift,击倒它以封印裂隙,scripts/survivors/SurvivorsView.gd:354
%s emerges!,%s现身！,scripts/survivors/SurvivorsView.gd:356
[%s roars],[%s咆哮],scripts/survivors/SurvivorsView.gd:357
[A chest drops],[掉落宝箱],scripts/survivors/SurvivorsView.gd:362
Healed!,已治疗！,scripts/survivors/SurvivorsView.gd:369
Shards come to you,碎片飞向你,scripts/survivors/SurvivorsView.gd:369
Boom!,轰！,scripts/survivors/SurvivorsView.gd:369
[A slam hits the party],[一记猛击命中小队],scripts/survivors/SurvivorsView.gd:379
[Ground slam],[地面猛击],scripts/survivors/SurvivorsView.gd:381
The rift is sealed!,裂隙已封印！,scripts/survivors/SurvivorsView.gd:383
%s calls the horde!,%s召唤兽群！,scripts/survivors/SurvivorsView.gd:386
[%s is down],[%s倒下],scripts/survivors/SurvivorsView.gd:388
Drag to move,拖动以移动,scripts/survivors/SurvivorsView.gd:543
"Move: WASD / arrows, or drag  ·  Pause: Esc",移动：WASD / 方向键，或拖动  ·  暂停：Esc,scripts/survivors/SurvivorsView.gd:543
%d kills,击杀%d,scripts/survivors/SurvivorsView.gd:579
Level %d,%d级,scripts/survivors/SurvivorsView.gd:580
Everything is maxed — carry on,一切已满级——继续前进,scripts/survivors/SurvivorsView.gd:733
A rift chest,裂隙宝箱,scripts/survivors/SurvivorsView.gd:738
Take one relic for the rest of this run,选择一件遗物用于本次行动的剩余时间,scripts/survivors/SurvivorsView.gd:740
Every relic found: take 60 gold,所有遗物都已找到：拿走60金币,scripts/survivors/SurvivorsView.gd:744
Upgrades: ,升级： ,scripts/survivors/SurvivorsView.gd:813
none yet,暂无,scripts/survivors/SurvivorsView.gd:813
Leave the rift (keep what you've earned),离开裂隙（保留已获得的）,scripts/survivors/SurvivorsView.gd:822
The rift closes,裂隙关闭,scripts/survivors/SurvivorsView.gd:855
Sealed at %d:%02d,封印于%d:%02d,scripts/survivors/SurvivorsView.gd:857
Survived %d:%02d,存活%d:%02d,scripts/survivors/SurvivorsView.gd:857
  — a new best!,  — 新纪录！,scripts/survivors/SurvivorsView.gd:857
%d kills · %d elites · %d wardens · reached level %d,击杀%d · 精英%d · 守卫%d · 达到%d级,scripts/survivors/SurvivorsView.gd:858
Freed: %s — they join your champions,已解放：%s — 他们将加入你的勇者,scripts/survivors/SurvivorsView.gd:862
Found: %s,找到：%s,scripts/survivors/SurvivorsView.gd:864
Milestone! ,里程碑！ ,scripts/survivors/SurvivorsView.gd:866
Space,Space,scripts/ui/BattleView.gd:274
Tab,Tab,scripts/ui/BattleView.gd:275
Press and hold,长按,scripts/ui/BattleView.gd:294
Hold a finger on anything to read what it does.,用手指按住任意元素即可查看其作用。,scripts/ui/BattleView.gd:294
Escape,Escape,scripts/ui/BattleView.gd:381
Acting now: ,当前行动： ,scripts/ui/BattleView.gd:559
[Heavy blow on %s],[%s遭到重击],scripts/ui/BattleView.gd:770
"Auto paused: %s is about to fall. Defend, Guard or heal, then turn Auto back on.",自动已暂停：%s即将倒下。防御、守护或治疗，然后重新开启自动。,scripts/ui/BattleView.gd:1081
%s acts…,%s行动中…,scripts/ui/BattleView.gd:1128
%s · %d HP,%s · %d生命值,scripts/ui/BattleView.gd:1189
Resolve %d: foes strike first this fight.,决心%d：本场战斗敌人先手。,scripts/ui/BattleView.gd:1195
"Resolve broken: foes strike first, no starting Momentum, %d%% less damage.",决心崩溃：敌人先手，无初始气势，伤害降低%d%%。,scripts/ui/BattleView.gd:1195
A boss awaits.,首领在等着。,scripts/ui/BattleView.gd:1213
An elite awaits.,精英在等着。,scripts/ui/BattleView.gd:1213
A pillar of light awaits.,光柱在等着。,scripts/ui/BattleView.gd:1213
A fight awaits.,战斗在等着。,scripts/ui/BattleView.gd:1213
"Feat: %s. %s By hand: +%d%% Gold and Essence, and an elite offers one more boon.",功绩：%s。%s 亲手作战：金币和精华+%d%%，且精英多提供一个恩赐。,scripts/ui/BattleView.gd:1218
%s is held in this pillar of light. Beat its keeper to free them.,%s被困在这根光柱中。击败其看守者以解放他们。,scripts/ui/BattleView.gd:1222
+%d%% damage and HP,伤害和生命值+%d%%,scripts/ui/BattleView.gd:1227
Vanguard first strike,先锋先手攻击,scripts/ui/BattleView.gd:1229
+3 starting Momentum,初始气势+3,scripts/ui/BattleView.gd:1231
Drill Yard: ,操练场： ,scripts/ui/BattleView.gd:1233
Win by hand with no one down: +%d%% Gold and Essence.,亲手获胜且无人倒下：金币和精华+%d%%。,scripts/ui/BattleView.gd:1237
Elites and bosses are fought in full: no Quick fight.,精英和首领战须完整进行：禁用快速战斗。,scripts/ui/BattleView.gd:1242
Quick fight  (Q),快速战斗  (Q),scripts/ui/BattleView.gd:1245
Play the whole fight out instantly on Auto and jump to the result,以自动模式瞬间打完整场战斗并跳至结果,scripts/ui/BattleView.gd:1248
"At stake: if the party falls, %d Gold and %d Essence of this run's haul are lost. Party power %d of %d recommended. Retreat keeps it all.",风险：若小队倒下，将失去本次战利品中的%d金币和%d精华。小队战力%d，推荐%d。撤退可保留全部。,scripts/ui/BattleView.gd:1266
No one in the party can fight. Leave the rift: you keep your loot.,小队中无人能战斗。离开裂隙：你保留战利品。,scripts/ui/BattleView.gd:1271
Leave rift,离开裂隙,scripts/ui/BattleView.gd:1274
Engage  (Space),交战  (Space),scripts/ui/BattleView.gd:1280
%s · %d round%s,%s · %d回合%s,scripts/ui/BattleView.gd:1306
Hide log,隐藏记录,scripts/ui/BattleView.gd:1307
Fight log,战斗记录,scripts/ui/BattleView.gd:1307
Show or hide the full fight log,显示或隐藏完整战斗记录,scripts/ui/BattleView.gd:1307
Victory!,胜利！,scripts/ui/BattleView.gd:1351
 (%d from Amplifiers), （其中%d来自增幅器）,scripts/ui/BattleView.gd:1362
  +%d Essence cache (Resonance),  +%d精华储备（共鸣）,scripts/ui/BattleView.gd:1364
  +%d extracted,  +%d已提取,scripts/ui/BattleView.gd:1367
Hero pages: spend the new points,英雄页面：分配新获得的点数,scripts/ui/BattleView.gd:1374
"Feat done: +%d Gold, +%d Essence.",功绩达成：+%d金币，+%d精华。,scripts/ui/BattleView.gd:1380
"Flawless, by hand: +%d Gold, +%d Essence (no one went down and you played every turn).",完美亲手作战：+%d金币，+%d精华（无人倒下，且每回合都由你操作）。,scripts/ui/BattleView.gd:1384
The pillar gives way: %s is free.,光柱消散：%s获得自由。,scripts/ui/BattleView.gd:1388
"%s made it through safely — +2 Renown, +1 Token.",%s安全通过 — +2声望，+1代币。,scripts/ui/BattleView.gd:1392
Continue,继续,scripts/ui/BattleView.gd:1403
Decide what happens to the downed hero first (above),请先决定倒下英雄的去留（见上方）,scripts/ui/BattleView.gd:1412
You withdraw from the fight.,你撤出了战斗。,scripts/ui/BattleView.gd:1416
Defeat — the party is downed and recovering.,战败 — 小队倒下，正在恢复。,scripts/ui/BattleView.gd:1416
"The trial ends. Your heroes step out of the tower unharmed — this floor will be waiting, exactly as it was.",试炼结束。你的英雄毫发无伤地走出塔外——这一层会原样等着你。,scripts/ui/BattleView.gd:1418
The party falls at depth %d of the Descent. Half of what it earned down here is lost on the way out.,小队在深渊下行第%d层倒下。在此所得的一半将在撤离途中丢失。,scripts/ui/BattleView.gd:1420
Back to the Tower,返回塔,scripts/ui/BattleView.gd:1434
Return to camp,返回营地,scripts/ui/BattleView.gd:1434
Choose your reward,选择奖励,scripts/ui/BattleView.gd:1453
Take one. The others stay in the rift.,选一个。其余的留在裂隙里。,scripts/ui/BattleView.gd:1453
Skip the boon,跳过恩赐,scripts/ui/BattleView.gd:1467
Choose a boon,选择一个恩赐,scripts/ui/BattleView.gd:1471
It lasts the rest of this rift.,持续到本座裂隙结束。,scripts/ui/BattleView.gd:1471
%s · you have %d,%s · 你拥有%d,scripts/ui/BattleView.gd:1558
Completes %s: %s,完成%s：%s,scripts/ui/BattleView.gd:1566
Take  (%d),拿取  (%d),scripts/ui/BattleView.gd:1573
Relic,遗物,scripts/ui/BattleView.gd:1618
%s · %s,%s · %s,scripts/ui/BattleView.gd:1619
Why you lost,失败原因,scripts/ui/BattleView.gd:1668
%s %d-piece %s — %s,%s %d件套%s — %s,scripts/ui/BattleView.gd:1708
Floor %d cleared!,第%d层已通关！,scripts/ui/BattleView.gd:1722
A weekly re-clear pays half.,每周重复通关奖励减半。,scripts/ui/BattleView.gd:1733
Guardian's relic: %s,守护者的遗物：%s,scripts/ui/BattleView.gd:1735
 It's on the Relic Altar., 它在遗物祭坛上。,scripts/ui/BattleView.gd:1738
New guild title: %s,新公会称号：%s,scripts/ui/BattleView.gd:1740
 — floor %d next, — 下一层：第%d层,scripts/ui/BattleView.gd:1746
Floor %d/%d,第%d/%d层,scripts/ui/BattleView.gd:1772
Gold,金币,scripts/ui/BattleView.gd:1777
Lv%d → Lv%d,%d级 → %d级,scripts/ui/BattleView.gd:1798
Lv%d,%d级,scripts/ui/BattleView.gd:1798
Down,倒下,scripts/ui/BattleView.gd:1802
%d/%d HP,%d/%d生命值,scripts/ui/BattleView.gd:1802
Found: ,找到： ,scripts/ui/BattleView.gd:1817
Found: nothing this time,找到：这次一无所获,scripts/ui/BattleView.gd:1817
%d hero%s lost,%d名英雄%s阵亡,scripts/ui/BattleView.gd:1820
Floor %d/%d reached,到达第%d/%d层,scripts/ui/BattleView.gd:1831
"%+d Gold, %+d Essence this run",本次行动%+d金币，%+d精华,scripts/ui/BattleView.gd:1834
"Lost on the way out: %d Gold, %d Essence",撤离途中损失：%d金币，%d精华,scripts/ui/BattleView.gd:1837
Shield: absorbs the next %d damage,护盾：吸收接下来的%d点伤害,scripts/ui/BattleView.gd:1909
Defending — takes reduced damage this round,防御中 — 本回合受到伤害降低,scripts/ui/BattleView.gd:1998
Shield — absorbs the next %d damage,护盾 — 吸收接下来的%d点伤害,scripts/ui/BattleView.gd:2001
Burning — %d damage a round for %d more round(s). A Healing Tonic puts it out.,燃烧 — 每回合%d点伤害，还剩%d回合。治疗药剂可扑灭。,scripts/ui/BattleView.gd:2004
Chilled — acts late next round,冰冻 — 下回合行动靠后,scripts/ui/BattleView.gd:2006
Stunned — loses their next turn,眩晕 — 失去下一回合,scripts/ui/BattleView.gd:2008
Poisoned — %d damage a round for %d more round(s),中毒 — 每回合%d点伤害，还剩%d回合,scripts/ui/BattleView.gd:2011
Guarded by %s this round,本回合由%s守护,scripts/ui/BattleView.gd:2016
"Guarding an ally this round (takes their hits, 25% weaker)",本回合守护一名友方（代受攻击，伤害降低25%）,scripts/ui/BattleView.gd:2018
Cursed — deals %d%% less damage for %d more round(s). Sanctuary cleanses it.,诅咒 — 伤害降低%d%%，还剩%d回合。圣所可净化。,scripts/ui/BattleView.gd:2020
Riposte — answers the next %d hit(s) with a counter-strike,招架 — 以反击回应接下来%d次攻击,scripts/ui/BattleView.gd:2022
Undying — half damage and can't fall this round,不死 — 本回合伤害减半且不会倒下,scripts/ui/BattleView.gd:2024
Will dodge the next hit aimed at them,将闪避下一次针对其的攻击,scripts/ui/BattleView.gd:2026
Branded — takes %d%% more damage for %d more round(s). Guard them.,烙印 — 受到伤害提高%d%%，还剩%d回合。守护他们。,scripts/ui/BattleView.gd:2028
"Taunting — every foe's attacks come here this round, %d%% weaker",嘲讽中 — 本回合所有敌人攻击此处，伤害降低%d%%,scripts/ui/BattleView.gd:2030
Enough Momentum for their Ability,气势足以发动技能,scripts/ui/BattleView.gd:2032
Heat %d — +%d%% damage; at %d the next skill detonates on every foe,热度%d — 伤害+%d%%；达到%d时下一个技能对所有敌人引爆,scripts/ui/BattleView.gd:2060
Combo %d — +%d%% on the same foe,连击%d — 对同一敌人+%d%%,scripts/ui/BattleView.gd:2063
Steady Aim — the next shot hits harder,稳定瞄准 — 下一枪更重,scripts/ui/BattleView.gd:2066
Blood Price — the next hit does +50%,血之代价 — 下一击伤害+50%,scripts/ui/BattleView.gd:2069
"Red Mist — hits every foe, can't be stunned or healed",血雾 — 攻击所有敌人，免疫眩晕和治疗,scripts/ui/BattleView.gd:2071
Can't be targeted,无法被选为目标,scripts/ui/BattleView.gd:2073
Second Wind — the next %d attacks hit twice,再起 — 接下来%d次攻击各命中两次,scripts/ui/BattleView.gd:2075
 (active), （生效中）,scripts/ui/BattleView.gd:2091
Armored — shrugs off %d%% of basic attacks (each hit chips it). Abilities ignore armor.,重甲 — 抵消%d%%的普通攻击（每次攻击会削弱护甲）。技能无视护甲。,scripts/ui/BattleView.gd:2102
Its hits can set a hero ablaze (damage over time),它的攻击可能点燃英雄（持续伤害）,scripts/ui/BattleView.gd:2104
Its hits can chill a hero (acts late next round),它的攻击可能冰冻英雄（下回合行动靠后）,scripts/ui/BattleView.gd:2105
"Winding up a heavy blow. Shield Bash, Frost Nova or Backstab can punish it.",正在蓄力重击。盾击、冰霜新星或背刺可以惩戒它。,scripts/ui/BattleView.gd:2107
Stunned — loses its next %s,眩晕 — 失去接下来的%s,scripts/ui/BattleView.gd:2109
%d actions,%d次行动,scripts/ui/BattleView.gd:2109
Burning — %d damage a round for %d more round(s),燃烧 — 每回合%d点伤害，还剩%d回合,scripts/ui/BattleView.gd:2112
Marked — takes %d%% more damage from heroes,标记 — 受到英雄伤害提高%d%%,scripts/ui/BattleView.gd:2114
Can also: %s (telegraphed a round ahead),还会：%s（提前一回合预示）,scripts/ui/BattleView.gd:2118
Ward — absorbs the next %d damage,结界 — 吸收接下来的%d点伤害,scripts/ui/BattleView.gd:2121
Marked — the whole party hits it 15% harder,标记 — 全队对其伤害提高15%,scripts/ui/BattleView.gd:2124
Snared — acts last,被困 — 最后行动,scripts/ui/BattleView.gd:2127
winding up a heavy blow,正在蓄力重击,scripts/ui/BattleView.gd:2192
Next round!,下回合！,scripts/ui/BattleView.gd:2263
Incoming this round: %s,本回合来袭：%s,scripts/ui/BattleView.gd:2263
Winding up,蓄力中,scripts/ui/BattleView.gd:2338
"Gathering strength this round. Next round it lands a heavy blow (×%s damage) that stuns its target unless they Defend. Defend, Guard, or move the likely target to the back row.",本回合正在蓄力。下回合将重击（×%s伤害），目标若不防御会被眩晕。防御、守护，或把可能的目标移到后排。,scripts/ui/BattleView.gd:2338
HEAVY BLOW on %s for about %d — it stuns unless they Defend. Defend (5) halves it; Guard (6) takes it for them; Shield Bash breaks it.,对%s的重击，约%d点 — 若不防御会被眩晕。防御(5)伤害减半；守护(6)代为承受；盾击可打断。,scripts/ui/BattleView.gd:2341
Attacks %s this round for about %d%s,本回合攻击%s，约%d点%s,scripts/ui/BattleView.gd:2344
" — a heavy hit, consider Defending", — 重击，考虑防御,scripts/ui/BattleView.gd:2344
Round %d%s,第%d回合%s,scripts/ui/BattleView.gd:2354
Feat: %s,功绩：%s,scripts/ui/BattleView.gd:2367
 (by hand only), （仅限亲手作战）,scripts/ui/BattleView.gd:2367
"%s Won by hand (no Auto), it pays +%d%% Gold and Essence, and an elite offers one more boon.",%s 亲手获胜（不用自动），金币和精华+%d%%，且精英多提供一个恩赐。,scripts/ui/BattleView.gd:2369
This rift is Rank %s on the rift ladder.,这座裂隙在裂隙天梯上为%s阶。,scripts/ui/BattleView.gd:2379
Guard %s,守护%s,scripts/ui/BattleView.gd:2437
Give %s the tonic,把药剂给%s,scripts/ui/BattleView.gd:2437
Attack %s,攻击%s,scripts/ui/BattleView.gd:2457
Target %s (click again to attack),目标%s（再次点击以攻击）,scripts/ui/BattleView.gd:2457
%s on %s,%s对%s,scripts/ui/BattleView.gd:2464
"That's the core of every fight: read the tags above the foes, build Momentum with attacks and defence, and spend it on skills. Auto (A) plays turns for you whenever you like.",这就是每场战斗的核心：读懂敌人头顶的标签，用攻击和防御积攒气势，再用来释放技能。自动(A)可随时替你行动。,scripts/ui/BattleView.gd:2534
"Wind-ups. %s has wound up a heavy blow (the red tag above it). Next round it lands on one hero and stuns them unless they Defend. Press Defend (5) to take half and earn Momentum, or Guard (6) a hurt ally.",蓄力。%s已蓄力重击（头顶红色标签）。下回合它会命中一名英雄，若不防御就会被眩晕。按防御(5)承受一半伤害并获得气势，或守护(6)受伤的友方。,scripts/ui/BattleView.gd:2547
Wind-ups. %s is winding up a heavy blow at %s: see the red tag above it. It lands next round and stuns unless the target Defends. %s,蓄力。%s正在对%s蓄力重击：看它头顶的红色标签。它下回合落下，目标若不防御会被眩晕。%s,scripts/ui/BattleView.gd:2550
Press Defend (5) — %s takes half and earns Momentum.,按防御(5) — %s承受一半伤害并获得气势。,scripts/ui/BattleView.gd:2551
"Press Guard (6) and pick %s — %s takes the blow instead, 25%% weaker.",按守护(6)并选择%s — %s代为承受，伤害降低25%%。,scripts/ui/BattleView.gd:2551
Attack. It's %s's turn: press Attack (1) or click a foe. Every attack adds 1 Momentum — the pips under %s's name.,攻击。轮到%s了：按攻击(1)或点击一名敌人。每次攻击+1气势——就是%s名字下方的小点。,scripts/ui/BattleView.gd:2553
"Skills. You have %d Momentum. %s's skill %s (2) spends %d of it for a stronger move — hover it to read it, then use it.",技能。你有%d气势。%s的技能%s(2)消耗%d气势施展更强的招式——悬停查看，然后使用。,scripts/ui/BattleView.gd:2557
"Skills cost Momentum. Keep attacking until a skill (2-4) lights up, then use it.",技能消耗气势。持续攻击直到技能(2-4)亮起，然后使用。,scripts/ui/BattleView.gd:2558
Step %d of 3,第%d步，共3步,scripts/ui/BattleView.gd:2573
Well fought,打得好,scripts/ui/BattleView.gd:2573
Got it,明白了,scripts/ui/BattleView.gd:2581
Skip tutorial,跳过教程,scripts/ui/BattleView.gd:2581
"Momentum %d/%d — the party's shared pool for skills and Abilities. Attacks, kills, and hits taken while Defending or Guarding build it.",气势%d/%d — 小队用于技能的共享池。攻击、击杀以及在防御或守护时受击都能积攒气势。,scripts/ui/BattleView.gd:2698
Momentum,气势,scripts/ui/BattleView.gd:2700
Ghost,幽魂,scripts/ui/BattleView.gd:2736
Which tonic?,用哪种药剂？,scripts/ui/BattleView.gd:2799
%s (key %d),%s（按键%d）,scripts/ui/BattleView.gd:2818
Cancel,取消,scripts/ui/BattleView.gd:2827
Guard whom?,守护谁？,scripts/ui/BattleView.gd:2830
%s for whom?,对谁使用%s？,scripts/ui/BattleView.gd:2830
Tonic,药剂,locale/extra_msgids.txt
  (%d dmg incoming),  （来袭伤害%d）,scripts/ui/BattleView.gd:2852
Key %d,按键%d,scripts/ui/BattleView.gd:2855
Already at full HP,生命值已满,scripts/ui/BattleView.gd:2860
%s: tap a foe,%s：点击一名敌人,scripts/ui/BattleView.gd:2875
%s: click a foe,%s：点击一名敌人,scripts/ui/BattleView.gd:2875
%s's turn,%s的回合,scripts/ui/BattleView.gd:2951
Lv%d %s · %d/%d HP,%d级%s · %d/%d生命值,scripts/ui/BattleView.gd:2955
"Attack %s (1): +%d Momentum%s. Click a foe to pick another, Tab to cycle.",攻击%s(1)：+%d气势%s。点击其他敌人切换目标，Tab循环选择。,scripts/ui/BattleView.gd:2970
 (+1 for the kill: this hit should finish it), （击杀+1：这一击应能将其击杀）,scripts/ui/BattleView.gd:2970
About %d damage.,约%d点伤害。,scripts/ui/BattleView.gd:2972
"
From the back row a %s hits at half strength.","
%s在后排只能造成一半伤害。",scripts/ui/BattleView.gd:2974
Attack,攻击,scripts/ui/BattleView.gd:2978
Attack ½,攻击 ½,scripts/ui/BattleView.gd:2978
"
%s row.","
%s排。",scripts/ui/BattleView.gd:2989
"
%s twist: %s.","
%s变奏：%s。",scripts/ui/BattleView.gd:2989
"%s
Learned at level %d.","%s
于%d级习得。",scripts/ui/BattleView.gd:2992
Ability,技能,scripts/ui/BattleView.gd:2995
%s (%s) — %d Momentum. %s%s,%s（%s）— %d气势。%s%s,scripts/ui/BattleView.gd:3013
About %d damage to %s.,约%d点伤害，目标%s。,scripts/ui/BattleView.gd:3016
Defend,防御,scripts/ui/BattleView.gd:3027
Defend (5) — take half damage from hits this round. Each hit taken while Defending gives +1 Momentum (+2 for a heavy blow).,防御(5) — 本回合受到攻击伤害减半。防御时每次受击+1气势（重击+2）。,scripts/ui/BattleView.gd:3027
"More (M, or Start on a gamepad) — Guard (6), Move (7), Tonics (8)%s",更多（M，或手柄Start键）— 守护(6)、移动(7)、药剂(8)%s,scripts/ui/BattleView.gd:3035
", Champion's Call (9)",、勇者召唤(9),scripts/ui/BattleView.gd:3035
Less,收起,scripts/ui/BattleView.gd:3039
More ★,更多 ★,scripts/ui/BattleView.gd:3039
More,更多,scripts/ui/BattleView.gd:3039
"Guard (6) — pick an ally: attacks aimed at them this round hit you instead, 25% weaker, for +1 Momentum each.",守护(6) — 选择一名友方：本回合针对其的攻击改为命中你，伤害降低25%，每次+1气势。,scripts/ui/BattleView.gd:3053
%s's Call (9) — %s. Uses this hero's turn; %d left this rift.,%s的召唤(9) — %s。占用该英雄的回合；本座裂隙还剩%d次。,scripts/ui/BattleView.gd:3059
To %s,移至%s,scripts/ui/BattleView.gd:3065
Move (7) — step to the %s row. The front row draws most attacks; melee heroes hit at half strength from the back; some skills need a row.,移动(7) — 移至%s排。前排吸引大部分攻击；近战英雄在后排只造成一半伤害；部分技能需要特定排。,scripts/ui/BattleView.gd:3066
Tonics ×%d,药剂 ×%d,scripts/ui/BattleView.gd:3074
"Tonics (8) — Healing, Iron or Focus. Uses this hero's turn.",药剂(8) — 治疗、钢铁或专注。占用该英雄的回合。,scripts/ui/BattleView.gd:3074
"Target: %s
Space repeats your last action","目标：%s
Space重复上一个动作",scripts/ui/BattleView.gd:3099
The party is down.,小队倒下了。,scripts/ui/BattleView.gd:3105
Enemy turn…,敌方回合……,scripts/ui/BattleView.gd:3105
"Battle speed: ×1, ×2, ×3 or Instant (click to change; also in Settings)",战斗速度：×1、×2、×3或瞬间（点击切换；也可在设置中更改）,scripts/ui/BattleView.gd:3123
Auto,自动,scripts/ui/BattleView.gd:3130
Auto ✓,自动 ✓,scripts/ui/BattleView.gd:3130
"Auto (A), for this fight — heroes act on their own: Defend against heavy blows, use Abilities when ready, focus the weakest foe. It pauses when a hero is about to fall. An elite, a boss or any fight on a rank you haven't sealed, won by hand with no one down, pays +%d%% Gold and Essence.",自动(A)，仅限本场战斗——英雄自行行动：防御重击、技能就绪即使用、集火最弱的敌人。英雄即将倒下时会暂停。精英、首领或你尚未封印过的阶级中的任何战斗，若亲手获胜且无人倒下，金币和精华+%d%%。,scripts/ui/BattleView.gd:3130
Log,记录,scripts/ui/BattleView.gd:3139
Show or hide the fight log,显示或隐藏战斗记录,scripts/ui/BattleView.gd:3139
Retreat — leave the fight (the run ends and %d%% of the haul is dropped),撤退 — 离开战斗（行动结束，丢失%d%%的战利品）,scripts/ui/BattleView.gd:3144
Retreat — leave the fight (the run ends),撤退 — 离开战斗（行动结束）,scripts/ui/BattleView.gd:3144
gathers its strength,正在积蓄力量,locale/extra_msgids.txt
strikes every foe,攻击所有敌人,locale/extra_msgids.txt
Phoenix,凤凰,locale/extra_msgids.txt
uses ,使用 ,locale/extra_msgids.txt
[A foe gathers its strength],[一名敌人正在积蓄力量],scripts/ui/BattleView.gd:3173
[%s roars: a second phase],[%s咆哮：第二阶段],scripts/ui/BattleView.gd:3182
%s enters its second phase,%s进入第二阶段,scripts/ui/BattleView.gd:3183
[A boss roars],[首领咆哮],scripts/ui/BattleView.gd:3187
[An elite snarls],[精英咆哮],scripts/ui/BattleView.gd:3187
Elite,精英,scripts/ui/BattleView.gd:3200
Tower Guardian,塔之守护者,scripts/ui/BattleView.gd:3200
Round %d,第%d回合,scripts/ui/BattleView.gd:3207
+%d XP each,每人+%d经验,scripts/ui/BattleView.gd:3283
%s  Lv%d,%s  %d级,scripts/ui/BattleView.gd:3296
LEVEL UP!,升级！,scripts/ui/BattleView.gd:3299
MVP,MVP,scripts/ui/BattleView.gd:3307
Most damage dealt this fight,本场战斗造成伤害最多,scripts/ui/BattleView.gd:3310
Max level,已满级,scripts/ui/BattleView.gd:3318
%d / %d XP to Lv%d,%d / %d经验升至%d级,scripts/ui/BattleView.gd:3318
%d dmg · %d kill%s,伤害%d · 击杀%d%s,scripts/ui/BattleView.gd:3323
"For three hundred years, the guilds of the Accord kept the rifts shut.",三百年来，盟约的公会一直守着裂隙。,scripts/ui/Cinematic.gd:24
"They swore one oath: close what opens,",他们立下一个誓言：开启的必须关闭，,scripts/ui/Cinematic.gd:25
"share what you find, never sell a rift.",所得的必须分享，绝不出卖裂隙。,scripts/ui/Cinematic.gd:26
"Then, in a single night, every rift in the Vale opened at once.",后来，在一夜之间，山谷里所有的裂隙同时开启。,scripts/ui/Cinematic.gd:27
Every guild of the Accord went in.,盟约的每个公会都走了进去。,scripts/ui/Cinematic.gd:28
"What they found there, no one living remembers.",他们在那里发现了什么，已无人记得。,scripts/ui/Cinematic.gd:29
"By morning, their halls stood empty.",到了早上，他们的大厅空空荡荡。,scripts/ui/Cinematic.gd:30
The villagers still need a guild.,村民们仍需要一个公会。,scripts/ui/Cinematic.gd:31
They have yours.,他们有了你的公会。,scripts/ui/Cinematic.gd:32
Skip,跳过,scripts/ui/Cinematic.gd:119
Esc skips the opening.,按Esc跳过开场。,scripts/ui/Cinematic.gd:120
Guild tier reached,公会达到新等级,scripts/ui/GuildViews.gd:14
Welcome to your guild,欢迎来到你的公会,scripts/ui/GuildViews.gd:19
"Rifts are tearing open across the land. First, sign three founders from the recruit board (Roster > Recruits); then head to the Rift Hall (key 3) to seal a rift.",大地上的裂隙正纷纷撕开。首先，从招募板签下三名创始英雄（名册 > 招募）；然后前往裂隙大厅（按键3）封印一座裂隙。,scripts/ui/GuildViews.gd:19
Back at camp,回到营地,scripts/ui/GuildViews.gd:21
"Equip what you found on the Roster's Hero tab (key 1), spend skill points under Skills, and hire more heroes when you can afford them. Every rift run or rest is one day.",在名册的英雄页（按键1）装备你找到的物品，在技能中花费技能点，资金充足时雇用更多英雄。每次裂隙行动或休息都算一天。,scripts/ui/GuildViews.gd:21
 — the %s, — %s,scripts/ui/GuildViews.gd:130
 — tier %d/3 (%s Lv%d; grows at Lv3 and Lv5), — 等级%d/3（%s %d级；3级和5级时提升）,scripts/ui/GuildViews.gd:132
 — grows with your guild tier, — 随公会等级提升,scripts/ui/GuildViews.gd:134
 — grows with the campaign, — 随战役进程提升,scripts/ui/GuildViews.gd:136
Guild status,公会状态,scripts/ui/GuildViews.gd:301
Getting started — %d/%d,入门 — %d/%d,scripts/ui/GuildViews.gd:314
Hide,隐藏,scripts/ui/GuildViews.gd:321
Hide the getting-started steps,隐藏入门步骤,scripts/ui/GuildViews.gd:325
All quiet. The rifts are waiting.,一切平静。裂隙在等着。,scripts/ui/GuildViews.gd:357
This week · payday in %d day%s,本周 · %d天%s后发薪,scripts/ui/GuildViews.gd:386
Bill %d (wages %d + upkeep %d) · %s,账单%d（薪水%d + 维护费%d）· %s,scripts/ui/GuildViews.gd:401
short %d,缺%d,scripts/ui/GuildViews.gd:401
Since last payday: %s%d Gold,自上个发薪日以来：%s%d金币,scripts/ui/GuildViews.gd:406
"Wages go out every %d days, heroes in roster order, then facility upkeep. Unpaid heroes lose morale; unpaid upkeep costs Renown. Click for the Ledger.",每%d天发一次薪水，按名册顺序发给英雄，然后支付设施维护费。未领到薪水的英雄士气下降；未付维护费会损失声望。点击打开账簿。,scripts/ui/GuildViews.gd:408
Hire your first hero in Recruits,在招募中雇用你的第一位英雄,scripts/ui/GuildViews.gd:422
The rift has broken! Defend near %s,裂隙破开了！在%s附近防守,scripts/ui/GuildViews.gd:424
A Rank %s rift breaks in %d day%s,一座%s阶裂隙将在%d天%s后破开,scripts/ui/GuildViews.gd:427
%d building%s damaged: repair in Manage,%d座建筑%s受损：在管理中修理,scripts/ui/GuildViews.gd:429
 — answer today, — 今天答复,scripts/ui/GuildViews.gd:431
Tomorrow: %s,明天：%s,scripts/ui/GuildViews.gd:433
 — answer before payday, — 发薪日前答复,scripts/ui/GuildViews.gd:436
 — by payday, — 发薪日前,scripts/ui/GuildViews.gd:438
%d hero%s with low morale,%d名英雄%s士气低落,scripts/ui/GuildViews.gd:441
%d contract%s due within 2 days,%d份契约%s将在2天内到期,scripts/ui/GuildViews.gd:444
%d quest%s ready to claim,%d个任务%s可领取,scripts/ui/GuildViews.gd:447
%d recovering,%d人恢复中,scripts/ui/GuildViews.gd:453
%d wounded,%d人受伤,scripts/ui/GuildViews.gd:455
%s · %d bed%s free,%s · %d张床位%s空闲,scripts/ui/GuildViews.gd:457
%d hero%s with points to spend,%d名英雄%s有点数可分配,scripts/ui/GuildViews.gd:460
%s Lv%d,%s %d级,scripts/ui/GuildViews.gd:3043
Room ready to build: %s (%d Gold),可建造的房间：%s（%d金币）,scripts/ui/GuildViews.gd:472
A wing of the hall is on offer (%d Gold),大厅的一翼可供建造（%d金币）,scripts/ui/GuildViews.gd:474
The campaign is done: push the Endless Rift and the ladder to SSS,战役已完成：挑战无尽裂隙，并将天梯推进到SSS,scripts/ui/GuildViews.gd:488
Face the finale: %s,迎战终章：%s,scripts/ui/GuildViews.gd:490
Act %s: %s%s,第%s幕：%s%s,scripts/ui/GuildViews.gd:495
Grow,成长,scripts/ui/GuildViews.gd:504
"Seal a Rank %s rift: better gear, more Essence",封印一座%s阶裂隙：更好的装备，更多精华,scripts/ui/GuildViews.gd:506
Optional,可选,scripts/ui/GuildViews.gd:509
Find a lost champion in the Endless Rift,在无尽裂隙中寻找迷失的勇者,scripts/ui/GuildViews.gd:509
Take a contract from the Quest board,从任务板接一份契约,scripts/ui/GuildViews.gd:511
Tower of Trials: floor %d next,试炼之塔：下一层为第%d层,scripts/ui/GuildViews.gd:513
Records,记录,scripts/ui/GuildViews.gd:1268
Achievements %d/%d,成就%d/%d,scripts/ui/GuildViews.gd:524
Statistics,统计,scripts/ui/GuildViews.gd:524
Run history,行动历史,scripts/ui/GuildViews.gd:524
The Vale this year: %s,山谷今年：%s,scripts/ui/GuildViews.gd:534
Oaths sworn: %s,已立誓言：%s,scripts/ui/GuildViews.gd:539
Retire the guild,让公会退隐,scripts/ui/GuildViews.gd:548
"A guild can retire once Act II is done: it joins the Hall of Guilds, leaves Laurels for your next guild, and up to two of its heroes come back as champions. Its save slot is freed.",第二幕完成后公会即可退隐：它将进入公会之殿，为你的下一个公会留下桂冠，最多两名英雄会以勇者身份回归。其存档栏位将被释放。,scripts/ui/GuildViews.gd:549
Retire this guild…,让这个公会退隐……,scripts/ui/GuildViews.gd:550
Hide the %d done,隐藏%d项已完成,scripts/ui/GuildViews.gd:572
Show the %d done,显示%d项已完成,scripts/ui/GuildViews.gd:572
Renown,声望,scripts/ui/GuildViews.gd:1166
%s (power %d),%s（战力%d）,scripts/ui/GuildViews.gd:639
Days passed,经过天数,scripts/ui/GuildViews.gd:641
Runs finished,完成的行动,scripts/ui/GuildViews.gd:642
Rifts sealed,封印的裂隙,scripts/ui/GuildViews.gd:643
Monsters defeated,击败的怪物,scripts/ui/GuildViews.gd:644
Elites / Bosses defeated,击败的精英/首领,scripts/ui/GuildViews.gd:645
Flawless fights,完美战斗,scripts/ui/GuildViews.gd:646
Feats done,达成的功绩,scripts/ui/GuildViews.gd:647
Campaign,战役,scripts/ui/GuildViews.gd:2398
Act %s,第%s幕,scripts/ui/GuildViews.gd:648
"Tower of Trials, best floor",试炼之塔最高层,scripts/ui/GuildViews.gd:649
Daily twists sealed,封印的每日变奏,scripts/ui/GuildViews.gd:650
%d (streak %d),%d（连续%d）,scripts/ui/GuildViews.gd:650
Items and relics crafted,制作的物品和遗物,scripts/ui/GuildViews.gd:651
Heroes lost,阵亡英雄,scripts/ui/GuildViews.gd:653
Strongest hero,最强英雄,scripts/ui/GuildViews.gd:654
Most-defeated foe,击败最多的敌人,scripts/ui/GuildViews.gd:655
"Endless Rift, best time",无尽裂隙最佳时间,scripts/ui/GuildViews.gd:658
No runs yet. Your last %d runs will be listed here.,尚无行动。你最近的%d次行动会列在这里。,scripts/ui/GuildViews.gd:680
Day %d · %s · floor %s,第%d天 · %s · 第%s层,scripts/ui/GuildViews.gd:690
Day %d · %s · %d:%02d · %d kills,第%d天 · %s · %d:%02d · 击杀%d,scripts/ui/GuildViews.gd:692
%+d Gold  %+d Essence,%+d金币  %+d精华,scripts/ui/GuildViews.gd:696
Party: ,小队： ,scripts/ui/GuildViews.gd:697
"
Boons: ","
恩赐： ",scripts/ui/GuildViews.gd:699
Memorial,纪念碑,scripts/ui/GuildViews.gd:1269
Heroes lost for good. Their names stay with the guild.,永远离去的英雄。他们的名字与公会同在。,scripts/ui/GuildViews.gd:707
No one has fallen. May it stay that way.,尚无人倒下。愿一直如此。,scripts/ui/GuildViews.gd:709
"%s — Rank %s, Level %d",%s — %s阶，%d级,scripts/ui/GuildViews.gd:720
"%s, on day %d. %d rift%s sealed, %d foe%s felled.",%s，于第%d天。封印了%d座裂隙%s，击倒了%d名敌人%s。,scripts/ui/GuildViews.gd:721
No answer by payday counts as a no.,发薪日前未答复视为拒绝。,scripts/ui/GuildViews.gd:756
No answer by tomorrow: %s.,明天前未答复：%s。,scripts/ui/GuildViews.gd:781
No answer by payday: they choose for themselves.,发薪日前未答复：他们自行决定。,scripts/ui/GuildViews.gd:794
No answer by payday counts as declining.,发薪日前未答复视为谢绝。,scripts/ui/GuildViews.gd:794
No answer by payday: they take it.,发薪日前未答复：他们拿走。,scripts/ui/GuildViews.gd:795
%d day%s to payday.,距发薪日还有%d天%s。,scripts/ui/GuildViews.gd:797
Decide later,稍后决定,scripts/ui/GuildViews.gd:830
 Answer in Guild > Ledger., 在公会 > 账簿中答复。,scripts/ui/GuildViews.gd:841
Payday · %d Gold,发薪日 · %d金币,scripts/ui/GuildViews.gd:870
Wages %d + upkeep %d Gold; you have %d.,薪水%d + 维护费%d金币；你有%d。,scripts/ui/GuildViews.gd:871
Request closes,请求截止,scripts/ui/GuildViews.gd:873
Dare due,挑战到期,scripts/ui/GuildViews.gd:875
Rival waits,对手等待中,scripts/ui/GuildViews.gd:875
Foretold: %s,预言：%s,scripts/ui/GuildViews.gd:879
Contract due,契约到期,scripts/ui/GuildViews.gd:882
Rift breaks,裂隙破开,scripts/ui/GuildViews.gd:884
A Rank %s rift breaks near %s.,一座%s阶裂隙在%s附近破开。,scripts/ui/GuildViews.gd:884
Contest ends,竞赛结束,scripts/ui/GuildViews.gd:886
The month's Renown contest with %s ends.,与%s的本月声望竞赛结束。,scripts/ui/GuildViews.gd:886
Today,今天,scripts/ui/GuildViews.gd:896
Day %d,第%d天,scripts/ui/GuildViews.gd:896
in %d day%s,%d天%s后,scripts/ui/GuildViews.gd:907
A day passes with every rift run or rest.,每次裂隙行动或休息都会过去一天。,scripts/ui/GuildViews.gd:911
Guild Ledger,公会账簿,scripts/ui/GuildViews.gd:921
Paying the guild,给公会发薪,scripts/ui/GuildViews.gd:922
"A day passes with every rift run or rest; wages are due every %d days. An unpaid hero loses %d morale, and a hero unpaid twice in a row, or at rock-bottom morale on payday, walks out. Every Guild Management level also costs %d Gold a week in upkeep.",每次裂隙行动或休息都会过去一天；每%d天发一次薪水。未领到薪水的英雄士气-%d，连续两次未领到薪水或发薪日时士气跌至谷底的英雄会离开。每级公会管理还需每周支付%d金币维护费。,scripts/ui/GuildViews.gd:922
Guild news,公会消息,scripts/ui/GuildViews.gd:936
Treasury,金库,scripts/ui/GuildViews.gd:964
Gold in the vault,金库中的金币,scripts/ui/GuildViews.gd:967
Wages %d + upkeep %d Gold (%d a week per hall room level).,薪水%d + 维护%d金币（每级大厅房间每周%d）。,scripts/ui/GuildViews.gd:969
Left after payday,发薪后剩余,scripts/ui/GuildViews.gd:970
Since last payday,自上个发薪日,scripts/ui/GuildViews.gd:972
Gold gained or spent since the last payday.,自上个发薪日以来获得或花费的金币。,scripts/ui/GuildViews.gd:972
The vault against the bill.,金库与账单对比。,scripts/ui/GuildViews.gd:976
Put some heroes on half pay below,在下方让部分英雄领半薪,scripts/ui/GuildViews.gd:979
"About %d rift run%s at your recent pay would cover it, or put some heroes on half pay below",按你最近的收入，大约%d次裂隙行动%s可以补上，或在下方让部分英雄领半薪,scripts/ui/GuildViews.gd:981
%d Gold paid,已支付%d金币,scripts/ui/GuildViews.gd:987
unpaid: %s,未付薪：%s,scripts/ui/GuildViews.gd:989
walked out: %s,离开：%s,scripts/ui/GuildViews.gd:991
Last payday (day %d): %s.,上个发薪日（第%d天）：%s。,scripts/ui/GuildViews.gd:992
At the pay table,发薪桌旁,scripts/ui/GuildViews.gd:1002
"Wen keeps the guild's chronicle, Dobbs keeps its books, and Old Hesper is the last of an Accord guild: she had a fever on the Night of Breaking and missed it.",Wen负责公会的编年史，Dobbs负责账目，老Hesper是盟约公会的最后一人：破碎之夜那天她发了烧，错过了。,scripts/ui/GuildViews.gd:1008
Hold a feast · %d Gold,举办宴席 · %d金币,scripts/ui/GuildViews.gd:1014
"+%d morale for up to %d heroes, lowest morale first. Once a week.",士气+%d，最多%d名英雄，士气最低者优先。每周一次。,scripts/ui/GuildViews.gd:1021
Already feasted this week — the next one after payday.,本周已办过宴席——下一次在发薪日之后。,scripts/ui/GuildViews.gd:1021
Training Yard: %d of %d stations in use,训练场：%d/%d个训练位使用中,scripts/ui/GuildViews.gd:1023
Half,半薪,scripts/ui/GuildViews.gd:1031
Full,全薪,scripts/ui/GuildViews.gd:1031
Bonus,奖金,scripts/ui/GuildViews.gd:1031
Payroll,薪水名单,scripts/ui/GuildViews.gd:1042
%d Gold a week,每周%d金币,scripts/ui/GuildViews.gd:1045
Half pay saves Gold but costs %d morale each payday; a bonus pays %d%% more for +%d morale. Wages go out top to bottom while the Gold lasts.,半薪能省金币，但每个发薪日士气-%d；奖金多付%d%%，士气+%d。薪水从上到下发放，直到金币用完。,scripts/ui/GuildViews.gd:1051
Rank %s · Lv%d,%s阶 · %d级,scripts/ui/GuildViews.gd:1076
 · unpaid if payday came now, · 若现在发薪将无法支付,scripts/ui/GuildViews.gd:1076
Morale %d · %s%s%s,士气%d · %s%s%s,scripts/ui/GuildViews.gd:1088
 (%+d%% damage), （伤害%+d%%）,scripts/ui/GuildViews.gd:1088
 · unpaid %d week%s, · 已%d周%s未领薪,scripts/ui/GuildViews.gd:1088
Sealing a rift +%d · a lost rift %d · knocked out %d · unpaid %d · a week without a rift %d · a failed contract %d · a feast +%d,封印裂隙+%d · 失败的裂隙%d · 被击倒%d · 未付薪%d · 一周无裂隙%d · 契约失败%d · 宴席+%d,scripts/ui/GuildViews.gd:1090
%s %d,%s %d,scripts/ui/GuildViews.gd:1101
%s: %d Gold a week%s.,%s：每周%d金币%s。,scripts/ui/GuildViews.gd:1103
", %+d morale each payday",，每个发薪日士气%+d,scripts/ui/GuildViews.gd:1103
Confirm: let them go,确认：让他们走,scripts/ui/GuildViews.gd:1111
Dismiss,解雇,scripts/ui/GuildViews.gd:1111
They leave the guild for good; their gear goes back to the stockpile. No more wages.,他们将永远离开公会；装备返回库存。不再支付薪水。,scripts/ui/GuildViews.gd:1123
Rival: %s,对手：%s,scripts/ui/GuildViews.gd:1143
Led by %s,首领：%s,scripts/ui/GuildViews.gd:1144
Renown — you %d · them %d (%s),声望 — 你%d · 他们%d（%s）,scripts/ui/GuildViews.gd:1148
you lead by %d,你领先%d,scripts/ui/GuildViews.gd:1148
they lead by %d,他们领先%d,scripts/ui/GuildViews.gd:1148
level,持平,scripts/ui/GuildViews.gd:1148
"Renown is the one race with the rival. They gain it every day and sometimes take a posted contract before you do. At payday the leader gets the pick of next week's recruits (one more offer for you, or one fewer). Seal rifts and finish contracts to gain it; failed contracts and unpaid upkeep cost it.",声望是与对手唯一的竞赛。对手每天都会获得声望，有时还会抢先接下已发布的契约。发薪日时，领先者可优先挑选下周的新兵（你多一个人选，或少一个）。封印裂隙、完成契约可获得声望；契约失败和拖欠维护费会使其下降。,scripts/ui/GuildViews.gd:1150
"This month: Renown gained — you %d · them %d · %d day%s left. Prize: %d Gold, %d Renown.",本月声望获取：你%d · 他们%d · 剩余%d天%s。奖品：%d金币，%d声望。,scripts/ui/GuildViews.gd:1154
"The Crown's herald counts Renown toward the Royal Charter: one guild, every contract, for a generation.",王冠的传令官会统计声望来决定王室特许状：一个公会，所有契约，一代人。,scripts/ui/GuildViews.gd:1158
Guild Standings,公会排名,scripts/ui/GuildViews.gd:1161
Guild,公会,scripts/ui/GuildViews.gd:1166
Tower floor,塔层,scripts/ui/GuildViews.gd:1166
Endless best,无尽最佳,scripts/ui/GuildViews.gd:1166
 (you), （你）,scripts/ui/GuildViews.gd:1172
 — rival, — 对手,scripts/ui/GuildViews.gd:1172
The other guilds' records grow every day. Top the Renown column for an achievement.,其他公会的记录每天都在增长。登上声望榜首可获得成就。,scripts/ui/GuildViews.gd:1178
Sign your founders (Roster > Recruits): %d to go,签下创始英雄（名册 > 招募）：还差%d名,scripts/ui/GuildViews.gd:1194
Assemble a party in the Rift Hall and enter a rift,在裂隙大厅组建小队并进入裂隙,scripts/ui/GuildViews.gd:1195
Equip an item on a hero (Roster > Heroes),为英雄装备一件物品（名册 > 英雄）,scripts/ui/GuildViews.gd:1196
Spend a skill point (Roster > Heroes > Skills),花费一个技能点（名册 > 英雄 > 技能）,scripts/ui/GuildViews.gd:1197
Seal your first rift by beating its boss,击败首领，封印你的第一座裂隙,scripts/ui/GuildViews.gd:1198
%d SP,%d技能点,scripts/ui/GuildViews.gd:1214
can evolve,可进阶,scripts/ui/GuildViews.gd:1216
can train a subclass,可训练子职业,scripts/ui/GuildViews.gd:1218
empty %s slot,%s栏位空缺,scripts/ui/GuildViews.gd:1221
%d hero(es) wounded or downed,%d名英雄受伤或倒下,scripts/ui/GuildViews.gd:1229
%d recruit(s) you can afford,%d名可负担的新兵,scripts/ui/GuildViews.gd:1233
%d combine(s) ready at the Smithy,铁匠铺有%d次合成可进行,scripts/ui/GuildViews.gd:1244
%d relic slot(s) empty — equip a relic under Items > Relics,%d个遗物栏位空缺——在物品 > 遗物中装备,scripts/ui/GuildViews.gd:1248
%d quest(s) ready to claim,%d个任务可领取,scripts/ui/GuildViews.gd:1251
Ledger,账簿,scripts/ui/GuildViews.gd:1266
Codex,典籍,scripts/ui/GuildViews.gd:1267
Freed at the end of Act %s.,第%s幕结束时解放。,scripts/ui/GuildViews.gd:1309
Lost in the Endless Rift: survive past %d:%02d to find their light.,迷失于无尽裂隙：存活超过%d:%02d即可找到其光芒。,scripts/ui/GuildViews.gd:1313
"Lost in the Endless Rift: their light waits in a pillar of the Descent, or of a Rank B+ rift.",迷失于无尽裂隙：其光芒在深渊下行或B+阶裂隙的光柱中等待。,scripts/ui/GuildViews.gd:1313
%s · Level %d/%d,%s · %d/%d级,scripts/ui/GuildViews.gd:1322
Boon: ,恩赐： ,scripts/ui/GuildViews.gd:1323
Call: %s — %s (%s),召唤：%s — %s（%s）,scripts/ui/GuildViews.gd:1328
twice a rift,每座裂隙两次,scripts/ui/GuildViews.gd:1328
once a rift,每座裂隙一次,scripts/ui/GuildViews.gd:1328
Overseeing,督军中,scripts/ui/GuildViews.gd:1335
Oversee rifts,督军裂隙,scripts/ui/GuildViews.gd:1335
"The overseer's Boon lifts the whole party in every rift run, and any hero can spend their turn on the Call.",督军的恩赐在每次裂隙行动中提升全队，任何英雄都可以用回合发动召唤。,scripts/ui/GuildViews.gd:1340
Level up — %d Essence,升级 — %d精华,scripts/ui/GuildViews.gd:1344
%s reaches level %d,%s达到%d级,scripts/ui/GuildViews.gd:1350
Boon and Call grow stronger,恩赐和召唤变得更强,scripts/ui/GuildViews.gd:1350
"Each level: Boon and Call +%d%%, and +%d%% HP and damage in the Endless Rift. At level %d the Call works twice a rift.",每级：恩赐和召唤+%d%%，无尽裂隙中生命值和伤害+%d%%。%d级时召唤每座裂隙可用两次。,scripts/ui/GuildViews.gd:1353
Each level: Boon and Call +%d%%. At level %d the Call works twice a rift.,每级：恩赐和召唤+%d%%。%d级时召唤每座裂隙可用两次。,scripts/ui/GuildViews.gd:1353
"Champions are freed by the story and rescued in the Endless Rift. One oversees your rift runs: the whole party gets their Boon, and any hero can spend a turn on their Call. In the Endless Rift your champions are the party. Spend Essence here to level them up.",勇者通过剧情解放，或在无尽裂隙中救出。其中一位督军你的裂隙行动：全队获得其恩赐，任何英雄都可以用一个回合发动其召唤。在无尽裂隙中，你的勇者就是小队。在此花费精华为他们升级。,scripts/ui/GuildViews.gd:1362
Essence: %d,精华：%d,scripts/ui/GuildViews.gd:1366
Spend it to level up champions. The Endless Rift pays the most.,用来为勇者升级。无尽裂隙的收益最高。,scripts/ui/GuildViews.gd:1368
%d of %d champions found. Every new guild meets a different twelve.,已找到%d/%d位勇者。每个新公会会遇到不同的十二位。,scripts/ui/GuildViews.gd:1373
Sign your founders: %d to go,签下创始英雄：还差%d名,scripts/ui/GuildViews.gd:1391
Every founder signs free and brings their first week's wages. A party of four needs someone in front and someone who heals. Free rerolls left: %d.,每名创始英雄都免费签约，并自带第一周的薪水。四人小队需要有人顶在前面，也需要有人治疗。剩余免费重抽：%d次。,scripts/ui/GuildViews.gd:1392
Hiring heroes,雇用英雄,scripts/ui/GuildViews.gd:1395
Recruit heroes below; higher ranks are stronger.,在下方招募英雄；阶级越高越强。,scripts/ui/GuildViews.gd:1395
New faces arrive every day and wait a few days; payday fills the board. Each reroll or commission doubles the next until payday (back to %d Gold).%s,每天都有新面孔到来，并会等待几天；发薪日会补满告示板。每次刷新或委托都会使下一次费用翻倍，直到发薪日（恢复为%d金币）。%s,scripts/ui/GuildViews.gd:1396
 The rival may sign your best offer first., 对手可能抢先签下你最好的人选。,scripts/ui/GuildViews.gd:1396
Rank odds: %s%s,阶级概率：%s%s,scripts/ui/GuildViews.gd:1397
  ·  Scouts' Lodge: a C+ recruit is assured each payday,  ·  斥候小屋：每个发薪日保证一名C+阶新兵,scripts/ui/GuildViews.gd:1397
Hero Recruits — %d/%d roster slots,英雄招募 — %d/%d名册栏位,scripts/ui/GuildViews.gd:1400
Your roster is full. The Barracks (Guild > Manage > Operations) adds 2 slots a level; you can also let a hero go from the Ledger.,你的名册已满。兵营（公会 > 管理 > 运营）每级增加2个栏位；你也可以在账簿中让英雄离开。,scripts/ui/GuildViews.gd:1402
No one is looking for work right now. New faces arrive every day.,现在没有人在找活干。每天都有新面孔到来。,scripts/ui/GuildViews.gd:1406
Commission a recruit (%d Gold):,委托招募（%d金币）：,scripts/ui/GuildViews.gd:1411
A %s joins the offers at the usual rank odds (the last offer leaves).,一名%s按常规阶级概率加入邀约（最后一份邀约离开）。,scripts/ui/GuildViews.gd:1422
free,免费,scripts/ui/GuildViews.gd:1445
Rank %s %s · %s · Power %d · %d HP · wage %d/week,%s阶%s · %s · 战力%d · %d生命 · 薪水%d/周,scripts/ui/GuildViews.gd:1446
Brings %d skill and %d attribute points,带来%d技能点和%d属性点,scripts/ui/GuildViews.gd:1449
A fresh recruit,新兵,scripts/ui/GuildViews.gd:1449
trains a Path at Rank D,于D阶训练道途,scripts/ui/GuildViews.gd:1455
ready for stage %d training,可进行第%d阶段训练,scripts/ui/GuildViews.gd:1455
Last day,最后一天,scripts/ui/GuildViews.gd:1459
Leaves tomorrow,明天离开,scripts/ui/GuildViews.gd:1459
Leaves in %d days,%d天后离开,scripts/ui/GuildViews.gd:1459
"Waits on the board until day %d, then takes work elsewhere.",在告示板上等到第%d天，然后去别处找活。,scripts/ui/GuildViews.gd:1462
"Reroll (free, %d left)",重抽（免费，剩%d次）,scripts/ui/GuildViews.gd:1468
Reroll (%d Gold),刷新（%d金币）,scripts/ui/GuildViews.gd:1468
"Swap this offer for a new face. The next reroll costs double, until payday.",将此邀约换成新面孔。下一次刷新费用翻倍，直到发薪日。,scripts/ui/GuildViews.gd:1475
Recruit,招募,scripts/ui/GuildViews.gd:1477
%s joins the guild!,%s加入了公会！,scripts/ui/GuildViews.gd:1483
"Leans on %s. Might: damage and HP · Agility: speed, dodge, first strike · Focus: ability power, mending.",侧重%s。力量：伤害和生命值 · 敏捷：速度、闪避、先手 · 专注：技能强度、治疗。,scripts/ui/GuildViews.gd:1502
Medical Bay — %d/%d beds occupied,医疗所 — %d/%d张床位已占用,scripts/ui/GuildViews.gd:1521
"Field Triage: once per rift, get a downed hero back up mid-rift.",战地分诊：每座裂隙一次，在裂隙中让一名倒下的英雄重新站起。,scripts/ui/GuildViews.gd:1523
%d/%d HP · %s,%d/%d生命值 · %s,scripts/ui/GuildViews.gd:1553
Empty bed,空床位,scripts/ui/GuildViews.gd:1556
Recovering without a bed (slower):,无床位恢复（较慢）：,scripts/ui/GuildViews.gd:1563
%s — %d/%d HP (%s) · %s,%s — %d/%d生命值（%s）· %s,scripts/ui/GuildViews.gd:1567
downed,倒下,scripts/ui/GuildViews.gd:1567
wounded,受伤,scripts/ui/GuildViews.gd:1567
Put in a bed,安排床位,scripts/ui/GuildViews.gd:1571
Every bed is taken,所有床位都已占用,scripts/ui/GuildViews.gd:1576
A downed hero comes back a run sooner; a wounded one is fully healed after the next run.,倒下的英雄提前一次行动归队；受伤的英雄在下次行动后完全痊愈。,scripts/ui/GuildViews.gd:1576
Rest the guild (pass one run's time),让公会休息（度过一次行动的时间）,scripts/ui/GuildViews.gd:1582
Heroes recover as if a run had ended.,英雄如同一次行动结束般恢复。,scripts/ui/GuildViews.gd:1586
"Recovery counts rift runs, not real time: a downed hero sits out %d run(s) (a bed takes one off); a wounded hero regains %d%% HP each run (all of it in a bed).",恢复按裂隙行动计算，而非现实时间：倒下的英雄缺席%d次行动（床位减少一次）；受伤的英雄每次行动恢复%d%%生命值（在床位上则全部恢复）。,scripts/ui/GuildViews.gd:1589
Training Yard — %d/%d stations in use,训练场 — %d/%d个训练位使用中,scripts/ui/GuildViews.gd:1599
"Each day a hero spends here: +1 point in their program (up to %d trained per hero). Courses of 2 or 3 days also give XP, up to your best hero's level (Lv%d). Trainees sit out runs; a day passes with every run or rest. Upgrade the Drill Yard for more stations.",英雄在此每待一天：其训练项目+1点（每名英雄最多训练%d点）。2或3天的课程还会提供经验，上限为你最强英雄的等级（%d级）。受训者不参加行动；每次行动或休息都会过去一天。升级操练场可获得更多训练位。,scripts/ui/GuildViews.gd:1600
Mastery %d,精通%d,scripts/ui/GuildViews.gd:1618
%s · day %d of %d,%s · 第%d/%d天,scripts/ui/GuildViews.gd:1619
Recall,召回,scripts/ui/GuildViews.gd:1621
Recalled: %d Essence back for the days not started.,已召回：未开始的天数退还%d精华。,scripts/ui/GuildViews.gd:1623
"Days done are kept; today's training and its fee are lost, the days not started are refunded.",已完成的天数保留；今天的训练及其费用作废，未开始的天数退款。,scripts/ui/GuildViews.gd:1626
Free station,空闲训练位,scripts/ui/GuildViews.gd:1630
Send a hero to train,派一名英雄去训练,scripts/ui/GuildViews.gd:1642
%s · Lv%d,%s · %d级,scripts/ui/GuildViews.gd:1651
in a rift,在裂隙中,scripts/ui/GuildViews.gd:1652
not fit to train,不适合训练,scripts/ui/GuildViews.gd:1652
Trained %d/%d,已训练%d/%d,scripts/ui/GuildViews.gd:1653
%d day%s · %d,%d天%s · %d,scripts/ui/GuildViews.gd:1665
%d day%s of %s: +%d point%s%s,%d天%s%s：+%d点%s%s,scripts/ui/GuildViews.gd:1671
 and XP, 和经验,scripts/ui/GuildViews.gd:1671
"A hero on a Path can master it: each rank makes their Path rule %d%% stronger, for a day at the yard. Each Path stage opens more ranks (3, 6, then all %d).",走上道途的英雄可以精通它：每一级让其道途规则强化%d%%，需在训练场待一天。每个道途阶段开放更多等级（3、6，然后全部%d级）。,scripts/ui/GuildViews.gd:1684
Mastery %d/%d · +%d%%,精通%d/%d · +%d%%,scripts/ui/GuildViews.gd:1693
Rank %d · %d Essence,第%d级 · %d精华,scripts/ui/GuildViews.gd:1697
%s: %s,%s：%s,scripts/ui/GuildViews.gd:1701
Subclass training,子职业训练,scripts/ui/GuildViews.gd:1711
"At Rank D a hero can train into a Path's first subclass, at Rank B the second, at Rank S the third (or a Legend). New subclasses unlock with acts, Tower floors and deeds (Codex › Paths).",英雄在D阶可训练道途的第一个子职业，B阶第二个，S阶第三个（或传奇）。新子职业随幕、塔层和功绩解锁（典籍 › 道途）。,scripts/ui/GuildViews.gd:1712
No hero is ready yet: the first training opens at Rank D.,还没有英雄准备好：第一次训练于D阶开放。,scripts/ui/GuildViews.gd:1714
%s · Rank %s · stage %d,%s · %s阶 · 第%d阶段,scripts/ui/GuildViews.gd:1722
%s · Legend,%s · 传奇,scripts/ui/GuildViews.gd:1756
 (change Path), （更换道途）,scripts/ui/GuildViews.gd:1759
"Rule, %s: %s",规则，%s：%s,scripts/ui/GuildViews.gd:1763
"Technique, %s: %s",技法，%s：%s,scripts/ui/GuildViews.gd:1764
Legend: %s,传奇：%s,scripts/ui/GuildViews.gd:1765
"Signature, %s: %s",绝技，%s：%s,scripts/ui/GuildViews.gd:1765
Twist: %s,变奏：%s,scripts/ui/GuildViews.gd:1768
Train · %d Gold · %d Essence · %d days,训练 · %d金币 · %d精华 · %d天,scripts/ui/GuildViews.gd:1772
back in %d run%s,%d次行动%s后归队,scripts/ui/GuildViews.gd:1789
full after next run,下次行动后痊愈,scripts/ui/GuildViews.gd:1791
+%d%% HP per run,每次行动生命值+%d%%,scripts/ui/GuildViews.gd:1792
%d/3 — need %d more,%d/3 — 还需%d,scripts/ui/GuildViews.gd:1819
%d owned — ready to craft%s,拥有%d — 可制作%s,scripts/ui/GuildViews.gd:1820
Temper,回火,scripts/ui/GuildViews.gd:1835
"Every rolled stat on a piece grows %d%% a temper, up to %d. Each costs more than the last.",每次回火，装备上的每项随机数值提高%d%%，最多%d次。每次都比上次贵。,scripts/ui/GuildViews.gd:1836
Everything the heroes wear is fully tempered.,英雄身上的装备都已回火到满。,scripts/ui/GuildViews.gd:1840
Temper · %d Gold,回火 · %d金币,scripts/ui/GuildViews.gd:1844
%s's %s — tempered %d/%d,%s的%s — 已回火%d/%d,scripts/ui/GuildViews.gd:1848
Combine,合成,scripts/ui/GuildViews.gd:1852
"Combining and reforging come with the smith's apprentice, in Act III.",合成与重铸要等铁匠的学徒来，在第三幕。,scripts/ui/GuildViews.gd:1854
Three spare items of one category and rarity become one of the next rarity up.,同一类别和稀有度的三件多余物品合成为下一稀有度的一件。,scripts/ui/GuildViews.gd:1856
No spare Common or Rare items.,没有多余的普通或稀有物品。,scripts/ui/GuildViews.gd:1863
Combine → %s,合成 → %s,scripts/ui/GuildViews.gd:1870
Spare gear,多余装备,scripts/ui/GuildViews.gd:1887
No spare gear.,没有多余装备。,scripts/ui/GuildViews.gd:1891
Reforge…,重铸……,scripts/ui/GuildViews.gd:1895
Salvage +%d,分解 +%d,scripts/ui/GuildViews.gd:1896
…and %d more in the Inventory.,……物品栏里还有%d件。,scripts/ui/GuildViews.gd:1902
poisons its target for a few rounds,使目标中毒数回合,scripts/ui/GuildViews.gd:1914
heals its allies each round,每回合治疗其友方,scripts/ui/GuildViews.gd:1915
starts the fight behind a ward,开战时带有护盾,scripts/ui/GuildViews.gd:1916
hits harder when badly hurt,重伤时打得更狠,scripts/ui/GuildViews.gd:1917
heals itself from the damage it deals,从造成的伤害中恢复自身,scripts/ui/GuildViews.gd:1918
reflects part of the damage it takes,反弹部分受到的伤害,scripts/ui/GuildViews.gd:1919
Monsters,怪物,scripts/ui/GuildViews.gd:1928
Monster,怪物,scripts/ui/GuildViews.gd:1928
Elites,精英,scripts/ui/GuildViews.gd:1929
Rift Wardens,裂隙守卫,scripts/ui/GuildViews.gd:1930
Boss,首领,scripts/ui/GuildViews.gd:1930
%s — %d/%d met,%s — 已遭遇%d/%d,scripts/ui/GuildViews.gd:1935
Hazards — %d/%d met,险境 — 已遭遇%d/%d,scripts/ui/GuildViews.gd:1944
%s · finds %s,%s · 出没于%s,scripts/ui/GuildViews.gd:1960
Met by a past guild,由过去的公会遭遇,scripts/ui/GuildViews.gd:1983
Telegraphs: %s,预示：%s,scripts/ui/GuildViews.gd:1993
Brings a random warden mechanic each fight. %s,每场战斗带来一种随机的守卫机制。%s,scripts/ui/GuildViews.gd:1996
Defeated.,已击败。,scripts/ui/GuildViews.gd:1996
Not yet defeated.,尚未击败。,scripts/ui/GuildViews.gd:1996
"Heroes are hired as base classes and train into a Path at the Training Yard: stage 1 at Rank D, stage 2 at Rank B, stage 3 at Rank S. Each subclass is a stage of one Path with its own Twist. Unlocked subclasses are remembered; a new guild can carry them over with Laurels.",英雄以基础职业受雇，并在训练场训练进入道途：第1阶段于D阶，第2阶段于B阶，第3阶段于S阶。每个子职业都是某条道途的一个阶段，各有其变奏。已解锁的子职业会被记住；新公会可用桂冠继承它们。,scripts/ui/GuildViews.gd:2004
%d of %d subclasses unlocked,已解锁%d/%d个子职业,scripts/ui/GuildViews.gd:2017
%s — %s,%s — %s,scripts/ui/GuildViews.gd:2023
Rule,规则,scripts/ui/GuildViews.gd:2026
Technique,技法,scripts/ui/GuildViews.gd:2026
Signature,绝技,scripts/ui/GuildViews.gd:2026
"Stage %d · %s, %s: %s",第%d阶段 · %s，%s：%s,scripts/ui/GuildViews.gd:2027
Legend (%s): %s,传奇（%s）：%s,scripts/ui/GuildViews.gd:2028
%s %s,%s %s,scripts/ui/GuildViews.gd:2035
 (locked), （未解锁）,scripts/ui/GuildViews.gd:2035
Unlock: %s,解锁：%s,scripts/ui/GuildViews.gd:2038
Chronicle,编年史,scripts/ui/GuildViews.gd:2050
Truths,真相,scripts/ui/GuildViews.gd:2050
Accounts,证词,scripts/ui/GuildViews.gd:2050
Paths,道途,scripts/ui/GuildViews.gd:2050
Crafting,制作,scripts/ui/GuildViews.gd:2050
Systems,系统,scripts/ui/GuildViews.gd:2050
Compendium,图鉴,scripts/ui/GuildViews.gd:2064
Hall of Guilds · %d Laurels,公会之殿 · %d桂冠,scripts/ui/GuildViews.gd:2085
"most Laurels: %d, %s",桂冠最多：%d，%s,scripts/ui/GuildViews.gd:2097
"most oaths kept: %d, %s",守誓最多：%d，%s,scripts/ui/GuildViews.gd:2099
"most tides held: %d, %s",守住浪潮最多：%d，%s,scripts/ui/GuildViews.gd:2101
Records — %s,记录 — %s,scripts/ui/GuildViews.gd:2102
Renewed the Accord,续立了盟约,scripts/ui/GuildViews.gd:2125
Broke the Accord,破坏了盟约,scripts/ui/GuildViews.gd:2125
Rewrote the Terms,改写了条款,scripts/ui/GuildViews.gd:2125
Retired in Act %s,于第%s幕退隐,scripts/ui/GuildViews.gd:2125
 · oaths kept: %d, · 守誓：%d,scripts/ui/GuildViews.gd:2128
 · kept the doors open, · 让大门敞开,scripts/ui/GuildViews.gd:2129
 · closed the doors, · 关上了大门,scripts/ui/GuildViews.gd:2129
 · read the first page aloud, · 大声念出了第一页,scripts/ui/GuildViews.gd:2130
 · burned the first page, · 烧掉了第一页,scripts/ui/GuildViews.gd:2130
%s · day %d · %d rifts sealed · +%d Laurels%s,%s · 第%d天 · 封印%d座裂隙 · +%d桂冠%s,scripts/ui/GuildViews.gd:2131
 · remembered: %s, · 被铭记：%s,scripts/ui/GuildViews.gd:2132
Truths · %d of %d known · %d fragments found,真相 · 已知%d/%d · 找到%d个残篇,scripts/ui/GuildViews.gd:2140
"Fragments turn up in rifts, letters, relics and at the pay table, and they're kept for every guild after this one. Any two of a truth's fragments make it known. Some only turn up after a past guild did something.",残篇会出现在裂隙、信件、遗物和发薪桌旁，并为此后的每个公会保留。一个真相的任意两个残篇即可使其揭晓。有些只有在过去的公会做过某事后才会出现。,scripts/ui/GuildViews.gd:2141
Opens: %s,开放条件：%s,scripts/ui/GuildViews.gd:2155
Nothing found yet.,尚无发现。,scripts/ui/GuildViews.gd:2158
"Everyone tells the Night of Breaking their own way. What each witness has told you, across every guild. A truth you learn strikes a claim through, or confirms it.",每个人讲述破碎之夜的方式都不同。这里是各位证人跨越所有公会告诉你的话。你得知的真相会推翻或证实某个说法。,scripts/ui/GuildViews.gd:2171
struck through,已推翻,scripts/ui/GuildViews.gd:2187
confirmed,已证实,scripts/ui/GuildViews.gd:2189
half true,半真半假,scripts/ui/GuildViews.gd:2191
%d empty chair%s: witnesses you haven't heard yet,%d把空椅子%s：你尚未听取的证人,scripts/ui/GuildViews.gd:2196
Watch the opening,观看开场,scripts/ui/GuildViews.gd:2200
What this guild can still finish · +%d Laurels each,本公会仍可完成的事项 · 每项+%d桂冠,scripts/ui/GuildViews.gd:2205
Tides of the Open Hollow: %d held of %d,敞开空洞之潮：已守住%d/%d,scripts/ui/GuildViews.gd:2211
The world,世界,scripts/ui/GuildViews.gd:2213
The story so far,故事梗概,scripts/ui/GuildViews.gd:2219
??? — seal Act %s's finale,??? — 封印第%s幕终章,scripts/ui/GuildViews.gd:2228
The Grandmaster's ledger — %d/%d pages,大团长的账簿 — %d/%d页,scripts/ui/GuildViews.gd:2241
Pages turn up in sealed rifts as the campaign goes on; a finale always yields one.,随着战役推进，账页会出现在封印的裂隙中；终章必定掉落一页。,scripts/ui/GuildViews.gd:2242
%d page%s still missing,还缺%d页%s,scripts/ui/GuildViews.gd:2247
What the champions remember — %d/%d freed,勇者们的记忆 — 已解放%d/%d,scripts/ui/GuildViews.gd:2251
Each act's finale frees a champion of the old guilds; more wait in the Endless Rift.,每一幕的终章都会解放一位旧公会的勇者；更多勇者在无尽裂隙中等待。,scripts/ui/GuildViews.gd:2253
"Items are hero-bound gear. Weapon items fill a hero's weapon slots (1, or 2 for a dual-wield class); Armor and Focus items share one ""gear"" slot pool that grows with hero rank. A Common rolls one stat, a Rare one bigger stat and a named effect, an Epic two stats and a stronger effect (some effects only come on Epics). Legendaries are unique.","物品是英雄专属的装备。武器类物品占用英雄的武器栏（1个，双持职业为2个）；护甲和专注类物品共用一个""装备""栏位池，随英雄阶级增长。普通物品随机一项属性，稀有物品一项更高的属性和一个命名效果，史诗物品两项属性和更强的效果（部分效果仅出现在史诗上）。传奇物品独一无二。",scripts/ui/GuildViews.gd:2269
Stats: %s,属性：%s,scripts/ui/GuildViews.gd:2278
 (Epic), （史诗）,scripts/ui/GuildViews.gd:2280
"Relics bend a rule for the whole guild: each is one of a kind, found from Act I's finale on (finales, an elite's loot, a rift shop, events, the Tower). They sit on the Relic Altar (Inventory), 3 slots and more with the Relic Vault. Path relics are different: a hero of the relic's Path carries it, and it works while they fight.",遗物为整个公会改写一条规则：每件都独一无二，从第一幕终章起可获得（终章、精英的战利品、裂隙商店、事件、试炼之塔）。它们放在遗物祭坛（物品栏）上，有3个栏位，遗物库可增加更多。道途遗物不同：由该道途的一位英雄携带，在其战斗时生效。,scripts/ui/GuildViews.gd:2284
"An act's finale, an elite, a rift shop or an event",某一幕的终章、精英、裂隙商店或事件,scripts/ui/GuildViews.gd:2291
"Tower of Trials, floor %d guardian",试炼之塔第%d层守护者,scripts/ui/GuildViews.gd:2293
An Endless Rift milestone,无尽裂隙里程碑,scripts/ui/GuildViews.gd:2295
Legendaries — %d/%d found,传奇 — 已找到%d/%d,scripts/ui/GuildViews.gd:2298
The Smithy combines three spare items of one category and rarity into one of the next rarity up (from Act III).,铁匠铺把同一类别和稀有度的三件多余物品合成为下一稀有度的一件（从第三幕起）。,scripts/ui/GuildViews.gd:2336
[color=#%s]3 × %s[/color]  →  [color=#%s]1 × %s[/color]   [color=#%s](numbers × %s)[/color],[color=#%s]3 × %s[/color]  →  [color=#%s]1 × %s[/color]   [color=#%s]（数值 × %s）[/color],scripts/ui/GuildViews.gd:2340
"Items: three of the same category (Weapon, Armor or Focus). The new item rolls fresh stats at the best rank among the three.",物品：三件同类别（武器、护甲或专注）。新物品以三者中最高的阶级重新随机属性。,scripts/ui/GuildViews.gd:2346
Relics aren't combined: each is a rule of its own.,遗物不能合成：每一件都是一条独立的规则。,scripts/ui/GuildViews.gd:2347
Equipped gear never goes in. Legendaries can't be crafted or fed in: they are fixed finds.,已装备的装备不会被投入。传奇无法制作或投入：它们是固定的发现。,scripts/ui/GuildViews.gd:2348
Ready now — %d,现在可制作 — %d,scripts/ui/GuildViews.gd:2360
Nothing yet: no three spare pieces of one kind and rarity.,暂无：没有三件同类同稀有度的闲置物品。,scripts/ui/GuildViews.gd:2362
"%s: %d spare, %d craft%s",%s：闲置%d，可制作%d%s,scripts/ui/GuildViews.gd:2364
Open the Smithy,打开铁匠铺,scripts/ui/GuildViews.gd:2366
"Your camp was an Accord hall once. Its 13 rooms are rebuilt with Gold, a few at a time as the guild grows: Operations after two seals, Infrastructure, Logistics and Wardcraft in Act II, Research in Act III. Every level adds its effect and a little upkeep; some levels unlock a perk (a first-strike bonus, a boss Essence cache, extra relic slots…). Guild Tier, and the hall's art, track total levels. At the end of Acts I, III and V you are offered two of the six wings and build one, 3 of 6 per guild. A room damaged by a breach works a level lower until you repair it with Gold.",你的营地曾是盟约的一座大厅。它的13个房间用金币重建，随公会成长逐步开放：两次封印后是作战，第二幕是设施、后勤和守御术，第三幕是研究。每一级都增加效果和一点维护费；有些等级会解锁加成（先手伤害加成、首领精华宝藏、额外遗物栏位……）。公会等级和大厅的样貌随总等级提升。在第一、三、五幕结束时，会从六翼中提供两翼供你建造其一，每个公会6选3。被破口损坏的房间在用金币修复前会低一级运作。,scripts/ui/GuildViews.gd:2376
"From Act III, the Rift Ladder offers a twist each day: a rule and a starting boon that come from the date, so every guild faces the same one. Tick it and your next ladder rift (any rank) carries it; one try a day. Sealing it pays bonus Essence and grows your streak. Records (Guild > Records) track achievements, lifetime statistics and your last 30 runs; the Memorial remembers heroes lost for good.",从第三幕起，裂隙天梯每天提供一个变奏：一条规则和一个初始恩赐，由日期决定，因此每个公会面对的都相同。勾选后，你的下一个天梯裂隙（任意阶级）将带上它；每天一次机会。封印后可获得额外精华并延续连胜。记录（公会 > 记录）会追踪成就、生涯统计和你最近30次裂隙行动；纪念碑铭记永远逝去的英雄。,scripts/ui/GuildViews.gd:2377
Endless Rift,无尽裂隙,scripts/ui/GuildViews.gd:2378
"A real-time survival run in the region you pick, and only champions go in (up to 4). You steer the first (WASD, arrows, drag or stick); the rest follow and fight on their own, and each fires their signature move on a timer (the ring over their head fills as it recharges). Your equipped relics come along. Every five minutes the rift runs the same cycle: the horde, a swarm, an elite pack (its leader carries a chest), archers and casters, then a lull with a chest nearby, and a warden at the end of it. At 20:00 the Rift Warden comes: beat it to seal the rift. The rift's strength (shown before you enter) starts gentle and grows with every champion you free and every act you pass. A run pays Essence and a little Gold, and costs the guild a day.",在你选择的区域进行的实时生存行动，只有勇者可以进入（最多4位）。你操控第一位（WASD、方向键、拖动或摇杆）；其余的会跟随并自行战斗，每位都会定时释放其招牌技能（头顶的圆环随充能填满）。你装备的遗物也会随行。每五分钟裂隙重复相同的循环：兽群、虫群、精英群（其首领携带宝箱）、弓手与施法者，然后是附近有宝箱的间歇，最后是一名守卫。20:00时裂隙守卫降临：击败它以封印裂隙。裂隙强度（进入前显示）起初温和，并随你解放的每位勇者和经过的每一幕增长。一次行动可获得精华和少量金币，并花费公会一天时间。,scripts/ui/GuildViews.gd:2378
Endless picks,无尽强化,scripts/ui/GuildViews.gd:2379
"Collect shards to level up and pick 1 of 3; one card is always a signature pick while any are left. Party upgrades (damage, speed, health…), a champion's role skill, a rank in their signature (up to 3: sooner and harder), or one of their two signature mods once it has a rank (Aftershock, Kindled, Frostbite, Expose, Stagger, Leech, Shrapnel, Radiance, Bulwark, Fervor, Renewal, Smokescreen). From level 10, two champions whose signatures are rank 2 can fuse: they fire together, 25% harder, and carry each other's mods. Max an upgrade and the matching role's attack can evolve (Whirlwind, Thousand Cuts, Arrow Storm, Starfall, Sanctum). Chests give one of three rift relics for the run.",收集碎片升级，并从3张卡中选择1张；只要还有剩余，其中一张必定是招牌技能卡。可选小队强化（伤害、速度、生命……）、勇者的职业技能、招牌技能的一级（最多3级：更快更强），或招牌技能已有等级后的两种改造之一（余震、点燃、霜咬、破绽、踉跄、吸血、弹片、光辉、壁垒、热忱、复苏、烟幕）。从10级起，两位招牌技能达到2级的勇者可以融合：一同发射，伤害提高25%，并带有彼此的改造。将某项强化升满后，对应职业的攻击可以进化（旋风、千刃、箭雨、星落、圣所）。宝箱提供三选一的裂隙遗物，用于本次行动。,scripts/ui/GuildViews.gd:2379
Endless ground,无尽地形,scripts/ui/GuildViews.gd:2380
"The Vale has pillars that block foes, the Marches have pools that slow everyone, the Wastes have lava that burns foes and your lead. Braziers break when you walk into or hit them, dropping a heal, a magnet for shards or a bomb. Elites and wardens slam: step out of the red circle before it fills. Your first 5, 10 and 15 minutes and your first sealed rift each pay once, with two Endless relics and guild titles.",山谷有阻挡敌人的石柱，沼泽有减速所有人的水洼，荒原有灼烧敌人和你的首领英雄的熔岩。火盆在你走入或攻击时破碎，掉落治疗、碎片磁铁或炸弹。精英和守卫会猛击：在红圈填满前离开。你的首个5、10、15分钟和首次封印裂隙各奖励一次，包括两件无尽遗物和公会称号。,scripts/ui/GuildViews.gd:2380
Hero voices,英雄语音,scripts/ui/GuildViews.gd:2381
"A hero's born quirk sets their personality (Bold, Quick, Stoic, Nervous, Devout or Scholarly), shown on their sheet. They speak up in fights when they land a big kill, hang on at low health or see an ally fall, and one of them sums up every win.",英雄天生的特质决定其性格（勇敢、敏捷、坚忍、紧张、虔诚或博学），显示在其资料上。他们在完成漂亮击杀、低血坚持或看到友方倒下时会开口，每次胜利也会有一人总结。,scripts/ui/GuildViews.gd:2381
Boss phases,首领阶段,scripts/ui/GuildViews.gd:2382
"Every boss changes once it drops to half health: Call the Horde (two foes join), Fury (hits 20% harder and winds up more often) or Last Bastion (a ward worth 12% of its health). Its plate shows which, and the warning bar calls it out as it gets close, so save burst and Defend for the turn.",每个首领在生命值降至一半时都会变化：召唤兽群（两名敌人加入）、狂怒（伤害提高20%并更频繁地蓄力）或最后堡垒（相当于其12%生命值的护盾）。其铭牌会显示是哪一种，接近时警告条也会提示，所以留好爆发，在那回合防御。,scripts/ui/GuildViews.gd:2382
Elite affixes,精英词缀,scripts/ui/GuildViews.gd:2383
"Elites roll an affix: Vampiric, Thorned, Shielded, Venomous, Juggernaut, Blazing, Hasted (acts twice) or Commander (brings two escorts). Rank B+ rifts give them two. Hover the badges on their plate to read them.",精英会随机一个词缀：吸血、荆棘、护盾、剧毒、主宰、炽燃、迅捷（行动两次）或指挥官（带两名护卫）。B+阶裂隙中有两个。悬停其铭牌上的徽章可查看。,scripts/ui/GuildViews.gd:2383
Boons,恩赐,scripts/ui/GuildViews.gd:2384
"Beating an elite in a rift offers 1 of 3 boons that last until that rift ends. Boons come in seven families (Ember, Frost, Blood, Steel, Storm, Shadow, Holy); owning 2 of a family adds a set bonus and 4 a strong capstone, so a run can grow into a build. Not offered in the Tower.",在裂隙中击败精英可三选一获得恩赐，持续到该裂隙结束。恩赐分为七个家族（余烬、冰霜、鲜血、钢铁、风暴、暗影、神圣）；同一家族拥有2个可获得套装加成，4个可获得强力终极效果，因此一次行动可以逐渐成型。试炼之塔中不提供。,scripts/ui/GuildViews.gd:2384
Guild Orders,公会指令,scripts/ui/GuildViews.gd:2385
"Lv2 of the Infirmary, Drill Yard, Trade Network and Scouts' Lodge each unlock an order you can call inside a rift: Supply Drop (heal 35% between fights), Rally (act first and hit 30% harder this round), Requisition (reroll a fight's loot) and Scout Ahead (reroll a fork). 1 order per rift, 2 at Renowned tier, 3 at Legendary.",医务室、操练场、贸易网络和斥候小屋的2级各解锁一个可在裂隙中发动的指令：空投补给（战斗间恢复35%）、集结（本回合先手且伤害提高30%）、征用（重掷一场战斗的战利品）和前方侦察（重掷一个岔路）。每座裂隙1个指令，声名远扬等级2个，传奇等级3个。,scripts/ui/GuildViews.gd:2385
Rift Ladder,裂隙天梯,scripts/ui/GuildViews.gd:2386
"Rifts come in ranks, F to SSS. F-D are Lesser rifts, C and up Greater rifts (open after Act I). Each rank hits harder than the last and pays more; from B up they add rules (more elites, harsher hazards, fewer shops, bosses with two mechanics). Seal a rank to open the next. Gear drops at the rank of the rift it came from.",裂隙分为F到SSS阶。F-D为次级裂隙，C及以上为高级裂隙（第一幕后开放）。每一阶都比上一阶更强、报酬更高；从B阶起会增加规则（更多精英、更凶险的险境、更少商店、拥有两种机制的首领）。封印一阶以开放下一阶。装备按掉落裂隙的阶级生成。,scripts/ui/GuildViews.gd:2386
Bonds,羁绊,scripts/ui/GuildViews.gd:2387
"Heroes who seal rifts together grow a bond: level 1, 2 and 3 after 2, 5 and 10 rifts. Each level adds 2% party damage while both stand in a fight (up to the cap). Bonds show on the hero sheet's History tab.",一起封印裂隙的英雄会建立羁绊：在2、5、10座裂隙后分别达到1、2、3级。两人都在战斗中站着时，每级使小队伤害+2%（有上限）。羁绊显示在英雄资料的历史页。,scripts/ui/GuildViews.gd:2387
Ability Awakening,技能觉醒,scripts/ui/GuildViews.gd:2388
"Spend Skill Points once to give a hero's Ability a secondary effect (by ability: +2 Momentum back, a lingering debuff, a party dodge boost, a self-shield, or a small damage stack).",花费一次技能点，为英雄的技能增加次要效果（视技能而定：返还2气势、持续减益、小队闪避加成、自身护盾或少量伤害叠加）。,scripts/ui/GuildViews.gd:2388
"Heroes stand in the front or back row. Foes aim most attacks at the front row; Snipes hunt the back. Warriors and rogues hit at half strength with a basic attack from the back row, and some skills need a row. Move (7) switches rows for a turn. Back-row foes take less damage from attacks.",英雄站在前排或后排。敌人大多攻击前排；狙击专打后排。战士和盗贼在后排的普通攻击只造成一半伤害，部分技能需要特定排。移动(7)可在一回合内换排。后排敌人受到的攻击伤害较低。,scripts/ui/GuildViews.gd:2389
Controls,操作,scripts/ui/GuildViews.gd:2390
"Keyboard: 1-5 switch camp tabs; in a fight 1 Attack, 2-4 skills, 5 Defend, M opens More (6 Guard, 7 Move, 8 Tonics, 9 Call; their keys work either way), Space repeats the last action, Tab cycles targets, A toggles Auto, Esc goes back. Gamepad: D-pad and A work every menu, B goes back, LB/RB switch camp tabs. In a fight A repeats the last action, X Defends, Y uses the Ability, LB/RB the two skills, Start opens More (Guard, Move, Tonics, Call), the D-pad cycles targets, Select toggles Auto.",键盘：1-5切换营地标签页；战斗中1为攻击，2-4为技能，5为防御，M打开更多（6守护、7移动、8药剂、9召唤；这些按键两种方式都可用），空格键重复上一个行动，Tab切换目标，A切换自动，Esc返回。手柄：十字键和A键可操作所有菜单，B返回，LB/RB切换营地标签页。战斗中A重复上一个行动，X防御，Y使用主动技能，LB/RB使用两个技能，Start打开更多（守护、移动、药剂、召唤），十字键切换目标，Select切换自动。,scripts/ui/GuildViews.gd:2390
Momentum and skills,气势与技能,scripts/ui/GuildViews.gd:2391
"Momentum is the party's shared pool (up to 10, starting at 3). Each basic attack adds 1, each kill 1, and each hit taken while Defending or Guarding 1 (2 for a heavy blow). Every hero has two role skills (Lv1 and Lv6) and their subclass Ability (Lv3). Skills cost 2-4 Momentum, Abilities 4.",气势是小队的共享池（最多10，初始3）。每次普通攻击+1，每次击杀+1，防御或守护时每次受击+1（重击+2）。每位英雄有两个职业技能（1级和6级）和子职业技能（3级）。职业技能消耗2-4气势，子职业技能消耗4。,scripts/ui/GuildViews.gd:2391
Enemy moves,敌人招式,scripts/ui/GuildViews.gd:2392
"Each round a foe shows its next move above its health bar: an attack on a hero, a wind-up (a heavy blow next round), or a special move: Sweep (hits everyone), Snipe (the most-hurt back-row hero), Curse (40% less damage for 2 rounds), Ward, Mend or Roar. Shield Bash stuns a foe; Shield Bash and Frost Nova break wind-ups.",每回合敌人会在血条上方显示下一招：攻击某名英雄、蓄力（下回合重击），或特殊招式：横扫（命中所有人）、狙击（后排受伤最重的英雄）、诅咒（2回合内伤害降低40%）、结界、治疗或咆哮。盾击可眩晕敌人；盾击和冰霜新星可打断蓄力。,scripts/ui/GuildViews.gd:2392
Designed encounters,设计遭遇,scripts/ui/GuildViews.gd:2393
"About six regular fights in ten are one of a region's named encounters (Scarecrow Line, Reed Snipers, Forge Guard...), groups whose members play off each other: a warder shielding a brute, a healer behind a wall, snipers behind a tank. The name and a tactical hint open the fight log; hover the round label to read the hint again.",大约十场普通战斗中有六场是该区域的命名遭遇（稻草人防线、芦苇狙击手、锻炉卫队……），成员之间互相配合：护盾者保护蛮兽、治疗者躲在墙后、狙击手藏在坦克身后。遭遇名称和战术提示会出现在战斗记录开头；悬停回合标签可再次查看提示。,scripts/ui/GuildViews.gd:2393
Rift bosses,裂隙首领,scripts/ui/GuildViews.gd:2394
"Each boss is always the same fight. Vaelith's Harvest hits everyone and heals her, and she calls a Crier and a Warden at half health. Nyxara's Drowning Tide chills and weakens the party. Korrath's Sunder tears the wards off the front row. Drevok Brands a hero to take 50% more damage and calls fire cultists. Sythrane Immolates the party while she regenerates and enrages. Their signature moves are telegraphed like any other.",每个首领的战斗总是相同的。Vaelith的收割打中所有人并为她回血，生命值降至一半时她召来一名啼者和一名守卫。Nyxara的溺亡之潮冰冻并削弱小队。Korrath的破甲撕掉前排的护盾。Drevok为一名英雄打上烙印使其受到伤害提高50%，并召来火焰邪教徒。Sythrane对小队施放献祭，同时再生并狂暴。它们的招牌招式和其他招式一样会被预示。,scripts/ui/GuildViews.gd:2394
"Every monster, boss, and hazard you've encountered is tracked as a silhouette-to-full-color reveal — pure record-keeping, no reward tied to completion.",你遭遇过的每个怪物、首领和险境都会被记录，从剪影逐步揭示为全彩——纯粹的记录，完成不附带奖励。,scripts/ui/GuildViews.gd:2395
"Opens with Act IV, in the Rift Hall. 100 fixed floors, one fight each: a floor is always the same fight, so a loss is something to plan around. Heroes fight at full HP and leave as they came (no downing, scars or days passing). Most floors carry a rule (armored or burning foes, a swarm, a party cap). Every 10th floor is a guardian that gives a unique relic, and floors 10/25/50/75/100 earn guild titles. Only a first clear pays; floors 91-100 reshuffle their rules every week and pay half for a re-clear.",第四幕开放，在裂隙大厅。100层固定楼层，每层一场战斗：同一层永远是同一场战斗，所以失败是可以计划应对的。英雄满血战斗，离开时与进入时一样（没有倒下、伤疤或时间流逝）。大多数楼层带有一条规则（重甲或燃烧的敌人、一群敌人、小队人数上限）。每第10层是守卫，掉落一件独特遗物，第10/25/50/75/100层可获得公会称号。只有首次通关有奖励；第91-100层每周重新洗牌规则，重复通关奖励减半。,scripts/ui/GuildViews.gd:2396
Foes & regions,敌人与区域,scripts/ui/GuildViews.gd:2397
"Each rift is in a region (the Vale, the Marshes, the Ashen Wastes) with its own foes. Some foes wind up a heavy blow a turn ahead (x2.5, stuns unless the target Defends); armored foes shrug off part of every basic attack (each hit chips the armor; abilities ignore it); fire foes can burn and frost foes can chill (act late). A Field Tonic cleanses burn, chill, poison and stun.",每座裂隙位于一个区域（山谷、沼泽、灰烬荒原），各有其敌人。有些敌人会提前一回合蓄力重击（×2.5，目标不防御则眩晕）；重甲敌人会抵消每次普通攻击的一部分（每次攻击会削弱护甲；技能无视护甲）；火焰敌人会造成燃烧，冰霜敌人会造成冰冻（行动靠后）。野战药剂可净化燃烧、冰冻、中毒和眩晕。,scripts/ui/GuildViews.gd:2397
"Six acts, each ending in a finale rift against a named foe. Meet an act's objectives (shown in the Rift Hall) to open its finale; sealing it pays a reward and a unique relic. Act I opens Greater Rifts, Act II the Endless Rift.",共六幕，每一幕都以对抗一名有名有姓之敌的终章裂隙收尾。达成一幕的目标（显示在裂隙大厅）即可开启其终章；封印终章可获得奖励和一件独特遗物。第一幕开启大型裂隙，第二幕开启无尽裂隙。,scripts/ui/GuildViews.gd:2398
"Six acts, each ending in a finale rift against a named foe. Meet an act's objectives (shown in the Rift Hall) to open its finale; sealing it pays a reward and a unique relic. Act I opens Greater Rifts, Act II the Descent.",共六幕，每一幕都以对抗一名有名有姓之敌的终章裂隙收尾。达成一幕的目标（显示在裂隙大厅）即可开启其终章；封印终章可获得奖励和一件独特遗物。第一幕开启大型裂隙，第二幕开启深渊下行。,scripts/ui/GuildViews.gd:2398
"Relics bend rules: each is one of a kind, found from Act I's finale on (finales, elites, shops, events and the Tower's guardians), and sits on the Relic Altar for the whole guild. Stats live on gear. A sealed Rank D+ rift offers a Path relic instead, carried by a hero of that Path (one each) and passed between them at camp; it works while they fight. Declining one pays the seal's Essence.",遗物改写规则：每件都独一无二，从第一幕终章起可获得（终章、精英、商店、事件和试炼之塔的守护者），放在遗物祭坛上，为整个公会生效。数值在装备上。封印D阶及以上的裂隙会改为提供一件道途遗物，由该道途的英雄携带（每人一件），可在营地相互传递；在其战斗时生效。放弃道途遗物则改为获得封印的精华。,scripts/ui/GuildViews.gd:2399
Quirks,特质,scripts/ui/GuildViews.gd:2400
"Everything personal about a hero beyond class, skills and gear: at most one born quirk (it sets their voice), up to 2 scars from being knocked out (a wound with a small upside), and quirks earned by what they've done. Bad born quirks and scars can be treated for Gold at the Arcane Lab.",英雄在职业、技能和装备之外的一切个人特征：最多一个天生特质（决定其语音）、最多2道被击倒留下的伤疤（附带小小好处的伤口），以及因其事迹获得的特质。不好的天生特质和伤疤可以在奥术实验室花金币治疗。,scripts/ui/GuildViews.gd:2400
"From Act II a rift swells every so often: a rank, a place and a countdown in days (Rift Hall and the camp's status board). Seal a rift of that rank or higher before it runs out to close it, for a little Essence. Otherwise it breaks, and every rift run waits until your guild holds it: a breach rift of back-to-back fights (a fight, an elite and the breach's warden; the Inverted City's gate adds an elite) with no camp, shop or campfire between them. Ranks below S break out in a region; from S up they break at your camp. Holding pays Gold and Essence. Falling or turning back costs a share of your Essence and of the Gold beyond the coming payday's wages, and damages a building (two at the camp). The Accord Hall's Wardcraft rooms soften all of it.",从第二幕起，时不时会有一座裂隙膨胀：显示阶级、地点和以天计的倒计时（裂隙大厅和营地状态板）。在倒计时结束前封印一座同阶或更高阶的裂隙即可将其关闭，获得少量精华。否则它会破开，所有裂隙行动都要等你的公会守住它：一座连续作战的裂口裂隙（一场战斗、一个精英和裂口的守卫；倒悬之城的城门多一个精英），中间没有营地、商店或营火。S阶以下在某个地区破开；S阶及以上在你的营地破开。守住可获得金币和精华。倒下或撤退会损失一部分精华，以及超出下个发薪日薪水之外的一部分金币，并损毁一座建筑（在营地则为两座）。盟约大厅的守御术房间可减轻这一切。,scripts/ui/GuildViews.gd:2401
Defending,防守,scripts/ui/GuildViews.gd:2402
"Foes walk the roads toward the goal. Build towers on the round pads with supplies (you start with some and earn more for every kill); click a tower to upgrade or sell it. Ballistas shoot far, Fire Braziers splash and burn, Frost Totems slow, Ward Stones shield nearby heroes, Chapels mend them; research in the Defenses branch opens the last three and tier 3. Idle heroes stand at posts: warriors and rogues hold foes in place, rangers and mages shoot. Steer one champion by clicking where to go. Every foe that gets through costs integrity (an elite 3, a warden 10); at 0 the defense is lost. Call a wave early for bonus supplies.",敌人沿着道路走向目标。用补给在圆形平台上建塔（初始有一些，每次击杀还能获得更多）；点击塔可升级或出售。弩车射程远，火盆溅射并灼烧，冰霜图腾减速，结界石为附近英雄提供护盾，礼拜堂为他们治疗；防御分支的研究可开放后三种塔和3级。空闲的英雄站在岗位上：战士和盗贼拖住敌人，游侠和法师射击。点击目标位置来操控一位勇者。每个突破的敌人都会消耗完整度（精英3，守卫10）；降到0则防守失败。提前召来一波可获得额外补给。,scripts/ui/GuildViews.gd:2402
"Each new guild meets twelve champions, drawn from a pool of twenty-four: three are freed at the end of Acts I, II and III, and nine are lost, each held in a pillar of light (in the Descent, and in ladder rifts from Rank B; reach one to free them). A champion never joins the roster. In rift runs one oversees the party: their Boon lifts everyone, and any hero can spend a turn on their Call (once a rift, twice from level 3). Essence levels them up (to 5).",每个新公会会遇到十二位勇者，从二十四位中抽取：三位在第一、二、三幕结束时获释，九位失落，各自困在一道光柱中（在深渊下行中，以及B阶起的天梯裂隙中；抵达光柱即可解放）。勇者从不加入名册。在裂隙行动中，由一位勇者担任小队的督军：其恩赐提升全员，任何英雄都可花一个回合发动其召唤（每座裂隙一次，3级起两次）。精华可提升其等级（最高5级）。,scripts/ui/GuildViews.gd:2403
Attributes,属性,scripts/ui/GuildViews.gd:2404
"Might (damage, HP), Agility (speed, dodge, first strike) and Focus (ability power, mend). Heroes gain 3 points per level to spend on the Roster's Hero tab; gear adds more, and better gear needs a minimum in its attribute to equip. Train up to 8 extra points at the Training Yard, or reset a hero's points for 5 Essence per level (gear they no longer qualify for comes off).",力量（伤害、生命）、敏捷（速度、闪避、先手）和专注（技能强度、回复）。英雄每升一级获得3点，在名册的英雄页分配；装备会额外增加，更好的装备需要对应属性达到最低值才能装备。可在训练场额外训练最多8点，或以每级5精华重置英雄的点数（不再满足要求的装备会被卸下）。,scripts/ui/GuildViews.gd:2404
Quests & Milestones,任务与里程碑,scripts/ui/GuildViews.gd:2405
"The quest board posts 6 quests (hunts, boss bounties, rift seals, trials); take up to 3 at a time. Unaccepted postings are replaced every 3 days (a day passes with each rift run or rest). Milestones are a static checklist, auto-granted the moment they're met. A rare escort NPC can also tag along on a fight — surviving pays a small bonus.",任务板发布6个任务（狩猎、首领悬赏、裂隙封印、试炼）；最多同时接3个。未接的委托每3天更换一次（每次裂隙行动或休息过去一天）。里程碑是固定清单，达成即自动发放。偶尔还会有稀有的护送NPC随队参战——活下来可获得一小笔奖励。,scripts/ui/GuildViews.gd:2405
"Wages, morale and the rival",薪水、士气与对手,scripts/ui/GuildViews.gd:2406
"Every 7 days (a day = one rift run or rest) heroes draw wages by rank and level, and every hall room level costs upkeep; see Guild > Ledger. Unpaid upkeep costs Renown. The Training Yard trains only a few attribute points a week (more with the Drill Yard), and a feast seats a limited number of heroes, lowest morale first (more with the Trade Network). The unpaid lose morale, and a hero unpaid twice in a row, or at rock-bottom morale on payday, walks out. Morale (0-100) rises with sealed rifts and feasts and falls with defeats, knockouts, idle weeks and failed contracts: Inspired heroes deal +10% damage, Shaken -10%, Breaking -20%. Taken contracts are due in 6-10 days. A rival guild gains Renown daily, and once a week it may make a move you answer before payday: court one of your heroes (match their offer, or they choose, staying only at morale 50 or above), dare you to seal a rift by payday (Renown rides on it), or go for a posted contract (take it on or lose it). Requests and the rival's moves pop up at camp and wait in the Ledger, whose week board shows each day to payday. At payday, the leader on Renown gets the better recruits. Every 28 days, whichever guild gained more Renown wins a prize.",每7天（一天 = 一次裂隙出征或休息）英雄按等级和级别领取薪水，每级大厅房间都要维护费；见公会 > 账簿。拖欠维护费会损失声望。训练场每周只能训练几点属性（操练场可增加），宴会只能招待有限的英雄，士气最低的优先（贸易网络可增加）。未领到薪水的英雄士气下降，连续两次未领薪水，或发薪日士气跌到谷底的英雄会离开。士气（0-100）随封印裂隙和宴会上升，随失败、倒下、闲置的周和失败的契约下降：振奋的英雄伤害+10%，动摇的-10%，崩溃的-20%。接下的契约在6-10天内到期。对手公会每天获得声望，每周可能出一招，你需在发薪日前回应：拉拢你的一位英雄（开出同样的条件，或由英雄选择，士气50以上才会留下），挑战你在发薪日前封印一道裂隙（声望押在上面），或抢一份已发布的契约（接下或失去）。请求和对手的动向会在营地弹出，并在账簿中等待，账簿的周表显示到发薪日的每一天。发薪日时，声望领先者得到更好的招募。每28天，声望增长更多的公会赢得奖品。,scripts/ui/GuildViews.gd:2406
"Twice a week a hero may ask for something: time off, a raise, Gold for kit, a Training Yard slot, a partner, a rift of their own, your side in a feud, and more. Saying yes costs something and can leave them a title, a quirk or a bond; saying no costs morale. Answer in the Ledger before payday, or it counts as a no.",每周两次，英雄可能会提出请求：休假、加薪、买装备的金币、训练场名额、一个搭档、一座属于自己的裂隙、在争执中站在其一边，等等。答应要付出代价，可能让其获得称号、特质或羁绊；拒绝则损失士气。须在发薪日前于账簿中回应，否则视为拒绝。,scripts/ui/GuildViews.gd:2407
Expeditions,远征,scripts/ui/GuildViews.gd:2408
"From two seals, the Quest board's Expeditions tab posts three jobs off the map: a safe one, a hard one and (from Act II) a perilous one, each with a Need in power, a length of 1-3 days and a party of up to 3. Heroes you send are away for those days and still draw wages. The odds show before they go: 50% at the Need, better above it. Success pays in full; a partial pays half and someone comes back hurt; a failure pays nothing and hurts the party, and on a perilous job it can leave a scar. Every class and every Path brings something on the road, once per party: a warrior's muscle and a ranger's scouting raise the odds, a mage appraises (+50% Essence), a rogue pockets more (+25% Gold), a cleric halves the hurt, and each Path adds its own. Heroes are gone for the whole days while rifts and breaches go on without them. Everyone learns on the road, as at the Training Yard. One party out at a time, two with a Scouts' Lodge at level 3.",封印两座裂隙后，任务板的远征页会发布三份地图之外的任务：一份安全、一份困难，以及（第二幕起）一份凶险，每份都有战力需求、1-3天的时长，小队最多3人。派出的英雄在这几天里不在，但仍领薪水。出发前会显示成功率：刚好达到需求时为50%，超出越多越高。成功则全额支付；部分成功付一半，且有人负伤归来；失败则分文不得，全队受伤，凶险任务还可能留下伤疤。每个职业和每条道途在路上都有所助益，每支小队各计一次：战士的蛮力和游侠的侦察提高成功率，法师负责鉴定（精华+50%），盗贼多揣一些（金币+25%），牧师让伤势减半，每条道途另有加成。英雄整天不在，裂隙和裂口照常推进。每个人都能在路上有所长进，与训练场相同。同一时间只能派出一支小队，斥候小屋达到3级后可派两支。,scripts/ui/GuildViews.gd:2408
Camp events,营地事件,scripts/ui/GuildViews.gd:2409
"On about a third of days something happens at camp, and each is a choice: a travelling merchant, a renowned hero who drills one of yours, a wandering recruit, a relic peddler, a smith's apprentice, a scholar; a festival, refugees, a debt, the rival's quartermaster. Threats (fire, fever, bandits, a storm, a rift tremor) are foretold the evening before (the status board and the week's calendar): pay, send a hero who stays home that day, or take the loss. An event left unanswered takes its last option the next day. Act I brings only opportunities.",大约三分之一的日子营地会发生些什么，每件事都是一个选择：游商、来操练你手下英雄的知名英雄、流浪的新兵、遗物小贩、铁匠学徒、学者；节庆、难民、债务、对手的军需官。威胁（火灾、热病、强盗、风暴、裂隙震动）会在前一晚预示（状态板和本周日历）：付钱、派一名英雄当天留守，或承受损失。未答复的事件会在第二天采取最后一个选项。第一幕只会带来机遇。,scripts/ui/GuildViews.gd:2409
The rift map,裂隙地图,scripts/ui/GuildViews.gd:2410
"A ranked rift is a map of lanes: Ranks F-E have 3, D-B 4, A and up 5. Each node leads on to its own lane and one or both neighbours on the next floor, so plan a route: an elite on the way to a treasure, a shop before the boss. Every route ends at a campfire before the boss. Anvils temper a worn piece for free, a Path's shrine teaches the party (its Path's heroes most), and a trainer's echo gives one hero a level. From Rank S, floors more than two ahead are unseen unless a Trapper or a Stalker scouts.",有阶级的裂隙是一张路线图：F-E阶3条路线，D-B阶4条，A阶及以上5条。每个节点通往下一层的同一路线及相邻的一条或两条，所以要规划路线：去宝藏的路上打一场精英，首领前逛一次商店。每条路线都在首领前以营火结束。铁砧可免费淬炼一件磨损的装备，道途圣坛会指导小队（该道途的英雄收获最多），训练师的回响可使一名英雄升一级。从S阶起，除非有陷阱师或潜猎者侦察，否则看不到两层以外的楼层。,scripts/ui/GuildViews.gd:2410
Wanted,悬赏,scripts/ui/GuildViews.gd:2442
Seal the Rift,封印裂隙,scripts/ui/GuildViews.gd:2442
Trial,试炼,scripts/ui/GuildViews.gd:2443
Supply,补给,scripts/ui/GuildViews.gd:2443
Contracts,契约,scripts/ui/GuildViews.gd:2456
 (%d out), (外出%d),scripts/ui/GuildViews.gd:2456
Day %d  ·  Taken %d/%d  ·  new postings in %d day%s,第%d天  ·  已接%d/%d  ·  %d天%s后发布新任务,scripts/ui/GuildViews.gd:2497
A day passes with every rift run or rest. Unaccepted postings are replaced when the board refreshes; quests you've taken stay.,每次裂隙行动或休息都会过去一天。任务板刷新时，未接受的任务会被替换；已接的任务保留。,scripts/ui/GuildViews.gd:2502
Nothing posted — new postings in %d day%s.,暂无任务 — %d天%s后发布新任务。,scripts/ui/GuildViews.gd:2514
Milestones,里程碑,scripts/ui/GuildViews.gd:2520
Claimed,已领取,scripts/ui/GuildViews.gd:2526
Quest,任务,scripts/ui/GuildViews.gd:2552
Due in %d day%s,%d天%s后到期,scripts/ui/GuildViews.gd:2573
Due today,今天到期,scripts/ui/GuildViews.gd:2573
%d days once taken,接取后%d天,scripts/ui/GuildViews.gd:2578
Difficulty,难度,scripts/ui/GuildViews.gd:2585
Reward: ,奖励： ,scripts/ui/GuildViews.gd:2588
Take on,接取,scripts/ui/GuildViews.gd:2598
You already have %d quests — finish or abandon one first,你已有%d个任务——请先完成或放弃一个,scripts/ui/GuildViews.gd:2605
Only progress made after taking it counts,只有接取后的进度才算数,scripts/ui/GuildViews.gd:2605
Claim reward,领取奖励,scripts/ui/GuildViews.gd:2610
Abandon,放弃,scripts/ui/GuildViews.gd:2624
Take it down,撤下,scripts/ui/GuildViews.gd:2632
DONE,完成,scripts/ui/GuildViews.gd:2656
TAKEN,已接,scripts/ui/GuildViews.gd:2656
FAILED,失败,scripts/ui/GuildViews.gd:2656
Keepers of the Vale · %d/%d halls restored,山谷守护者 · 已修复%d/%d座大厅,scripts/ui/GuildViews.gd:2676
"The rifts are shut. The old Accord guilds' halls stand empty across the Vale; restore them, and each keeps giving.",裂隙已经关闭。旧盟约公会的大厅空置在山谷各处；修复它们，每一座都会持续带来好处。,scripts/ui/GuildViews.gd:2677
Restore · %d Gold · %d Essence,修复 · %d金币 · %d精华,scripts/ui/GuildViews.gd:2706
Listen,聆听,scripts/ui/GuildViews.gd:2729
Hear it again,再听一次,scripts/ui/GuildViews.gd:2732
The Open Hollow · %d tides held of %d,敞开的空洞 · 已守住%d/%d次浪潮,scripts/ui/GuildViews.gd:2741
"The Hollow is out. A tide breaks every week, and each one held makes the next stronger. Every tidewall holds a little of it back.",空洞已经出来了。浪潮每周袭来，每守住一次，下一次就更强。每道潮墙都能挡住一点。,scripts/ui/GuildViews.gd:2750
Tidewalls: %d,潮墙：%d,scripts/ui/GuildViews.gd:2756
"The next tide: %d%% of the first one's strength, %d%% against your walls",下一波浪潮：第一波强度的%d%%，对你的潮墙为%d%%,scripts/ui/GuildViews.gd:2757
Raise a tidewall · %d Gold · %d Essence,筑起潮墙 · %d金币 · %d精华,scripts/ui/GuildViews.gd:2760
Every tide is %d%% weaker against the guild for each wall.,每道潮墙使每波浪潮对公会减弱%d%%。,scripts/ui/GuildViews.gd:2764
Endow the next guild · %d so far,为下一个公会捐赠 · 已有%d,scripts/ui/GuildViews.gd:2776
Dobbs sets coin aside for whoever founds the next guild. Each Laurel costs more than the last.,Dobbs为下一个公会的创建者存下钱财。每顶桂冠都比上一顶更贵。,scripts/ui/GuildViews.gd:2777
+1 Laurel · %d Gold,+1桂冠 · %d金币,scripts/ui/GuildViews.gd:2779
Wings · %d/%d built,翼楼 · 已建%d/%d,scripts/ui/GuildViews.gd:2792
"The next wing is offered at the end of Act %s: a choice of two, built with Gold.",下一翼将在第%s幕结束时提供：两选一，用金币建造。,scripts/ui/GuildViews.gd:2801
"Two wings could stand again. Build one: the other stays a ruin, so choose what kind of guild you are.",有两翼可以重新立起来。建造其中一个：另一个仍是废墟，所以选择你想成为怎样的公会。,scripts/ui/GuildViews.gd:2804
Build · %d Gold,建造 · %d金币,scripts/ui/GuildViews.gd:2818
%s rebuilt,%s已重建,scripts/ui/GuildViews.gd:2822
Rooms · rebuilt with Gold; each level adds upkeep,房间 · 用金币重建；每一级都会增加维护费,scripts/ui/GuildViews.gd:2848
 Branch, 分支,scripts/ui/GuildViews.gd:2850
Click again to confirm reset,再次点击以确认重置,scripts/ui/GuildViews.gd:2870
Reset Guild,重置公会,scripts/ui/GuildViews.gd:2870
Lv %d/%d,%d/%d级,scripts/ui/GuildViews.gd:2915
Damaged in a Riftbreak: works at Lv %d until repaired.,在裂隙崩溃中受损：修复前以%d级运作。,scripts/ui/GuildViews.gd:2938
Repair a level — %d Gold,修复一级 — %d金币,scripts/ui/GuildViews.gd:2941
%s repaired,%s已修复,scripts/ui/GuildViews.gd:2944
Works at Lv %d,以%d级运作,scripts/ui/GuildViews.gd:2944
Each level: %s · upkeep +%d Gold a week,每级：%s · 维护费每周+%d金币,scripts/ui/GuildViews.gd:2947
%s Lv%d — %s,%s %d级 — %s,scripts/ui/GuildViews.gd:2952
⌂ Camp: the %s is rebuilt at Lv3 and Lv5 (now tier %d/3),⌂ 营地：%s在3级和5级时重建（当前等级%d/3）,scripts/ui/GuildViews.gd:2958
⌂ Camp: every level grows the Guild Hall (guild tier),⌂ 营地：每一级都会扩建公会大厅（公会等级）,scripts/ui/GuildViews.gd:2960
Upgrade to Lv%d — %d Gold,升至%d级 — %d金币,scripts/ui/GuildViews.gd:2965
Upgrade to Lv%d — %d Essence,升至%d级 — %d精华,scripts/ui/GuildViews.gd:2965
%s — Lv%d,%s — %d级,scripts/ui/GuildViews.gd:2972
Next: %s%s,下一级：%s%s,scripts/ui/GuildViews.gd:2975
"
Unlocks: ","
解锁： ",scripts/ui/GuildViews.gd:2975
"Send heroes on a job off the map. They are gone for its whole days and still draw wages, while rifts and breaches go on without them. Success pays in full; a partial pays half and someone comes back hurt; a failure pays nothing and hurts the party. Every class and Path brings something (hover a hero); each counts once, so a mixed party does best. Parties out at once: %d.",派英雄去地图之外接活。任务期间他们整天不在，仍领薪水，裂隙和裂口照常推进。成功则全额支付；部分成功付一半，且有人负伤归来；失败则分文不得，全队受伤。每个职业和道途都有所助益（悬停英雄查看）；每种只计一次，所以混搭的小队效果最好。可同时外出的小队：%d。,scripts/ui/GuildViews.gd:2992
Out: %s,外出：%s,scripts/ui/GuildViews.gd:3002
%s · back in %d day%s · %d%% odds,%s · %d天%s后返回 · 成功率%d%%,scripts/ui/GuildViews.gd:3003
Nothing posted until the board is renewed.,任务板更新前没有新委托。,scripts/ui/GuildViews.gd:3007
%s · %d day%s · up to %d hero%s · Need %d,%s · %d天%s · 最多%d名英雄%s · 需求%d,scripts/ui/GuildViews.gd:3025
Pays %d Gold,报酬%d金币,scripts/ui/GuildViews.gd:3029
", %d Essence",，%d精华,scripts/ui/GuildViews.gd:3029
", %d%% chance of an item",，%d%%几率获得物品,scripts/ui/GuildViews.gd:3032
A failure here can leave a lasting scar.,在此失败可能留下永久伤疤。,scripts/ui/GuildViews.gd:3035
%s · power %d,%s · 战力%d,scripts/ui/GuildViews.gd:3053
Nobody at camp is free.,营地里没人有空。,scripts/ui/GuildViews.gd:3056
"%s is ready for a Path course. With these away, only %d hero%s would be left for the rifts while they train.",%s已可参加道途课程。若派走这些人，其受训期间只剩%d名英雄%s可去裂隙。,scripts/ui/GuildViews.gd:3066
Send them (%d%% odds),派他们出发（成功率%d%%）,scripts/ui/GuildViews.gd:3070
Pick who goes,选择出发人选,scripts/ui/GuildViews.gd:3070
navigator.storage && navigator.storage.persist && navigator.storage.persist();,navigator.storage && navigator.storage.persist && navigator.storage.persist();,scripts/ui/Main.gd:37
(new URLSearchParams(location.search)).get('receive')||'',(new URLSearchParams(location.search)).get('receive')||'',scripts/ui/Main.gd:40
"history.replaceState(null,'',location.pathname)","history.replaceState(null,'',location.pathname)",scripts/ui/Main.gd:42
"setTimeout(function(){ try { screen.orientation.lock('landscape').catch(function(){}); } catch (e) {} }, 400);","setTimeout(function(){ try { screen.orientation.lock('landscape').catch(function(){}); } catch (e) {} }, 400);",scripts/ui/Main.gd:171
Click to dismiss,点击关闭,scripts/ui/Main.gd:271
"%d achievements, see Records",%d项成就，见记录,scripts/ui/Main.gd:357
Achievement: %s,成就：%s,scripts/ui/Main.gd:362
Achievement earned,获得成就,scripts/ui/Main.gd:364
Back up your guild,备份你的公会,scripts/ui/Main.gd:368
It lives in this browser only. Settings > Backup > Export save keeps a copy.,它只存在于此浏览器中。设置 > 备份 > 导出存档可保留一份副本。,scripts/ui/Main.gd:369
Turn your phone sideways,请将手机横过来,scripts/ui/Main.gd:524
Guildhold plays in landscape.,Guildhold需横屏游玩。,scripts/ui/Main.gd:530
Let her through,放她过去,scripts/ui/Main.gd:588
Turn her back,遣返她,scripts/ui/Main.gd:589
-%d Renown: the villages are frightened,-%d声望：村民们很害怕,scripts/ui/Main.gd:591
No Renown lost: Hollin takes them in,不损失声望：Hollin收留了他们,scripts/ui/Main.gd:591
Let them through,放他们过去,scripts/ui/Main.gd:592
Turn them back,遣返他们,scripts/ui/Main.gd:593
+%d Gold: the Crown's bounty,+%d金币：王冠的赏金,scripts/ui/Main.gd:593
Let them sing in the square,让他们在广场上唱,scripts/ui/Main.gd:595
"+%d Renown and +%d morale for every hero; the song carries down, and a Riftbreak swells in two days",+%d声望，所有英雄士气+%d；歌声传到了下面，两天后一次裂隙崩溃将会膨胀,scripts/ui/Main.gd:598
Leave him holding,让他继续守着,scripts/ui/Main.gd:602
The City's gate holds: Act VI's gate objective is met,城门守住了：第六幕的城门目标已达成,scripts/ui/Main.gd:602
Free him,解放他,scripts/ui/Main.gd:603
Brannoch joins as a champion; the City's gate comes at Rank SS,Brannoch以勇者身份加入；城门将在SS阶到来,scripts/ui/Main.gd:603
Read it aloud,大声念出来,scripts/ui/Main.gd:605
"Every later guild: the Vale's Moot instead of the Crown, less Gold and Essence, more Laurels, Hollow-born heroes from the start",此后每个公会：由山谷议会取代王冠，金币和精华更少，桂冠更多，从一开始就有空洞所生的英雄,scripts/ui/Main.gd:605
Burn the first page,烧掉第一页,scripts/ui/Main.gd:606
"A royal pension for this guild. Every later guild: royal patronage, richer contracts, the Crown's tithe, the Iron Chorus as rival",本公会获得王家津贴。此后每个公会：王室赞助、更丰厚的契约、王冠的什一税、钢铁合唱团作为对手,scripts/ui/Main.gd:606
Carry out the archive,搬出档案,scripts/ui/Main.gd:608
"-%d Renown. Ledger pages and the Vale's story turn up half again as often, and Act IV's finale is %d%% weaker",-%d声望。账簿残页和山谷的故事出现频率提高一半，第四幕终章减弱%d%%,scripts/ui/Main.gd:608
Save Hollin,拯救Hollin,scripts/ui/Main.gd:609
"+%d Renown, and Hollin will remember",+%d声望，Hollin会记住的,scripts/ui/Main.gd:609
Drive her back,把她赶回去,scripts/ui/Main.gd:611
As the story goes: she falls back through the Breach,如故事所述：她跌回裂口之中,scripts/ui/Main.gd:611
Let her go,放她走,scripts/ui/Main.gd:612
No relic from this finale and half its Essence. She joins as a champion; Act IV's finale is %d%% weaker,本终章不掉落遗物，精华减半。她以勇者身份加入；第四幕终章减弱%d%%,scripts/ui/Main.gd:612
Accept the verdict,接受裁决,scripts/ui/Main.gd:614
The Charter goes to the guild with more Renown,特许状归声望更高的公会,scripts/ui/Main.gd:614
Buy the Charter (%d Gold),购买特许状（%d金币）,scripts/ui/Main.gd:615
"Contracts pay 10% more, not 20%. No Laurels for it, and the Crown's auditors come in Act IV",契约多付10%而非20%。不获得桂冠，第四幕中王冠的审计官会来,scripts/ui/Main.gd:615
Keep the key,留下钥匙,scripts/ui/Main.gd:618
Choose each rift's region; every Riftbreak comes a rank higher,自选每座裂隙的区域；每次裂隙崩溃提高一阶,scripts/ui/Main.gd:618
Break it,毁掉它,scripts/ui/Main.gd:619
"+%d Renown, a day more warning before Riftbreaks; the Grandmaster's Hall costs a quarter more",+%d声望，裂隙崩溃多一天预警；大团长的大厅花费多四分之一,scripts/ui/Main.gd:619
Keep your echoes,留下你的回响,scripts/ui/Main.gd:622
Ezra goes on his way,Ezra继续上路,scripts/ui/Main.gd:622
Pour them into the lantern,把它们倒进灯里,scripts/ui/Main.gd:623
"-%d Essence and Echo-Touched heroes lose the quirk; contracts pay 10%% more Essence, and the Vale remembers what you gave",-%d精华，回响之触的英雄失去该特质；契约多付10%%精华，山谷会记住你所给予的,scripts/ui/Main.gd:623
Keep the doors open,让大门敞开,scripts/ui/Main.gd:625
"Both worlds: Hollow-born heroes join your recruit board, in later guilds too",两个世界：空洞所生的英雄加入你的招募板，此后的公会也是,scripts/ui/Main.gd:625
Close every door,关上所有大门,scripts/ui/Main.gd:626
"Ours: +%d Laurels, and the Hollow's foes leave the ladder",我们的：+%d桂冠，空洞的敌人离开天梯,scripts/ui/Main.gd:626
How much should the guild's old hands tell you?,公会的老手们该给你讲多少？,scripts/ui/Main.gd:655
Guide me through everything,全程指导我,scripts/ui/Main.gd:662
A tip on every screen the first time you open it (as now).,首次打开每个界面时都有提示（与现在相同）。,scripts/ui/Main.gd:662
Help a little,稍加提点,scripts/ui/Main.gd:663
Tips only for the first fight and when a big new system turns up.,只在第一场战斗和出现重要新系统时提示。,scripts/ui/Main.gd:663
No tips,关闭提示,scripts/ui/Main.gd:664
Nothing explained. Settings can turn tips back on.,不作任何解释。可在设置中重新开启提示。,scripts/ui/Main.gd:664
 (key %d), (按键%d),scripts/ui/Main.gd:672
Expose the Company,揭发佣兵团,scripts/ui/Main.gd:706
+%d Renown. The Company will strike back: a Riftbreak at your door.,+%d声望。佣兵团会反击：一次裂隙崩溃将来到你门前。,scripts/ui/Main.gd:709
Keep quiet,保持沉默,scripts/ui/Main.gd:711
Contracts pay %d%% more Gold for the rest of the campaign. The Accord said: never sell a rift.,本战役余下时间契约多付%d%%金币。盟约说过：绝不出卖裂隙。,scripts/ui/Main.gd:714
Turn Morrow (%d Gold),策反Morrow（%d金币）,scripts/ui/Main.gd:718
You know who pays him. Morrow joins as a Rank S rogue on double wages and the Company stops hunting; the Crown will remember at its hearing.,你知道谁在付他钱。Morrow以S阶盗贼身份加入，领双倍薪水，佣兵团停止追杀；王冠会在听证会上记住这件事。,scripts/ui/Main.gd:722
Give it back (+%d Renown),归还（+%d声望）,scripts/ui/Main.gd:733
Keep it (+%d Essence),留下（+%d精华）,scripts/ui/Main.gd:737
Who takes the forty-first post?,谁来接过第四十一个岗位？,scripts/ui/Main.gd:754
"%s — Rank %s, Lv%d",%s — %s阶，%d级,scripts/ui/Main.gd:756
They leave the guild forever and go on the Memorial. Riftbreaks end.,他们将永远离开公会，名字刻上纪念碑。裂隙崩溃结束。,scripts/ui/Main.gd:762
"Hesper signs the forty-first line herself. You keep every hero; she leaves the pay table, in every later guild too, until a guild rewrites the Terms.",Hesper亲自签下第四十一行。你保留所有英雄；她离开发薪桌，此后的每个公会也一样，直到有公会改写条款。,scripts/ui/Main.gd:771
Back,返回,locale/extra_msgids.txt
Sign the last line. One of your heroes holds the forty-first post forever; Riftbreaks end.,签下最后一行。你的一位英雄将永远守住第四十一个岗位；裂隙崩溃结束。,scripts/ui/Main.gd:780
"Burn the Terms. Every champion of the old guilds comes home; a tide of the Hollow breaks every week, stronger for each one you hold.",烧掉条款。旧公会的所有勇者都回家了；空洞之潮每周袭来，你每守住一次就更强。,scripts/ui/Main.gd:785
"Write the forty-second line: the posts are held in turns. Every champion comes home, Riftbreaks end, and the old halls can be restored.",写下第四十二行：岗位轮流值守。所有勇者回家，裂隙崩溃结束，旧大厅可以修复。,scripts/ui/Main.gd:791
Retire the %s,让%s退隐,scripts/ui/Main.gd:834
The Vale will remember the %s,山谷会记住%s,scripts/ui/Main.gd:834
"The guild leaves its save slot for the Hall of Guilds, where its record stays. It can't be played again.",公会将其存档栏位让给公会之殿，其记录将留存于此。它无法再被游玩。,scripts/ui/Main.gd:839
"Your guild's story is told. Choose up to two heroes the Vale will remember: they come back as champions in your later guilds, waiting to be freed in the Endless Rift.",你的公会的故事讲完了。选择最多两名让山谷铭记的英雄：他们会在你此后的公会中以勇者身份回归，在无尽裂隙中等待被解放。,scripts/ui/Main.gd:840
Laurels this guild leaves: %d,本公会留下的桂冠：%d,scripts/ui/Main.gd:841
"5 for each act finished, 10 for the Accord's ending (20 for rewriting it), 2 for each lost champion freed, 5 for the Royal Charter, 3 for Captain Morrow, 1 for each echo given back, and up to 60% more for oaths kept. After the ending, the Sky Beneath, the postgame and the Chronicle add more. Spent when founding your next guild.",每完成一幕5顶，盟约结局10顶（改写结局20顶），每解放一位迷失勇者2顶，王室特许状5顶，Morrow队长3顶，每归还一段回响1顶，守誓最多再加60%。结局之后，下方之天、终局后内容和编年史还会增加更多。在创建下一个公会时使用。,scripts/ui/Main.gd:843
"%s, who took the forty-first post, will be remembered too.",接过第四十一个岗位的%s也将被铭记。,scripts/ui/Main.gd:846
"No hero has reached Rank C or sealed 25 rifts yet, so none can be remembered.",还没有英雄达到C阶或封印25座裂隙，因此无人可被铭记。,scripts/ui/Main.gd:850
Remember (%d/%d):,铭记（%d/%d）：,scripts/ui/Main.gd:852
Rank %s %s · %d rifts,%s阶%s · %d座裂隙,scripts/ui/Main.gd:866
Write it in the Chronicle,写入编年史,scripts/ui/Main.gd:879
The %s joined the Hall of Guilds: +%d Laurels.,%s加入了公会之殿：+%d桂冠。,scripts/ui/Main.gd:883
Charter,特许状,scripts/ui/Main.gd:902
%s · unlock for %d Laurels,%s · 用%d桂冠解锁,scripts/ui/Main.gd:924
%d Laurels,%d桂冠,scripts/ui/Main.gd:940
%s: needs a truth from %s,%s：需要来自%s的真相,scripts/ui/Main.gd:944
%d more locked,还有%d项未解锁,scripts/ui/Main.gd:954
The game as designed.,按设计的游戏体验。,scripts/ui/Main.gd:994
%d. %s,%d. %s,scripts/ui/Main.gd:1001
…and the %d before it. ,……以及之前的%d项。,scripts/ui/Main.gd:998
+%d%% Laurels.,桂冠+%d%%。,scripts/ui/Main.gd:998
Reach an ending at your highest Hardship to open the next.,在当前最高磨难下达成结局以开放下一级。,scripts/ui/Main.gd:1006
Hardships open once a guild reaches Act IV or an ending.,公会抵达第四幕或达成结局后开放磨难。,scripts/ui/Main.gd:1006
The Vale this year,山谷今年,scripts/ui/Main.gd:1016
Roll again · %d Laurels,重新随机 · %d桂冠,scripts/ui/Main.gd:1022
Oaths · +%d%% Laurels,誓言 · 桂冠+%d%%,scripts/ui/Main.gd:1040
Oaths (optional; they can't be dropped later),誓言（可选；之后无法放弃）,scripts/ui/Main.gd:1040
%s · +%d%%,%s · +%d%%,scripts/ui/Main.gd:1049
%s · needs %d truths,%s · 需要%d个真相,scripts/ui/Main.gd:1052
Laurels: %d (from %d past guild%s),桂冠：%d（来自%d个过去的公会%s）,scripts/ui/Main.gd:1077
%s · %d,%s · %d,scripts/ui/Main.gd:1087
%s · needs a truth,%s · 需要一个真相,scripts/ui/Main.gd:1090
"Learn more of the Vale's story, in this guild or another, to open this gift.",在本公会或其他公会中了解更多山谷的故事，以开启此馈赠。,scripts/ui/Main.gd:1092
Subclasses past guilds unlocked: carry their training here,过去公会解锁的子职业：将其训练带到这里,scripts/ui/Main.gd:1103
A Legend,一项传奇,scripts/ui/Main.gd:1114
Management,管理,scripts/ui/Main.gd:1188
Party Assembly,组建小队,scripts/ui/Main.gd:1195
Riftbreak,裂隙崩溃,scripts/ui/Main.gd:1196
Hold the breach,守住裂口,scripts/ui/Main.gd:1196
Tower of Trials — Floor %d,试炼之塔 — 第%d层,scripts/ui/Main.gd:1197
The Descent — Depth %d,深渊下行 — 深度%d,scripts/ui/Main.gd:1198
Rift Run — Floor %d/%d,裂隙行动 — 第%d/%d层,scripts/ui/Main.gd:1199
Settings,设置,scripts/ui/Main.gd:1201
Camp,营地,scripts/ui/Main.gd:1202
Camp — %s,营地 — %s,scripts/ui/Main.gd:1202
★ RANK S ★,★ S阶 ★,scripts/ui/Main.gd:1250
is offered as a Champion!,作为勇者登场！,scripts/ui/Main.gd:1253
is available to recruit!,可以招募！,scripts/ui/Main.gd:1253
"Gold — recruit and train heroes, buy from rift shops and supplies, reroll offers.",金币 — 招募和训练英雄、在裂隙商店购物和购买补给、刷新邀约。,scripts/ui/Main.gd:1282
"Essence — earned by fighting and sealing rifts. Evolves heroes, upgrades relics and the guild, reforges gear, resets attributes.",精华 — 通过战斗和封印裂隙获得。用于英雄进阶、升级遗物和公会、重铸装备、重置属性。,scripts/ui/Main.gd:1283
Roster,名册,scripts/ui/Main.gd:1311
%s  (key %s),%s  （按键%s）,scripts/ui/Main.gd:1399
Tower,塔,scripts/ui/Main.gd:1486
Title,标题画面,scripts/ui/Main.gd:1496
Back to %s,返回%s,scripts/ui/Main.gd:1533
%d hall room levels,%d级大厅房间,scripts/ui/Main.gd:1566
 · %d more to %s, · 还需%d级达到%s,scripts/ui/Main.gd:1568
. The tier grows with hall room levels; the hall's art grows with it.,。等级随大厅房间等级提升；大厅的样貌也随之变化。,scripts/ui/Main.gd:1569
Guild titles — Tower of Trials (best floor %d) and the Endless Rift (best %d:%02d),公会称号 — 试炼之塔（最高第%d层）和无尽裂隙（最佳%d:%02d）,scripts/ui/Main.gd:1588
Guild title — Tower of Trials (best floor %d),公会称号 — 试炼之塔（最高第%d层）,scripts/ui/Main.gd:1588
Day %d · End day,第%d天 · 结束这一天,scripts/ui/Main.gd:1606
Day %d. End the day and rest. Tomorrow:,第%d天。结束这一天并休息。明天：,scripts/ui/Main.gd:1610
Renown %d — %s %s (%d). The leader at payday gets the better recruits; every 20 arms an Epic at your next rift shop. See Guild > Ledger.,声望%d — %s%s（%d）。发薪日时领先者获得更好的新兵；每20声望可在下次裂隙商店中备好一件史诗遗物。见公会 > 账簿。,scripts/ui/Main.gd:1632
you lead,你领先于,scripts/ui/Main.gd:1633
you trail,你落后于,scripts/ui/Main.gd:1633
level with,持平于,scripts/ui/Main.gd:1633
Guildhold,Guildhold,scripts/ui/Main.gd:1678
A guild-management roguelite,公会经营类Roguelite,scripts/ui/Main.gd:1686
Test build %s · what's new is %s,测试版本%s · 更新内容见%s,scripts/ui/Main.gd:1687
below,下方,scripts/ui/Main.gd:1687
on the right,右侧,scripts/ui/Main.gd:1687
New Game,新游戏,scripts/ui/Main.gd:1695
Load Game,读取游戏,scripts/ui/Main.gd:1703
Receive a guild,接收公会,scripts/ui/Main.gd:1707
Credits,制作人员,scripts/ui/Main.gd:1713
Feedback,反馈,scripts/ui/Main.gd:1718
Quit,退出,scripts/ui/Main.gd:1725
"This test build is made for a computer with a keyboard and mouse (or a gamepad). It runs on a phone, but small screens are cramped.",此测试版本为配备键盘和鼠标（或手柄）的电脑打造。它可以在手机上运行，但小屏幕会比较局促。,scripts/ui/Main.gd:1730
What's new in %s,%s更新内容,scripts/ui/Main.gd:1814
"Your save lives in this browser. Clearing site data erases it, so back it up under Load Game > Backup now and then.",你的存档保存在此浏览器中。清除网站数据会将其删除，请不时在读取游戏 > 备份中备份。,scripts/ui/Main.gd:1819
Version %s (%s),版本%s（%s）,scripts/ui/Main.gd:1847
"Day %d, Act %d, %d heroes, %d rifts sealed, best rank %s, Endless best %d:%02d, Tower floor %d",第%d天，第%d幕，%d名英雄，封印%d座裂隙，最高阶级%s，无尽最佳%d:%02d，塔层%d,scripts/ui/Main.gd:1849
Started with Act I skipped (playtest shortcut),开局跳过了第一幕（测试捷径）,scripts/ui/Main.gd:1853
"

What happened:

What you expected:

Anything confusing, too hard or too easy:
","

发生了什么：

你预期的是：

有什么令人困惑、太难或太简单的地方：
",scripts/ui/Main.gd:1855
Played %dh %02dm,已游玩%d小时%02d分,scripts/ui/Main.gd:1863
"Fights: %d by hand (%d won), %d on Auto (%d won)",战斗：亲手%d场（胜%d），自动%d场（胜%d）,scripts/ui/Main.gd:1864
Last %d runs: %s,最近%d次行动：%s,scripts/ui/Main.gd:1870
"Unspent: %d Gold, %d Essence, %d skill points, %d attribute points",未花费：%d金币，%d精华，%d技能点，%d属性点,scripts/ui/Main.gd:1876
Renown %d vs rival %d; heroes lost %d,声望%d，对手%d；阵亡英雄%d,scripts/ui/Main.gd:1877
Milestones (minutes played): %s,里程碑（游玩分钟数）：%s,scripts/ui/Main.gd:1880
Send feedback,发送反馈,scripts/ui/Main.gd:1889
"Found a bug, or something felt off? Tell us on Discord. This report already says which build you're on and how far your guild is: copy it, then paste it into your message.",发现了bug，或者感觉哪里不对？请在Discord上告诉我们。这份报告已经注明了你的版本和公会进度：复制它，然后粘贴到你的消息中。,scripts/ui/Main.gd:1890
Copy report,复制报告,scripts/ui/Main.gd:1896
Copied. Paste it into a message on the Discord.,已复制。请粘贴到Discord的消息中。,scripts/ui/Main.gd:1898
Copy and open Discord,复制并打开Discord,scripts/ui/Main.gd:1900
Share play milestones with the developer,与开发者分享游戏里程碑,scripts/ui/Main.gd:1907
"Anonymous: a random id for this browser, the build, and the report above as numbers (time played, fights, when you first sealed, fell, fled, chose a Path...). No names, no save. Off by default; untick to stop.",匿名：本浏览器的随机ID、版本号，以及上方报告中的数字（游戏时长、战斗、第一次封印、倒下、逃跑、选择道途的时间……）。不含名字，不含存档。默认关闭；取消勾选即可停止。,scripts/ui/Main.gd:1909
Leave fullscreen,退出全屏,scripts/ui/Main.gd:1927
Fullscreen,全屏,scripts/ui/Main.gd:1927
F11 or Alt+Enter,F11或Alt+Enter,scripts/ui/Main.gd:1929
"A roguelite guild-management game — recruit heroes, evolve their subclasses, and send them through the Rifts.",一款公会经营类Roguelite游戏——招募英雄，进阶他们的子职业，派他们穿越裂隙。,scripts/ui/Main.gd:1947
Version %s,版本%s,scripts/ui/Main.gd:1949
Built with Godot Engine 4.7,使用Godot Engine 4.7制作,scripts/ui/Main.gd:1950
Pixel art generated with PixelLab,像素美术由PixelLab生成,scripts/ui/Main.gd:1951
"Sound effects by Kenney, rubberduck and artisticdude (CC0)",音效来自Kenney、rubberduck和artisticdude（CC0）,scripts/ui/Main.gd:1952
Founding testers,创始测试者,scripts/ui/Main.gd:1954
Play this test build and send your feedback (Feedback on the title screen) to have your name here.,游玩此测试版本并发送反馈（标题画面中的反馈），你的名字就会出现在这里。,scripts/ui/Main.gd:1956
Ashen,灰烬,scripts/ui/Main.gd:1988
Silver,白银,scripts/ui/Main.gd:1988
Iron,钢铁,scripts/ui/Main.gd:1988
Dawn,黎明,scripts/ui/Main.gd:1988
Hollow,空洞,scripts/ui/Main.gd:1988
Raven,渡鸦,scripts/ui/Main.gd:1988
Gilded,镀金,scripts/ui/Main.gd:1988
Last,末代,scripts/ui/Main.gd:1988
Lantern,提灯,scripts/ui/Main.gd:1989
Crows,鸦群,scripts/ui/Main.gd:1989
Wardens,守望者,scripts/ui/Main.gd:1989
Blades,利刃,scripts/ui/Main.gd:1989
Oath,誓约,scripts/ui/Main.gd:1989
Company,佣兵团,scripts/ui/Main.gd:1989
Watch,哨卫,scripts/ui/Main.gd:1989
Hearth,炉火,scripts/ui/Main.gd:1989
Banner,战旗,scripts/ui/Main.gd:1989
Vigil,守夜人,scripts/ui/Main.gd:1989
Save Slot %d,存档栏位%d,scripts/ui/Main.gd:1995
Name Your Guild,为你的公会命名,scripts/ui/Main.gd:2005
Guild name,公会名称,scripts/ui/Main.gd:2007
Your crest,你的纹章,scripts/ui/Main.gd:2014
Random name,随机名称,scripts/ui/Main.gd:2020
The %s %s,%s%s,scripts/ui/Main.gd:2021
Crest,纹章,scripts/ui/Main.gd:2030
Crest %d,纹章%d,scripts/ui/Main.gd:2038
Found the Guild,创建公会,scripts/ui/Main.gd:2045
Name your guild first,请先为公会命名,scripts/ui/Main.gd:2051
%d oath%s,%d个誓言%s,scripts/ui/Main.gd:2095
no oaths,无誓言,scripts/ui/Main.gd:2095
%d gift%s,%d份馈赠%s,scripts/ui/Main.gd:2097
skipping Act I,跳过第一幕,scripts/ui/Main.gd:2101
Founding options,创建选项,scripts/ui/Main.gd:2102
"Charter, oaths, Laurel gifts, the Vale's year and banner colour. All optional.",特许状、誓言、桂冠馈赠、山谷之年和旗帜颜色。均为可选。,scripts/ui/Main.gd:2107
Banner colour and the playtest shortcut. All optional.,旗帜颜色和测试捷径。均为可选。,scripts/ui/Main.gd:2107
Banner colour,旗帜颜色,scripts/ui/Main.gd:2114
Earned: %s,已获得：%s,scripts/ui/Main.gd:2127
"Playtest: skip Act I (start with it done, and the heroes, gear and Gold a guild has by then)",测试：跳过第一幕（以第一幕完成的状态开局，并拥有届时公会应有的英雄、装备和金币）,scripts/ui/Main.gd:2139
"For testers who want to see the middle game: champions, Riftbreaks and the rival's moves. Your Feedback report will say you skipped Act I.",供想体验中期内容的测试者使用：勇者、裂隙崩溃和对手的动作。你的反馈报告会注明你跳过了第一幕。,scripts/ui/Main.gd:2144
"The Sky Beneath is behind you. Rifts still open: push the Endless Rift, climb the rift ladder to SSS, take on quests, and finish what the Chronicle lists.",下方之天已在你身后。裂隙仍在开启：挑战无尽裂隙，把裂隙天梯推进到SSS，接受任务，完成编年史中列出的事项。,scripts/ui/Main.gd:2166
Recommended power %d,推荐战力%d,scripts/ui/Main.gd:2201
Complete every objective above first,请先完成上方所有目标,scripts/ui/Main.gd:2201
Your best,你的最强,scripts/ui/Main.gd:2208
"Your best party is at %d%% of what the finale expects. Seal more rifts at your top rank for gear, evolve heroes at level 10, level your champion, and build the Drill Yard.",你最强的小队战力为终章预期的%d%%。在你的最高阶级封印更多裂隙以获取装备，在10级时进阶英雄，提升勇者等级，并建造操练场。,scripts/ui/Main.gd:2212
Next step: %s,下一步：%s,scripts/ui/Main.gd:2216
Also: %s,另外：%s,scripts/ui/Main.gd:2219
"Payday in %d day%s: %d Gold due, you have %d — ",%d天%s后发薪：应付%d金币，你有%d — ,scripts/ui/Main.gd:2232
covered.,足够支付。,locale/extra_msgids.txt
short %d; about %d rift%s at your recent pay (%d each) covers it.,缺%d；大约%d座裂隙%s（按你最近的收入，每次%d）可以补上。,scripts/ui/Main.gd:2236
short %d.,缺%d。,scripts/ui/Main.gd:2238
Choosing a rift,选择裂隙,scripts/ui/Main.gd:2252
"Rifts come in ranks, F to SSS. Seal a rank to open the next. The readout compares your best party's power with what the rift expects — Deadly, Risky, Even or Favored. Your very first rift is a shorter training run.",裂隙分为F到SSS阶。封印一阶以开放下一阶。读数会将你最强小队的战力与裂隙的预期相比较——致命、危险、势均力敌或占优。你的第一座裂隙是较短的训练行动。,scripts/ui/Main.gd:2252
The Descent,深渊下行,scripts/ui/Main.gd:2287
 — locked, — 未解锁,scripts/ui/Main.gd:2287
Rank %s Rift,%s阶裂隙,scripts/ui/Main.gd:2289
Ranks C-SSS — locked,C-SSS阶 — 未解锁,scripts/ui/Main.gd:2290
Rank C — %s,C阶 — %s,scripts/ui/Main.gd:2290
Two ways down. Either one can free the lost champions.,两条下行之路。任一条都能解放迷失的勇者。,scripts/ui/Main.gd:2438
Choose,选择,scripts/ui/Main.gd:2450
"Turn-based, with your heroes: depth after depth, each harder; lost champions wait in pillars · deepest %d",回合制，由你的英雄出战：一层深过一层，越来越难；迷失的勇者在光柱中等待 · 最深%d,scripts/ui/Main.gd:2473
Assemble party,组建小队,scripts/ui/Main.gd:2474
"Real-time, with your champions: steer them through endless waves · best %d:%02d",实时，由你的勇者出战：操控他们穿越无尽的波次 · 最佳%d:%02d,scripts/ui/Main.gd:2475
100 fixed floors · best floor %d,100个固定楼层 · 最高第%d层,scripts/ui/Main.gd:2477
Enter the Tower,进入塔,scripts/ui/Main.gd:2478
Your best party,你的最强小队,scripts/ui/Main.gd:2502
Other ways into the rifts open as the story goes on.,随着剧情推进，会开放进入裂隙的其他方式。,scripts/ui/Main.gd:2520
Go,出发,scripts/ui/Main.gd:2545
Next: Rank %s — %s,下一阶：%s阶 — %s,scripts/ui/Main.gd:2569
Rank %s — %s,%s阶 — %s,scripts/ui/Main.gd:2580
Rank %s — sealed,%s阶 — 已封印,scripts/ui/Main.gd:2582
Pip's Key:,Pip的钥匙：,scripts/ui/Main.gd:2588
Any region,任意区域,scripts/ui/Main.gd:2594
Rank %s · %d floors,%s阶 · %d层,scripts/ui/Main.gd:2611
Foes: base,敌人：基础,scripts/ui/Main.gd:2626
"Foes: ×%s health, ×%s damage",敌人：生命×%s，伤害×%s,scripts/ui/Main.gd:2626
%s%s · Rewards ×%s%s,%s%s · 奖励×%s%s,scripts/ui/Main.gd:2627
Best floor %d / %d%s,最高第%d / %d层%s,scripts/ui/Main.gd:2642
The Tower,塔,scripts/ui/Main.gd:2643
"Every floor is always the same fight — if you lose, study it, change your party and come back. Heroes fight at full HP and leave exactly as they came, so a loss costs nothing. Each floor pays the first time you clear it; every 10th floor is a guardian with its own relic.",每一层总是同一场战斗——如果输了，研究它，调整小队，再回来。英雄满血作战，离开时状态完全不变，所以失败没有代价。每层首次通关有奖励；每第10层是守护者，掉落专属遗物。,scripts/ui/Main.gd:2643
You've cleared this week's ladder. Floors %d–%d reshuffle their rules in %d day%s.,你已通关本周的天梯。第%d–%d层的规则将在%d天%s后重排。,scripts/ui/Main.gd:2647
Guardians,守护者,scripts/ui/Main.gd:2654
Floor %d,第%d层,scripts/ui/Main.gd:2665
%s (floor %d),%s（第%d层）,scripts/ui/Main.gd:2678
Titles: ,称号： ,scripts/ui/Main.gd:2679
Guardian: ,守护者： ,scripts/ui/Main.gd:2697
Elite fight,精英战,scripts/ui/Main.gd:2697
Fight,战斗,scripts/ui/Main.gd:2697
  ·  weekly ladder,  ·  每周天梯,scripts/ui/Main.gd:2698
Rule · %s — %s,规则 · %s — %s,scripts/ui/Main.gd:2707
No special rules on this floor.,本层没有特殊规则。,scripts/ui/Main.gd:2711
Assemble party (up to %d),组建小队（最多%d人）,scripts/ui/Main.gd:2717
First clear:,首次通关：,scripts/ui/Main.gd:2736
This week's re-clear:,本周重复通关：,scripts/ui/Main.gd:2736
Floor %d — %s,第%d层 — %s,scripts/ui/Main.gd:2773
 · streak %d, · 连续%d,scripts/ui/Main.gd:2787
Today's twist is done%s. A new one tomorrow.,今日变奏已完成%s。明天会有新的。,scripts/ui/Main.gd:2789
"Today's twist: %s, start with %s · +%d Essence%s",今日变奏：%s，初始获得%s · +%d精华%s,scripts/ui/Main.gd:2791
"Rule: %s
Starting boon: %s (%s)
One try a day, any rank. Every guild faces the same twist today; seal it for +%d Essence and a longer streak.","规则：%s
初始恩赐：%s（%s）
每天一次机会，任意阶级。今天每个公会面对的变奏都相同；封印它可获得+%d精华并延长连续纪录。",scripts/ui/Main.gd:2796
Hold the breach — Rank %s near %s,守住裂口 — %s阶，%s附近,scripts/ui/Main.gd:2837
"%d fights in a row with no camp, shop or campfire between them, the last against the breach's warden. Hold, and the guild is paid; fall or turn back, and it costs part of your Essence and of the Gold above the coming bill, and damages a building. Up to 4 heroes; it takes the day.",连续%d场战斗，中间没有营地、商店或营火，最后一场对抗裂口的守卫。守住，公会就能获得报酬；倒下或撤退，会损失部分精华和超出即将到来账单的金币，并损坏一座建筑。最多4名英雄；耗时一天。,scripts/ui/Main.gd:2840
Rank %s Rift — today's twist: %s,%s阶裂隙 — 今日变奏：%s,scripts/ui/Main.gd:2843
Rule: %s Starting boon: %s (%s). Sealing it pays +%d Essence. Up to 4 heroes.,规则：%s 初始恩赐：%s（%s）。封印可获得+%d精华。最多4名英雄。,scripts/ui/Main.gd:2844
Up to %d heroes. Everyone fights at full HP and leaves as they came.%s,最多%d名英雄。所有人满血作战，离开时状态不变。%s,scripts/ui/Main.gd:2848
 Rules: , 规则： ,scripts/ui/Main.gd:2848
The Descent — Rank %s,深渊下行 — %s阶,scripts/ui/Main.gd:2850
"Depths of %d floors, each harder and better paid than the last. Every second depth ends at a pillar where a lost champion waits. Climb out whenever you like and keep everything; fall, and lose half of what the Descent earned. Up to 4 heroes; it costs a day.",每层深度%d层，一层比一层难，报酬也更高。每第二层深度的尽头都有一根光柱，迷失的勇者在其中等待。随时可以爬出并保留一切；倒下则失去深渊下行所得的一半。最多4名英雄；耗时一天。,scripts/ui/Main.gd:2851
Finale — %s,终章 — %s,scripts/ui/Main.gd:2853
A harder %s Rift that ends in %s. Up to 4 heroes.,一座更难的%s裂隙，尽头是%s。最多4名英雄。,scripts/ui/Main.gd:2854
Assemble Party (up to 4),组建小队（最多4人）,scripts/ui/Main.gd:2856
Pick your party,挑选你的小队,scripts/ui/Main.gd:2857
"Pick who goes, then Enter the Rift. The front row takes most of the hits; the back row is attacked far less.",选好出战人员，然后进入裂隙。前排承受大部分攻击；后排受到的攻击少得多。,scripts/ui/Main.gd:2857
No heroes yet — recruit some under Roster > Recruits first.,还没有英雄——请先在名册 > 招募中招募。,scripts/ui/Main.gd:2865
"Roster — click a hero to add them, or drag them onto a slot",名册 — 点击英雄将其加入，或将其拖到栏位上,scripts/ui/Main.gd:2869
Add strongest,加入最强,scripts/ui/Main.gd:2875
"Fill the party with your strongest ready heroes, each in the row they stood in last.",用你最强的待命英雄填满小队，每人站在上次的位置。,scripts/ui/Main.gd:2881
Clear,清空,scripts/ui/Main.gd:2884
Your overseer,你的督军,scripts/ui/Main.gd:2902
"A champion never fights in a rift run. They oversee it: their Boon lifts the whole party, and any hero can spend a turn on their Call. (In the Endless Rift champions are the party; in a defense you steer one.)",勇者从不参与裂隙行动的战斗。他们负责督军：其恩赐提升全队，任何英雄都可以用一个回合发动其召唤。（在无尽裂隙中勇者就是小队；在防守中你操控其中一位。）,scripts/ui/Main.gd:2902
F = Front row: takes most of the enemy's attacks.   B = Back row: attacked far less.,F = 前排：承受敌人大部分攻击。   B = 后排：受到的攻击少得多。,scripts/ui/Main.gd:2947
Foes ›,敌人 ›,scripts/ui/Main.gd:2976
Add a hero,添加英雄,scripts/ui/Main.gd:3019
Front row,前排,scripts/ui/Main.gd:3028
Back row,后排,scripts/ui/Main.gd:3028
Front row: takes most of the enemy's attacks,前排：承受敌人大部分攻击,scripts/ui/Main.gd:3035
Back row: attacked far less,后排：受到的攻击少得多,scripts/ui/Main.gd:3035
Send home,送回,scripts/ui/Main.gd:3048
Power %d,战力%d,scripts/ui/Main.gd:3071
Fights best in Front,最适合前排,scripts/ui/Main.gd:3076
Fights best in Back,最适合后排,scripts/ui/Main.gd:3076
Click to send home,点击送回,scripts/ui/Main.gd:3106
"Click to add to the party, or drag onto a slot",点击加入小队，或拖到栏位上,scripts/ui/Main.gd:3106
Lv%d %s · Power %d,%d级%s · 战力%d,scripts/ui/Main.gd:3143
Out %d run%s,休养%d次行动%s,scripts/ui/Main.gd:3145
Away %d run%s,外出%d次行动%s,scripts/ui/Main.gd:3145
In the party · Front,已在小队 · 前排,scripts/ui/Main.gd:3147
In the party · Back,已在小队 · 后排,scripts/ui/Main.gd:3147
Choose a hero,选择英雄,scripts/ui/Main.gd:3190
Swap in a hero,换入英雄,scripts/ui/Main.gd:3190
 · swaps places, · 交换位置,scripts/ui/Main.gd:3211
No other hero is ready to go.,没有其他英雄可以出发。,scripts/ui/Main.gd:3221
Send this one home,送回此人,scripts/ui/Main.gd:3227
Loadouts,配置,scripts/ui/Main.gd:3248
%d · %s,%d · %s,scripts/ui/Main.gd:3261
%d · empty,%d · 空,scripts/ui/Main.gd:3261
"Left out (recovering, away or over the cap): %s",未加入（恢复中、外出或超出上限）：%s,scripts/ui/Main.gd:3265
"Load this party, each hero in their saved row.",载入此小队，每名英雄站在保存的位置。,scripts/ui/Main.gd:3268
Save,保存,scripts/ui/Main.gd:3271
Loadout %d saved.,配置%d已保存。,scripts/ui/Main.gd:3273
"Save the party above, with their rows, as loadout %d.",将上方小队及其站位保存为配置%d。,scripts/ui/Main.gd:3277
Overseer: %s,督军：%s,scripts/ui/Main.gd:3289
none,无,scripts/ui/Main.gd:3289
Boon: %s  ·  Call: %s — %s,恩赐：%s  ·  召唤：%s — %s,scripts/ui/Main.gd:3292
None,无,scripts/ui/Main.gd:3309
Endless Rift — your champions (up to 4),无尽裂隙 — 你的勇者（最多4位）,scripts/ui/Main.gd:3320
Champions only,仅限勇者,scripts/ui/Main.gd:3321
"Only champions go into the Endless Rift. You steer the first one you pick; the others follow and fight on their own, each with their Call as a signature move. Somewhere in the rift, lost champions wait in pillars of light: stand in one to free them. A run costs the guild a day.",只有勇者可以进入无尽裂隙。你操控挑选的第一位；其余的会跟随并自行战斗，各以其召唤作为招牌技能。在裂隙的某处，迷失的勇者在光柱中等待：站在其中即可解放他们。一次行动花费公会一天。,scripts/ui/Main.gd:3321
Party power %d,小队战力%d,scripts/ui/Main.gd:3337
%d lost champions still wait in the rift.,还有%d位迷失的勇者在裂隙中等待。,scripts/ui/Main.gd:3340
Every lost champion has been found.,所有迷失的勇者都已找到。,scripts/ui/Main.gd:3340
Rift strength %d%% — it grows with every champion you free and every act you pass.,裂隙强度%d%% — 随你解放的每位勇者和经过的每一幕增长。,scripts/ui/Main.gd:3341
Enter the Rift,进入裂隙,scripts/ui/Main.gd:3343
%s · Level %d,%s · %d级,scripts/ui/Main.gd:3374
Signature: %s,招牌：%s,scripts/ui/Main.gd:3375
You steer this one,由你操控,scripts/ui/Main.gd:3377
Remove,移除,scripts/ui/Main.gd:3378
Add,添加,scripts/ui/Main.gd:3378
You have no champions yet. The first is freed at the end of Act I.,你还没有勇者。第一位将在第一幕结束时解放。,scripts/ui/Main.gd:3391
%s ×%d: %s,%s ×%d：%s,scripts/ui/Main.gd:3423
Resonance — %s,共鸣 — %s,scripts/ui/Main.gd:3425
Add at least one hero to the party.,请至少在小队中加入一名英雄。,scripts/ui/Main.gd:3430
Wounded: %s — they start the rift hurt.,受伤：%s — 他们将带伤进入裂隙。,scripts/ui/Main.gd:3432
"Endless Rift: you steer %s (the first hero you picked); the others follow and fight on their own. Your build comes along: gear, skills, equipped relics, dodge and mending, and each hero's Ability. Survive the waves, and beat the Rift Warden at 20:00 to seal the rift.",无尽裂隙：你操控%s（你挑选的第一位英雄）；其余的会跟随并自行战斗。你的配置也会随行：装备、技能、已装备的遗物、闪避和治疗，以及每位英雄的技能。在波次中存活，并在20:00击败裂隙守卫以封印裂隙。,scripts/ui/Main.gd:3440
Begin the trial,开始试炼,scripts/ui/Main.gd:3442
Region:,区域：,scripts/ui/Main.gd:3510
The ,The ,scripts/ui/Main.gd:3520
Your best time in %s. It sets the foes you'll meet and the Rift Warden at 20:00 (%s).,你在%s的最佳时间。它决定了你将遇到的敌人和20:00的裂隙守卫（%s）。,scripts/ui/Main.gd:3523
%d gold,%d金币,scripts/ui/Main.gd:3535
%d essence,%d精华,scripts/ui/Main.gd:3536
the relic %s,遗物%s,scripts/ui/Main.gd:3538
"the title ""%s""","称号""%s""",scripts/ui/Main.gd:3540
Beat the Rift Warden at 20:00,在20:00击败裂隙守卫,scripts/ui/Main.gd:3541
Survive %d:00,存活%d:00,scripts/ui/Main.gd:3541
Next milestone: %s for %s.,下一个里程碑：%s，奖励%s。,scripts/ui/Main.gd:3542
⚠ A Rank %s rift near %s breaks in %d day%s — seal a Rank %s rift or higher to close it,⚠ 一座%s阶裂隙（%s附近）将在%d天%s后破开 — 封印一座%s阶或更高的裂隙以关闭它,scripts/ui/Main.gd:3561
Or let it break and hold it: back-to-back fights with no camp between them (Guild > Manage > Wardcraft softens them).,或者任它破开再守住：连续战斗，中间没有营地（公会 > 管理 > 守御术可以减轻）。,scripts/ui/Main.gd:3562
The rift has broken! Rank %s near %s,裂隙破开了！%s阶，%s附近,scripts/ui/Main.gd:3582
Monsters are pouring out. Rift runs wait until your guild defends.,怪物正在涌出。在你的公会完成防守前，裂隙行动需等待。,scripts/ui/Main.gd:3585
Riftbreak — Rank %s near %s,裂隙崩溃 — %s阶，%s附近,scripts/ui/Main.gd:3613
"Foes walk the roads toward your outpost. Build towers on the round pads with supplies: you start with some and earn more for every kill. Tap a built tower to upgrade or sell it. Heroes at posts stand by the road: warriors and rogues hold foes in place, rangers and mages shoot. Tap the ground to send your champion. Every foe that gets through costs integrity; at 0 the defense is lost.",敌人沿着道路走向你的前哨。用补给在圆形平台上建塔：初始有一些，每次击杀还能获得更多。点击已建的塔可升级或出售。在岗位上的英雄守在路边：战士和盗贼拖住敌人，游侠和法师射击。点击地面派遣你的勇者。每个突破的敌人都会消耗完整度；降到0则防守失败。,scripts/ui/Main.gd:3614
%d waves · integrity %d · %d starting supplies,%d波 · 完整度%d · 初始补给%d,scripts/ui/Main.gd:3619
Towers: %s · up to tier %d,塔：%s · 最高%d级,scripts/ui/Main.gd:3620
"Holding pays Gold and Essence. If it falls, you lose %d%% of your spare Gold and your Essence, %d building%s is damaged, and posted heroes who fell come back wounded.",守住可获得金币和精华。若失守，你将失去%d%%的闲置金币和精华，%d座建筑%s受损，倒下的驻守英雄会带伤归来。,scripts/ui/Main.gd:3622
Posts (%d/%d),岗位（%d/%d）,scripts/ui/Main.gd:3624
No idle heroes can stand guard: towers and your champion will have to hold.,没有空闲英雄可以站岗：只能靠塔和你的勇者守住。,scripts/ui/Main.gd:3626
%s · Lv%d · Power %d,%s · %d级 · 战力%d,scripts/ui/Main.gd:3641
Stand down,撤岗,scripts/ui/Main.gd:3642
Post,驻守,scripts/ui/Main.gd:3642
Champion: %s,勇者：%s,scripts/ui/Main.gd:3654
Press a key…,请按一个键……,scripts/ui/Main.gd:3779
Reset keys,重置按键,scripts/ui/Main.gd:3786
The Night of Breaking: how the old guilds vanished. About a minute; Esc skips.,破碎之夜：旧公会是如何消失的。约一分钟；按Esc跳过。,scripts/ui/Main.gd:3818
Hide feedback,隐藏反馈,scripts/ui/Main.gd:3820
Audio,音频,scripts/ui/Main.gd:3828
Master,主音量,scripts/ui/Main.gd:3829
Spoken lines: on,语音台词：开,scripts/ui/Main.gd:3849
Spoken lines: off,语音台词：关,scripts/ui/Main.gd:3849
"The narrator reads the story cards, and the guild's people speak at the pay table and in rival letters. English only for now.",旁白会朗读剧情卡片，公会的人们会在发薪桌旁和对手的信件中说话。目前仅有英语。,scripts/ui/Main.gd:3857
Battle speed,战斗速度,scripts/ui/Main.gd:3863
Instant,瞬间,scripts/ui/Main.gd:3865
Fights resolve with no animation; the screen updates when it's your turn,战斗无动画直接结算；轮到你时画面更新,scripts/ui/Main.gd:3872
Battle animations at %d× speed,战斗动画%d×速度,scripts/ui/Main.gd:3872
Display,显示,scripts/ui/Main.gd:3877
Text & UI size,文字和界面大小,scripts/ui/Main.gd:3882
The game fits your browser window automatically.,游戏会自动适应你的浏览器窗口。,scripts/ui/Main.gd:3897
Window: %s,窗口：%s,scripts/ui/Main.gd:3906
Accessibility,辅助功能,scripts/ui/Main.gd:3916
Reduce motion: %s,减少动态效果：%s,scripts/ui/Main.gd:3919
on,开,scripts/ui/Main.gd:3919
off,关,scripts/ui/Main.gd:3919
"No screen shake, zooms, knockbacks, idle sway or flashing in fights",战斗中无屏幕震动、缩放、击退、待机摇摆或闪烁,scripts/ui/Main.gd:3923
Colour-blind mode: %s,色盲模式：%s,scripts/ui/Main.gd:3925
"Blue instead of green wherever it sits against red (HP, fight readouts, stat changes), and a rarity letter on every item",在与红色相邻处（生命值、战斗读数、属性变化）用蓝色代替绿色，并在每件物品上标注稀有度字母,scripts/ui/Main.gd:3929
Key hints: %s,按键提示：%s,scripts/ui/Main.gd:3931
"Show each fight command's key (1-9, Space, A) on its button. Off, the keys still work and every tooltip names them.",在每个战斗指令按钮上显示其按键（1-9、Space、A）。关闭后按键仍然有效，每个提示框也会注明。,scripts/ui/Main.gd:3935
Hearing aid: %s,听力辅助：%s,scripts/ui/Main.gd:3937
"Sounds that tell you something also show as captions at the bottom of the screen (a boss arriving, a heavy blow, a hero going down, a wind-up, a chest dropping), and the biggest ones pulse the screen's edges",传达信息的声音也会以字幕形式显示在屏幕底部（首领到来、重击、英雄倒下、蓄力、宝箱掉落），最重要的还会使屏幕边缘闪动,scripts/ui/Main.gd:3941
Tips,提示,scripts/ui/Main.gd:3949
Tips: %s,提示：%s,scripts/ui/Main.gd:3953
all,全体,locale/extra_msgids.txt
key moments,关键时刻,scripts/ui/Main.gd:3953
Show all tips again,重新显示所有提示,scripts/ui/Main.gd:3957
Save Slots,存档栏位,scripts/ui/Main.gd:3965
Backup,备份,scripts/ui/Main.gd:3988
Saves live in this browser/device only; clearing site data erases them. Export one to keep a copy or move it to another device. The previous save is also kept automatically in case one gets damaged.,存档仅保存在此浏览器/设备中；清除网站数据会将其删除。导出存档可保留副本或转移到其他设备。上一个存档也会自动保留，以防存档损坏。,scripts/ui/Main.gd:3990
Saves live in the Guildhold folder on this computer. Export one to keep a copy in its backups folder or move it to another device. The previous save is also kept automatically in case one gets damaged.,存档保存在这台电脑的Guildhold文件夹中。导出存档可在其backups文件夹中保留副本，或转移到其他设备。上一个存档也会自动保留，以防存档损坏。,scripts/ui/Main.gd:3992
Last exported: %s,上次导出：%s,scripts/ui/Main.gd:3994
day %d (today is day %d),第%d天（今天是第%d天）,scripts/ui/Main.gd:3994
Export save,导出存档,scripts/ui/Main.gd:3999
Nothing to export in this slot yet.,此栏位还没有可导出的内容。,scripts/ui/Main.gd:4002
"Downloaded, and copied to the clipboard.",已下载，并已复制到剪贴板。,scripts/ui/Main.gd:4007
"Saved to the backups folder, and copied to the clipboard.",已保存到backups文件夹，并已复制到剪贴板。,scripts/ui/Main.gd:4014
Copied to the clipboard — paste it somewhere safe.,已复制到剪贴板——请粘贴到安全的地方。,scripts/ui/Main.gd:4016
Open saves folder,打开存档文件夹,scripts/ui/Main.gd:4022
Import save…,导入存档……,scripts/ui/Main.gd:4025
Cancel import,取消导入,scripts/ui/Main.gd:4025
Paste an exported save below%s. It replaces Slot %d%s.,在下方粘贴导出的存档%s。它将替换栏位%d%s。,scripts/ui/Main.gd:4035
 or pick the file, ，或选择文件,scripts/ui/Main.gd:4035
Choose file…,选择文件……,scripts/ui/Main.gd:4037
"{""guild_name"": ...}","{""guild_name"": ...}",scripts/ui/Main.gd:4042
Replace Slot %d with this save,用此存档替换栏位%d,scripts/ui/Main.gd:4046
Save imported.,存档已导入。,scripts/ui/Main.gd:4054
Send to another device,发送到其他设备,scripts/ui/Main.gd:4069
Gives you a code (and a QR code) to open this guild on your phone or another computer.,生成一个代码（和二维码），用于在你的手机或其他电脑上打开这个公会。,scripts/ui/Main.gd:4071
Receive from another device,从其他设备接收,scripts/ui/Main.gd:4073
Cancel receiving,取消接收,scripts/ui/Main.gd:4073
"On your other device, scan this with the camera, or open Guildhold, choose Receive a guild and type the code. It works once, for the next 15 minutes.",在你的另一台设备上用相机扫描，或打开Guildhold，选择接收公会并输入代码。仅可使用一次，有效期15分钟。,scripts/ui/Main.gd:4100
ABC 123,ABC 123,scripts/ui/Main.gd:4109
Receive,接收,scripts/ui/Main.gd:4116
%s arrived (%d rifts sealed). Where should it go?,%s已到达（封印了%d座裂隙）。要放到哪里？,scripts/ui/Main.gd:4121
Slot %d (empty),栏位%d（空）,scripts/ui/Main.gd:4128
Replace Slot %d: %s,替换栏位%d：%s,scripts/ui/Main.gd:4128
Nothing to send in this slot yet.,此栏位还没有可发送的内容。,scripts/ui/Main.gd:4152
Sending…,发送中……,scripts/ui/Main.gd:4156
Couldn't reach the transfer service. Check your connection and try again.,无法连接到传输服务。请检查网络连接后重试。,scripts/ui/Main.gd:4162
?receive=,?receive=,scripts/ui/Main.gd:4165
A transfer code is 6 letters and numbers.,传输代码为6位字母和数字。,scripts/ui/Main.gd:4173
Receiving…,接收中……,scripts/ui/Main.gd:4177
That code has expired or was already used. Send the guild again from the other device.,该代码已过期或已被使用。请从另一台设备重新发送公会。,scripts/ui/Main.gd:4184
Content-Type: text/plain,Content-Type: text/plain,scripts/ui/Main.gd:4214
"(function(u){if(typeof qrcode==='undefined')return '';var q=qrcode(0,'M');q.addData(u);q.make();var n=q.getModuleCount(),s='';for(var r=0;r<n;r++)for(var c=0;c<n;c++)s+=q.isDark(r,c)?'1':'0';return n+':'+s;})(","(function(u){if(typeof qrcode==='undefined')return '';var q=qrcode(0,'M');q.addData(u);q.make();var n=q.getModuleCount(),s='';for(var r=0;r<n;r++)for(var c=0;c<n;c++)s+=q.isDark(r,c)?'1':'0';return n+':'+s;})(",scripts/ui/Main.gd:4224
Choose a save,选择存档,scripts/ui/Main.gd:4255
*.json,*.json,scripts/ui/Main.gd:4256
Slot %d — Empty,栏位%d — 空,scripts/ui/Main.gd:4271
Slot %d — %s (%d rift%s sealed),栏位%d — %s（封印%d座裂隙%s）,scripts/ui/Main.gd:4274
  (Active),  （当前）,scripts/ui/Main.gd:4278
Play,游玩,scripts/ui/Main.gd:4286
Click again to confirm delete,再次点击以确认删除,scripts/ui/Main.gd:4292
Delete,删除,scripts/ui/Main.gd:4292
"Combat — 1-3 monsters. Gold, Essence and a loot pick.",战斗 — 1-3只怪物。金币、精华和一次战利品选择。,scripts/ui/RiftRunView.gd:12
"Elite — one tough foe (double HP, harder hits). +40% rewards.",精英 — 一个强敌（双倍生命，攻击更重）。奖励+40%。,scripts/ui/RiftRunView.gd:13
Shop — spend Gold on items and relics. No fighting.,商店 — 花金币购买物品和遗物。没有战斗。,scripts/ui/RiftRunView.gd:14
Hazard — a trap that hurts the party (hazard guard helps). May drop Gold or Essence.,险境 — 伤害小队的陷阱（险境防护有帮助）。可能掉落金币或精华。,scripts/ui/RiftRunView.gd:15
"Boss — the rift's warden, with a special mechanic. Win to seal the rift.",首领 — 裂隙的守卫，带有特殊机制。获胜即可封印裂隙。,scripts/ui/RiftRunView.gd:16
"Campfire — rest (heal), train (XP) or sharpen (abilities ready). No fighting.",营火 — 休息（治疗）、训练（经验）或磨砺（技能就绪）。没有战斗。,scripts/ui/RiftRunView.gd:17
Event — a strange encounter with a few choices; each says what it does.,事件 — 一次奇异的遭遇，有几个选项；每个都会说明效果。,scripts/ui/RiftRunView.gd:18
Treasure — pick one of two loot drops. No fighting.,宝藏 — 从两份战利品中选一份。没有战斗。,scripts/ui/RiftRunView.gd:19
Pillar — a lost champion is held in this light. Its keeper fights like a rift warden; win to free them.,光柱 — 一位迷失的勇者被困在这道光中。其看守者的战斗方式如同裂隙守卫；获胜即可解放勇者。,scripts/ui/RiftRunView.gd:20
"Anvil — temper one piece your party wears, one Forge level, free. No fighting.",铁砧 — 免费淬炼小队穿戴的一件装备，提升一级锻炉等级。没有战斗。,scripts/ui/RiftRunView.gd:21
"Shrine — a Path's shrine: XP for the party, most for heroes on that Path. No fighting.",圣坛 — 某条道途的圣坛：小队获得经验，该道途的英雄最多。没有战斗。,scripts/ui/RiftRunView.gd:22
Trainer's echo — one hero trains with an old master's echo and gains a level. No fighting.,训练师的回响 — 一名英雄与老师傅的回响一同训练，升一级。没有战斗。,scripts/ui/RiftRunView.gd:23
Unseen — too deep to make out. A Trapper or a Stalker in the party scouts the whole rift.,未知 — 太深了，看不清。小队中有陷阱师或潜猎者可侦察整座裂隙。,scripts/ui/RiftRunView.gd:24
"Resolve: -%d after the fight, and -%d for the floor",决心：战斗后 -%d，本层另 -%d,scripts/ui/RiftRunView.gd:36
"Resolve: -%d pushing through or -%d risking it, and -%d for the floor",决心：硬闯 -%d，冒险 -%d，本层另 -%d,scripts/ui/RiftRunView.gd:38
"Resolve: +%d if you rest (+%d otherwise), then -%d for the floor",决心：休息 +%d（其他选择 +%d），随后本层 -%d,scripts/ui/RiftRunView.gd:40
"Resolve: +%d, then -%d for the floor",决心：+%d，随后本层 -%d,scripts/ui/RiftRunView.gd:42
Resolve: -%d for the floor,决心：本层 -%d,scripts/ui/RiftRunView.gd:45
"
(click to take this path)","
（点击选择此路线）",scripts/ui/RiftRunView.gd:98
Choose your path — click a node on the map.,选择你的路线——点击地图上的节点。,scripts/ui/RiftRunView.gd:212
Choose your path — click a lit node on the map.,选择你的路线——点击地图上亮起的节点。,scripts/ui/RiftRunView.gd:316
Echo,回响,scripts/ui/RiftRunView.gd:335
Anvil,铁砧,scripts/ui/RiftRunView.gd:335
Shrine,圣坛,scripts/ui/RiftRunView.gd:335
 — Floor %d, — 第%d层,scripts/ui/RiftRunView.gd:373
" — the Descent, depth %d", — 深渊下行，深度%d,scripts/ui/RiftRunView.gd:375
This rift's region sets which foes you'll meet.,这座裂隙所在的区域决定你会遇到哪些敌人。,scripts/ui/RiftRunView.gd:378
Relic ward %d,遗物护盾%d,scripts/ui/RiftRunView.gd:399
Next fight +%d Momentum,下一场战斗气势+%d,scripts/ui/RiftRunView.gd:401
Haul %d Gold · %d Essence,战利品%d金币 · %d精华,scripts/ui/RiftRunView.gd:406
"Yours once the party is home. If the party falls, %d%% of it is lost; fleeing a fight drops %d%%. Leaving between floors keeps it all.",小队回家后才归你所有。若小队倒下，将失去其中%d%%；从战斗中逃跑会丢失%d%%。在楼层之间离开可全部保留。,scripts/ui/RiftRunView.gd:408
Resolve %d,决心%d,scripts/ui/RiftRunView.gd:418
Broken,崩溃,scripts/ui/RiftRunView.gd:420
Wavering,动摇,scripts/ui/RiftRunView.gd:420
"The party's grit. Each floor costs %d, an elite won %d more, a hazard %d (%d if you risk it), fleeing a fight %d. A campfire's Rest gives back %d (its other choices %d), a shrine %d.
At %d or less the party wavers: foes act first in round 1. At 0 it breaks: also no starting Momentum and %d%% less damage.","小队的韧劲。每层消耗%d，赢下精英再消耗%d，险境%d（冒险则%d），从战斗中逃跑%d。营火休息恢复%d（其他选项%d），圣坛%d。
降至%d或更低时小队动摇：第1回合敌人先手。降至0时崩溃：同时没有初始气势，伤害降低%d%%。",scripts/ui/RiftRunView.gd:424
Climb out of the Descent? You keep everything it has earned.,爬出深渊下行？你将保留所得的一切。,scripts/ui/RiftRunView.gd:439
Leave the rift? You keep your loot but miss the sealing reward.,离开裂隙？你会保留战利品，但得不到封印奖励。,scripts/ui/RiftRunView.gd:439
Stay,留下,scripts/ui/RiftRunView.gd:448
Climb out,爬出,scripts/ui/RiftRunView.gd:450
Retreat,撤退,scripts/ui/RiftRunView.gd:450
"Leave the rift now — keep your loot, no sealing reward",现在离开裂隙——保留战利品，没有封印奖励,scripts/ui/RiftRunView.gd:451
This rift is on the rift ladder at Rank %s. Its rules:,这座裂隙在裂隙天梯上为%s阶。其规则：,scripts/ui/RiftRunView.gd:465
 · down, · 倒下,scripts/ui/RiftRunView.gd:485
Open %s's page,打开%s的页面,scripts/ui/RiftRunView.gd:491
Hero pages,英雄页面,scripts/ui/RiftRunView.gd:514
"Gear, attributes and skills. Or click a hero.",装备、属性和技能。或点击一名英雄。,scripts/ui/RiftRunView.gd:518
Guild Orders  %d/%d,公会指令  %d/%d,scripts/ui/RiftRunView.gd:537
Orders from your hall's rooms. You get %d per rift (more at Renowned and Legendary guild tier).,来自大厅房间的指令。每道裂隙你有%d个（公会等级为著名和传奇时更多）。,scripts/ui/RiftRunView.gd:540
"
Free once a rift (the War Room).","
每道裂隙免费一次（作战室）。",scripts/ui/RiftRunView.gd:555
Today's twist · %s — %s,今日变奏 · %s — %s,scripts/ui/RiftRunView.gd:605
Training rift — shorter and gentler than a real one. Beat the boss at the end to seal it.,训练裂隙——比真正的裂隙更短、更温和。击败最后的首领即可封印。,scripts/ui/RiftRunView.gd:614
Choosing a path,选择路线,scripts/ui/RiftRunView.gd:619
"Each floor offers a choice. Fights give gold and loot; elites hit harder and pay more; shops, campfires, events and treasure help in other ways. The last floor is the boss.",每层都提供一个选择。战斗给予金币和战利品；精英更强但报酬更高；商店、营火、事件和宝藏以其他方式提供帮助。最后一层是首领。,scripts/ui/RiftRunView.gd:619
The haul,战利品,scripts/ui/RiftRunView.gd:621
"What this run has earned is only safe once the party is home. If the party falls, half of it is lost; fleeing a fight drops a quarter. Leaving between floors keeps it all, so a hurt party can take its haul home instead of facing the boss.",本次行动所得只有在小队回家后才安全。若小队倒下，将失去一半；从战斗中逃跑会丢失四分之一。在楼层之间离开可全部保留，所以受伤的小队可以带着战利品回家，而不必面对首领。,scripts/ui/RiftRunView.gd:621
How fights work,战斗方式,scripts/ui/RiftRunView.gd:623
"Heroes and foes act in the turn order shown under the arena. The tag above each foe shows its next move: who it hits, or a Sweep, Snipe, Curse, Ward, Mend or Roar. Attacks build Momentum (the pips under the hero's name); skills (2-4) spend it. Defend (5) halves damage and Guard (6) takes a hit for an ally, both earning Momentum. Foes ""winding up"" land a heavy blow next round: Defend, or break it with Shield Bash or Frost Nova. Melee heroes hit at half strength from the back row.","英雄和敌人按竞技场下方显示的回合顺序行动。每个敌人头顶的标签显示其下一招：攻击谁，或横扫、狙击、诅咒、结界、治疗、咆哮。攻击积攒气势（英雄名字下方的小点）；技能(2-4)消耗气势。防御(5)使伤害减半，守护(6)为友方承受一击，两者都能获得气势。""蓄力""的敌人下回合会重击：防御，或用盾击或冰霜新星打断。近战英雄在后排只造成一半伤害。",scripts/ui/RiftRunView.gd:623
Picking loot,挑选战利品,scripts/ui/RiftRunView.gd:625
Choose one reward. Items are worn by one hero: equip them on the hero's page (click a hero in the bar at the top); relics go on the Relic Altar and help the whole party.,选择一个奖励。物品由一名英雄穿戴：在英雄页面装备（点击顶部栏中的英雄）；遗物放在遗物祭坛上，帮助全队。,scripts/ui/RiftRunView.gd:625
Rift Sealed! +%d Essence%s%s,裂隙已封印！+%d精华%s%s,scripts/ui/RiftRunView.gd:644
 (+%d%% Wardstones), （守护石+%d%%）,scripts/ui/RiftRunView.gd:646
 · Rift Cache found: +%d Gold!, · 发现裂隙宝藏：+%d金币！,scripts/ui/RiftRunView.gd:647
Daily twist sealed! +%d Essence · streak %d,每日变奏已封印！+%d精华 · 连续%d,scripts/ui/RiftRunView.gd:657
Daily score: %d,每日得分：%d,scripts/ui/RiftRunView.gd:693
Posting…,发布中…,scripts/ui/RiftRunView.gd:695
Post to today's board,发布到今日榜单,scripts/ui/RiftRunView.gd:696
You're #%d today.,你今天排名第 %d。,scripts/ui/RiftRunView.gd:707
Posted. Outside today's top 50.,已发布。未进入今日前50名。,scripts/ui/RiftRunView.gd:707
Couldn't reach the board. Try again later.,无法连接榜单，请稍后再试。,scripts/ui/RiftRunView.gd:709
Shares your guild's name and this score on today's public board.,将你的公会名称和此得分公开发布到今日榜单。,scripts/ui/RiftRunView.gd:712
carried by %s,由%s携带,scripts/ui/RiftRunView.gd:734
in the chest until a hero of its Path takes it,放在箱子里，直到该道途的英雄取走,scripts/ui/RiftRunView.gd:734
"Path relic: %s, %s",道途遗物：%s，%s,scripts/ui/RiftRunView.gd:735
+%d Essence instead of a relic,以+%d精华代替遗物,scripts/ui/RiftRunView.gd:735
A Path relic answers the seal. A hero of its Path carries it; it works while they fight. Take one:,一件道途遗物回应了封印。由该道途的英雄携带，在其战斗时生效。选择一件：,scripts/ui/RiftRunView.gd:739
→ %s,→ %s,scripts/ui/RiftRunView.gd:755
Take %d Essence instead,改为拿取%d精华,scripts/ui/RiftRunView.gd:762
Rift Hallway Shop,裂隙走廊商店,scripts/ui/RiftRunView.gd:777
Trade Network: -%d%% prices,贸易网络：价格-%d%%,scripts/ui/RiftRunView.gd:779
Reroll offers (%d Gold),刷新商品（%d金币）,scripts/ui/RiftRunView.gd:786
Replace every offer you haven't bought. Costs more each time.,替换所有尚未购买的商品。每次费用递增。,scripts/ui/RiftRunView.gd:790
Bought,已购买,scripts/ui/RiftRunView.gd:826
Buy — %d Gold,购买 — %d金币,scripts/ui/RiftRunView.gd:828
Bought: %s,已购买：%s,scripts/ui/RiftRunView.gd:831
Mild,轻微,scripts/ui/RiftRunView.gd:858
Moderate,中等,scripts/ui/RiftRunView.gd:860
Severe,严重,scripts/ui/RiftRunView.gd:861
Downed — decide before moving on,倒下——继续前请做出决定,scripts/ui/RiftRunView.gd:870
Carry out (+1 day),抬出去（+1天）,scripts/ui/RiftRunView.gd:904
The party carries them home. A day passes and the quest board moves on.,小队把他们抬回家。过去一天，任务板也会更新。,scripts/ui/RiftRunView.gd:904
Send %d from camp,从营地派%d人,scripts/ui/RiftRunView.gd:908
%s fetch them — away %d run%s.,%s去接他们——外出%d次行动%s。,scripts/ui/RiftRunView.gd:909
"Needs %d idle hero%s at camp (not in this rift, not recovering).",需要营地有%d名空闲英雄%s（不在此裂隙中，也不在恢复中）。,scripts/ui/RiftRunView.gd:909
Heal (%s),治疗（%s）,scripts/ui/RiftRunView.gd:911
"Back up at %d%% HP, %d%% less max HP until the rift ends. Once per rift.",以%d%%生命值复起，直到裂隙结束最大生命值降低%d%%。每座裂隙一次。,scripts/ui/RiftRunView.gd:912
"Needs a Rank %s+ Cleric in the party, a Cleric Champion, or Field Triage (Medical) — once per rift.",需要小队中有%s+阶牧师、牧师勇者，或战地分诊（医疗）——每座裂隙一次。,scripts/ui/RiftRunView.gd:912
Leave them,留下他们,scripts/ui/RiftRunView.gd:914
They stay in the rift. Seal it and they're found alive; retreat or fall and they're lost for good.,他们留在裂隙中。封印裂隙即可找到他们生还；撤退或倒下则永远失去他们。,scripts/ui/RiftRunView.gd:914
A new guild can't leave anyone behind (seal 3 rifts first).,新公会不能丢下任何人（先封印3座裂隙）。,scripts/ui/RiftRunView.gd:914
Campfire,营火,scripts/ui/RiftRunView.gd:940
A sheltered corner of the rift. There's time for one thing before moving on.,裂隙中一个有遮蔽的角落。继续前进前有时间做一件事。,scripts/ui/RiftRunView.gd:945
Rest,休息,scripts/ui/RiftRunView.gd:950
Every hero heals %d%% HP,每位英雄恢复%d%%生命值,scripts/ui/RiftRunView.gd:951
%d of %d hurt right now,当前%d/%d人受伤,scripts/ui/RiftRunView.gd:951
Train,训练,scripts/ui/RiftRunView.gd:953
Every hero gains %d XP,每位英雄获得%d经验,scripts/ui/RiftRunView.gd:954
Sharpen,磨砺,scripts/ui/RiftRunView.gd:956
The next fight starts with +4 Momentum,下一场战斗开局+4气势,scripts/ui/RiftRunView.gd:957
%d%% — %s has %s %d (needs %d),%d%% — %s的%s为%d（需要%d）,scripts/ui/RiftRunView.gd:983
You can't afford this,你负担不起,scripts/ui/RiftRunView.gd:985
Treasure,宝藏,scripts/ui/RiftRunView.gd:996
You take your pick and pack it away.,你挑好东西收了起来。,scripts/ui/RiftRunView.gd:998
A forgotten stash. There's only room to carry one of these.,一处被遗忘的藏匿点。只能带走其中一件。,scripts/ui/RiftRunView.gd:1001
An old anvil,一座旧铁砧,scripts/ui/RiftRunView.gd:1022
Shrine of %s,%s圣坛,scripts/ui/RiftRunView.gd:1022
A trainer's echo,训练师的回响,scripts/ui/RiftRunView.gd:1022
"A smith's anvil, still warm, left in the rift. One piece your party wears can be tempered here, free.",一座铁匠的铁砧，余温尚存，被留在裂隙中。小队穿戴的一件装备可以在此免费淬炼。,scripts/ui/RiftRunView.gd:1032
%s (%s) → +%d,%s（%s）→ +%d,scripts/ui/RiftRunView.gd:1036
Nothing the party wears can take more tempering.,小队穿戴的装备都无法再淬炼了。,scripts/ui/RiftRunView.gd:1040
"A shrine to the %s Path, its candles still lit. Kneel, and the party learns: %d%% of a level for heroes on this Path, %d%% for the rest.",一座供奉%s道途的圣坛，蜡烛仍亮着。跪下，小队便能学到东西：该道途的英雄获得%d%%级经验，其余英雄%d%%。,scripts/ui/RiftRunView.gd:1042
Kneel,跪拜,scripts/ui/RiftRunView.gd:1043
"%d-%d Gold, but %d Resolve.",%d-%d金币，但决心%d。,scripts/ui/RiftRunView.gd:1050
The echo of an old guild's trainer still drills in this hall. One hero can train with it and gain a level (at level 10: attribute points).,一位旧公会训练师的回响仍在这座大厅中操练。一名英雄可以与其一同训练并升一级（10级时：获得属性点）。,scripts/ui/RiftRunView.gd:1053
%s (Lv%d),%s（%d级）,scripts/ui/RiftRunView.gd:1055
Your Anchor Artifact blocks it — no damage,你的锚定神器挡住了它——没有伤害,scripts/ui/RiftRunView.gd:1089
No damage (fully warded),没有伤害（护盾全部吸收）,scripts/ui/RiftRunView.gd:1091
"%d damage, about %d per hero",%d点伤害，每位英雄约%d点,scripts/ui/RiftRunView.gd:1092
 (wards absorb %d), （护盾吸收%d）,scripts/ui/RiftRunView.gd:1094
Knocks out: %s,击倒：%s,scripts/ui/RiftRunView.gd:1112
Back to the rift,返回裂隙,scripts/ui/RiftRunView.gd:1138
Rank %s: harsher hazards. %s,%s阶：更凶险的险境。%s,scripts/ui/RiftRunView.gd:1168
Push Through,硬闯过去,scripts/ui/RiftRunView.gd:1190
"%d-%d %s, %d%% chance of double",%d-%d%s，%d%%几率翻倍,scripts/ui/RiftRunView.gd:1191
Bypass,绕过,scripts/ui/RiftRunView.gd:1193
"No damage, no reward",没有伤害，没有奖励,scripts/ui/RiftRunView.gd:1194
Costs %d Essence (you have %d),消耗%d精华（你有%d）,scripts/ui/RiftRunView.gd:1194
Risk it for double,冒险求翻倍,scripts/ui/RiftRunView.gd:1196
A sure double: %d-%d %s,必定翻倍：%d-%d%s,scripts/ui/RiftRunView.gd:1197
No heroes recruited yet.,尚未招募英雄。,scripts/ui/RosterView.gd:20
Power,战力,scripts/ui/RosterView.gd:47
Level,等级,scripts/ui/RosterView.gd:48
Rank,阶级,scripts/ui/RosterView.gd:49
Base class · no Path yet,基础职业 · 尚无道途,scripts/ui/RosterView.gd:70
At Rank D this hero can train into one of these Paths at the Training Yard.,在D阶时，该英雄可以在训练场训练进入以下道途之一。,scripts/ui/RosterView.gd:71
%s · stage %d,%s · 第%d阶段,scripts/ui/RosterView.gd:90
%s · trained at Rank %s,%s · 于%s阶训练,scripts/ui/RosterView.gd:90
Twist (%s): %s,变奏（%s）：%s,scripts/ui/RosterView.gd:94
 · %d/%d XP to Lv%d, · %d/%d经验升至%d级,scripts/ui/RosterView.gd:144
 · ready to evolve to Rank %s, · 可进阶至%s阶,scripts/ui/RosterView.gd:146
 · +%d%% XP for %d more run%s, · 经验+%d%%，还剩%d次行动%s,scripts/ui/RosterView.gd:148
Seasoned: +%d%% HP and damage for %d rank%s climbed,老练：生命值和伤害+%d%%，因晋升%d阶%s,scripts/ui/RosterView.gd:151
Evolve to Rank %s · %d Gold · %d Essence,进阶至%s阶 · %d金币 · %d精华,scripts/ui/RosterView.gd:162
"Back to level 1 at Rank %s: stronger for good, +%d%% XP for %d rift runs.",以%s阶回到1级：永久变强，接下来的裂隙行动经验+%d%%，共%d次。,scripts/ui/RosterView.gd:170
Train stage %d at the Training Yard,在训练场训练第%d阶段,scripts/ui/RosterView.gd:176
RenameField,RenameField,scripts/ui/RosterView.gd:197
Titles: %s,称号：%s,scripts/ui/RosterView.gd:223
Rename,改名,scripts/ui/RosterView.gd:227
Lv%d %s,%d级%s,scripts/ui/RosterView.gd:231
Hero,英雄,scripts/ui/RosterView.gd:252
Path,道途,scripts/ui/RosterView.gd:253
Skills,技能,scripts/ui/RosterView.gd:254
History,历史,scripts/ui/RosterView.gd:255
Passive — ,被动 — ,scripts/ui/RosterView.gd:280
Build: ,流派： ,scripts/ui/RosterView.gd:280
%s twist on every skill: %s.,每个技能的%s变奏：%s。,scripts/ui/RosterView.gd:285
costs HP,消耗生命值,scripts/ui/RosterView.gd:301
%d Momentum,%d气势,scripts/ui/RosterView.gd:301
%s: %s · %s%s,%s：%s · %s%s,scripts/ui/RosterView.gd:302
Skill,技能,scripts/ui/RosterView.gd:302
 · %s row, · %s排,scripts/ui/RosterView.gd:302
Unlocks at Rank %s,%s阶解锁,scripts/ui/RosterView.gd:306
Ability: %s,技能：%s,scripts/ui/RosterView.gd:315
Awakened (%s),已觉醒（%s）,scripts/ui/RosterView.gd:319
"Awaken (%d SP, %s)",觉醒（%d技能点，%s）,scripts/ui/RosterView.gd:321
Hide %s,隐藏%s,scripts/ui/RosterView.gd:341
Skill Points: %d,技能点：%d,scripts/ui/RosterView.gd:350
A glowing node can be learned now: click it. Each shows its cost in skill points (SP); a hero earns one per level. Lines lead from what a node needs. Path nodes are one choice: taking one locks the others. Hover a node for what it does.,发光的节点现在可以学习：点击它。每个节点都显示其技能点（SP）花费；英雄每级获得一点。连线从节点的前置条件引出。道途节点只能选一个：选了一个就会锁定其他。悬停节点可查看其效果。,scripts/ui/RosterView.gd:354
Respec this tree (%d Gold),重置此技能树（%d金币）,scripts/ui/RosterView.gd:364
%s · Morale %d %s,%s · 士气%d %s,scripts/ui/RosterView.gd:375
Personality (from their born quirk) — e.g. “%s”,性格（来自天生特质）——例如“%s”,scripts/ui/RosterView.gd:376
No deeds yet — send this hero into a rift.,尚无事迹——派这名英雄进入裂隙吧。,scripts/ui/RosterView.gd:384
Equip best (%d),装备最佳（%d）,scripts/ui/RosterView.gd:422
Equipped best gear,已装备最佳装备,scripts/ui/RosterView.gd:425
Power %d → %d,战力%d → %d,scripts/ui/RosterView.gd:425
Fill this hero's slots with the strongest free gear that fits them. Gear worn by other heroes is left alone.,用适合该英雄的最强空闲装备填满其栏位。其他英雄穿戴的装备不受影响。,scripts/ui/RosterView.gd:427
Another gear slot opens at rank %s,%s阶时开放另一个装备栏位,scripts/ui/RosterView.gd:439
No unequipped gear this hero can use.,没有该英雄可用的未装备装备。,scripts/ui/RosterView.gd:469
"Unequipped gear that fits · %d usable%s — drag onto a slot, or click a slot",适合的未装备装备 · %d件可用%s — 拖到栏位上，或点击栏位,scripts/ui/RosterView.gd:472
 · %d need more attributes, · %d件需要更高属性,scripts/ui/RosterView.gd:472
Quirks:,特质：,scripts/ui/RosterView.gd:491
born with it,天生,scripts/ui/RosterView.gd:503
a scar,伤疤,scripts/ui/RosterView.gd:503
from the far side,来自彼岸,scripts/ui/RosterView.gd:503
sworn to the Accord a past guild kept,立誓守护过去公会所守的盟约,scripts/ui/RosterView.gd:503
hardened by the tides a past guild let in,经过去公会放入的浪潮磨炼,scripts/ui/RosterView.gd:503
child of %s,%s之子,scripts/ui/RosterView.gd:505
Treat (%d Gold),治疗（%d金币）,scripts/ui/RosterView.gd:512
HP,生命值,scripts/ui/RosterView.gd:523
first strike,先手,scripts/ui/RosterView.gd:524
ability power,技能强度,scripts/ui/RosterView.gd:524
%d point%s to spend,%d点%s可分配,scripts/ui/RosterView.gd:542
No points to spend,没有可分配的点数,scripts/ui/RosterView.gd:542
Spend them the %s way,按%s的方式分配,scripts/ui/RosterView.gd:551
(%+d gear),（装备%+d）,scripts/ui/RosterView.gd:569
"
%d is the baseline: above it adds, below it takes a little away.
","
%d为基准：高于基准会增益，低于基准会略有削减。
",scripts/ui/RosterView.gd:583
at the baseline,处于基准,scripts/ui/RosterView.gd:585
below the baseline,低于基准,scripts/ui/RosterView.gd:585
small gains,小幅增益,scripts/ui/RosterView.gd:585
Training Yard (%d/%d trained),训练场（已训练%d/%d）,scripts/ui/RosterView.gd:603
"Send heroes to the Training Yard for 1-3 days: +1 attribute point a day, and XP on longer courses.",派英雄去训练场训练1-3天：每天+1属性点，较长的课程还有经验。,scripts/ui/RosterView.gd:607
Confirm — %d,确认 — %d,scripts/ui/RosterView.gd:617
Keep,保留,scripts/ui/RosterView.gd:624
Reset %d,重置%d,scripts/ui/RosterView.gd:626
Refund all %d spent points for %d Essence (you have %d),退还全部%d个已用点数，花费%d精华（你有%d）,scripts/ui/RosterView.gd:631
Stats,属性,scripts/ui/RosterView.gd:692
Damage,伤害,scripts/ui/RosterView.gd:706
Learned,已学习,scripts/ui/RosterView.gd:752
Locked out: you took %s. A Path is one choice; respec the tree to switch.,已锁定：你选择了%s。道途只能选一条；重置技能树即可更换。,scripts/ui/RosterView.gd:755
Learn %s first,请先学习%s,scripts/ui/RosterView.gd:760
Learn one of %s first,请先学习%s之一,scripts/ui/RosterView.gd:760
Seal a Rank %s+ rift first,请先封印一座%s+阶裂隙,scripts/ui/RosterView.gd:762
Needs %d SP,需要%d技能点,scripts/ui/RosterView.gd:766
Learn (%d SP%s),学习（%d技能点%s）,scripts/ui/RosterView.gd:768
 + %d Essence, + %d精华,scripts/ui/RosterView.gd:768
"
Cheaper: your quirks suit this path","
更便宜：你的特质适合这条道途",scripts/ui/RosterView.gd:770
"
%s+%s if a party ally has reached %s's capstone","
%s+%s（若小队友方已达到%s的终极节点）",scripts/ui/RosterView.gd:775
(Active) ,（生效中） ,scripts/ui/RosterView.gd:776
Tier 1,第1层级,scripts/ui/RosterView.gd:827
Tier 2,第2层级,scripts/ui/RosterView.gd:827
Mastery,精通,scripts/ui/RosterView.gd:827
Keystone & Rift,基石与裂隙,scripts/ui/RosterView.gd:827
Lv%d %s (%s) · %d/%d HP%s,%d级%s（%s）· %d/%d生命值%s,scripts/ui/RosterView.gd:941
 · away %d run%s, · 外出%d次行动%s,scripts/ui/RosterView.gd:941
Unspent skill points or gear that fits an empty slot,有未花费的技能点或适合空栏位的装备,scripts/ui/RosterView.gd:949
%s — choose a weapon,%s — 选择武器,scripts/ui/RosterView.gd:1020
%s — choose gear,%s — 选择装备,scripts/ui/RosterView.gd:1020
Wearing,穿戴中,scripts/ui/RosterView.gd:1032
Temper %d/%d · %d Gold,淬炼%d/%d · %d金币,scripts/ui/RosterView.gd:1039
Every rolled stat on this item grows %d%%. Each temper costs more than the last.,该物品的每项随机属性提升%d%%。每次淬炼都比上次更贵。,scripts/ui/RosterView.gd:1045
Unequip,卸下,scripts/ui/RosterView.gd:1047
No unequipped %s this hero can use.,没有该英雄可用的未装备%s。,scripts/ui/RosterView.gd:1058
gains: ,获得： ,scripts/ui/RosterView.gd:1090
loses: ,失去： ,scripts/ui/RosterView.gd:1093
needs %d %s,需要%d%s,scripts/ui/RosterView.gd:1116
Power %+d,战力%+d,scripts/ui/RosterView.gd:1124
+%d more (hover),还有+%d（悬停查看）,scripts/ui/RosterView.gd:1138
Equip,装备,scripts/ui/RosterView.gd:1142
Needs %d %s,需要%d%s,scripts/ui/RosterView.gd:1148
Items  %d,物品  %d,scripts/ui/RosterView.gd:1163
Relics  %d,遗物  %d,scripts/ui/RosterView.gd:1163
Supplies  %d,补给  %d,scripts/ui/RosterView.gd:1163
All,全部,scripts/ui/RosterView.gd:1188
Weapons,武器,scripts/ui/RosterView.gd:1188
Worn,已穿戴,scripts/ui/RosterView.gd:1188
Rarity,稀有度,scripts/ui/RosterView.gd:1201
Value,价值,scripts/ui/RosterView.gd:1202
Name,名称,scripts/ui/RosterView.gd:1203
Nobody wears anything yet.,还没有人穿戴任何东西。,scripts/ui/RosterView.gd:1214
No unequipped items here — loot drops in rifts.,这里没有未装备的物品——战利品在裂隙中掉落。,scripts/ui/RosterView.gd:1214
What your heroes wear. Click one to open its wearer's page.,英雄们穿戴的物品。点击一件即可打开穿戴者的页面。,scripts/ui/RosterView.gd:1216
Click an item to see it and equip it.  + fills someone's empty slot.,点击物品查看并装备。  + 表示可填补某人的空栏位。,scripts/ui/RosterView.gd:1216
%s — click for details,%s — 点击查看详情,scripts/ui/RosterView.gd:1277
Worn by %s,%s穿戴中,scripts/ui/RosterView.gd:1280
Equip → %s,装备 → %s,scripts/ui/RosterView.gd:1356
Swap → %s,替换 → %s,scripts/ui/RosterView.gd:1356
Equip on,装备给,scripts/ui/RosterView.gd:1363
Needs %d %s: %s,需要%d%s：%s,scripts/ui/RosterView.gd:1366
Forge — tempered %d/%d,锻炉 — 已淬炼%d/%d,scripts/ui/RosterView.gd:1372
Temper +%d%% stats · %d Gold,淬炼 属性+%d%% · %d金币,scripts/ui/RosterView.gd:1377
Reforge — reroll one stat (%d Essence),重铸 — 重掷一项属性（%d精华）,scripts/ui/RosterView.gd:1389
Reroll %s value,重掷%s数值,scripts/ui/RosterView.gd:1397
Reroll %s,重掷%s,scripts/ui/RosterView.gd:1397
The value rerolls; the kind stays.,数值会重掷；种类保持不变。,scripts/ui/RosterView.gd:1404
Rerolls into any stat this item doesn't already have (or the same one).,重掷为该物品尚未拥有的任意属性（或相同属性）。,scripts/ui/RosterView.gd:1404
Sell,出售,scripts/ui/RosterView.gd:1410
"Tonics — belt %d/%d · drink one in a fight on a hero's turn (Tonics, key 8)",药剂 — 腰带%d/%d · 战斗中在英雄回合饮用（药剂，按键8）,scripts/ui/RosterView.gd:1432
Buy,购买,scripts/ui/RosterView.gd:1435
%s (%d Gold) — %s · carrying %d,%s（%d金币）— %s · 携带%d,scripts/ui/RosterView.gd:1442
Relic Altar — %d/%d slots · every relic empowers the whole party,遗物祭坛 — %d/%d栏位 · 每件遗物都强化全队,scripts/ui/RosterView.gd:1454
"Path relics: %d carried by heroes, %d in the chest. A hero of the relic's Path takes one on their Path tab.",道途遗物：%d件由英雄携带，%d件在箱子里。该遗物道途的英雄可在其道途页签中取走。,scripts/ui/RosterView.gd:1463
Collection (%d),收藏（%d）,scripts/ui/RosterView.gd:1471
"No spare relics: each is one of a kind, from finales, elites, shops and events.",没有多余的遗物：每件都独一无二，来自终章、精英、商店和事件。,scripts/ui/RosterView.gd:1473
Empty slot — pick a relic from your collection,空栏位 — 从收藏中选择一件遗物,scripts/ui/RosterView.gd:1507
"%s
%s
Click for details","%s
%s
点击查看详情",scripts/ui/RosterView.gd:1537
Path relic,道途遗物,scripts/ui/RosterView.gd:1554
To the chest,放入箱子,scripts/ui/RosterView.gd:1562
Carry %s%s,携带%s%s,scripts/ui/RosterView.gd:1573
 (from %s),（来自%s）,scripts/ui/RosterView.gd:1573
Tower relic,试炼之塔遗物,scripts/ui/RosterView.gd:1603
Endless relic,无尽遗物,scripts/ui/RosterView.gd:1605
Unique relic,独特遗物,scripts/ui/RosterView.gd:1606
Combo: stronger with %s%s,组合：与%s一起更强%s,scripts/ui/RosterView.gd:1684
 (active!), （已激活！）,scripts/ui/RosterView.gd:1684
Place on the altar,放上祭坛,scripts/ui/RosterView.gd:1697
Every altar slot is full — take a relic off first,所有祭坛栏位已满——请先取下一件遗物,scripts/ui/RosterView.gd:1703
"\\s*[(（](?:(?:key|tuş|tecla|按键)\\s*)?(?:Space|Boşluk|Espacio|空格|Esc|Tab|Q|M|A|[1-9](?:-[1-9])?)[)）]|[,，]\\s*(?:key|tuş|tecla|按键)\\s*[1-9]",,scripts/ui/UiKit.gd:330
[(（](?:(?:key|tuş|tecla|按键)\\s*)?(Space|Tab|Q|M|A|[1-9])[)）],,scripts/ui/UiKit.gd:332
Foes ×%s HP · ×%s damage,敌人 ×%s生命 · ×%s伤害,scripts/ui/UiKit.gd:400
Rank %s foes have %s× the HP and %s× the damage of a base %s Rift.,%s阶敌人拥有%s×生命值和%s×伤害（相对基础%s阶裂隙）。,scripts/ui/UiKit.gd:401
Training %s · %d day%s left,训练%s · 还剩%d天%s,scripts/ui/UiKit.gd:502
"Relic (whole party, a relic slot)",遗物（全队，占一个遗物栏位）,scripts/ui/UiKit.gd:928
Weapon (a hero's weapon slot),武器（英雄的武器栏）,scripts/ui/UiKit.gd:929
%s (a hero's gear slot),%s（英雄的装备栏）,scripts/ui/UiKit.gd:929
 [combo active!], [组合已激活！],scripts/ui/UiKit.gd:942
Unique,独特,scripts/ui/UiKit.gd:948
Rank %s · %s,%s阶 · %s,scripts/ui/UiKit.gd:952
Base: %s · %s,基础：%s · %s,scripts/ui/UiKit.gd:964
 (needs %d), （需要%d）,scripts/ui/UiKit.gd:966
Out of position — suits the %s row (%s),位置不当——适合%s排（%s）,scripts/ui/UiKit.gd:979
%s row · %s: %s,%s排 · %s：%s,scripts/ui/UiKit.gd:983
"[hint=""%s — %s""][u]%s[/u][/hint]","[hint=""%s — %s""][u]%s[/u][/hint]",scripts/ui/UiKit.gd:1064
"

[color=#%s]Keywords[/color]
[color=#%s]%s[/color]","

[color=#%s]关键词[/color]
[color=#%s]%s[/color]",scripts/ui/UiKit.gd:1079
History: ,历史： ,scripts/ui/UiKit.gd:1092
Earned: [b]%s[/b] — %s  %s,已获得：[b]%s[/b] — %s  %s,scripts/ui/UiKit.gd:1098
Next quirk: %s (%d/%d %s),下一个特质：%s（%d/%d %s）,scripts/ui/UiKit.gd:1105
%s Lv%d (%d rifts),%s %d级（%d座裂隙）,scripts/ui/UiKit.gd:1112
Bonds: ,羁绊： ,scripts/ui/UiKit.gd:1114
[color=#%s]%s[/color],[color=#%s]%s[/color],scripts/ui/UiKit.gd:1124
weapon slot,武器栏,scripts/ui/UiKit.gd:1140
gear slot,装备栏,scripts/ui/UiKit.gd:1140
 · Rank %s, · %s阶,scripts/ui/UiKit.gd:1142
  (%s has %d),  （%s有%d）,scripts/ui/UiKit.gd:1148
Requires %d %s%s,需要%d %s%s,scripts/ui/UiKit.gd:1149
Base: ,基础： ,scripts/ui/UiKit.gd:1151
Drawback: ,缺点： ,scripts/ui/UiKit.gd:1160
%s only,仅限%s,scripts/ui/UiKit.gd:1162
Tempered %d/%d (+%d%% stats),已淬炼%d/%d（属性+%d%%）,scripts/ui/UiKit.gd:1167
 · %d/%d wins to next, · 距下一级还需%d/%d胜,scripts/ui/UiKit.gd:1169
Attuned %d/%d (+%d%% stats)%s,已调谐%d/%d（属性+%d%%）%s,scripts/ui/UiKit.gd:1170
If equipped on %s%s:,若装备给%s%s：,scripts/ui/UiKit.gd:1176
 (replacing %s), （替换%s）,scripts/ui/UiKit.gd:1176
▼ loses: ,▼ 失去： ,scripts/ui/UiKit.gd:1198
No stat change,属性无变化,scripts/ui/UiKit.gd:1201
Party power,小队战力,scripts/ui/UiKit.gd:1210
Deadly,致命,scripts/ui/UiKit.gd:1212
Risky,危险,scripts/ui/UiKit.gd:1212
Even fight,势均力敌,scripts/ui/UiKit.gd:1212
Favored,占优,scripts/ui/UiKit.gd:1212
%s %d / Recommended %d — %s,%s %d / 推荐%d — %s,scripts/ui/UiKit.gd:1214
"Power = damage ×2 + effective health ÷3.
Damage counts ability power and ramp; health counts dodge, mending and relic wards.
At Recommended, a party seals about 2 rifts in 3.","战力 = 伤害×2 + 有效生命÷3。
伤害计入技能强度和成长；生命计入闪避、治疗和遗物护盾。
达到推荐值时，小队大约每3座裂隙能封印2座。",scripts/ui/UiKit.gd:1216
Skill:,技能：,scripts/ui/UiKit.gd:1237
Combo:,组合：,scripts/ui/UiKit.gd:1237
Keystone,基石,scripts/ui/UiKit.gd:1237
Innate,天赋,scripts/ui/UiKit.gd:1237
Quirk:,特质：,scripts/ui/UiKit.gd:1237
Battered,伤痕累累,scripts/ui/UiKit.gd:1237
Party,小队,scripts/ui/UiKit.gd:1245
Equipped relics (whole party),已装备的遗物（全队）,scripts/ui/UiKit.gd:1270
This rift's boons,本座裂隙的恩赐,scripts/ui/UiKit.gd:1273
Bonds in the party,小队中的羁绊,scripts/ui/UiKit.gd:1276
Situational:,视情况：,scripts/ui/UiKit.gd:1295
vs ,对阵 ,scripts/ui/UiKit.gd:1341
Into an empty slot,放入空栏位,scripts/ui/UiKit.gd:1341
Relic slots %d/%d — %s,遗物栏位%d/%d — %s,scripts/ui/UiKit.gd:1351
equips right away,立即装备,scripts/ui/UiKit.gd:1351
goes to your Inventory,放入库存,scripts/ui/UiKit.gd:1351
No one in this party can use it,小队中无人能使用,scripts/ui/UiKit.gd:1354
Needs %d %s — no one here has that yet,需要%d%s——这里还没有人达到,scripts/ui/UiKit.gd:1357
Fills an empty slot on %s,填补%s的空栏位,scripts/ui/UiKit.gd:1361
For %s — hover to compare,适合%s——悬停以比较,scripts/ui/UiKit.gd:1362
Turn every tip off (Settings can turn them back on),关闭所有提示（可在设置中重新开启）,scripts/ui/UiKit.gd:1680
%s — locked,%s — 未解锁,scripts/ui/UiKit.gd:1692
Not open yet,尚未开放,scripts/ui/UiKit.gd:1693
First-Strike Damage,先手伤害,scripts/ui/UiKit.gd:1988
Escalating Damage,递增伤害,scripts/ui/UiKit.gd:1989
Mend (HP over time),治疗（持续回复）,scripts/ui/UiKit.gd:1989
Hazard Guard,险境防护,scripts/ui/UiKit.gd:1990
Dodge Chance,闪避几率,scripts/ui/UiKit.gd:1990
Turn Speed,行动速度,scripts/ui/UiKit.gd:1990
Ability Power,技能强度,scripts/ui/UiKit.gd:1990
Wipe Guard (survive a wipe),全灭防护（在全灭中存活）,scripts/ui/UiKit.gd:1991
Boss Alpha Strike,首领先手打击,scripts/ui/UiKit.gd:1991
Loot Rarity,战利品稀有度,scripts/ui/UiKit.gd:1992
Counter-Attack Chance,反击几率,scripts/ui/UiKit.gd:1992
Momentum on Evade,闪避获得气势,scripts/ui/UiKit.gd:1993
On-Kill Shield,击杀获得护盾,scripts/ui/UiKit.gd:1993
Sort: %s,排序：%s,scripts/ui/UiKit.gd:2006
Front,前排,locale/extra_msgids.txt
front,前排,locale/extra_msgids.txt
back,后排,locale/extra_msgids.txt
stunned,眩晕,locale/extra_msgids.txt
ablaze,燃烧,locale/extra_msgids.txt
chilled,冰冻,locale/extra_msgids.txt
shield,护盾,locale/extra_msgids.txt
mends,治疗,locale/extra_msgids.txt
Shard,碎片,locale/extra_msgids.txt
Idol,神像,locale/extra_msgids.txt
Emblem,徽记,locale/extra_msgids.txt
Lesser,次级,locale/extra_msgids.txt
Greater,高级,locale/extra_msgids.txt
item:Guard,守护,locale/extra_msgids.txt
dmg,伤害,locale/extra_msgids.txt
speed,速度,locale/extra_msgids.txt
dodge,闪避,locale/extra_msgids.txt
mend,治疗,locale/extra_msgids.txt
weapon,武器,locale/extra_msgids.txt
gear,装备,locale/extra_msgids.txt
Sealed,已封印,locale/extra_msgids.txt
Retreated,已撤退,locale/extra_msgids.txt
Defeated,战败,locale/extra_msgids.txt
Left,已离开,locale/extra_msgids.txt
Survived,存活,locale/extra_msgids.txt
On hit,命中时,locale/extra_msgids.txt
On a kill,击杀时,locale/extra_msgids.txt
Every third round,每第三回合,locale/extra_msgids.txt
When an ally falls,友方倒下时,locale/extra_msgids.txt
When dodging or hit hard,闪避或受到重击时,locale/extra_msgids.txt
Whenever the party mends,每当小队恢复时,locale/extra_msgids.txt
When an ally is attacked,友方被攻击时,locale/extra_msgids.txt
first-strike,先手,locale/extra_msgids.txt
opener,开局,locale/extra_msgids.txt
attrition,消耗,locale/extra_msgids.txt
guardian,守护,locale/extra_msgids.txt
evasion,闪避,locale/extra_msgids.txt
sustain,续航,locale/extra_msgids.txt
executioner,处决,locale/extra_msgids.txt
 (Awakened), （已觉醒）,locale/extra_msgids.txt
passed,成功,locale/extra_msgids.txt
failed,失败,locale/extra_msgids.txt
action,一次行动,locale/extra_msgids.txt
covered,足够,locale/extra_msgids.txt
never,从未,locale/extra_msgids.txt
weapons,武器,locale/extra_msgids.txt
Established,稳固,locale/extra_msgids.txt
Renowned,声名远扬,locale/extra_msgids.txt
Founding,初创,locale/extra_msgids.txt
Battle-Hardened,百战,locale/extra_msgids.txt
Frail,虚弱,locale/extra_msgids.txt
Reckless,鲁莽,locale/extra_msgids.txt
Slothful,懒散,locale/extra_msgids.txt
Deadeye,神眼,locale/extra_msgids.txt
Overtuned,紧绷过度,locale/extra_msgids.txt
Zealous Mercy,狂热慈悲,locale/extra_msgids.txt
Glass Dagger,玻璃匕首,locale/extra_msgids.txt
Shell-Shocked,惊弓之鸟,locale/extra_msgids.txt
Trembling Hands,双手颤抖,locale/extra_msgids.txt
Battle Fatigue,战斗疲劳,locale/extra_msgids.txt
Haunted,梦魇缠身,locale/extra_msgids.txt
Flinching,畏缩,locale/extra_msgids.txt
Bosskiller,首领杀手,locale/extra_msgids.txt
Elite Hunter,精英猎手,locale/extra_msgids.txt
Seasoned,老练,locale/extra_msgids.txt
Survivor,幸存者,locale/extra_msgids.txt
Veteran,老兵,locale/extra_msgids.txt
Old Guard,元老,locale/extra_msgids.txt
Echo-Touched,回响之触,locale/extra_msgids.txt
Hollow-born,空洞所生,locale/extra_msgids.txt
Accord-Sworn,盟约誓守,locale/extra_msgids.txt
Tide-Hardened,潮汐磨炼,locale/extra_msgids.txt
Heir,继承人,locale/extra_msgids.txt
